# AK-47 extracted from source OBJ
# Contains only AK47 body, magazine, and bullet geometry.

v  35.526352 1.1444092e-05 -7.3472538
v  34.85997 0.64195633 -7.3472538
v  34.85997 1.1444092e-05 -7.3472538
v  35.526352 1.1444092e-05 -10.470348
v  35.526352 1.1345062 -10.470347
v  35.526352 1.1345062 -8.1884384
v  34.85997 1.1444092e-05 -10.470348
v  34.85997 1.1345062 -8.1884384
v  35.526352 0.64195633 -7.3472514
v  34.85997 -0.64193344 -7.3472538
v  35.526352 -1.1344833 -8.1884365
v  35.526352 -1.1344833 -10.470346
v  34.85997 -1.1344833 -8.1884365
v  35.526352 -0.64193344 -7.3472538
v  34.85997 -1.1344833 -10.470346
v  34.85997 1.1345062 -10.470348
v  24.169533 0.99674606 -13.066732
v  24.404533 -0.90900421 -12.931056
v  24.169533 -0.90900421 -13.066733
v  24.404533 0.99674606 -12.931055
v  24.404533 -0.90900421 -12.659698
v  24.404533 0.99674606 -12.659697
v  24.169533 -0.90900421 -12.524024
v  24.169533 0.99674606 -12.524019
v  23.934532 -0.90900421 -12.659701
v  23.934532 0.99674606 -12.659697
v  23.934532 0.99674606 -12.931055
v  23.934532 -0.90900421 -12.931056
v  5.1240616 1.3401451 -6.8303022
v  5.347374 -1.3401299 -6.7013721
v  5.1240616 -1.3401299 -6.8303089
v  5.347374 1.3401451 -6.7013731
v  5.347374 -1.3401337 -6.443512
v  5.347374 1.3401451 -6.443511
v  5.1240616 -1.3401299 -6.314579
v  5.1240616 1.3401451 -6.3145781
v  4.9007416 -1.3401337 -6.443512
v  4.9007416 1.3401451 -6.7013731
v  4.9007416 -1.3401299 -6.7013721
v  4.9007416 1.3401451 -6.443511
v  19.151001 -0.91421127 -9.8499794
v  20.30006 1.1444092e-05 -10.377802
v  20.30006 -0.91421127 -9.8499794
v  19.151001 0.91423416 -9.8499775
v  20.30006 0.91423416 -9.8499775
v  19.151001 0.91423035 -8.7943249
v  20.30006 0.91423035 -8.7943249
v  19.151001 7.6293945e-06 -8.2665005
v  20.30006 1.1444092e-05 -8.2664967
v  19.151001 -0.91421509 -8.7943268
v  19.151001 1.1444092e-05 -8.6650105
v  19.151001 -0.5690918 -8.9935827
v  20.30006 -0.91421509 -8.7943268
v  20.30006 1.1444092e-05 -8.6053944
v  20.30006 0.6207428 -8.9637737
v  12.217171 -0.56909561 -9.6507301
v  19.151001 -0.5690918 -9.6507263
v  19.151001 1.1444092e-05 -9.9792957
v  19.151001 1.1444092e-05 -10.37781
v  19.151001 0.56911469 -8.9935818
v  19.151001 0.56911469 -9.6507244
v  12.217171 0.56911087 -8.9935827
v  12.217171 0.56911087 -9.6507292
v  12.217171 7.6293945e-06 -8.6650143
v  12.217171 -0.5690918 -8.9935837
v  12.217171 1.1444092e-05 -9.9792957
v  20.30006 -0.62071991 -9.6805325
v  19.936676 -0.62071991 -8.9637737
v  20.30006 -0.62071991 -8.9637737
v  20.30006 7.6293945e-06 -10.038908
v  20.30006 0.6207428 -9.6805325
v  19.936676 7.6293945e-06 -9.183569
v  19.936676 1.1444092e-05 -8.6053944
v  19.936676 0.6207428 -8.9637737
v  19.936676 7.6293945e-06 -10.038908
v  19.936676 0.6207428 -9.6805325
v  19.936676 -0.62071991 -9.6805325
v  14.251854 0.12002563 -9.2528591
v  19.936676 0.12002563 -9.2528591
v  19.936676 0.12002563 -9.3914471
v  19.936676 1.1444092e-05 -9.4607334
v  19.936676 -0.12000656 -9.3914452
v  19.936676 -0.12001038 -9.252861
v  14.251854 7.6293945e-06 -9.1835709
v  14.251854 -0.12001038 -9.2528591
v  14.251854 0.12002563 -9.3914433
v  14.251854 7.6293945e-06 -9.4607353
v  14.251854 -0.12000656 -9.3914433
v  -2.814209 1.362011 -9.417182
v  -2.8142014 -1.3619995 -9.0083685
v  -2.814209 1.362011 -9.0083685
v  -2.3531113 1.362011 -9.417182
v  1.5091171 1.3620148 -9.0083675
v  1.7571716 1.3620148 -9.417181
v  -2.3531113 1.362011 -9.0083685
v  1.7571793 -1.3619995 -9.417181
v  1.7571716 1.3620148 -9.256422
v  1.7571793 -1.3619995 -9.256422
v  -2.8142014 -1.3619995 -9.7239027
v  -2.8142014 -1.3619995 -9.417182
v  -2.3531113 -1.3619995 -9.417182
v  -2.3531113 -1.3619995 -9.0083685
v  1.5091171 -1.3619995 -9.0083675
v  -2.3531113 1.362011 -9.7239027
v  -2.3531113 -1.3619995 -9.7239027
v  -2.814209 1.362011 -9.7239027
v  20.809654 0.9413681 -13.411751
v  21.062981 1.1716881 -13.55801
v  21.062981 0.94137192 -13.55801
v  21.062981 1.1716881 -12.97298
v  21.316303 1.1716881 -13.119236
v  21.062981 0.94137192 -12.97298
v  20.809654 1.1716881 -13.119236
v  20.809654 0.94137192 -13.119236
v  21.316303 0.9413681 -13.411751
v  21.316303 0.94137192 -13.119236
v  20.809654 1.1716881 -13.411751
v  21.316303 1.1716881 -13.411751
v  21.062981 0.94137192 -13.709148
v  21.447197 0.24615479 -13.487323
v  21.062981 0.24615479 -13.709147
v  21.447193 0.94137192 -13.487324
v  21.447197 0.24615479 -13.043666
v  21.447193 0.94137192 -13.043667
v  21.062981 0.24615479 -12.821837
v  20.678764 0.94137192 -13.043667
v  20.678764 0.24615479 -13.043666
v  21.062981 0.9413681 -12.821838
v  20.678764 0.24615479 -13.487323
v  20.678764 0.94137192 -13.487324
v  40.146812 -0.67757034 -11.876616
v  40.221886 -0.67757034 -11.094211
v  40.146812 -0.67757034 -11.094211
v  40.221878 1.1444092e-05 -10.703005
v  40.221886 -0.7580986 -11.047717
v  40.221878 1.1444092e-05 -10.610018
v  40.146812 0.67759705 -11.094212
v  40.221886 0.67759705 -11.09421
v  40.146812 0.67759705 -11.876617
v  40.221886 1.5258789e-05 -12.26782
v  40.146812 1.5258789e-05 -12.26782
v  40.146812 1.1444092e-05 -10.703005
v  40.221886 0.67759705 -11.876617
v  40.221886 -0.67757034 -11.876616
v  42.7127 -0.7580986 -11.92311
v  43.292755 -0.7580986 -11.047717
v  40.221886 0.75812531 -11.923111
v  40.221886 -0.7580986 -11.92311
v  40.221886 0.75812531 -11.047718
v  40.221886 1.5258789e-05 -12.360807
v  42.485226 1.1444092e-05 -12.360804
v  42.7127 0.75812531 -11.923109
v  43.292755 0.75812531 -11.047718
v  43.724953 1.1444092e-05 -10.610018
v  38.815308 -0.74828339 -11.918334
v  38.244476 -0.74828339 -11.918334
v  40.146812 1.5258789e-05 -12.350363
v  36.481586 1.1444092e-05 -12.350364
v  38.056705 0.74830627 -11.918333
v  38.244476 0.74830627 -11.918333
v  38.338364 0.74908066 -11.755721
v  38.244476 0.74908066 -11.593108
v  38.815308 0.74908066 -11.593108
v  36.481586 0.74908066 -11.052939
v  40.146812 1.5258789e-05 -10.620466
v  40.146812 0.74908066 -11.052939
v  36.481586 1.1444092e-05 -10.620467
v  40.146812 -0.74905396 -11.05294
v  38.244476 -0.74905396 -11.593107
v  38.815308 -0.74905396 -11.593107
v  40.146812 0.74908066 -11.917888
v  40.146812 -0.74905777 -11.917889
v  35.066532 -0.76237488 -11.045252
v  25.14146 1.1444092e-05 -10.605089
v  25.14146 -0.76237869 -11.045254
v  25.14146 -0.76237488 -11.925583
v  25.14146 -0.8337822 -11.004026
v  25.14146 -0.8337822 -11.966806
v  35.066532 0.76240158 -11.925577
v  25.14146 0.76239777 -11.045253
v  35.066532 0.76240158 -11.045252
v  35.066532 -0.76237488 -11.925577
v  25.14146 1.1444092e-05 -12.365744
v  35.066532 1.1444092e-05 -12.365745
v  35.066532 1.1444092e-05 -10.605086
v  25.14146 0.76239777 -11.925582
v  25.14146 1.1444092e-05 -12.448198
v  25.14146 0.83380508 -11.966806
v  25.14146 0.83380508 -11.004026
v  25.14146 1.1444092e-05 -10.522631
v  39.003334 -0.74905396 -11.917891
v  39.573639 -0.58538437 -11.917887
v  39.573639 -0.74905777 -11.917887
v  37.485878 0.74830627 -11.918333
v  37.486141 0.58541107 -11.917892
v  37.486141 0.74908066 -11.917892
v  39.573902 0.74908066 -11.593108
v  39.761673 0.58541107 -11.593108
v  39.573902 0.58541107 -11.593108
v  38.815044 -0.74905396 -11.917891
v  38.244736 -0.58538818 -11.917891
v  38.815044 -0.58538818 -11.917891
v  38.056705 -0.74828339 -11.918334
v  38.05645 -0.58538818 -11.917891
v  38.05645 -0.74905396 -11.917891
v  39.096958 0.74908066 -11.755721
v  39.003075 0.58541107 -11.593108
v  39.003075 0.74908066 -11.593108
v  37.486141 -0.58538818 -11.917891
v  38.05645 0.58541107 -11.917892
v  38.056705 0.58480835 -11.918334
v  39.85556 0.74908066 -11.755721
v  39.761673 0.74908066 -11.593108
v  37.962822 -0.74905396 -11.75572
v  37.962822 -0.58538818 -11.75572
v  39.003075 -0.74828339 -11.918334
v  38.815308 -0.58478165 -11.918333
v  37.962822 0.74908066 -11.755721
v  38.05645 0.74908066 -11.917892
v  38.815308 0.74830627 -11.918333
v  39.003075 0.58480835 -11.918334
v  39.003075 0.74830627 -11.918333
v  37.579765 -0.74905396 -11.75572
v  37.486141 -0.74905396 -11.917891
v  39.003334 -0.58538818 -11.917891
v  39.003075 -0.58478165 -11.918333
v  37.579765 0.74908066 -11.755721
v  37.579765 0.58541107 -11.755721
v  39.003334 0.58541107 -11.917892
v  39.003334 0.74908066 -11.917888
v  37.485878 -0.58538818 -11.593107
v  37.579765 -0.58538818 -11.75572
v  39.003075 -0.58538818 -11.593109
v  39.003075 -0.74905396 -11.593107
v  38.056705 -0.58538818 -11.593107
v  38.056705 -0.74905396 -11.593107
v  38.815308 0.58541107 -11.593108
v  38.056705 0.58541107 -11.593108
v  37.962822 0.58541107 -11.755721
v  39.761673 -0.74828339 -11.918333
v  39.573902 -0.58478165 -11.918333
v  39.573902 -0.74828339 -11.918334
v  37.485878 0.74908066 -11.593109
v  37.298111 0.58541107 -11.593109
v  37.298111 0.74908066 -11.593109
v  38.815044 0.58541107 -11.917892
v  38.815308 0.58480835 -11.918335
v  39.761929 -0.58538437 -11.917889
v  39.761673 -0.58478165 -11.918333
v  37.485878 0.58541107 -11.593109
v  38.721413 -0.58538818 -11.75572
v  38.721413 -0.74905396 -11.75572
v  39.761673 0.74830627 -11.918333
v  39.761929 0.58541107 -11.917888
v  39.761929 0.74908066 -11.917888
v  37.298111 -0.74905396 -11.593107
v  37.485878 -0.74905396 -11.593107
v  38.721413 0.74908066 -11.755721
v  38.815044 0.74908066 -11.917892
v  39.85556 -0.74905396 -11.75572
v  39.761929 -0.74905777 -11.917887
v  37.297855 -0.74905396 -11.917891
v  37.204224 -0.58538818 -11.75572
v  37.204224 -0.74905396 -11.75572
v  38.815308 -0.58538818 -11.593107
v  39.573902 0.74830627 -11.918333
v  39.761673 0.58480835 -11.918335
v  37.298111 -0.74828339 -11.918334
v  37.297855 -0.58538818 -11.917891
v  38.721413 0.58541107 -11.755721
v  39.480015 -0.58538818 -11.75572
v  39.480015 -0.74905396 -11.755722
v  37.298111 0.74830627 -11.918333
v  37.297855 0.58541107 -11.917892
v  37.298111 0.58480835 -11.918334
v  38.244476 -0.58478165 -11.918333
v  37.297855 0.74908066 -11.917892
v  37.204224 0.58541107 -11.755721
v  38.244736 0.58541107 -11.917892
v  38.244736 0.74908066 -11.917892
v  39.573639 0.58541107 -11.917888
v  39.573902 0.58480835 -11.918335
v  37.485878 -0.74828339 -11.918334
v  37.298111 -0.58478165 -11.918333
v  38.338364 -0.74905396 -11.75572
v  38.244736 -0.74905396 -11.917891
v  39.573639 0.74908066 -11.917888
v  39.480015 0.58541107 -11.755721
v  37.485878 0.58480835 -11.918334
v  38.338364 0.58541107 -11.755721
v  39.573902 -0.58538818 -11.593107
v  39.573902 -0.74905396 -11.593107
v  37.298111 -0.58538818 -11.593107
v  38.244476 -0.58538818 -11.593107
v  38.338364 -0.58538818 -11.75572
v  39.480015 0.74908066 -11.755721
v  37.204224 0.74908066 -11.755721
v  38.244476 0.58541107 -11.593108
v  39.761673 -0.74905396 -11.593109
v  39.85556 -0.58538818 -11.755722
v  39.096958 -0.58538818 -11.75572
v  39.096958 -0.74905396 -11.75572
v  38.056705 -0.58478165 -11.918333
v  39.85556 0.58541107 -11.755721
v  38.244476 0.58480835 -11.918334
v  38.056705 0.74908066 -11.593108
v  39.096958 0.58541107 -11.755721
v  37.485878 -0.58478165 -11.918333
v  39.761673 -0.58538818 -11.593109
v  24.230602 1.1444092e-05 -12.448198
v  24.230602 0.83380508 -11.004026
v  24.230602 -0.8337822 -11.966807
v  24.230602 -0.8337822 -11.004027
v  24.230602 0.83380508 -11.966806
v  24.230602 1.1444092e-05 -10.522631
v  40.146812 1.5258789e-05 -10.745489
v  40.146812 0.64080429 -11.115451
v  40.146812 1.5258789e-05 -12.225332
v  40.146812 0.64080429 -11.855376
v  40.146812 -0.64077759 -11.855377
v  40.146812 -0.64077759 -11.115452
v  36.481586 -0.83201981 -11.005041
v  36.481586 -0.74905396 -11.052938
v  36.481586 1.1444092e-05 -12.446162
v  35.066532 0.83204651 -11.965788
v  36.481586 0.83204651 -11.96579
v  36.481586 -0.83201981 -11.965788
v  36.481586 0.83204651 -11.005041
v  36.481586 -0.74905396 -11.917891
v  36.481586 1.1444092e-05 -10.524669
v  36.481586 0.74908066 -11.917892
v  35.066536 -0.83201981 -11.965788
v  35.066536 1.1444092e-05 -12.446162
v  35.066532 -0.83201981 -11.005041
v  35.066532 0.83204651 -11.005041
v  35.066532 1.1444092e-05 -10.524669
v  8.7739258 1.3401451 -7.5424752
v  8.9972382 -1.3401299 -7.4135427
v  8.7739258 -1.3401299 -7.5424757
v  8.9972382 1.3401489 -7.4135423
v  8.9972382 -1.3401299 -7.1556807
v  8.9972382 1.3401451 -7.1556802
v  8.7739258 -1.3401299 -7.0267439
v  8.7739258 1.3401451 -7.0267434
v  8.5506058 -1.3401299 -7.1556811
v  8.5506058 1.3401451 -7.1556802
v  8.5506058 -1.3401337 -7.4135432
v  8.5506058 1.3401489 -7.4135423
v  -2.1871185 1.3754425 -8.4576359
v  -1.9638062 -1.3754311 -8.3286991
v  -2.1871185 -1.3754311 -8.4576359
v  -1.9638062 1.3754425 -8.3286991
v  -1.9638062 -1.3754272 -8.070837
v  -1.9638062 1.3754425 -8.070837
v  -2.1871185 -1.3754272 -7.9419079
v  -2.1871185 1.3754425 -7.9419079
v  -2.4104385 -1.3754272 -8.070837
v  -2.4104385 1.3754425 -8.070837
v  -2.4104385 1.3754425 -8.3286991
v  -2.4104385 -1.3754311 -8.3286991
v  9.5538788 0.83135223 -4.5992036
v  9.8016052 -0.83133698 -4.4561825
v  9.5538788 -0.83133698 -4.5992031
v  9.8016052 0.83135223 -4.456183
v  9.8016052 -0.83133698 -4.1701336
v  9.8016052 0.83135223 -4.1701341
v  9.5538788 -0.83133698 -4.027113
v  9.30616 0.83135223 -4.1701341
v  9.30616 -0.83133698 -4.1701336
v  9.5538788 0.83135223 -4.0271134
v  9.30616 -0.83133698 -4.4561825
v  9.30616 0.83135223 -4.456183
v  9.6839676 0.41401291 -2.5538812
v  9.6481934 -0.41400528 -3.2364526
v  9.6839676 -0.41400909 -2.5538816
v  9.9566803 -0.41400909 -3.201674
v  9.9209137 -0.41400528 -2.5191064
v  9.9209137 0.41401291 -2.5191064
v  9.9566803 0.41401291 -3.201674
v  9.954689 0.41401291 -4.0016046
v  9.6142731 0.41401291 -3.9444184
v  9.9165039 0.41401291 -4.4986367
v  9.6268539 0.41401291 -4.6664643
v  9.6481934 0.41401291 -3.2364526
v  9.6142807 -0.41400909 -3.9444184
v  9.954689 -0.41400528 -4.0016046
v  9.6268539 -0.41400909 -4.6664643
v  9.9165039 -0.41400528 -4.4986367
v  9.2489548 -0.41400909 -4.1838789
v  9.2646027 -0.41400909 -4.5082841
v  9.2489548 0.41401291 -4.1838784
v  9.2646027 0.41401291 -4.5082841
v  44.595314 0.38905334 -8.5522823
v  44.504551 -0.38903046 -8.3950758
v  44.595314 -0.38903046 -8.5522833
v  44.504551 0.38905716 -8.3950748
v  44.323021 -0.38903046 -8.3950758
v  44.323021 0.38905716 -8.3950748
v  44.232262 -0.38903046 -8.5522833
v  44.232262 0.38905334 -8.5522823
v  44.323021 -0.38903046 -8.709487
v  44.323021 0.38905334 -8.709486
v  44.504551 -0.38903046 -8.709487
v  44.504551 0.38905334 -8.709486
v  18.688034 -0.40467834 -12.749831
v  20.173439 0.40469742 -12.74983
v  20.173439 -0.40467834 -12.74983
v  24.5504 -0.85046387 -12.194687
v  24.810661 -0.85046387 -12.749832
v  24.810661 -0.85046387 -11.894939
v  24.810661 0.85048294 -11.894938
v  18.688034 -0.85046387 -12.395647
v  18.688034 -0.85046387 -11.894938
v  24.810661 -0.85046387 -9.808197
v  24.431797 0.85048676 -9.8081951
v  24.431797 -0.85046387 -9.808197
v  20.192745 -0.85046387 -12.395647
v  20.220039 -0.85046387 -11.894938
v  23.527023 -0.85046387 -12.909744
v  23.793388 0.85048294 -13.388002
v  23.793392 -0.85046387 -13.388004
v  23.740845 -0.85046387 -9.808197
v  23.347118 0.85048676 -9.8081951
v  23.347118 -0.85046387 -9.8081951
v  23.828148 0.85048676 -12.3188
v  23.527023 0.85048676 -12.909742
v  23.598827 0.85048294 -12.001146
v  22.949043 -0.85046387 -12.749832
v  23.598831 -0.85046387 -12.001148
v  23.082726 -0.85046387 -11.894939
v  24.610363 0.85048676 -13.201132
v  24.173798 0.85048676 -12.319174
v  24.5504 0.85048676 -12.194685
v  24.234913 -0.85046387 -13.388573
v  24.610363 -0.85046387 -13.201134
v  24.052933 -0.85046387 -9.808197
v  23.896889 0.85048676 -9.8081951
v  23.896889 -0.85046387 -9.808197
v  24.173798 -0.85046387 -12.319176
v  23.828148 -0.85046387 -12.318802
v  20.656124 -0.85046387 -12.74983
v  20.422287 -0.85046387 -11.894938
v  20.819244 0.85048676 -9.8081951
v  20.819248 -0.85046387 -9.8081951
v  22.949043 0.85048676 -12.74983
v  23.082726 0.85048294 -11.894938
v  24.810661 0.85048676 -12.74983
v  24.052933 0.85048676 -9.8081951
v  23.740845 0.85048676 -9.8081951
v  24.234913 0.85048676 -13.388571
v  24.165653 0.85048676 -12.176588
v  23.832779 0.85048676 -12.176237
v  23.832783 -0.85046387 -12.176239
v  23.608402 -0.85046387 -11.880005
v  24.165653 -0.85046387 -12.17659
v  24.5424 -0.85046387 -12.060493
v  24.5424 0.85048676 -12.060492
v  24.810661 0.85048676 -11.780951
v  23.608402 0.85048676 -11.880003
v  23.100552 0.85048676 -11.780951
v  20.721947 -0.85046387 -11.780954
v  23.100552 -0.85046387 -11.780952
v  20.220039 0.85048294 -11.894938
v  19.17141 0.85048294 -11.780955
v  20.541126 0.85048294 -11.780954
v  24.810661 -0.85046387 -11.780952
v  18.688034 0.85048294 -11.894938
v  19.17141 -0.85046387 -11.780954
v  19.17141 -0.85046387 -10.204153
v  19.17141 0.85048294 -10.204154
v  24.810661 0.85048676 -9.8081951
v  20.627083 0.85048676 -10.204153
v  20.541126 -0.85046387 -11.780954
v  20.627079 -0.85046387 -10.204153
v  20.721947 0.85048294 -11.780954
v  20.422287 0.85048294 -11.894938
v  20.656185 0.85048294 -12.749831
v  20.192745 0.85048294 -12.395648
v  18.688034 0.85048294 -12.395648
v  18.688034 0.40469742 -12.74983
v  -1.2528305 7.6293945e-06 -4.0870876
v  -1.1313858 0.48322296 -3.3240571
v  -1.2528305 0.48322296 -4.0870881
v  2.7974701 1.1175613 -4.8274212
v  -0.98925018 1.1175652 -4.6239491
v  2.7640305 1.1175613 -4.1903682
v  -1.1313858 7.6293945e-06 -3.3240566
v  -2.8725357 0.48322296 1.278142
v  3.5369263 0.50049973 -3.5616031
v  2.7703934 7.6293945e-06 -2.9476848
v  3.5369263 3.8146973e-06 -3.5616031
v  3.7881241 3.8146973e-06 -4.7438006
v  3.7860489 0.50049973 -4.0723033
v  3.7860489 7.6293945e-06 -4.0723033
v  -3.0378723 5.7220459e-06 1.9111838
v  -2.7183762 0.48322296 2.7838411
v  -3.0378723 0.48322296 1.9111834
v  -2.8725357 5.7220459e-06 1.2781425
v  -1.4051895 5.7220459e-06 3.5166678
v  -1.4051895 1.1175613 3.5166674
v  2.7703934 0.50049973 -2.9476848
v  0.82448578 5.7220459e-06 1.9638605
v  0.85663605 0.50049973 2.6806159
v  0.43128967 5.7220459e-06 3.3085723
v  0.85663605 5.7220459e-06 2.6806154
v  0.82448578 0.50049973 1.963861
v  -0.89394379 5.7220459e-06 3.5443091
v  0.43128967 0.50049973 3.3085704
v  -0.14965057 1.1175632 2.4818053
v  -1.8193588 1.1175613 2.9336138
v  -0.59396362 1.1175613 3.1377649
v  -0.18125153 1.1175632 1.7773185
v  -2.127861 1.1175613 2.09097
v  -0.1889801 1.1175632 -3.2331524
v  1.7304916 1.1175632 -3.0479946
v  -0.30840302 1.1175652 -3.9834766
v  2.5121536 1.1175613 -3.6740322
v  -1.9072952 3.8146973e-06 -5.2116947
v  -1.9072952 0.48322678 -5.2116952
v  -0.95400238 1.1175613 -5.1338334
v  -0.89389801 1.1175613 3.5442972
v  3.7881241 0.50049973 -4.7438006
v  -1.9403229 7.6293945e-06 -4.7338161
v  -1.9403229 0.48322296 -4.7338166
v  -1.9597931 1.1175632 1.4474363
v  -1.1313858 -0.48321533 -3.3240566
v  -1.2528305 -0.48321533 -4.0870876
v  -0.98924255 -1.1175499 -4.6239491
v  2.7974701 -1.1175499 -4.8274221
v  2.7640305 -1.1175537 -4.1903682
v  -2.8725357 -0.48321342 1.278142
v  3.5369263 -0.50048828 -3.5616031
v  3.7860489 -0.50048828 -4.0723033
v  -2.7183762 -0.48321342 2.7838392
v  -3.0378723 -0.48321342 1.9111834
v  -2.7183762 5.7220459e-06 2.7838416
v  2.7703934 -0.50048828 -2.9476848
v  0.85663605 -0.50048828 2.6806173
v  0.82448578 -0.50048828 1.9638605
v  -1.4051895 -1.1175518 3.5166659
v  0.43128967 -0.50048828 3.3085699
v  -0.89389801 -1.1175518 3.5442977
v  -0.59396362 -1.1175518 3.137763
v  -0.14965057 -1.1175518 2.4818048
v  -1.8193588 -1.1175518 2.9336143
v  -2.127861 -1.1175518 2.0909705
v  -0.18125153 -1.1175518 1.777318
v  -1.9597931 -1.1175518 1.4474368
v  -0.1889801 -1.1175537 -3.2331524
v  1.7304916 -1.1175499 -3.0479999
v  -0.30840302 -1.1175499 -3.9834766
v  2.5121536 -1.1175537 -3.6740336
v  -0.95400238 -1.1175537 -5.1338348
v  -1.9072952 -0.48321152 -5.2116961
v  3.7881241 -0.50048828 -4.7438002
v  -1.9403229 -0.48321533 -4.7338161
v  10.248283 7.6293945e-06 -5.7671146
v  10.248283 0.59157562 -5.4636297
v  10.248283 7.6293945e-06 -5.4636288
v  9.3211136 0.78876495 -3.5855627
v  10.248283 0.78876495 -4.5127244
v  8.5340881 0.78876495 -5.7671156
v  8.7283173 7.6293945e-06 -3.5855622
v  8.5340881 0.59157562 -3.5855632
v  8.5340881 7.6293945e-06 -3.5855622
v  10.248283 0.59157562 -5.7671156
v  10.248283 0.78876495 -5.4636292
v  8.5340881 0.59157562 -5.7671156
v  10.248283 0.78876877 -5.7671151
v  8.5340881 0.78876495 -3.5855627
v  9.3211136 0.59157562 -3.5855627
v  9.9767227 0.78876495 -3.8571234
v  8.7283173 0.78876495 -3.5855627
v  8.7283173 0.59157562 -3.5855627
v  8.5340881 7.6293945e-06 -5.7671151
v  8.7722931 7.6293945e-06 -5.445147
v  8.7722931 0.59157562 -5.4451475
v  10.248283 0.59157562 -4.5127249
v  9.9767227 0.59157562 -3.8571234
v  10.248283 -0.59156036 -5.4636297
v  8.5340881 -0.78875351 -5.7671146
v  10.248283 -0.78874969 -4.5127258
v  9.3211136 -0.78874969 -3.5855618
v  8.5340881 -0.59156036 -3.5855632
v  10.248283 -0.78874969 -5.4636302
v  10.248283 -0.59156418 -5.7671156
v  10.248283 -0.78875351 -5.7671161
v  8.5340881 -0.59156418 -5.7671161
v  8.5340881 -0.78874969 -3.5855618
v  9.9767227 -0.78874969 -3.8571241
v  9.3211136 -0.59156036 -3.5855632
v  8.7283173 -0.78874969 -3.5855618
v  8.7283173 -0.59156036 -3.5855632
v  8.7722931 -0.59156418 -5.4451485
v  10.248283 -0.59156036 -4.5127249
v  9.9767227 -0.59156036 -3.8571239
v  8.6165924 0.68789673 -6.5542021
v  8.6165924 -0.68788147 -5.5869102
v  8.6165924 0.68789673 -5.5869093
v  8.6165924 -0.68788147 -6.554203
v  10.252106 -0.68788147 -5.5869098
v  10.252106 -0.68788147 -6.5542026
v  10.252106 0.68789673 -5.5869088
v  10.252106 0.68789673 -6.5542016
v  11.298393 0.18392944 -7.3161883
v  11.211647 0.42648315 -7.4409747
v  11.297539 0.4202919 -7.4522691
v  11.246239 0.66130829 -7.3066359
v  11.212502 0.19012451 -7.3048921
v  11.367584 0.6535759 -7.0475101
v  11.281685 0.65977097 -7.0362158
v  11.333847 0.18239212 -7.0457683
v  11.282547 0.42340851 -6.9001346
v  11.247948 0.18858719 -7.034472
v  11.33213 0.65511322 -7.3179302
v  11.368439 0.41721725 -6.9114332
v  41.818932 0.40103912 -10.617811
v  41.818932 -0.40101242 -9.7649069
v  41.818932 0.40103912 -9.7649059
v  43.717773 -0.40101242 -10.617811
v  45.006008 -0.40101242 -9.7649059
v  45.006008 0.40103912 -9.7649078
v  43.717773 0.40103912 -10.617813
v  43.291351 -0.40101242 -11.04957
v  43.186234 0.40103531 -11.177013
v  43.291351 0.40103531 -11.049572
v  41.316601 -0.40101242 -11.177011
v  43.186234 -0.40101242 -11.177011
v  41.41465 0.40103531 -11.049572
v  41.41465 -0.40101242 -11.049571
v  41.316601 0.40103531 -11.177013
v  41.818932 -0.40101242 -10.617812
v  18.95715 1.1444092e-05 -13.514621
v  18.492382 0.62435532 -13.51462
v  18.95715 0.62435532 -13.51462
v  18.95715 0.73710251 -13.206935
v  18.95715 0.62435532 -13.206934
v  18.490623 0.73710251 -13.797645
v  18.36644 0.73710251 -13.206935
v  18.490623 0.73710251 -13.206935
v  18.614807 0.73710251 -13.206935
v  18.614807 0.62435532 -13.206934
v  18.36644 0.62435913 -13.797644
v  18.490623 0.62435913 -13.797644
v  18.614807 0.62435913 -13.797644
v  18.95715 0.73710251 -13.514621
v  18.490623 0.62435532 -13.206934
v  18.95715 1.1444092e-05 -13.206935
v  18.36644 0.73710251 -13.797645
v  18.36644 0.62435532 -13.206934
v  18.614807 1.1444092e-05 -13.206935
v  18.490623 1.1444092e-05 -13.206935
v  18.36644 0.098251343 -13.694747
v  18.36644 1.1444092e-05 -13.694747
v  18.36644 1.1444092e-05 -13.206935
v  18.491768 0.098251343 -13.694747
v  18.490623 0.098251343 -13.797645
v  18.614807 0.73710251 -13.797645
v  18.36644 0.098251343 -13.797645
v  18.491768 1.1444092e-05 -13.694747
v  18.492382 -0.62433624 -13.51462
v  18.95715 -0.62433624 -13.51462
v  18.95715 -0.73708344 -13.206935
v  18.95715 -0.62433624 -13.206934
v  18.36644 -0.73708344 -13.206935
v  18.490623 -0.73708344 -13.797645
v  18.490623 -0.73708344 -13.206935
v  18.614807 -0.73708344 -13.206935
v  18.614807 -0.62433624 -13.206934
v  18.36644 -0.62433624 -13.797644
v  18.490623 -0.62433624 -13.797644
v  18.95715 -0.73708344 -13.514621
v  18.614807 -0.62433624 -13.797644
v  18.490623 -0.62433624 -13.206934
v  18.36644 -0.62433624 -13.206934
v  18.36644 -0.73708344 -13.797645
v  18.36644 -0.098232269 -13.694748
v  18.36644 -0.098232269 -13.797646
v  18.491768 -0.098232269 -13.694748
v  18.492382 1.1444092e-05 -13.514621
v  18.614807 -0.73708344 -13.797645
v  18.490623 -0.098232269 -13.797646
v  23.156857 0.46404266 -13.418737
v  23.286167 0.46404648 -12.695978
v  23.156857 0.46404648 -12.695978
v  23.286167 0.69686508 -12.695978
v  23.894341 0.69686508 -13.363451
v  23.286167 0.69686127 -13.418737
v  22.7309 0.69686127 -13.418737
v  22.563416 0.69686508 -12.695978
v  22.7309 0.69686508 -12.695978
v  23.156857 0.69686508 -12.695978
v  22.563416 0.46404266 -13.418737
v  22.7309 0.46404266 -13.418737
v  23.894341 0.46404648 -13.363451
v  23.894341 0.69686127 -12.640692
v  23.894341 0.46404266 -12.640692
v  23.286167 0.46404266 -13.418737
v  21.909828 0.46404266 -12.528143
v  22.563416 0.46404648 -12.695978
v  21.909828 0.69686127 -12.528144
v  21.256241 0.46404266 -12.360304
v  21.256241 0.69686127 -12.360305
v  20.677685 0.46404266 -12.129278
v  22.060287 0.69686127 -13.133741
v  22.563416 0.69686127 -13.418737
v  21.34457 0.46404648 -12.887316
v  21.34457 0.69686127 -12.887317
v  20.614502 0.46404266 -12.735141
v  20.614502 0.69686127 -12.735141
v  20.677685 0.69686127 -12.129279
v  22.060287 0.46404266 -13.133741
v  22.872887 0.69686127 -13.561575
v  22.872887 0.46404266 -13.561575
v  22.7309 0.46404648 -12.695978
v  23.01487 0.69686508 -12.695978
v  23.01487 0.46404648 -12.695978
v  22.872887 0.69686508 -12.695978
v  22.872887 0.46404648 -12.695978
v  23.156857 0.69686127 -13.418737
v  23.01487 0.69686127 -13.561575
v  23.01487 0.46404266 -13.561575
v  53.225918 0.19153214 -10.087694
v  53.225918 0.3379097 -12.753963
v  53.225918 0.3379097 -10.087694
v  51.520317 0.3379097 -10.445017
v  50.769245 0.3379097 -10.087694
v  53.225918 0.19152832 -9.7443447
v  50.769245 0.33791351 -9.7443447
v  50.769245 0.19152832 -9.7443447
v  51.986221 0.22901154 -12.924708
v  53.225918 0.36695862 -13.144622
v  53.225918 0.22901154 -12.924708
v  53.225918 0.33791351 -9.7443447
v  50.769245 0.19153214 -10.087694
v  50.769245 1.5258789e-05 -9.7443466
v  51.986221 1.5258789e-05 -12.858714
v  50.769245 1.1444092e-05 -10.087696
v  52.814625 0.3379097 -11.431948
v  51.986221 0.3379097 -12.753963
v  53.042099 0.33791351 -10.680258
v  52.814625 1.5258789e-05 -10.445018
v  52.814625 0.3379097 -10.445017
v  51.302319 1.5258789e-05 -10.68026
v  51.302319 0.33791351 -10.680258
v  51.529793 0.3379097 -11.431948
v  52.814625 1.5258789e-05 -11.431949
v  53.042099 0.33791351 -11.196709
v  53.042099 1.5258789e-05 -10.680259
v  51.302319 1.5258789e-05 -10.945102
v  51.302319 0.3379097 -10.945101
v  53.042099 1.5258789e-05 -11.196708
v  51.529793 1.5258789e-05 -11.431949
v  51.520317 1.1444092e-05 -10.445019
v  53.225918 1.1444092e-05 -10.087696
v  53.225918 1.5258789e-05 -9.7443466
v  53.225918 1.5258789e-05 -12.858714
v  51.986221 0.46918488 -13.091896
v  53.093361 0.48290634 -13.398743
v  51.986221 0.48290634 -13.398743
v  51.986221 0.36695862 -13.144622
v  53.225918 0.46918488 -13.091895
v  51.986221 0.37815094 -13.403152
v  51.986221 0.35955811 -13.439095
v  52.144829 0.28923416 -13.575061
v  53.093361 0.37815094 -13.403152
v  51.986221 0.44396973 -13.468859
v  52.978336 0.36931229 -13.603296
v  52.995049 0.28923416 -13.575061
v  52.144829 0.36930847 -13.6033
v  53.225918 -0.19150162 -10.087694
v  53.225918 -0.337883 -12.753962
v  53.225918 -0.22898102 -12.924708
v  53.225918 -0.337883 -10.087694
v  52.814625 -0.337883 -10.445017
v  53.042099 -0.337883 -10.680258
v  50.769245 -0.337883 -9.7443457
v  53.225918 -0.19150162 -9.7443447
v  50.769245 -0.19150162 -9.7443447
v  53.225918 -0.3669281 -13.144621
v  51.986221 -0.22898102 -12.924708
v  53.225918 -0.337883 -9.7443447
v  50.769245 -0.19150162 -10.087694
v  50.769245 -0.337883 -10.087695
v  51.986221 -0.337883 -12.753962
v  51.529793 -0.337883 -11.431948
v  51.520317 -0.337883 -10.445017
v  51.302319 -0.337883 -10.680258
v  52.814632 -0.337883 -11.431948
v  53.042099 -0.337883 -11.196707
v  51.302319 -0.337883 -10.945101
v  51.986221 -0.46915817 -13.091895
v  53.093372 -0.48287964 -13.398741
v  53.225918 -0.46915436 -13.091894
v  52.144829 -0.28920364 -13.575061
v  51.986221 -0.3595314 -13.439093
v  51.986221 -0.37812424 -13.403152
v  51.986221 -0.3669281 -13.144621
v  51.986221 -0.48287964 -13.398741
v  53.093361 -0.37812042 -13.403151
v  51.986221 -0.44394302 -13.468859
v  52.978336 -0.36928177 -13.603298
v  52.995049 -0.28920364 -13.575061
v  52.144829 -0.36928177 -13.603302
v  -7.170723 -0.35230637 -7.8978496
v  -7.0447998 -0.17614746 -8.6552944
v  -6.8746414 -0.17615128 -7.9715295
v  -6.8746414 0.17616272 -7.9715295
v  -7.0447998 0.17616272 -8.6552944
v  -7.170723 0.35231781 -7.8978496
v  -7.3408813 0.35231781 -8.5816231
v  -7.4668045 0.17616272 -7.8241677
v  -7.3408813 -0.35230637 -8.5816231
v  -7.6369553 0.17616272 -8.5079403
v  -7.4668045 -0.17615128 -7.8241677
v  -7.6369553 -0.17614746 -8.5079403
v  16.688229 -0.70573807 -7.9090948
v  16.858036 -1.1762352 -6.8601484
v  16.858036 -0.70573807 -6.8601484
v  18.622398 -1.1762314 -8.3845577
v  19.210526 -1.1762352 -6.8601475
v  18.622398 -1.1762352 -6.860148
v  19.210526 0.70575714 -8.3845577
v  19.210526 1.1762505 -6.860148
v  19.210526 0.70575333 -6.860148
v  18.622398 1.1762505 -6.860148
v  16.688229 1.1762543 -7.9090943
v  16.858036 1.1762505 -6.8601484
v  18.622398 0.70575333 -6.860148
v  16.688229 0.70575714 -7.9090943
v  18.622398 1.1762543 -8.3845577
v  18.622398 0.70575714 -8.3845577
v  19.210526 1.1762543 -8.3845577
v  16.858036 0.70575333 -6.8601484
v  16.688229 -1.1762352 -7.9090948
v  18.622398 -0.70573807 -6.860148
v  16.858036 -0.23524094 -6.8601484
v  18.622398 -0.23524094 -6.860148
v  16.858036 0.2352562 -6.860148
v  18.622398 0.2352562 -6.860148
v  19.210526 -0.70573425 -8.3845577
v  19.210526 -1.1762314 -8.3845577
v  18.622398 -0.70573425 -8.3845577
v  19.210526 -0.23523712 -8.1304455
v  18.622398 -0.23523712 -8.1304455
v  19.210526 0.23526001 -8.1304455
v  18.622398 0.23526001 -8.1304455
v  16.688229 -0.23523712 -7.6549821
v  19.210526 -0.70573807 -6.860148
v  19.210526 -0.23524094 -6.860148
v  19.210526 0.2352562 -6.860148
v  16.688229 0.23526001 -7.6549821
v  23.556686 0.87082291 -12.926993
v  23.412498 0.96278381 -12.84931
v  23.556686 0.96278 -12.926996
v  23.820816 0.96278381 -12.091475
v  23.27071 0.96278381 -12.055838
v  23.379593 0.96278 -11.853746
v  23.711933 0.87082291 -12.293563
v  23.161827 0.87082291 -12.257926
v  23.603046 0.87082291 -12.495654
v  23.494164 0.87082291 -12.697742
v  23.052944 0.87082291 -12.460013
v  24.538692 0.87082291 -12.478263
v  23.965 0.96278381 -12.169157
v  23.965 0.87082291 -12.169158
v  24.130379 0.96278381 -13.236097
v  24.130379 0.87082291 -13.236098
v  23.711933 0.96278381 -12.293562
v  23.161827 0.96278381 -12.257925
v  23.820816 0.87082291 -12.091475
v  23.828896 0.87082291 -12.421771
v  23.494164 0.96278 -12.697741
v  22.114845 0.96278 -12.150141
v  22.19651 0.87082291 -11.998576
v  22.19651 0.96278 -11.998575
v  22.114845 1.3676949 -12.150143
v  22.971279 0.87082291 -12.611583
v  22.971279 0.96278 -12.611582
v  22.835514 0.87082291 -11.560599
v  22.354874 0.87082291 -11.704659
v  23.379593 0.87082291 -11.853747
v  22.354874 0.96278381 -11.704657
v  22.835514 0.96278381 -11.560598
v  23.692791 0.96278381 -12.674383
v  23.603046 0.96278 -12.495653
v  23.412498 0.87082291 -12.849311
v  22.114845 0.87082291 -12.150143
v  24.486671 0.96278 -13.102121
v  24.486671 0.87082291 -13.102122
v  23.692791 0.87082291 -12.674384
v  23.052944 0.96278381 -12.460012
v  23.27071 0.87082291 -12.055839
v  24.622776 0.87082291 -12.849509
v  24.538692 0.96278381 -12.478264
v  24.622776 0.96278381 -12.84951
v  23.828896 0.96278 -12.42177
v  23.052944 1.3676987 -12.460013
v  22.19651 1.3676987 -11.998576
v  22.971279 1.3676987 -12.611583
v  20.788166 -0.94134903 -13.424155
v  20.788166 -1.1764221 -13.106825
v  20.788166 -0.94134903 -13.106826
v  21.062981 -1.1764183 -12.948168
v  20.788166 -1.1764221 -13.424154
v  21.062981 -0.94134903 -12.948165
v  21.337795 -1.1764221 -13.106825
v  21.337795 -0.94134903 -13.106826
v  21.337795 -0.94134903 -13.424154
v  21.062981 -1.1764183 -13.582819
v  21.062981 -0.94134903 -13.58282
v  21.337795 -1.1764221 -13.424154
v  21.447197 -0.94134903 -13.043665
v  21.447197 -0.94134903 -13.487318
v  20.678764 -0.2461319 -13.487319
v  21.062981 -0.94134903 -13.709147
v  20.678764 -0.94134903 -13.487319
v  20.678764 -0.2461319 -13.043666
v  20.678764 -0.94134903 -13.043666
v  21.062981 -0.94134903 -12.821836
v  21.447197 -0.2461319 -13.043666
v  21.447197 -0.2461319 -13.487319
v  21.062981 -0.2461319 -13.709147
v  21.062981 -0.2461319 -12.821837
v  10.667885 0.82505035 -10.973475
v  10.667885 7.6293945e-06 -10.423003
v  10.667885 1.1820908 -10.423002
v  19.207596 0.82505417 -10.973476
v  19.207596 1.1820908 -10.423003
v  19.207596 7.6293945e-06 -11.079931
v  19.207596 0.50233459 -11.997061
v  19.207596 7.6293945e-06 -9.5109539
v  10.667885 1.1820908 -9.5109615
v  10.667885 7.6293945e-06 -9.5109625
v  10.667885 7.6293945e-06 -12.131019
v  19.207596 7.6293945e-06 -12.13102
v  19.207596 1.1820908 -9.5109549
v  19.207596 7.6293945e-06 -10.423002
v  10.667885 0.50233459 -11.997061
v  10.667885 7.6293945e-06 -11.079932
v  10.667885 -0.8250351 -10.973475
v  10.667885 -1.1820755 -10.423002
v  19.207596 -0.82503128 -10.973475
v  19.207596 -1.1820717 -10.423003
v  19.207596 -0.50231552 -11.997062
v  10.667885 -1.1820755 -9.5109615
v  19.207596 -1.1820717 -9.5109549
v  10.667885 -0.50231934 -11.997063
v  21.497017 0.99718094 -6.513339
v  20.820351 7.6293945e-06 -6.5133424
v  21.497017 1.1444092e-05 -6.5133381
v  20.820351 1.450222 -7.1417642
v  20.820351 0.97178268 -10.241907
v  21.497017 0.97178268 -10.241909
v  21.497021 1.450222 -10.241907
v  21.497021 1.450222 -7.1417637
v  20.820351 0.99718094 -6.513339
v  20.820351 1.450222 -10.241907
v  21.497017 -0.99716187 -6.5133395
v  20.820351 -0.9717598 -10.241907
v  20.820351 -1.4501991 -10.241907
v  20.820351 -1.4501991 -7.1417642
v  21.497021 -0.9717598 -10.241907
v  21.497021 -1.4501991 -10.241907
v  21.497021 -1.4501991 -7.1417637
v  20.820351 -0.99716187 -6.5133433
v  26.437382 1.4926033 -10.204345
v  26.360485 1.4926033 -10.290008
v  24.763302 1.4926033 -10.333732
v  22.217865 7.6293945e-06 -6.0093822
v  21.497021 1.0198593 -6.4430113
v  21.497021 1.1444092e-05 -6.4430103
v  34.868683 1.4926071 -10.333733
v  34.868683 1.4926033 -7.9504657
v  34.868683 0.99335861 -8.8327007
v  21.497021 0.9933548 -10.333738
v  22.585777 1.4926033 -10.33374
v  22.585777 0.9933548 -10.333738
v  33.564701 0.99335861 -10.333731
v  33.980927 1.4926071 -10.333733
v  33.980927 0.99335861 -10.333731
v  33.980927 1.1444092e-05 -7.048655
v  26.437382 1.0198631 -6.9496021
v  26.437382 1.1444092e-05 -6.9496036
v  24.763302 1.0198593 -6.7298265
v  24.763302 7.6293945e-06 -6.7298274
v  34.868683 0.99335861 -7.3316674
v  33.980927 1.0198631 -7.0486555
v  34.868683 0.99335861 -10.333731
v  24.763302 1.4926033 -7.3486242
v  23.674541 1.4926033 -10.333739
v  23.674541 1.4926033 -6.7662387
v  22.270939 1.4926033 -6.6332088
v  31.03344 1.4926071 -10.042624
v  30.811382 1.4926071 -10.290007
v  29.113796 1.4926071 -10.290007
v  33.980927 1.4926033 -7.6674519
v  23.674541 0.9933548 -10.33374
v  24.763302 0.9933548 -10.333733
v  23.674541 1.0198631 -6.1474404
v  23.674541 1.1444092e-05 -6.14744
v  22.217865 1.0198593 -6.0093827
v  21.497021 1.4926033 -7.098762
v  34.868683 1.1444092e-05 -7.3316674
v  34.868683 1.0198631 -7.3316679
v  26.437382 1.4926033 -7.5684004
v  21.497021 1.4926033 -10.33374
v  34.868683 1.1444092e-05 -8.8327007
v  26.360485 0.9933548 -10.333733
v  26.360485 1.4926033 -10.333732
v  30.811382 0.99335861 -10.333731
v  29.113796 1.4926071 -10.333731
v  30.811382 1.4926071 -10.333731
v  33.342644 1.4926071 -10.042624
v  31.03344 0.99956131 -10.042625
v  33.564701 1.4926071 -10.290007
v  33.342644 0.99956131 -10.042624
v  30.811382 0.99956131 -10.290009
v  30.811382 0.99956131 -10.333733
v  26.360485 0.99956131 -10.290007
v  26.360485 0.99956131 -10.333731
v  26.582542 1.4926033 -10.042624
v  26.437382 0.99956131 -10.204344
v  29.113796 0.99956131 -10.333733
v  29.113796 0.99956131 -10.290007
v  28.891747 0.99956131 -10.042625
v  28.891747 1.4926071 -10.042624
v  33.564701 0.99956131 -10.333732
v  33.564701 0.99956131 -10.290009
v  26.582542 0.99956131 -10.042624
v  26.360485 -1.4925842 -10.290009
v  26.437386 -1.4925842 -10.204346
v  24.763302 -1.4925842 -10.33374
v  21.497021 -1.0198402 -6.4430118
v  34.868683 -1.4925842 -10.333731
v  34.868683 -0.99333572 -10.333731
v  34.868683 -0.99333572 -8.8327007
v  22.585777 -1.4925842 -10.333738
v  21.497021 -0.99333954 -10.333738
v  22.585777 -0.99333954 -10.33374
v  33.980927 -1.4925842 -10.333731
v  33.564701 -0.99333572 -10.333731
v  33.980927 -0.99333572 -10.333731
v  26.437382 -1.0198402 -6.9496031
v  24.763302 -1.0198402 -6.7298269
v  33.980927 -1.0198402 -7.0486565
v  34.868683 -0.99333572 -7.3316669
v  24.763302 -1.4925842 -7.3486233
v  23.674541 -1.4925842 -10.333738
v  23.674541 -1.4925842 -6.7662373
v  29.113796 -1.4925842 -10.290008
v  30.811382 -1.4925842 -10.290008
v  31.03344 -1.4925842 -10.042624
v  34.868683 -1.4925804 -7.9504647
v  23.674541 -0.99333954 -10.33374
v  24.763302 -0.99333954 -10.33374
v  23.674541 -1.0198402 -6.1474409
v  22.217865 -1.0198441 -6.0093837
v  21.497021 -1.4925842 -7.0987611
v  22.270939 -1.4925842 -6.6332078
v  33.980927 -1.4925842 -7.6674528
v  34.868683 -1.0198402 -7.3316684
v  26.437382 -1.4925842 -7.5684013
v  21.497021 -1.4925842 -10.333738
v  26.360485 -0.99333572 -10.333732
v  26.360485 -1.4925842 -10.333733
v  29.113796 -1.4925842 -10.333732
v  30.811382 -0.99333572 -10.333731
v  30.811382 -1.4925842 -10.333732
v  31.03344 -0.99954224 -10.042624
v  33.342644 -1.4925842 -10.042624
v  33.342644 -0.99954224 -10.042625
v  33.564701 -1.4925842 -10.290007
v  30.811382 -0.99954224 -10.290007
v  26.360485 -0.99954224 -10.290008
v  26.437386 -0.99954224 -10.204345
v  26.582542 -1.4925842 -10.042625
v  29.113796 -0.99954224 -10.333731
v  28.891747 -0.99954224 -10.042624
v  28.891747 -1.4925842 -10.042625
v  33.564701 -0.99954224 -10.333733
v  33.564701 -1.4925842 -10.333731
v  26.582542 -0.99954224 -10.042624
v  33.564701 1.4926071 -10.333733
v  29.113796 0.99335861 -10.333732
v  29.113796 -0.99333572 -10.333732
v  33.564701 -0.99954224 -10.290009
v  30.811382 -0.99954224 -10.333731
v  26.360485 -0.99954224 -10.333732
v  29.113796 -0.99954224 -10.290007
v  25.478928 1.1444092e-05 -12.932402
v  25.014885 0.83274841 -12.582884
v  25.478928 0.83274841 -12.582884
v  25.014885 1.2087975 -11.586143
v  25.014885 1.1444092e-05 -12.932402
v  25.014885 1.1444092e-05 -10.487757
v  25.478928 1.2087975 -11.586143
v  25.478928 1.2087975 -10.487759
v  25.478928 1.1444092e-05 -10.487757
v  25.014885 1.2087975 -10.487759
v  34.749805 0.74850464 -12.549702
v  35.299057 1.1444092e-05 -12.87794
v  34.749809 1.1444092e-05 -12.87794
v  35.299057 0.74850464 -12.549701
v  35.299057 1.1016655 -11.613634
v  34.749805 1.1016655 -11.613635
v  34.749805 1.1016655 -10.49544
v  35.299057 1.1444092e-05 -10.49544
v  35.299057 1.1016655 -10.49544
v  25.014885 -0.83272552 -12.582889
v  25.478928 -0.83272552 -12.582889
v  25.014885 -1.2087784 -11.586143
v  25.478928 -1.2087784 -11.586143
v  25.478928 -1.2087746 -10.487759
v  25.014885 -1.2087746 -10.487757
v  34.749809 -0.74847794 -12.5497
v  35.299057 -1.1016426 -11.613636
v  35.299057 -0.74848175 -12.549701
v  34.749809 -1.1016426 -11.613636
v  34.749809 -1.1016426 -10.495441
v  34.749805 1.1444092e-05 -10.49544
v  25.478928 1.1444092e-05 -13.076406
v  34.749805 0.91785812 -12.704623
v  34.749809 1.1444092e-05 -13.076407
v  25.478928 1.3178635 -10.476027
v  26.360485 0.91315842 -10.476027
v  26.360485 1.3178635 -10.476027
v  28.891747 1.3178635 -10.771971
v  29.113796 1.3178635 -10.524588
v  30.811382 1.3178635 -10.524588
v  25.478928 0.91785812 -12.704623
v  34.749805 1.3178673 -11.644385
v  25.478928 1.1444092e-05 -10.476027
v  25.478928 1.3178635 -11.644384
v  34.749805 1.1444092e-05 -10.476027
v  34.749805 1.3178635 -10.476028
v  29.113796 0.91315842 -10.52459
v  26.360485 0.91315842 -10.524588
v  26.360485 1.3178635 -10.524588
v  31.03344 0.91315842 -10.771973
v  31.03344 1.3178635 -10.771971
v  33.564701 1.3178635 -10.476028
v  34.749805 0.91315842 -10.476027
v  26.582542 1.3178635 -10.771971
v  28.891747 0.91315842 -10.771973
v  29.113796 1.3178635 -10.476027
v  30.811382 0.91315842 -10.476028
v  30.811382 1.3178635 -10.476027
v  33.342644 0.91315842 -10.771972
v  33.342644 1.3178635 -10.771973
v  26.582542 0.91315842 -10.771971
v  33.564701 0.91315842 -10.524589
v  33.564701 1.3178635 -10.52459
v  29.113796 0.91315842 -10.476028
v  33.564701 0.91315842 -10.476027
v  30.811382 0.91315842 -10.52459
v  34.749809 -0.91783524 -12.704623
v  26.360485 -0.91313553 -10.476027
v  25.478928 -1.3178444 -10.476027
v  26.360485 -1.3178406 -10.476027
v  30.811382 -1.3178406 -10.52459
v  29.113796 -1.3178406 -10.524588
v  28.891747 -1.3178406 -10.771971
v  34.749809 -1.3178406 -11.644385
v  25.478928 -0.91783524 -12.704622
v  25.478928 -1.3178406 -11.644384
v  34.749809 -1.3178406 -10.476027
v  29.113796 -0.91313553 -10.524589
v  26.360485 -0.91313553 -10.524589
v  26.360485 -1.3178406 -10.524588
v  31.03344 -0.91313553 -10.771971
v  31.03344 -1.3178406 -10.771973
v  34.749805 -0.91313553 -10.476028
v  33.564701 -1.3178406 -10.476028
v  28.891747 -0.91313553 -10.771972
v  26.582542 -1.3178406 -10.771971
v  30.811382 -0.91313553 -10.476027
v  29.113796 -1.3178406 -10.476027
v  30.811382 -1.3178406 -10.476028
v  33.342644 -0.91313553 -10.771971
v  33.342644 -1.3178406 -10.771973
v  33.564701 -0.91313553 -10.524588
v  33.564701 -1.3178406 -10.52459
v  29.113796 -0.91313553 -10.476027
v  33.564701 -0.91313553 -10.476027
v  30.811382 -0.91313553 -10.524588
v  35.299057 -1.1016426 -10.49544
v  25.478928 0.91315842 -10.476027
v  25.478928 -0.91313553 -10.476027
v  26.582542 -0.91313553 -10.771972
v  36.551094 1.1444092e-05 -10.795501
v  40.063816 -0.59746933 -11.140459
v  40.063816 1.5258789e-05 -10.7955
v  36.551094 0.59749222 -11.830371
v  40.063816 0.59749222 -11.140459
v  40.063816 0.59749222 -11.830371
v  36.551094 -0.59746933 -11.830371
v  40.063816 1.1444092e-05 -12.175325
v  40.063816 -0.59746933 -11.83037
v  36.551094 0.59749222 -11.14046
v  36.551094 1.1444092e-05 -12.175326
v  36.551094 -0.59746933 -11.140459
v  18.596306 1.5433083 -10.422899
v  18.596306 0.82055664 -9.733778
v  18.596306 1.5433083 -9.733778
v  18.596306 0.82056046 -10.422899
v  19.117405 0.82055664 -9.733778
v  19.117405 0.82056046 -10.422899
v  19.117401 1.5433083 -9.733778
v  18.749275 1.9237862 -10.422899
v  19.117405 1.5433083 -10.422899
v  18.968182 4.1645508 -10.422899
v  19.117401 3.8764153 -10.952051
v  18.93148 3.8764153 -10.952051
v  18.749275 1.9237862 -9.733778
v  19.117401 1.9237862 -10.422899
v  19.117401 1.9237862 -9.733778
v  19.117401 4.1645508 -9.733778
v  18.968182 4.1645508 -9.733778
v  18.749275 3.8609314 -9.733779
v  19.117401 4.1645508 -10.422899
v  18.749275 3.8609314 -10.4229
v  18.93148 2.2119217 -10.952053
v  19.117401 2.2119217 -10.952053
v  52.555721 0.40234375 -12.590884
v  52.961906 -0.40231323 -12.356367
v  52.555721 -0.40231323 -12.590883
v  52.961906 0.40234375 -12.356368
v  52.961906 -0.40231323 -11.887335
v  52.961906 0.40234375 -11.887336
v  52.555721 -0.40231323 -11.652819
v  52.555721 0.40234375 -11.65282
v  52.149521 -0.40231323 -11.887335
v  52.149521 0.40234375 -12.356368
v  52.149521 -0.40231323 -12.356367
v  52.149521 0.40234375 -11.887336
v  21.184059 1.5287476 -9.3537598
v  21.407375 -1.5287285 -9.2248268
v  21.184059 -1.5287323 -9.3537598
v  21.407375 1.5287514 -9.2248259
v  21.407375 -1.5287285 -8.9669685
v  21.407375 1.5287514 -8.9669685
v  21.184059 -1.5287285 -8.8380318
v  21.184059 1.5287514 -8.8380318
v  20.960743 -1.5287285 -8.9669685
v  20.960743 1.5287514 -8.9669685
v  20.960743 -1.5287285 -9.2248268
v  20.960743 1.5287514 -9.2248268
v  11.288765 1.3401451 -7.831789
v  11.512085 -1.3401299 -7.7028608
v  11.288765 -1.3401299 -7.83179
v  11.512085 1.3401451 -7.7028599
v  11.512085 -1.3401299 -7.4449987
v  11.512085 1.3401489 -7.4449978
v  11.288765 -1.3401299 -7.3160658
v  11.288765 1.3401451 -7.3160648
v  11.065453 -1.3401299 -7.4449987
v  11.065453 1.3401489 -7.4449978
v  11.065453 -1.3401299 -7.7028608
v  11.065453 1.3401451 -7.7028599
v  14.649239 0.86617279 -7.9942231
v  14.615158 1.0044098 -5.4166813
v  14.615158 0.86617279 -5.4166822
v  14.376358 0.86617279 -5.1698713
v  14.460533 0.86617279 -8.1767902
v  10.975403 1.0044098 -8.1979504
v  10.942696 1.0044136 -5.2477369
v  11.185349 1.0044136 -5.0133238
v  14.376358 1.0044098 -5.1698718
v  10.942696 0.86617661 -5.247736
v  11.185349 0.86617661 -5.0133233
v  14.460533 1.0044098 -8.1767912
v  13.558655 0.83726883 -8.4071159
v  10.97596 0.7362175 -8.310442
v  12.653999 0.4621315 -8.3631964
v  13.558655 0.75297928 -8.2975426
v  10.975403 0.86617279 -8.1979523
v  10.97596 0.82049942 -8.4200077
v  10.978325 0.44100189 -8.3641949
v  12.653999 0.46865082 -8.501276
v  10.978325 0.44752121 -8.5022774
v  14.649239 1.0044098 -7.9942236
v  15.0494 0.79421997 -7.0880961
v  15.077393 -0.79420471 -6.4588509
v  15.077393 0.79422379 -6.4588504
v  16.202209 -0.79420471 -7.0717154
v  16.255962 -0.79420471 -6.5219755
v  16.202217 0.79421997 -7.0717149
v  16.255962 0.79422379 -6.521975
v  15.090347 0.79421997 -6.167747
v  15.117905 0.79422379 -5.5483084
v  15.43108 0.79422379 -5.276515
v  15.0494 -0.79420471 -7.0880909
v  16.28083 -0.79420471 -6.267653
v  15.431076 -0.79420471 -5.2765155
v  15.090347 -0.79420471 -6.167747
v  16.480637 0.79421997 -5.3784237
v  16.480637 -0.79420471 -5.3784237
v  15.117897 -0.79420471 -5.5483084
v  16.28083 0.79422379 -6.2676568
v  16.581367 -0.79420471 -6.5176497
v  16.606232 -0.79420471 -6.3065367
v  16.606236 0.79422379 -6.3065362
v  16.581371 0.79422379 -6.5176492
v  -1.9090424 0.42105103 -10.992966
v  -2.3726883 -0.42103577 -10.675365
v  -2.3726883 0.42104721 -10.675364
v  -1.9090424 -0.42103577 -10.992966
v  -0.81018829 -0.42103577 -10.675364
v  -0.81018829 -0.42103577 -10.992965
v  -0.81018829 0.42104721 -10.675365
v  -0.81018829 -0.42103577 -10.35776
v  -2.3726883 0.42104721 -10.357759
v  -2.3726883 -0.42103577 -10.357761
v  -0.81018829 0.42105103 -10.992966
v  -0.81018829 0.42104721 -10.357761
v  22.958675 0.75183868 -13.408958
v  23.100388 -0.75181961 -13.327141
v  22.958675 -0.75181961 -13.408958
v  23.100388 0.75183868 -13.327141
v  23.100388 -0.75181961 -13.163509
v  23.100388 0.7518425 -13.163509
v  22.958675 -0.75181961 -13.081692
v  22.958675 0.7518425 -13.081692
v  22.816971 -0.75181961 -13.163509
v  22.816971 0.7518425 -13.163509
v  22.816971 -0.75181961 -13.327141
v  22.816971 0.75183868 -13.327141
v  18.638527 0.45927811 -13.513526
v  18.623783 -0.45925522 -13.241366
v  18.623783 0.45927811 -13.241366
v  23.172203 -0.45925522 -13.364504
v  23.671631 -0.45925522 -13.075445
v  23.157459 -0.45925522 -13.092345
v  23.686371 -0.45925522 -13.347605
v  23.671631 0.45927811 -13.075446
v  22.721313 0.45927811 -13.10668
v  23.157459 0.45927811 -13.092345
v  18.638527 -0.45925522 -13.513526
v  22.73605 0.45927811 -13.378843
v  22.73605 -0.45925522 -13.378844
v  22.881435 0.45927811 -13.448764
v  22.881435 -0.45925522 -13.448764
v  22.721313 -0.45925522 -13.106681
v  22.866695 0.45927811 -13.176603
v  23.172203 0.45927811 -13.364504
v  23.686371 0.45927811 -13.347605
v  23.012077 0.45927811 -13.171827
v  23.012077 -0.45925522 -13.171828
v  22.866695 -0.45925522 -13.176604
v  23.026821 -0.45925522 -13.443988
v  23.026817 0.45927811 -13.443988
v  3.1051331 1.6630898 -8.8209705
v  3.4735641 -1.388504 -8.6082602
v  3.1051331 -1.388504 -8.8209715
v  3.4735641 1.6630898 -8.6082592
v  3.4735641 -1.388504 -8.1828299
v  3.4735641 1.6630898 -8.1828308
v  3.1051331 -1.388504 -7.9701223
v  3.1051331 1.6630898 -7.9701228
v  2.736702 -1.388504 -8.1828299
v  2.736702 1.6630898 -8.1828308
v  2.736702 -1.388504 -8.6082602
v  2.736702 1.6630898 -8.6082611
v  -1.6886826 7.6293945e-06 -5.653625
v  -3.9156113 0.89226532 -5.3772993
v  -3.9156113 3.8146973e-06 -5.3772998
v  -4.6252747 0.60963058 -9.1327009
v  -2.6882248 0.89226532 -9.4392147
v  -2.6882248 0.6096344 -9.4392147
v  -2.6268539 1.2273064 -9.2067986
v  -1.7502975 1.2273064 -5.8869801
v  -2.6882248 7.6293945e-06 -9.4392157
v  -3.9601059 1.2273026 -5.6127605
v  -4.5808487 1.2273026 -8.8976212
v  -7.7731705 0.42140198 -8.4112539
v  -7.3740387 0.60963058 -8.3888702
v  -7.3740387 0.60963058 -8.5052681
v  -4.6252747 3.8146973e-06 -9.1327019
v  -7.657341 3.8146973e-06 -8.4404774
v  -8.0159302 3.8146973e-06 -8.3520145
v  -7.7731705 0.42140198 -8.2948561
v  -4.4903717 0.60963058 -9.0083723
v  -3.9452591 0.74412155 -5.5341668
v  -3.9452591 3.8146973e-06 -5.5341678
v  -4.6252747 0.89226913 -9.1327
v  -4.554924 1.0511742 -8.7604055
v  -3.9860306 1.0511703 -5.7499537
v  -4.5956345 0.74412155 -8.9758472
v  -3.9156113 -0.89225388 -5.3772988
v  -2.6882248 -0.89225388 -9.4392147
v  -4.6252747 -0.60961914 -9.1327
v  -2.6882248 -0.60961914 -9.4392166
v  -2.6268539 -1.2272911 -9.2067976
v  -3.9601059 -1.2272949 -5.6127615
v  -1.7502975 -1.2272911 -5.886981
v  -1.6886826 -0.89225388 -5.6536236
v  -4.5808487 -1.2272911 -8.8976173
v  -4.6252747 -0.89225388 -9.1327
v  -7.3740387 -0.60961914 -8.3888683
v  -7.7731705 -0.42139053 -8.4112539
v  -7.3740387 -0.60961914 -8.5052662
v  -7.7731705 -0.42139053 -8.2948561
v  -3.9452591 -0.74411011 -5.5341673
v  -4.554924 -1.0511627 -8.7604046
v  -3.9860306 -1.0511627 -5.7499523
v  -4.5956345 -0.74411011 -8.9758482
v  -1.6886826 0.89226532 -5.6536241
v  -8.0159302 3.8146973e-06 -8.2356205
v  -4.5956345 0.48509979 -8.9758472
v  -4.4903717 -0.60961914 -9.0083714
v  -4.5956345 -0.48508835 -8.9758472
v  10.999451 1.3401451 -7.0083489
v  11.222771 -1.3401299 -6.8794127
v  10.999451 -1.3401299 -7.0083494
v  11.222771 1.3401451 -6.8794122
v  11.222771 -1.3401299 -6.6215544
v  11.222771 1.3401451 -6.6215534
v  10.999451 -1.3401299 -6.4926214
v  10.999451 1.3401489 -6.4926205
v  10.776138 -1.3401299 -6.6215544
v  10.776131 1.3401451 -6.8794122
v  10.776138 -1.3401299 -6.8794127
v  10.776131 1.3401451 -6.6215534
v  18.699554 -0.67376328 -11.702102
v  19.84803 1.1444092e-05 -12.091106
v  19.84803 -0.67376328 -11.702102
v  18.699554 0.67378235 -11.702101
v  19.84803 0.67378235 -11.702103
v  19.84803 0.67378616 -10.924097
v  18.699554 0.67378616 -10.924097
v  19.84803 7.6293945e-06 -10.535095
v  18.699554 7.6293945e-06 -10.535095
v  19.84803 -0.67376328 -10.924098
v  23.65173 1.1444092e-05 -11.894206
v  23.65173 0.50326538 -11.603651
v  34.994911 7.6293945e-06 -11.894201
v  23.65173 1.1444092e-05 -10.731982
v  23.65173 -0.50324631 -11.603653
v  23.65173 -0.50324631 -11.022541
v  23.65173 0.5032692 -11.022539
v  34.994911 0.50326538 -11.022537
v  34.994911 7.6293945e-06 -10.731977
v  34.994911 -0.50324631 -11.022536
v  34.994911 0.50326538 -11.603649
v  34.994911 -0.50324631 -11.603648
v  18.699554 1.1444092e-05 -12.091106
v  18.699554 -0.67376328 -10.924098
v  2.8994141 1.4291039 -9.221983
v  2.2914276 1.5381279 -8.7126942
v  2.8994141 1.5381279 -9.221983
v  3.1992416 1.4291039 -7.5524888
v  4.7064896 1.4291039 -8.6966076
v  6.1850815 1.5381279 -9.1684027
v  10.616982 1.4291039 -7.8361912
v  6.1850815 1.4291039 -9.1684027
v  3.1992416 1.5381279 -7.5524888
v  4.7064896 1.5381279 -8.6966085
v  2.3327408 1.4291039 -7.9258518
v  2.3327408 1.5381279 -7.9258523
v  2.2914276 1.4291039 -8.7126942
v  10.523827 1.5381241 -7.2048473
v  10.523827 1.4291 -7.2048473
v  10.616982 1.5381279 -7.8361912
v  5.5994415 1.5381279 -9.1266203
v  5.5994415 1.4291039 -9.1266203
v  51.593079 0.30797195 -8.7949314
v  52.006565 -0.30794525 -8.1837072
v  52.006565 0.30797195 -8.1837082
v  53.035973 -0.30794525 -8.7949324
v  52.62249 -0.30794525 -8.1837072
v  52.62249 0.30797195 -8.1837082
v  53.035973 0.30797195 -8.7949333
v  52.62249 -0.30794525 -7.8757467
v  52.006565 0.30797195 -7.8757458
v  52.006565 -0.30794525 -7.8757467
v  51.593079 -0.30794525 -8.7949324
v  53.035973 -0.30794525 -9.2450581
v  52.62249 0.30797195 -7.8757472
v  51.593079 -0.30794525 -9.245059
v  53.035973 0.30797195 -9.24506
v  51.593079 0.30797195 -9.24506
v  4.2259827 0.35445023 -5.8921466
v  4.3650818 -0.35443878 -5.5486469
v  4.3650818 0.35445023 -5.5486484
v  4.969574 -0.35443878 -5.8921452
v  5.434967 -0.35443878 -5.2859097
v  4.7686539 -0.35443878 -5.4404621
v  5.7131577 -0.35443878 -5.8921452
v  5.434967 0.35445404 -5.2859111
v  4.969574 0.35445023 -5.8921466
v  4.7686539 0.35445023 -5.4404635
v  5.1055832 0.35445404 -4.6679149
v  5.5034561 0.35445023 -4.7420154
v  4.2259827 -0.35443878 -5.8921456
v  5.7131577 0.35445023 -5.8921466
v  5.6557846 0.35445404 -3.9754786
v  5.8392487 0.35445023 -4.1889911
v  5.5034561 -0.35443878 -4.7420139
v  5.1055832 -0.35443878 -4.6679139
v  5.8392487 -0.35443878 -4.1889896
v  6.3532028 -0.35443878 -3.7489948
v  5.6557846 -0.35443878 -3.9754777
v  6.3906555 0.35445023 -3.9050479
v  6.3532028 0.35445023 -3.7489963
v  6.3906555 -0.35443878 -3.9050465
v  -21.774498 0.28580475 2.5302978
v  -22.420418 0.89344406 1.904428
v  -22.293587 0.28580284 2.6220489
v  -23.264214 0.89344406 -5.8982501
v  -23.367256 0.89344406 -4.2643151
v  -22.991631 0.89344788 -4.3560619
v  -21.774498 3.8146973e-06 2.5302978
v  -22.293587 3.8146973e-06 2.6220489
v  -23.376808 3.8146973e-06 -6.5352535
v  -23.895897 0.33772659 -6.4435034
v  -23.376808 0.33773041 -6.5352535
v  -23.783302 0.89344788 -5.8064942
v  -21.901329 0.89344597 1.812675
v  -22.531837 0.89344406 0.36224127
v  -22.173904 0.89344597 0.27049398
v  -22.753319 0.89344406 -1.1799459
v  -22.44648 0.89344597 -1.2716904
v  -23.035721 0.89344406 -2.7221289
v  -22.719063 0.89344597 -2.8138752
v  -23.783302 3.8146973e-06 -5.8064942
v  -23.367256 3.8146973e-06 -4.2643151
v  -23.035721 3.8146973e-06 -2.7221284
v  -22.753319 3.8146973e-06 -1.1799436
v  -22.420418 3.8146973e-06 1.904428
v  -22.531837 3.8146973e-06 0.36224127
v  -21.774498 -0.28579712 2.5302978
v  -22.420418 -0.89343834 1.904428
v  -21.901329 -0.89343834 1.812675
v  -23.367256 -0.89343643 -4.2643147
v  -23.264214 -0.89343643 -5.8982496
v  -22.991631 -0.89344025 -4.3560629
v  -22.293587 -0.28579712 2.6220489
v  -23.895897 -0.33772278 -6.4435039
v  -23.376808 -0.33772278 -6.5352535
v  -23.783302 -0.89344025 -5.8064938
v  -22.531837 -0.89343834 0.36224127
v  -22.173912 -0.89343834 0.27049398
v  -22.753319 -0.89343834 -1.1799438
v  -22.44648 -0.89343834 -1.2716911
v  -23.035721 -0.89344025 -2.7221286
v  -22.719063 -0.89343643 -2.8138759
v  -3.9210892 3.8146973e-06 -5.4164691
v  -6.7501984 0.93152237 -4.3671713
v  -6.7501984 7.6293945e-06 -4.3671703
v  -7.6437759 7.6293945e-06 -8.3738384
v  -9.715889 3.8146973e-06 -8.0746861
v  -9.715889 0.49604797 -8.074687
v  -11.983147 0.40655518 -1.8150787
v  -21.180313 3.8146973e-06 2.5325789
v  -11.983147 5.7220459e-06 -1.8150797
v  -3.9730148 1.1698761 -5.6934352
v  -7.5848465 1.1698761 -8.104372
v  -6.8097534 1.1698761 -4.6409817
v  -10.932076 0.40655518 -2.3119411
v  -10.932076 7.6293945e-06 -2.3119416
v  -8.8299332 3.8146973e-06 -3.3056588
v  -9.8810043 0.43036652 -2.8087988
v  -9.8810043 7.6293945e-06 -2.8087983
v  -10.440834 7.6293945e-06 -8.1044903
v  -11.242767 0.45966721 -8.4765911
v  -10.440834 0.45966721 -8.1044903
v  -4.5581055 1.1698761 -8.8146591
v  -4.6089706 3.8146973e-06 -9.0860176
v  -10.369865 1.0311241 -7.4330664
v  -11.162102 1.0281029 -6.8760023
v  -10.288109 1.0345993 -6.6597133
v  -9.5907516 1.0644836 -7.4010944
v  -9.4657516 1.0644836 -6.7282357
v  -11.209816 1.0281029 -7.8227987
v  -12.758553 1.0281029 -6.770885
v  -22.819298 3.8146973e-06 -6.7404575
v  -23.395088 0.45966721 -6.638689
v  -22.819298 0.45966721 -6.740459
v  -13.025742 3.8146973e-06 -8.478548
v  -13.025742 0.45966721 -8.478548
v  -21.310051 1.028101 1.7985334
v  -21.180313 0.40655327 2.5325785
v  -8.8299332 0.44293594 -3.3056593
v  -9.9610825 1.0485077 -3.5662875
v  -12.099022 1.0281029 -2.5556812
v  -10.97123 1.0281029 -3.0888095
v  -11.242767 7.6293945e-06 -8.4765911
v  -9.3407593 1.0644836 -6.0553842
v  -12.923431 1.0281029 -7.8246837
v  -22.704124 1.0281029 -6.0888696
v  -22.425316 1.0281029 -4.5113897
v  -7.6437759 0.93152237 -8.3738384
v  -8.9657669 1.0644836 -4.0368261
v  -4.6089706 0.93152237 -9.0860157
v  -3.9210892 0.93152237 -5.4164677
v  -21.885841 1.028101 1.9003019
v  -21.756096 0.40655327 2.6343474
v  -23.279915 1.0281029 -5.9871016
v  -23.001106 1.0281029 -4.4096212
v  -21.756096 3.8146973e-06 2.6343493
v  -23.395088 3.8146973e-06 -6.638689
v  -22.164658 1.028101 0.32281828
v  -22.443474 1.028101 -1.254663
v  -22.722282 1.0281029 -2.8321409
v  -21.58886 1.028101 0.22104979
v  -21.867683 1.028101 -1.3564315
v  -22.146492 1.0281029 -2.9339094
v  -12.263908 1.0281029 -3.6094851
v  -12.428795 1.0281029 -4.6632838
v  -12.593666 1.0281029 -5.7170825
v  -11.018944 1.0281029 -4.0356059
v  -11.066666 1.0281029 -4.9824057
v  -11.114388 1.0281029 -5.9292021
v  -10.042839 1.0450325 -4.3396411
v  -9.0907669 1.0644836 -4.7096772
v  -10.124596 1.0415535 -5.1129985
v  -9.2157593 1.0644836 -5.3825326
v  -10.206352 1.0380783 -5.8863521
v  -6.7501984 -0.93151093 -4.3671713
v  -9.715889 -0.49603653 -8.074687
v  -7.6437759 -0.93151093 -8.3738394
v  -11.983147 -0.40654564 -1.8150792
v  -3.9730148 -1.1698647 -5.6934352
v  -7.5848465 -1.1698647 -8.1043777
v  -4.5581055 -1.1698647 -8.8146591
v  -10.932076 -0.40654755 -2.3119426
v  -9.8810043 -0.43035507 -2.8087978
v  -8.8299332 -0.4429245 -3.3056598
v  -11.242767 -0.45965576 -8.4765921
v  -10.440834 -0.45965576 -8.1044912
v  -4.6089706 -0.93151093 -9.0860167
v  -11.162102 -1.0280952 -6.8760014
v  -10.369865 -1.0311127 -7.4330664
v  -10.288109 -1.0345917 -6.6597128
v  -9.5907516 -1.0644722 -7.4010944
v  -9.4657516 -1.0644722 -6.7282352
v  -12.758553 -1.0280952 -6.7708836
v  -11.209816 -1.0280914 -7.8227997
v  -23.395088 -0.45965958 -6.6386895
v  -22.819298 -0.45965958 -6.740458
v  -13.025742 -0.45965576 -8.478549
v  -21.310051 -1.0280933 1.7985296
v  -21.180313 -0.40654564 2.5325789
v  -9.9610825 -1.0484962 -3.5662873
v  -12.099022 -1.0280952 -2.5556822
v  -10.97123 -1.0280952 -3.0888097
v  -6.8097458 -1.1698647 -4.6409836
v  -9.3407516 -1.0644722 -6.0553837
v  -12.923431 -1.0280914 -7.8246822
v  -22.704124 -1.0280952 -6.0888705
v  -8.9657669 -1.0644722 -4.0368252
v  -3.9210892 -0.93151093 -5.4164686
v  -21.885841 -1.0280933 1.9003019
v  -21.756096 -0.40654564 2.6343493
v  -22.425316 -1.0280952 -4.5113897
v  -23.279915 -1.0280952 -5.987102
v  -23.001106 -1.0280952 -4.4096217
v  -22.164658 -1.0280952 0.32281566
v  -22.443474 -1.0280952 -1.2546628
v  -22.722282 -1.0280952 -2.8321412
v  -21.58886 -1.0280952 0.22104716
v  -21.867683 -1.0280972 -1.3564312
v  -22.146492 -1.0280952 -2.9339097
v  -12.263908 -1.0280914 -3.6094799
v  -12.428795 -1.0280914 -4.6632824
v  -12.593666 -1.0280952 -5.7170811
v  -11.018944 -1.0280914 -4.0356064
v  -11.066666 -1.0280914 -4.9824066
v  -11.114388 -1.0280952 -5.929203
v  -10.042839 -1.0450211 -4.3396406
v  -9.0907669 -1.0644722 -4.7096767
v  -10.124596 -1.0415421 -5.112998
v  -9.2157593 -1.0644722 -5.3825321
v  -10.206352 -1.0380669 -5.8863516
v  -23.895897 3.8146973e-06 -6.4435029
v  35.054108 0.30099869 -8.2361488
v  35.054108 -0.3015213 -10.473898
v  35.054108 -0.30152512 -8.2361479
v  36.741547 -0.30152512 -8.2361469
v  36.741547 0.30099869 -10.473899
v  36.741547 0.30099869 -8.2361479
v  36.741547 -0.3015213 -10.473898
v  35.054108 0.30099869 -10.473899
v  41.761528 -0.70084381 -9.7408323
v  45.070297 1.5258789e-05 -10.145468
v  45.070297 -0.70084381 -9.7408276
v  41.761528 1.1444092e-05 -10.145469
v  45.070297 0.70087051 -9.7408285
v  41.761528 0.70087051 -9.7408333
v  45.070297 0.70087051 -8.9315519
v  41.761528 0.70087051 -8.9315529
v  45.070297 1.1444092e-05 -8.5269117
v  41.761528 -0.70084381 -8.9315519
v  41.761528 -0.54578781 -9.65131
v  41.761528 1.1444092e-05 -8.5269117
v  45.070297 -0.70084381 -8.931551
v  45.070297 1.5258789e-05 -9.9127941
v  45.070297 1.5258789e-05 -8.7595806
v  45.070297 -0.49934387 -9.6244946
v  45.070297 0.49936676 -9.6244955
v  45.070297 -0.49934006 -9.047884
v  45.070297 0.49936676 -9.0478849
v  41.761528 1.1444092e-05 -8.7059546
v  41.761528 1.1444092e-05 -9.9664297
v  41.761528 0.5458107 -9.6513081
v  41.761528 -0.54578781 -9.0210762
v  41.761528 0.5458107 -9.0210743
v  3.1051331 1.2872543 -9.0260611
v  3.6511765 1.6037941 -8.7108021
v  3.6511765 1.2872543 -8.710803
v  3.6511765 1.6037941 -8.080286
v  3.6511765 1.2872543 -8.080287
v  3.1051331 1.2872543 -7.7650328
v  2.5590897 1.6037941 -8.080286
v  2.5590897 1.2872543 -8.080287
v  3.1051331 1.6037941 -9.0260601
v  2.5590897 1.2872543 -8.710803
v  2.5590897 1.6037941 -8.7108021
v  3.1051331 1.6037941 -7.7650318
v  14.615158 -1.0043907 -5.4166789
v  14.649239 -0.86615753 -7.9942245
v  14.615158 -0.86615372 -5.4166813
v  14.460533 -0.86615372 -8.1767921
v  10.975403 -0.86615372 -8.1979513
v  14.376358 -0.86615372 -5.1698704
v  10.975403 -1.0043869 -8.1979504
v  14.460533 -1.0043907 -8.1767912
v  14.376358 -1.0043907 -5.1698713
v  10.942696 -0.86615372 -5.2477369
v  10.942696 -1.0043869 -5.2477369
v  11.185349 -1.0043869 -5.0133238
v  11.185349 -0.86615372 -5.0133238
v  13.558655 -0.83724976 -8.407115
v  12.653999 -0.46211243 -8.3631954
v  10.97596 -0.73619461 -8.3104429
v  13.558655 -0.75296402 -8.2975416
v  10.97596 -0.82048035 -8.4200087
v  12.653999 -0.46863174 -8.5012779
v  10.978325 -0.440979 -8.3641949
v  10.978325 -0.44749832 -8.5022774
v  14.649239 -1.0043907 -7.9942236
v  11.196968 0.16949463 -8.0313721
v  11.114159 0.40716171 -8.1677113
v  11.200981 0.40501404 -8.1688538
v  11.121788 0.64388657 -8.0324802
v  11.110146 0.1716423 -8.0302296
v  11.208611 0.64174271 -8.0336227
v  11.125404 0.64509964 -7.759768
v  11.212219 0.64295197 -7.7609096
v  11.200584 0.1707077 -7.7586584
v  11.121391 0.40958023 -7.6222858
v  11.113762 0.17285538 -7.7575169
v  11.208214 0.40743637 -7.6234312
v  23.286167 -0.46402359 -12.695979
v  23.156853 -0.46402359 -13.418738
v  23.156853 -0.46402359 -12.695979
v  23.894341 -0.69684219 -13.363452
v  23.286167 -0.69684219 -12.695979
v  23.286167 -0.69684219 -13.418738
v  22.563412 -0.69684219 -12.695979
v  22.7309 -0.69684219 -13.418738
v  22.7309 -0.69684219 -12.695979
v  23.156853 -0.69684219 -12.695979
v  22.563412 -0.46402359 -13.418738
v  22.7309 -0.46402359 -13.418738
v  23.894341 -0.69684219 -12.640693
v  23.894341 -0.46402359 -13.363452
v  23.894341 -0.46402359 -12.640693
v  23.286167 -0.46402359 -13.418738
v  21.909824 -0.46402359 -12.528144
v  22.563412 -0.46402359 -12.695979
v  21.256241 -0.46402359 -12.360305
v  21.909824 -0.69684219 -12.528144
v  20.677685 -0.4640274 -12.12928
v  21.256241 -0.69684219 -12.360305
v  22.060287 -0.69684219 -13.133742
v  22.563412 -0.69684219 -13.418738
v  21.34457 -0.69684219 -12.887317
v  22.060287 -0.46402359 -13.133742
v  20.614502 -0.69684219 -12.735141
v  21.34457 -0.46402359 -12.887317
v  20.614502 -0.46402359 -12.735142
v  22.872887 -0.69684219 -13.561576
v  22.872887 -0.46402359 -13.561576
v  22.7309 -0.46402359 -12.695979
v  23.01487 -0.69684219 -12.695979
v  23.01487 -0.46402359 -12.695979
v  22.872887 -0.69684219 -12.695979
v  23.01487 -0.46402359 -13.561576
v  22.872887 -0.46402359 -12.695979
v  23.156853 -0.69684219 -13.418738
v  23.01487 -0.69684219 -13.561576
v  20.677685 -0.69684219 -12.129279
v  52.764408 -0.06937027 -13.364703
v  52.824497 -0.034679413 -12.957355
v  52.764408 -0.06937027 -12.957355
v  52.824497 -0.034679413 -13.364703
v  52.824497 0.03470993 -12.957354
v  52.824497 0.03470993 -13.364702
v  52.764408 0.069400787 -12.957354
v  52.764408 0.069400787 -13.364702
v  52.704311 0.03470993 -12.957354
v  52.704311 0.03470993 -13.364702
v  52.704311 -0.034679413 -12.957355
v  52.704311 -0.034679413 -13.364703
v  52.764408 0.11600113 -12.957355
v  52.764408 -0.11597061 -12.957354
v  52.663956 -0.057975769 -12.570646
v  52.663956 -0.057979584 -12.957354
v  52.864853 -0.057979584 -12.957354
v  52.663956 0.058006287 -12.957355
v  52.864853 0.058006287 -12.957355
v  52.764408 0.11600113 -12.570647
v  52.663956 0.058006287 -12.570647
v  52.864853 -0.057975769 -12.570646
v  52.864853 0.058006287 -12.570647
v  52.764408 -0.11597061 -12.570646
v  4.7820435 -0.55950165 -3.1031094
v  4.1437302 0.55951309 -3.2692819
v  4.7820435 0.55951309 -3.1031098
v  7.6314163 -0.55950165 -2.9614863
v  4.7913132 -0.55949783 -2.851572
v  7.6221542 0.55951309 -3.2130227
v  8.140976 -0.55950165 -3.3434062
v  7.6221542 -0.55949783 -3.2130237
v  7.6314163 0.55951309 -2.9614854
v  4.7913132 0.55951309 -2.8515725
v  8.3135605 0.55951309 -3.1601734
v  8.3922424 0.55951309 -3.7070599
v  8.140976 0.55951309 -3.3434048
v  8.3135605 -0.55949783 -3.1601748
v  8.3685455 -0.55949783 -6.0007811
v  8.3922424 -0.55950165 -3.7070613
v  8.6439362 0.55951309 -3.7096615
v  8.6439438 -0.55949783 -3.7096591
v  8.6202469 0.55951309 -6.0033755
v  8.6202469 -0.55949783 -6.0033751
v  8.3685455 0.55951309 -6.0007815
v  3.9604568 -0.55949783 -3.0967507
v  3.7978821 -0.55950165 -3.8975658
v  4.1437302 -0.55949783 -3.2692814
v  3.9604568 0.55951309 -3.0967507
v  3.80233 0.55951309 -5.9512811
v  3.7978821 0.55951309 -3.8975663
v  3.5489578 0.55951309 -3.8602242
v  3.5489578 -0.55949783 -3.8602242
v  3.5534058 -0.55949783 -5.9139423
v  3.5534058 0.55951309 -5.9139428
v  3.80233 -0.55949783 -5.9512806
v  19.175613 0.70032883 -12.222247
v  0.41262817 7.6293945e-06 -12.564493
v  -0.32010651 0.70032501 -12.22225
v  -1.4192047 1.0223083 -11.012808
v  -1.9281235 7.6293945e-06 -10.419546
v  -1.9281235 1.4022446 -10.419546
v  -2.3648224 7.6293945e-06 -9.9096403
v  -2.3648224 1.4022408 -9.9096394
v  -1.3571548 7.6293945e-06 -11.086218
v  -2.3648224 7.6293945e-06 -9.4220152
v  -2.3648224 1.4022408 -9.4220142
v  -0.32010651 7.6293945e-06 -12.220995
v  19.175613 -0.70030975 -12.222248
v  19.175613 7.6293945e-06 -12.564491
v  19.175613 -1.0222893 -11.012804
v  -0.32010651 -0.70031357 -12.222246
v  15.778267 -1.4022255 -9.9096365
v  -1.9281235 -1.4022293 -10.419547
v  19.175613 -1.4022255 -10.419538
v  -1.4192047 -1.0222931 -11.012809
v  -2.3648224 -1.4022293 -9.9096403
v  -2.3648224 -1.4022293 -9.4220152
v  5.9656601 1.4022408 -10.275372
v  11.52948 1.4022446 -10.419538
v  12.933311 0.87232971 -11.576172
v  4.6004639 1.4022408 -9.4220161
v  15.338642 -1.4022255 -9.4220076
v  -2.2112274 1.2470131 -9.4220161
v  4.5372162 1.2470131 -9.4220142
v  14.941093 -1.2469978 -9.4220085
v  -2.2112274 -1.2469978 -9.4220142
v  -2.2112274 7.6293945e-06 -9.4220152
v  11.336288 1.242363 -10.275371
v  11.336288 1.4022446 -10.27537
v  5.1027527 1.2423592 -9.9096394
v  5.1027527 1.4022408 -9.9096413
v  12.147682 0.76044846 -11.395861
v  12.933311 0.71244812 -11.57617
v  11.52948 1.242363 -10.419539
v  5.9656601 1.2423592 -10.27537
v  11.735542 1.0223083 -11.012808
v  11.735542 0.86242676 -11.012809
v  19.175613 0.71319962 -11.573336
v  19.175613 0.87308121 -11.573338
v  12.147682 0.92033005 -11.395863
v  19.175613 -1.4022255 -9.9096355
v  4.6004639 1.2423592 -9.4220142
v  19.175613 -0.51465225 -12.222247
v  19.175613 -0.83663177 -11.012806
v  19.175613 -1.216568 -10.41954
v  19.175613 -1.216568 -9.9096375
v  19.175613 0.72176361 -11.573332
v  19.175613 0.54900742 -12.222246
v  15.778267 -1.3454971 -9.9096365
v  15.338642 -1.3454971 -9.4220076
v  19.175613 -1.3454971 -9.9096365
v  3.1105194 1.2842636 -7.3264804
v  2.0092545 1.2995033 -8.8513966
v  2.7998276 1.2842636 -9.4844856
v  4.7477646 1.2842636 -8.9181538
v  4.9046402 1.2842636 -7.2909718
v  11.798187 1.2842598 -7.8286319
v  12.297775 1.4627762 -7.6833858
v  12.297775 1.2842636 -7.6833873
v  4.7477646 1.46278 -8.9181538
v  3.1105194 1.46278 -7.326479
v  4.9046402 1.46278 -7.2909722
v  12.129631 1.4627762 -7.1050396
v  12.129631 1.2842636 -7.105041
v  11.601334 1.2842636 -7.1459761
v  11.601334 1.46278 -7.1459765
v  12.099518 1.4627762 -7.0014629
v  11.566078 1.2842636 -7.0237188
v  11.566078 1.4627762 -7.0237193
v  5.7351303 1.46278 -7.2669892
v  4.9914322 1.46278 -7.5969491
v  5.8265915 1.46278 -7.5934472
v  5.4760895 1.2842636 -9.3054256
v  5.8265915 1.2842636 -7.5934467
v  4.9914322 1.2842636 -7.5969486
v  6.337265 1.46278 -9.4163036
v  6.337265 1.2842636 -9.4163036
v  5.4760895 1.46278 -9.3054256
v  2.0092545 1.4475441 -8.8513966
v  2.0601425 1.2994995 -7.794394
v  2.0601425 1.4475441 -7.794394
v  2.7998276 1.46278 -9.4844856
v  5.7351303 1.2842636 -7.2669888
v  9.419693 1.46278 -7.1132689
v  9.4600983 1.4627762 -7.2558513
v  9.4600983 1.2842636 -7.2558508
v  9.7880096 1.2842636 -8.4130583
v  9.419693 1.2842636 -7.1132689
v  11.566078 1.8733597 -7.0237188
v  9.7880096 1.46278 -8.4130592
v  11.798187 1.46278 -7.8286319
v  12.099518 1.2842636 -7.0014644
v  9.7147675 2.1037369 -7.1009583
v  9.419693 1.8733635 -7.1132684
v  9.4600983 1.8733597 -7.2558503
v  11.601334 1.8733597 -7.1459761
v  9.7544632 2.1037331 -7.2407479
v  11.275002 2.1037331 -7.0358605
v  11.310951 2.1037331 -7.1608758
v  50.76825 -0.66213608 -9.7184811
v  53.231953 1.5258789e-05 -10.100777
v  53.231953 -0.66213608 -9.718483
v  50.76825 0.66216278 -9.7184811
v  53.231953 0.66216278 -9.7184811
v  50.76825 0.66216278 -8.9538975
v  53.231953 0.66216278 -8.9538975
v  50.76825 1.1444092e-05 -8.5716038
v  53.231953 1.1444092e-05 -8.5716038
v  50.76825 -0.66213608 -8.9538994
v  50.76825 -0.47636414 -9.611228
v  53.231953 -0.66213608 -8.9538994
v  53.231953 1.1444092e-05 -9.9592552
v  53.231953 1.5258789e-05 -8.7131252
v  53.231953 -0.53957367 -9.6477194
v  53.231953 0.53960419 -9.6477184
v  53.231953 -0.53957367 -9.0246572
v  53.231953 0.53960419 -9.0246563
v  50.76825 1.5258789e-05 -8.7861156
v  50.76825 1.1444092e-05 -9.8862629
v  50.76825 0.47639084 -9.611227
v  50.76825 -0.47636414 -9.0611525
v  50.76825 1.5258789e-05 -10.100775
v  50.76825 0.47639084 -9.0611515
v  41.819607 0.3300705 -9.0272293
v  41.819607 -0.33004761 -8.3671103
v  41.819607 0.3300705 -8.3671112
v  43.525116 -0.33004761 -9.0272274
v  45.001945 -0.33004761 -8.3671093
v  43.525116 -0.33004761 -8.3671093
v  45.001945 -0.33004761 -9.0272274
v  45.001945 0.3300705 -8.3671103
v  42.435265 0.3300705 -9.0272293
v  42.435257 0.3300705 -7.921638
v  43.525116 0.3300705 -8.3671112
v  41.819607 -0.33004761 -9.0272284
v  42.435265 -0.33004761 -9.0272284
v  45.001945 0.3300705 -9.0272284
v  42.909462 0.3300705 -7.921638
v  42.909462 -0.33004761 -7.9216375
v  42.909462 -0.33004761 -9.0272274
v  42.435265 -0.33004761 -7.9216375
v  42.435265 -0.33004761 -7.7415571
v  43.525116 0.3300705 -9.0272284
v  42.909462 0.3300705 -9.0272293
v  42.909462 -0.33004761 -7.7415571
v  42.435257 0.3300705 -7.7415576
v  42.909462 0.3300705 -7.7415576
v  -0.9648819 1.0195122 -6.0381527
v  2.8190079 1.0195122 -6.0381541
v  -1.7145157 7.6293945e-06 -6.0381541
v  3.7303772 7.6293945e-06 -6.0381536
v  3.7303772 0.49113083 -4.6632953
v  3.7303772 7.6293945e-06 -4.6632948
v  -0.97492218 1.0195122 -5.0235844
v  2.8190079 1.0195122 -4.6857562
v  3.7303772 0.49113464 -6.0381541
v  -1.7252502 3.8146973e-06 -5.0389347
v  -1.7145157 0.47299576 -6.0381536
v  -1.7252502 0.47299576 -5.0389352
v  -0.9648819 -1.0195007 -6.0381541
v  -1.7145157 -0.47298431 -6.0381532
v  3.7303772 -0.49111938 -4.6632943
v  -0.97492218 -1.0195007 -5.0235863
v  2.8190079 -1.0195007 -6.0381536
v  2.8190079 -1.0195007 -4.6857557
v  3.7303772 -0.49111938 -6.0381532
v  -1.7252502 -0.47298431 -5.0389357
v  20.351215 1.2969284 -7.6102624
v  20.33931 1.2969284 -8.1829357
v  20.33931 1.1908646 -8.1829357
v  20.002838 1.2969284 -8.3879528
v  13.528831 1.1908646 -8.2533941
v  20.002838 1.1908646 -8.3879528
v  13.201172 1.1908646 -8.0345678
v  13.22477 1.1908646 -6.899375
v  13.561241 1.2969284 -6.6943493
v  13.561241 1.1908646 -6.6943502
v  20.035244 1.1908646 -6.8289127
v  -0.68904877 1.2969246 -5.5326943
v  -1.6918564 1.171257 -5.4831691
v  -0.68904877 1.171257 -5.5326948
v  -2.7855759 1.171257 -9.7003098
v  -1.7340622 1.2969246 -9.7003078
v  -1.7340622 1.171257 -9.7003098
v  20.82774 1.1712608 -9.700305
v  20.82774 1.2969284 -7.6102624
v  20.82774 1.1712608 -7.6102633
v  -2.7855759 1.2969246 -7.6102662
v  -1.7340622 1.2969246 -7.6102662
v  -2.7855759 1.2969246 -9.7003078
v  -2.7855759 1.171257 -7.6102672
v  20.82774 1.2969284 -6.5953474
v  20.666359 1.2969284 -7.6102624
v  20.67384 1.2969284 -6.5877409
v  20.82774 0.72505188 -9.700305
v  20.82774 0.72505188 -7.6102633
v  -1.7340622 0.72504807 -9.7003088
v  -1.6918564 1.2969246 -5.4831681
v  20.82774 1.1712608 -6.5953465
v  -1.6918564 0.72504807 -5.4831686
v  -0.68904877 0.72504807 -5.5326948
v  -2.7855759 0.39682007 -7.6102662
v  -1.6918564 7.6293945e-06 -5.4831691
v  -1.6918564 0.39682007 -5.4831676
v  -2.7855759 0.39682007 -9.7003078
v  -2.7855759 7.6293945e-06 -7.6102672
v  20.82774 0.72505188 -6.5953465
v  20.67384 0.72505188 -6.5877399
v  20.666367 0.72505188 -9.700305
v  20.827736 1.2969284 -9.700304
v  20.666363 1.1712608 -9.700305
v  20.67384 1.1712608 -6.5877399
v  10.153336 1.0941925 -6.0681677
v  16.873741 1.0941925 -6.4000645
v  20.666367 1.1444092e-05 -8.268877
v  20.666367 0.39682388 -6.7076478
v  20.666367 0.61131668 -8.5325642
v  20.666363 1.2969284 -9.700304
v  13.528831 1.2969284 -8.2533951
v  10.153336 1.0941925 -6.2117071
v  -1.4685898 1.171257 -5.6634502
v  20.666359 1.1712608 -6.7076488
v  -1.4685898 0.72504807 -5.6634517
v  -1.4685898 0.39682007 -5.6634502
v  -1.7340622 0.39682007 -9.7003078
v  16.873741 0.39682388 -6.5287352
v  20.666367 0.72505188 -6.7076488
v  16.873737 0.39682388 -6.4000654
v  20.67384 0.39682388 -6.5877404
v  20.82774 0.61131668 -8.5325642
v  20.82774 0.39682388 -6.5953469
v  20.82774 0.39682388 -7.6102624
v  -2.7855759 0.72504807 -7.6102672
v  -0.68904877 0.39682007 -5.5326939
v  20.82774 1.1444092e-05 -8.268877
v  20.82774 1.1444092e-05 -7.6102619
v  -2.7855759 7.6293945e-06 -9.7003098
v  -1.7340622 7.6293945e-06 -9.7003088
v  -0.68904877 3.8146973e-06 -5.5326953
v  20.82774 1.1444092e-05 -6.5953465
v  20.67384 1.1444092e-05 -6.5877404
v  16.873741 7.6293945e-06 -6.4000654
v  16.873741 7.6293945e-06 -6.5287352
v  20.666367 7.6293945e-06 -6.7076478
v  -1.4685898 7.6293945e-06 -5.6634517
v  -2.7855759 0.72504807 -9.7003098
v  20.362904 1.2969284 -7.0477362
v  20.035244 1.2969284 -6.8289137
v  13.201172 1.2969284 -8.0345688
v  13.209991 1.2969284 -7.6102657
v  10.153336 0.39682388 -6.0681629
v  10.153336 7.6293945e-06 -6.0681629
v  10.153336 0.39682007 -6.2117062
v  10.153343 0.72505188 -6.2117071
v  10.153336 0.72504807 -6.0681643
v  16.873741 1.0941925 -6.5287342
v  20.33931 -1.1908455 -8.1829357
v  20.33931 -1.2969093 -8.1829357
v  20.351215 -1.2969093 -7.6102633
v  13.528831 -1.1908493 -8.2533951
v  20.002838 -1.2969093 -8.3879528
v  20.002838 -1.1908455 -8.3879528
v  20.362907 -1.1908455 -7.0477357
v  20.035244 -1.1908455 -6.8289137
v  13.561241 -1.2969093 -6.6943498
v  13.22477 -1.1908493 -6.8993754
v  13.561241 -1.1908493 -6.6943507
v  -1.6918564 -1.1712456 -5.4831686
v  -0.68904877 -1.2969093 -5.5326939
v  -0.68904877 -1.1712456 -5.5326948
v  -1.7340622 -1.2969131 -9.7003098
v  -2.7855759 -1.1712456 -9.7003088
v  -1.7340622 -1.1712456 -9.7003088
v  20.82774 -1.2969093 -7.6102633
v  20.82774 -1.1712418 -9.700305
v  20.82774 -1.1712418 -7.6102629
v  -2.7855759 -1.2969131 -7.6102657
v  -1.7340622 -1.2969131 -7.6102657
v  -2.7855759 -1.1712456 -7.6102667
v  -2.7855759 -1.2969131 -9.7003078
v  20.82774 -1.2969093 -6.5953479
v  20.666363 -1.2969093 -7.6102633
v  20.82774 -0.72503281 -9.700305
v  20.82774 -0.72503281 -7.6102629
v  -2.7855759 -0.72503662 -9.7003088
v  -1.7340622 -0.72503662 -9.7003098
v  -1.6918564 -1.2969131 -5.4831676
v  20.82774 -1.1712418 -6.5953469
v  -1.6918564 -0.72503662 -5.4831696
v  -0.68904877 -0.72503662 -5.5326958
v  -2.7855759 -0.39680481 -7.6102667
v  -1.6918564 -0.39680862 -5.4831686
v  -2.7855759 -0.39680481 -9.7003078
v  20.82774 -0.72503281 -6.5953474
v  20.67384 -0.72503281 -6.5877409
v  20.666367 -0.72503281 -9.700305
v  20.827736 -1.2969093 -9.700304
v  20.666363 -1.1712418 -9.700305
v  20.67384 -1.1712418 -6.5877404
v  10.153343 -1.0941734 -6.0681634
v  20.035244 -1.2969093 -6.8289142
v  20.67384 -1.2969093 -6.5877414
v  20.666367 -0.39680481 -6.7076473
v  20.666367 -0.61129761 -8.5325661
v  13.528831 -1.2969093 -8.2533932
v  20.666363 -1.2969093 -9.700304
v  10.153343 -1.0941772 -6.2117066
v  16.873741 -1.0941734 -6.5287356
v  20.666363 -1.1712418 -6.7076483
v  -1.4685898 -1.1712456 -5.6634512
v  -1.4685898 -0.72503662 -5.6634517
v  -1.4685898 -0.39680862 -5.6634512
v  -1.7340622 -0.39680862 -9.7003088
v  20.666367 -0.72503662 -6.7076483
v  16.873741 -0.39680481 -6.5287347
v  16.873737 -0.39680481 -6.4000649
v  20.67384 -0.39680481 -6.5877399
v  20.82774 -0.61129761 -8.5325642
v  20.82774 -0.39680481 -6.5953465
v  20.82774 -0.39680481 -7.6102619
v  -2.7855759 -0.72503662 -7.6102672
v  -0.68904877 -0.39680862 -5.5326948
v  20.362907 -1.2969093 -7.0477366
v  13.201172 -1.1908493 -8.0345688
v  13.201172 -1.2969093 -8.0345669
v  13.209991 -1.2969093 -7.6102657
v  10.153343 -0.39680862 -6.0681643
v  10.153343 -0.39680481 -6.2117076
v  10.153343 -0.72503662 -6.2117062
v  10.153343 7.6293945e-06 -6.2117062
v  10.153343 -0.72503662 -6.0681667
v  16.873741 -0.72503281 -6.5287356
v  16.873741 -1.0941734 -6.4000659
v  20.362904 1.1908646 -7.0477352
v  13.224762 1.2969284 -6.899374
v  16.873741 0.72505188 -6.4000649
v  16.873741 0.72505188 -6.5287342
v  13.22477 -1.2969093 -6.899374
v  16.873741 -0.72503281 -6.4000654
v  20.888023 1.2324524 -9.7406607
v  20.888023 1.3810387 -8.9836912
v  20.888023 1.2324524 -8.9836912
v  19.16774 1.3810387 -9.7406607
v  15.034599 1.3810387 -8.9836903
v  19.16774 1.3810387 -8.9836912
v  19.16774 1.2324524 -8.9836912
v  15.034599 1.2324524 -9.7406616
v  19.16774 1.2324524 -9.7406607
v  15.034599 1.2324524 -8.9836903
v  20.888023 1.3810387 -9.7406607
v  19.16774 1.3810387 -10.327888
v  19.16774 7.6293945e-06 -11.053717
v  20.888023 0.92235184 -11.053718
v  20.888023 7.6293945e-06 -11.053719
v  19.16774 0.92235184 -11.053719
v  20.888023 1.3810387 -10.327888
v  20.888023 7.6293945e-06 -10.26293
v  15.034599 1.3810387 -9.7406616
v  19.16774 0.85684586 -9.7406607
v  19.16774 0.85684586 -10.327888
v  20.724831 0.85684586 -9.7406607
v  20.888023 -1.3810196 -8.9836903
v  20.888023 -1.2324333 -9.7406607
v  20.888023 -1.2324333 -8.9836912
v  15.034599 -1.3810234 -8.9836922
v  19.16774 -1.3810196 -10.160769
v  19.16774 -1.3810196 -8.9836912
v  19.16774 -1.2324333 -8.9836912
v  15.034599 -1.2324333 -10.16077
v  19.16774 -1.2324333 -10.160769
v  15.034599 -1.2324333 -8.9836922
v  20.888023 -1.3810196 -9.7406597
v  20.888023 -1.3810196 -10.327887
v  20.888023 -0.92233276 -11.053717
v  19.16774 -0.92233276 -11.053717
v  20.888023 -0.84008789 -9.7406616
v  15.034599 -1.3810196 -10.160769
v  19.16774 -0.85682678 -10.327888
v  19.16774 -1.3810196 -10.327888
v  20.724831 -0.85682678 -9.7406607
v  19.16774 -0.85682678 -9.7406607
v  20.724831 -0.85682678 -10.97053
v  20.724831 -0.85682678 -10.327888
v  20.724831 0.85684586 -10.982772
v  19.16774 0.84658813 -11.053718
v  20.888023 0.77257156 -9.7406607
v  20.888023 0.77154922 -8.9836903
v  20.724831 0.85684586 -10.327888
v  19.16774 -0.84656906 -11.053718
v  20.888023 -0.80918503 -8.9836903
v  11.237679 -0.43855286 -8.1523418
v  11.159225 -0.67770386 -8.0160322
v  11.150864 -0.44092941 -8.1511383
v  11.146332 -0.20549393 -8.0135288
v  11.233139 -0.20311737 -8.01474
v  11.150154 -0.20683289 -7.7408247
v  11.236961 -0.20445633 -7.7420292
v  11.245323 -0.44123077 -7.6069288
v  11.163048 -0.67904282 -7.7433271
v  11.249863 -0.67666626 -7.7445278
v  11.24604 -0.6753273 -8.0172386
v  11.158516 -0.44360733 -7.6057229
v  34.784473 -0.70084763 -9.7408333
v  36.756783 1.1444092e-05 -10.145473
v  36.756783 -0.70084763 -9.7408333
v  34.784473 1.1444092e-05 -10.145473
v  36.756783 0.70087051 -9.7408314
v  34.784473 0.70087051 -9.7408314
v  36.756783 0.70087051 -8.931551
v  34.784473 1.1444092e-05 -8.5269108
v  36.756783 1.1444092e-05 -8.5269127
v  34.784473 -0.54578781 -9.0210752
v  34.784473 -0.54578781 -9.651309
v  36.756783 -0.70084381 -8.9315519
v  36.756783 1.1444092e-05 -9.912796
v  36.756783 1.1444092e-05 -8.7595825
v  36.756783 -0.49934387 -9.6244955
v  36.756783 0.49936676 -9.6244946
v  36.756783 -0.49934387 -9.0478888
v  36.756783 0.49936676 -9.0478878
v  34.784473 0.70087051 -8.931551
v  34.784473 1.1444092e-05 -8.7059536
v  34.784473 1.1444092e-05 -9.9664307
v  34.784473 0.5458107 -9.6513081
v  34.784473 -0.70084763 -8.9315529
v  34.784473 0.5458107 -9.0210752
v  39.3783 -0.18912888 -8.2628975
v  52.87101 1.5258789e-05 -8.3720932
v  52.87101 -0.18912506 -8.2628937
v  39.3783 1.1444092e-05 -8.372097
v  52.87101 0.18915558 -8.2628937
v  39.3783 0.18915176 -8.2628975
v  52.87101 0.18915558 -8.0444946
v  39.3783 0.18915176 -8.0444946
v  52.87101 1.5258789e-05 -7.9352946
v  39.3783 1.1444092e-05 -7.9352946
v  34.390388 -0.18912888 -7.8873434
v  39.3783 -0.18912888 -8.0444946
v  52.87101 -0.18912506 -8.0444946
v  34.390388 0.18915176 -7.8873434
v  34.382172 0.18915176 -8.1055937
v  34.382172 -0.18912888 -8.1055937
v  34.378063 1.1444092e-05 -8.2147131
v  34.394501 1.1444092e-05 -7.778224
v  42.431152 0.38905334 -8.5522823
v  42.340393 -0.38903046 -8.3950758
v  42.431152 -0.38903046 -8.5522833
v  42.340393 0.38905716 -8.3950748
v  42.158859 -0.38903046 -8.3950758
v  42.158859 0.38905716 -8.3950748
v  42.068104 -0.38903046 -8.5522833
v  42.068104 0.38905334 -8.5522823
v  42.158859 -0.38903046 -8.709487
v  42.158859 0.38905334 -8.709486
v  42.340393 -0.38903046 -8.709487
v  42.340393 0.38905334 -8.709486
v  53.349384 0.52322388 -9.0341091
v  53.349384 0.62098312 -9.6947041
v  53.349384 0.52322769 -9.6382618
v  53.349384 1.1444092e-05 -10.053217
v  53.619846 0.62098312 -9.6947002
v  53.619846 1.1444092e-05 -10.053217
v  53.349384 1.1444092e-05 -9.94034
v  53.349384 -0.62095642 -9.6947041
v  53.349384 -0.52319717 -9.6382618
v  53.349384 -0.62095642 -8.9776669
v  53.349384 -0.52320099 -9.0341091
v  53.349384 1.1444092e-05 -8.7320271
v  53.349384 0.62098312 -8.9776669
v  53.349384 1.1444092e-05 -8.6191502
v  53.619846 -0.62095642 -9.6947002
v  53.619846 1.1444092e-05 -10.009287
v  53.619846 -0.58291245 -9.6727371
v  53.619846 -0.62095642 -8.9776669
v  53.619846 1.1444092e-05 -8.6191502
v  53.619846 0.62098312 -8.9776669
v  53.619846 -0.58291245 -8.9996338
v  53.916065 1.5258789e-05 -8.6630764
v  53.619846 1.5258789e-05 -8.6630764
v  53.619846 0.58293915 -8.9996319
v  53.619846 0.58293915 -9.6727352
v  53.916065 -0.58291245 -9.6727371
v  53.916065 -0.5398407 -9.0244999
v  53.916065 -0.58291245 -8.9996338
v  53.916065 0.58293915 -9.6727352
v  53.916065 1.1444092e-05 -10.009287
v  53.916065 0.58293915 -8.9996319
v  54.160774 1.1444092e-05 -8.7128162
v  53.916065 1.1444092e-05 -8.7128162
v  53.916065 0.5398674 -9.0244999
v  53.916065 1.5258789e-05 -9.9595547
v  53.916065 0.5398674 -9.647871
v  53.916065 -0.5398407 -9.6478729
v  54.160778 -0.5398407 -9.647871
v  54.160774 -0.59495544 -8.9926834
v  54.160774 -0.5398407 -9.0245018
v  54.160774 0.5398674 -9.647871
v  54.160774 0.5398674 -9.0244999
v  54.160778 1.5258789e-05 -9.9595547
v  54.160774 1.1444092e-05 -8.6491795
v  54.457001 -0.59495163 -8.9926825
v  54.457001 1.1444092e-05 -8.6491795
v  54.160774 0.59497833 -8.9926815
v  54.160774 0.59498215 -9.6796894
v  54.160778 1.1444092e-05 -10.023195
v  54.160778 -0.59495163 -9.6796913
v  54.457001 -0.59495163 -9.6796913
v  54.457001 -0.45892334 -9.0712194
v  54.457001 0.59498215 -9.6796894
v  54.457001 1.1444092e-05 -10.023195
v  54.457001 0.59497833 -8.9926815
v  53.260406 1.1444092e-05 -8.8062534
v  54.457001 1.1444092e-05 -8.8062458
v  54.457001 0.45895004 -9.0712194
v  54.457001 1.5258789e-05 -9.8661175
v  54.457001 0.45895004 -9.6011534
v  54.457001 -0.45892334 -9.6011534
v  53.260406 0.45895004 -9.0712194
v  53.260406 1.5258789e-05 -9.045805
v  53.260406 0.25149155 -9.1909981
v  53.260406 0.45895004 -9.6011534
v  53.260406 -0.45892334 -9.6011534
v  53.260406 -0.45892334 -9.0712194
v  53.260406 1.5258789e-05 -9.8661175
v  53.260406 1.1444092e-05 -9.6265659
v  53.260406 0.25148773 -9.4813766
v  53.260406 -0.25146484 -9.4813747
v  53.260406 -0.25146103 -9.1909962
v  26.284943 -0.58419418 -9.6734848
v  50.490208 1.5258789e-05 -10.010773
v  50.490208 -0.58419037 -9.6734791
v  26.284943 1.1444092e-05 -10.010772
v  50.490208 0.58421707 -9.67348
v  26.284943 0.58421326 -9.6734829
v  50.490208 0.58421707 -8.9989004
v  26.284943 0.58421326 -8.9988995
v  50.490208 1.1444092e-05 -8.6616096
v  24.650517 0.92365265 -8.8029251
v  26.284943 1.1444092e-05 -8.6616087
v  50.490208 -0.58419037 -8.9988995
v  50.490208 1.1444092e-05 -8.7320366
v  50.490208 0.52322769 -9.0341101
v  50.490208 1.5258789e-05 -9.9403458
v  50.490208 -0.52319717 -9.6382618
v  50.490208 0.52322769 -9.6382627
v  50.490208 -0.52320099 -9.0341091
v  26.214092 0.25148392 -9.4813709
v  26.214092 3.8146973e-06 -9.6265631
v  24.619141 0.58761215 -9.6754398
v  24.619141 3.8146973e-06 -10.014698
v  26.214092 -0.25147247 -9.4813719
v  26.214092 -0.25147247 -9.1909933
v  26.214092 0.2514801 -9.1909924
v  26.214092 3.8146973e-06 -9.0458021
v  24.650517 -0.92363358 -9.8694601
v  19.421494 7.6293945e-06 -10.402723
v  24.650517 7.6293945e-06 -10.402725
v  24.650517 -0.92363358 -8.8029242
v  24.650517 7.6293945e-06 -8.2696609
v  24.650517 0.92365265 -9.8694611
v  26.284943 -0.58419418 -8.9989014
v  19.421494 0.92365265 -9.8694592
v  19.421883 3.8146973e-06 -10.014697
v  19.421883 0.58761215 -9.6754398
v  19.421494 -0.92363739 -9.8694611
v  19.421494 7.6293945e-06 -8.269659
v  19.421494 -0.92363739 -8.8029251
v  19.421494 0.92365265 -8.8029232
v  24.619141 -0.58760071 -9.6754408
v  19.421883 -0.58760071 -8.9969311
v  24.619141 -0.58760071 -8.996932
v  24.619141 3.8146973e-06 -8.657671
v  24.619141 0.58761215 -8.9969273
v  19.421883 0.58761215 -8.996933
v  19.421883 3.8146973e-06 -8.6576796
v  19.421883 -0.58760452 -9.6754398
v  16.15126 0.44309998 2.4932833
v  16.408424 0.71669769 4.2683806
v  16.408424 0.44309998 4.2683806
v  10.79789 0.94229507 2.7079749
v  10.815414 0.94229698 4.9272323
v  10.96154 0.94229698 4.9155326
v  10.640175 0.94229507 2.7140403
v  10.746368 0.78880501 1.2220645
v  10.640175 0.58257675 2.7140398
v  12.49398 0.94229889 9.2733955
v  14.794273 0.94229889 13.259706
v  14.90979 0.94229889 13.177328
v  17.348465 0.44310188 7.1125422
v  12.346741 0.94229889 9.3105202
v  18.898434 0.71669579 9.7815247
v  20.953873 0.44309807 11.903306
v  18.898434 0.44309998 9.7815266
v  17.348465 0.71669769 7.1125422
v  17.521156 0.9423008 16.077332
v  17.612938 0.9423008 15.970353
v  23.298008 0.44309998 13.595563
v  23.242599 0.71669769 13.677286
v  23.242599 0.44310188 13.677285
v  19.808323 0.94229317 17.730118
v  20.354015 0.94229698 17.951096
v  19.888031 0.94229317 17.614365
v  22.899506 0.71669579 13.307878
v  22.899506 0.44310188 13.307886
v  10.89743 0.94229507 1.2267528
v  10.89743 0.78880501 1.2267547
v  16.051895 0.71669769 2.4972925
v  16.069191 0.71669579 1.3055167
v  15.973091 0.71669579 1.3042426
v  14.634483 0.94229317 2.5544372
v  11.826088 0.94229507 1.249402
v  11.763969 0.94229507 2.6701579
v  14.602257 0.7888031 1.2861147
v  14.992844 0.71669769 1.2912803
v  14.992844 0.59995461 1.2912803
v  22.035156 0.94229126 14.541749
v  22.677391 0.7166996 14.510781
v  22.265301 0.71669769 14.213221
v  22.452183 0.58257484 14.842896
v  20.851456 0.94229317 17.20347
v  20.851456 0.58257675 17.203472
v  17.765869 0.94229507 10.765424
v  20.253311 0.7166996 12.76043
v  18.067425 0.71669769 10.503454
v  15.263092 0.71669769 4.4095778
v  15.978241 0.94229507 7.7574663
v  16.343079 0.71669769 7.5857477
v  15.038338 0.71669769 2.5381556
v  14.847473 0.94229317 4.4608164
v  16.306164 0.71669769 4.2809877
v  18.824238 0.71669769 9.8459864
v  17.258698 0.71669769 7.1547899
v  20.891323 0.7166996 11.979837
v  22.842884 0.71669769 13.388716
v  15.973091 0.59995461 1.304244
v  14.602257 0.94229126 1.2861147
v  22.452187 0.94229507 14.842893
v  16.069191 7.6293945e-06 1.3055167
v  16.069191 0.59995461 1.3055162
v  14.794273 0.58257866 13.259706
v  12.097237 0.58258247 9.4838648
v  14.544769 0.58258057 13.433043
v  12.346741 0.58258247 9.3105249
v  10.434891 0.58257866 5.017312
v  10.815414 0.58257866 4.9272323
v  10.185951 0.58257675 2.8464289
v  10.640175 1.335144e-05 2.7140403
v  20.276775 0.58257675 18.068647
v  20.027275 1.5258789e-05 18.241982
v  20.276775 1.1444092e-05 18.068647
v  20.65176 0.58257675 17.497967
v  20.354015 0.58257675 17.951099
v  11.405861 0.94229507 2.684598
v  11.479744 0.78880501 1.2448244
v  11.826088 0.78880501 1.249402
v  20.195312 0.94229317 17.168167
v  20.399384 0.94229698 16.876856
v  17.966755 0.94229317 15.55797
v  15.355095 0.88765335 12.859761
v  15.355095 0.94229507 12.859761
v  20.195312 0.88764763 17.168167
v  17.966755 0.88764763 15.557969
v  11.524826 0.94229507 4.8704348
v  11.405861 0.88764954 2.6845984
v  11.893364 0.88764954 4.825006
v  11.893364 0.94229507 4.825006
v  13.385094 0.94229507 8.9779987
v  15.62249 0.94229317 12.627466
v  19.999092 0.94229698 13.071459
v  20.65176 0.94229317 17.497963
v  11.479744 0.94229507 1.2448244
v  17.271656 0.58258057 16.250669
v  17.521156 0.58258057 16.077333
v  20.953873 0.71669579 11.903306
v  18.192173 0.88765144 15.282174
v  15.62249 0.88764954 12.627466
v  13.061584 0.88764954 9.1302662
v  13.385094 0.88764954 8.9779987
v  11.524826 0.88764954 4.8704352
v  20.399384 0.88765144 16.876854
v  11.763969 0.88764954 2.6701579
v  18.192173 0.94229698 15.282174
v  13.061584 0.94229889 9.1302652
v  22.899506 7.6293945e-06 13.307886
v  20.953873 1.1444092e-05 11.903307
v  20.851456 1.1444092e-05 17.203472
v  20.65176 1.1444092e-05 17.497969
v  10.941849 0.78880692 4.6392183
v  15.253433 0.59995651 4.3624849
v  20.354015 1.1444092e-05 17.951101
v  19.808323 0.58257675 17.73012
v  20.276779 0.94229317 18.068642
v  16.15126 0.71669769 2.4932833
v  22.452183 1.1444092e-05 14.842893
v  22.677391 0.44309998 14.510777
v  15.973091 7.6293945e-06 1.3042426
v  16.285202 0.59995651 4.2937708
v  14.842316 0.78880501 4.3898635
v  10.746368 1.1444092e-05 1.2220645
v  10.89743 1.1444092e-05 1.2267528
v  23.298008 7.6293945e-06 13.595564
v  23.242596 7.6293945e-06 13.677282
v  18.898434 1.1444092e-05 9.7815256
v  17.348465 9.5367432e-06 7.1125402
v  16.408424 9.5367432e-06 4.2683783
v  16.15126 7.6293945e-06 2.4932833
v  14.544769 1.335144e-05 13.433038
v  19.558819 1.5258789e-05 17.903454
v  20.027275 0.58257675 18.241983
v  19.558823 0.58257675 17.903456
v  12.097237 1.5258789e-05 9.483861
v  10.434891 1.5258789e-05 5.017312
v  17.271656 1.5258789e-05 16.250666
v  22.677391 1.1444092e-05 14.510778
v  23.298012 0.7166996 13.595568
v  11.920227 0.78880692 4.5844626
v  11.555679 0.78880692 4.6087389
v  10.746368 0.94229507 1.2220626
v  10.941849 1.335144e-05 4.6392188
v  16.408424 -0.71667862 4.2683802
v  16.15126 -0.44308281 2.4932907
v  16.408424 -0.4430809 4.2683787
v  10.815414 -0.94226837 4.9272318
v  10.79789 -0.94227028 2.7079749
v  10.96154 -0.94226837 4.9155326
v  10.746368 -0.78878212 1.222064
v  10.640175 -0.94227028 2.7140396
v  10.640175 -0.58255196 2.7140403
v  12.49398 -0.94226837 9.2733974
v  14.794273 -0.94226837 13.259706
v  12.346741 -0.94226837 9.3105211
v  17.348465 -0.4430809 7.1125402
v  20.953873 -0.4430809 11.903306
v  18.898434 -0.71668053 9.7815256
v  18.898434 -0.4430809 9.7815266
v  17.348465 -0.71667671 7.1125402
v  14.90979 -0.94226837 13.177327
v  17.521156 -0.94226646 16.077332
v  23.242596 -0.71667862 13.677282
v  23.298008 -0.44307899 13.595567
v  23.242596 -0.4430809 13.677281
v  20.354015 -0.94227028 17.951096
v  19.808319 -0.94227028 17.73012
v  19.888031 -0.94226646 17.614372
v  22.899506 -0.71667862 13.307885
v  22.899506 -0.4430809 13.307885
v  10.89743 -0.94227028 1.226752
v  10.89743 -0.78878212 1.226754
v  16.051891 -0.71667862 2.497293
v  16.069191 -0.71668053 1.3055143
v  16.15126 -0.71667862 2.4932895
v  11.826088 -0.94227219 1.249402
v  14.634476 -0.94227219 2.5544372
v  11.763969 -0.94227028 2.6701572
v  14.992844 -0.71667862 1.2912834
v  14.602257 -0.78878403 1.2861183
v  14.992844 -0.59993744 1.291286
v  22.677391 -0.71667671 14.510781
v  22.035156 -0.94227219 14.541749
v  22.265297 -0.71667862 14.21322
v  20.851456 -0.94227028 17.203468
v  22.452183 -0.58255196 14.842897
v  20.851456 -0.58254814 17.203478
v  20.253311 -0.71667671 12.760431
v  17.765869 -0.94227028 10.765429
v  18.067425 -0.71667862 10.503453
v  15.263088 -0.71667671 4.4095774
v  15.978241 -0.94227028 7.7574682
v  14.847466 -0.94227219 4.4608164
v  16.343079 -0.71667671 7.5857477
v  15.038338 -0.71667862 2.538156
v  16.306164 -0.71667862 4.2809858
v  18.824238 -0.71667862 9.8459864
v  17.258698 -0.71667862 7.1547899
v  20.891323 -0.71667671 11.979837
v  22.84288 -0.71667862 13.388715
v  15.973091 -0.71667862 1.3042421
v  15.973091 -0.59993744 1.3042419
v  22.677391 -0.44307899 14.510781
v  14.794273 -0.58255005 13.259706
v  12.097237 -0.58254814 9.4838648
v  12.346741 -0.58254814 9.310524
v  10.434891 -0.58255005 5.017312
v  10.815414 -0.58255005 4.9272304
v  10.185951 -0.58255196 2.8464308
v  20.276775 -0.58254814 18.068649
v  20.65176 -0.58255196 17.497963
v  20.354015 -0.58255196 17.951096
v  11.405861 -0.94227028 2.684598
v  11.479744 -0.78878212 1.2448246
v  11.826088 -0.78878212 1.2494018
v  20.195309 -0.94227028 17.168167
v  20.39938 -0.94226646 16.876854
v  15.355091 -0.88762474 12.859758
v  17.966751 -0.94227028 15.55797
v  15.355091 -0.94226837 12.859762
v  17.966751 -0.88762474 15.55797
v  11.405861 -0.88762474 2.6845982
v  11.524826 -0.94226837 4.8704309
v  11.893364 -0.88762283 4.8250017
v  11.893364 -0.94227028 4.8250017
v  13.385094 -0.94227028 8.9779978
v  19.999092 -0.94227028 13.071459
v  15.62249 -0.94227028 12.627465
v  22.452183 -0.94227219 14.842893
v  14.602257 -0.94227409 1.2861183
v  20.65176 -0.94227028 17.497963
v  11.479744 -0.94227028 1.2448246
v  18.192173 -0.94227028 15.282175
v  20.195309 -0.88762474 17.168167
v  17.271656 -0.58255196 16.250664
v  17.521156 -0.58254814 16.077333
v  20.953873 -0.71668053 11.903307
v  17.612938 -0.94226646 15.970354
v  18.192173 -0.88762283 15.282179
v  15.62249 -0.88762474 12.627466
v  13.061584 -0.88762283 9.1302681
v  11.524826 -0.88762283 4.8704309
v  13.385094 -0.88762474 8.9779978
v  11.763969 -0.88762474 2.6701574
v  20.39938 -0.88762093 16.876854
v  13.061584 -0.94227028 9.1302643
v  10.941849 -0.78878021 4.6392188
v  15.253429 -0.59993553 4.3624868
v  20.276775 -0.94227028 18.068642
v  19.808323 -0.58255196 17.730118
v  16.069191 -0.59993744 1.305516
v  16.285198 9.5367432e-06 4.2937708
v  14.842316 -0.78878212 4.389863
v  14.544769 -0.58255005 13.433042
v  20.027275 -0.58254814 18.241982
v  19.558819 -0.58254814 17.90346
v  23.298008 -0.71667862 13.595564
v  11.920227 -0.78878021 4.5844626
v  10.746368 -0.94227028 1.2220619
v  10.185951 1.335144e-05 2.8464289
v  11.555679 -0.78878021 4.6087389
v  16.285198 -0.59993744 4.2937708
v  22.266266 1.0126076 14.761987
v  20.386425 1.0126114 18.083218
v  22.505215 1.0126095 14.903703
v  22.785835 -0.76254654 14.482594
v  22.54689 0.76255989 14.340875
v  22.785839 0.76256371 14.482598
v  20.147476 1.0126114 17.941498
v  20.147476 -1.0125904 17.941498
v  20.386425 -1.0125866 18.083221
v  22.266266 -1.0125942 14.76198
v  22.505215 -1.0125923 14.903704
v  22.54689 -0.76254654 14.340875
v  19.946499 0.65068817 18.24309
v  20.185444 -0.65066528 18.384808
v  20.185448 0.65068817 18.384808
v  19.946499 -0.65066528 18.243088
v  14.842147 0.32460737 -2.0129762
v  15.364245 0.020503998 -1.8314972
v  14.836916 0.017516613 -1.8337116
v  15.718848 0.074576378 -1.5346589
v  15.368714 0.022001266 -1.4943476
v  14.856805 0.63485575 -1.4810653
v  15.378632 0.60433912 -1.8342834
v  14.85209 0.63327599 -1.8366485
v  14.851575 0.32776642 -1.3018003
v  15.378142 0.31466913 -1.3271661
v  14.841632 0.019096375 -1.4781294
v  15.369204 0.31167269 -2.0014677
v  15.383103 0.60583639 -1.4971323
v  15.715319 0.073391914 -1.8009515
v  16.060419 0.29551411 -1.8179846
v  16.058294 0.17062044 -1.7450843
v  15.719237 0.30336332 -1.9351926
v  15.726296 0.30572796 -1.402617
v  15.730212 0.53569889 -1.5368633
v  15.726684 0.53451681 -1.8031487
v  16.064465 0.42104912 -1.7462778
v  16.283747 0.29041862 -1.7322841
v  16.064257 0.29679823 -1.5287523
v  16.060211 0.17126274 -1.6004648
v  16.066383 0.42169142 -1.6016593
v  16.286053 0.33927393 -1.6485271
v  16.282921 0.24206161 -1.7040553
v  16.285313 0.3390255 -1.7045197
v  16.285231 0.29091644 -1.6202984
v  16.283665 0.24230957 -1.6480627
v  14.078346 -0.067181587 -1.4067678
v  11.822157 0.40347099 -1.0817995
v  11.807174 -0.061570644 -1.3474512
v  14.091695 0.34712076 -1.1701021
v  11.830036 0.86613226 -1.3518734
v  14.092389 0.75718117 -1.8879824
v  11.822934 0.86375523 -1.887599
v  14.07904 0.34287977 -2.124651
v  11.80795 0.39871168 -2.1532516
v  14.098715 0.75930119 -1.4107075
v  14.34744 0.34047651 -1.2416272
v  14.353456 0.69380569 -1.447875
v  14.07202 -0.069302082 -1.8840418
v  11.800072 -0.063949585 -1.8831778
v  11.73247 0.026052475 -1.3964982
v  11.726681 0.024115086 -1.8329411
v  14.335997 -0.014667034 -1.444499
v  14.784642 -0.027703285 -1.8595953
v  14.790067 -0.025886536 -1.4504704
v  14.336591 0.33684111 -2.0598783
v  14.330572 -0.016485691 -1.8536248
v  14.348031 0.69198847 -1.8570046
v  14.841931 0.32453537 -2.0292306
v  14.836463 0.0034041405 -1.8417759
v  14.790661 0.32562542 -2.0658479
v  14.801509 0.32925749 -1.2475939
v  14.807525 0.68258619 -1.4538465
v  14.802101 0.68076944 -1.8629718
v  14.841393 0.0050568581 -1.4699335
v  14.852331 0.6473155 -1.8448439
v  14.851792 0.32783651 -1.2855463
v  14.857261 0.64896774 -1.473001
v  11.744674 0.40491009 -1.1800833
v  11.655887 0.78418493 -1.3988543
v  11.649468 0.40726471 -1.1788259
v  11.733104 0.40103531 -2.0529695
v  11.745308 0.7798934 -1.8365483
v  11.751096 0.7818327 -1.400104
v  11.635767 -0.059278488 -1.3440657
v  11.637261 0.028404713 -1.3952475
v  11.637895 0.40338755 -2.0517178
v  11.631475 0.026467323 -1.8316913
v  11.650102 0.78224564 -1.8352966
v  11.628636 -0.061668396 -1.8820367
v  11.515954 0.40591574 -2.1516614
v  11.63655 0.40293503 -2.1532469
v  11.651593 0.86992931 -1.8864808
v  11.658727 0.8723197 -1.3485041
v  11.650813 0.40771532 -1.0772982
v  11.538131 0.87529993 -1.3469172
v  11.527557 0.67082024 -1.7669282
v  11.531587 0.67216778 -1.4629583
v  11.530218 0.41069412 -1.0757127
v  11.515174 -0.056298256 -1.3424788
v  11.50804 -0.058688641 -1.8804555
v  11.531 0.87290955 -1.8848939
v  11.611275 0.40757608 -1.310822
v  11.527117 0.40965366 -1.3097138
v  11.518615 0.14579105 -1.4604445
v  11.514586 0.1444397 -1.7644172
v  11.519055 0.40695381 -1.9176607
v  11.602774 0.14371014 -1.4615507
v  11.610881 0.407444 -1.3406739
v  11.603213 0.16949224 -1.4766016
v  11.598743 0.14236164 -1.7655253
v  11.603215 0.40487671 -1.9187651
v  11.611714 0.66874123 -1.768033
v  11.615746 0.67009068 -1.4640608
v  11.599579 0.16827679 -1.7507191
v  11.603611 0.40500927 -1.8889065
v  11.611278 0.64295721 -1.7529826
v  11.614909 0.6441741 -1.4788675
vn -1.1411829e-06 -9.5057953e-07 1
vn -2.1763433e-06 -1.8128445e-06 1
vn 0 0 1
vn 1 3.9052668e-07 0
vn 1 0 0
vn 1 1.5511724e-06 0
vn 0 -5.624151e-07 -1
vn 0 2.8421422e-07 -1
vn 0 -4.2030791e-07 -1
vn 0 1 0
vn -1.4681553e-06 0.86294651 0.50529534
vn -1.4681551e-06 0.86294651 0.50529528
vn -1.4681553e-06 0.86294657 0.50529528
vn -1 8.7669542e-07 0
vn -1 -1.9526307e-07 0
vn -1 -4.8750405e-07 0
vn 0 -1.6812319e-06 -1
vn 0 -1 0
vn 0 -0.86294651 0.50529528
vn 0 -0.86294651 0.50529534
vn -1 0 0
vn -1 -1.753391e-06 0
vn -4.4587091e-06 -3.7140035e-06 1
vn 1 -7.0642923e-06 0
vn 1 6.4155603e-07 0
vn 0 0 -1
vn 0 0.86294949 0.50529033
vn 0 0.86294949 0.50529021
vn 0 -1.6812317e-06 -1
vn 0 -0.862948 0.50529289
vn 0 -0.86294794 0.50529283
vn 0 -0.86294794 0.50529289
vn 0.49999964 8.6577256e-07 -0.86602569
vn 0.49999502 3.5308983e-07 -0.86602831
vn 0.49999449 2.9678799e-07 -0.86602861
vn 1 3.1704591e-08 0
vn 1 3.2039964e-07 0
vn 1 3.5210385e-07 0
vn 0.499989 -5.6996902e-07 0.86603177
vn 0.49998909 -5.6996902e-07 0.86603183
vn 0.49998903 -5.6996902e-07 0.86603177
vn -0.50000012 -1.876582e-06 0.86602545
vn -0.50000006 -2.171927e-06 0.86602533
vn -0.50000012 -2.2043612e-06 0.86602539
vn -1 1.6605171e-07 0
vn -1 1.6780868e-06 0
vn -0.50000006 2.4146473e-07 -0.86602539
vn -0.50000006 2.4146473e-07 -0.86602545
vn -0.50000012 2.414647e-07 -0.86602539
vn 0.50000012 9.2207398e-07 -0.86602533
vn 0.50000012 -1.844148e-06 0.86602545
vn 0.50000012 -1.8441478e-06 0.86602533
vn 0.50000012 -1.844148e-06 0.86602539
vn -0.50000006 -1.8441477e-06 0.86602539
vn -1 1.8441339e-06 0
vn -0.49999455 9.2207722e-07 -0.86602855
vn -0.49999458 9.2207728e-07 -0.86602849
vn -0.49999455 9.2207728e-07 -0.86602855
vn 0.50000066 -3.4783494e-07 -0.86602515
vn 0.50001878 2.0907798e-06 -0.8660146
vn 0.50001997 2.2603892e-06 -0.86601382
vn 1 -4.655083e-09 0
vn 1 -7.158517e-08 0
vn 1 -7.6240475e-08 0
vn 0.5000115 -3.4031004e-07 0.86601883
vn 0.50000733 -2.7338055e-07 0.86602128
vn 0.50000703 -2.6872542e-07 0.86602128
vn -0.49999821 -4.9621252e-07 0.86602646
vn -0.49999499 -1.9111056e-07 0.86602831
vn -0.49999478 -1.6988889e-07 0.86602837
vn -1 3.2390233e-07 0
vn -1 2.1062901e-08 0
vn -1 3.4496625e-07 0
vn -0.49998781 2.0885934e-06 -0.86603248
vn -0.50000602 -1.2028163e-07 -0.86602205
vn -0.50000727 -2.7391701e-07 -0.86602128
vn -1.7281591e-11 -1 -4.8302886e-06
vn 2.5622759e-05 -1 -1.4490895e-05
vn 3.6603983e-06 -1 -2.07013e-06
vn 0.49999934 -5.1745201e-07 -0.86602581
vn 0.5000118 -3.4496514e-07 0.86601871
vn -0.49999845 -5.1743393e-07 0.86602628
vn -0.4999865 2.2422344e-06 -0.8660332
vn -3.6603922e-06 -1 -2.0701266e-06
vn -2.5623925e-05 -1 -1.4491554e-05
vn 0 -0.49999657 -0.86602741
vn 0 -0.49999657 -0.86602736
vn 0 -0.4999966 -0.86602747
vn 0 0.49999899 -0.86602604
vn 0 0.49999899 -0.86602598
vn 0 1 3.5379305e-06
vn 0 1 3.5379301e-06
vn 0 1 3.5379362e-06
vn -4.7172457e-06 0.50000292 0.86602372
vn -4.7172462e-06 0.50000298 0.86602378
vn -4.7172457e-06 0.50000292 0.86602378
vn -1 1.285745e-07 0
vn -3.7190978e-07 -0.5 0.86602545
vn -4.1429325e-07 -0.49999988 0.86602551
vn 0 -0.50000089 0.86602491
vn 0 -1 -3.6309079e-06
vn 0 -1 -3.6415045e-06
vn 0 -1 -3.7344885e-06
vn 1 -6.0490623e-07 0
vn 1 -7.2515439e-07 0
vn 5.1706144e-07 -1 3.4623775e-07
vn 3.3094381e-08 -1 5.4094603e-06
vn 5.5015653e-07 -1 0
vn -1 -5.2352179e-06 0
vn -1 -5.2352189e-06 0
vn -1 -5.2352184e-06 0
vn -1 9.0915898e-07 0
vn -1 4.7145812e-07 0
vn -1 -4.2050842e-06 0
vn -1 -8.410093e-06 0
vn -1 -4.2050497e-06 0
vn -1 2.1025278e-06 0
vn -1 -9.3464377e-07 0
vn -1 -2.3439848e-06 0
vn -1 5.7035214e-07 0
vn -7.9942424e-07 0.49999925 0.86602592
vn -2.470702e-07 0.49999619 0.86602771
vn -8.3719499e-07 0.4999994 0.86602575
vn 1.9670863e-07 0.49999908 -0.86602598
vn 1.2590402e-08 0.4999966 -0.86602736
vn 2.0929876e-07 0.49999925 -0.86602587
vn -1.9670841e-07 -0.5000003 0.86602533
vn -1.2590542e-08 -0.49999979 0.86602557
vn -2.0929862e-07 -0.50000036 0.86602521
vn -5.5015744e-07 1 0
vn -5.5015738e-07 1 0
vn 5.0362235e-08 -0.49999684 -0.86602736
vn 7.8683286e-07 -0.49999082 -0.86603081
vn 0 -0.49999723 -0.866027
vn 1 -1.0438303e-06 0
vn 1 -2.0568821e-06 0
vn 1 -2.308622e-06 0
vn 1 -7.6951892e-07 0
vn 1 -3.8545824e-07 0
vn 1 -1.1333767e-06 0
vn 0 -0.49999872 -0.86602622
vn 0 -0.49999869 -0.86602616
vn 0 -0.49999875 -0.86602622
vn 0 -0.49999374 0.86602914
vn 0 -0.49999371 0.86602914
vn 0 -0.49999365 0.86602902
vn 0 0.49999878 -0.86602622
vn 0 0.49999869 -0.86602616
vn 0 0.49999881 -0.86602622
vn 0 0.49999836 0.86602646
vn 0 0.4999983 0.86602634
vn 0 -0.49998787 -0.86603248
vn 0 -0.49998784 -0.86603242
vn 0 -0.49998793 -0.86603248
vn 1 -5.3145268e-06 0
vn 1 -5.3145277e-06 0
vn 1 -1.3743816e-05 0
vn 1 -1.3743816e-05 0
vn 1 1.3743817e-05 0
vn 1 1.3743816e-05 0
vn 1 -2.6572777e-06 0
vn 1 -2.6572779e-06 0
vn 5.9468465e-07 -0.49997935 0.86603731
vn -6.7028182e-08 -0.49999771 0.8660267
vn -7.7623959e-08 -0.49999803 0.86602658
vn 3.0262723e-07 0.499998 -0.86602658
vn 3.0262726e-07 0.499998 -0.86602664
vn 3.0262726e-07 0.49999803 -0.86602658
vn -5.9117559e-07 0.4999781 0.86603802
vn 2.8854703e-07 0.50000942 0.86601996
vn 3.0263448e-07 0.50000995 0.86601967
vn 9.2354874e-12 1 2.753919e-05
vn 9.2354856e-12 1 2.7539183e-05
vn 9.2354874e-12 1 2.7539189e-05
vn 6.289637e-06 -0.50000256 -0.86602402
vn 6.289637e-06 -0.5000025 -0.86602402
vn 6.2896365e-06 -0.5000025 -0.86602396
vn 6.289632e-06 0.50000376 -0.86602336
vn 6.2896315e-06 0.5000037 -0.8660233
vn 6.2896324e-06 0.50000376 -0.86602336
vn 0 1 3.5379253e-06
vn 0 0.49999774 0.8660267
vn 0 0.49999782 0.86602676
vn -7.8620639e-07 -0.49999896 0.86602598
vn 0 -1 -3.5379253e-06
vn 0 -1 5.7556908e-06
vn -1 1.3088046e-06 0
vn -1 1.3088045e-06 0
vn -1 -1.1076182e-06 0
vn -1 1.9796939e-06 0
vn -1 -1.4424694e-06 0
vn -2.0929922e-07 0.49999595 0.86602777
vn 0 0.49999642 -0.86602741
vn 0 -0.4999997 0.86602557
vn -5.5015732e-07 1 0
vn 8.3719453e-07 -0.4999904 -0.86603105
vn 1 2.2667514e-06 0
vn 0 -0.50000149 -0.86602455
vn 0 -0.50000155 -0.86602461
vn 0 -0.50000155 -0.86602455
vn 0 0.50000149 -0.86602455
vn 0 0.50000155 -0.86602461
vn 0 0.50000155 -0.86602455
vn 3.0263141e-07 -0.49997735 -0.86603856
vn 3.0263138e-07 -0.49997732 -0.8660385
vn 3.0263141e-07 -0.49997735 -0.8660385
vn 1 2.6572918e-06 0
vn 1 -5.3145695e-06 0
vn 1 -5.3145691e-06 0
vn 1 1.3744193e-05 0
vn 1 1.3744194e-05 0
vn 6.052814e-07 -0.49997911 0.86603749
vn -3.0263143e-07 0.49997741 -0.86603856
vn -3.0263141e-07 0.49997735 -0.8660385
vn -6.052627e-07 0.49997756 0.86603838
vn 9.2354848e-12 1 2.7539181e-05
vn -1 -2.7565918e-06 0
vn -1 -2.7832311e-06 0
vn -1 -2.7832393e-06 0
vn -8.1407512e-07 1 -3.3422047e-08
vn -9.2837945e-07 1 -5.3943614e-07
vn -9.1651799e-07 1 -5.604744e-07
vn -8.8235242e-07 1 0
vn 1 2.7273511e-06 0
vn 1 2.8532245e-06 0
vn 1 2.7222443e-06 0
vn -1 -2.843384e-06 0
vn -1 -2.8133813e-06 0
vn 2.1375975e-07 2.4212972e-13 -1
vn 1.2694524e-07 4.0771469e-13 -1
vn 0 6.4984265e-13 -1
vn -6.4783444e-07 0 1
vn 0.70709729 1.8332188e-06 0.70711625
vn 0.70710635 1.627469e-07 0.70710719
vn 0.70710731 0 0.70710635
vn -2.8358485e-07 0 1
vn -3.9449321e-07 0 1
vn 1 2.8583315e-06 0
vn -1 -2.7108904e-06 0
vn 3.4070587e-07 0 -1
vn 0.7070964 1.9959589e-06 0.7071172
vn -0.50000519 0 -0.86602235
vn -0.50000519 0 -0.86602241
vn -0.49999544 0 0.86602807
vn -0.4999955 0 0.86602801
vn 0.49999613 0 0.86602777
vn 0.4999961 0 0.86602771
vn 0.50001097 0 -0.86601907
vn 0.50001067 0 -0.86601925
vn 0.50000995 0 -0.86601979
vn 0.49999654 -2.7025026e-06 -0.86602741
vn 0.49999654 -2.702503e-06 -0.86602747
vn 1 7.1838904e-06 0
vn 1 7.9493429e-06 0
vn 1 8.9493251e-06 0
vn 0.50000358 2.9739083e-06 0.86602342
vn 0.50000459 2.8835075e-06 0.86602288
vn 0.50000584 2.7654119e-06 0.86602205
vn -0.50000322 1.9739048e-06 0.86602366
vn -0.50000119 1.1180675e-06 0.86602473
vn -0.50000578 3.0919525e-06 0.86602205
vn -3.0168785e-06 1 1.6185115e-06
vn 1.039244e-11 1 2.2305505e-05
vn 0 1 2.5147137e-05
vn -1 -7.1832051e-07 0
vn -1 -1.2681718e-06 0
vn -1 -1.9864924e-06 0
vn -0.49999657 -1.9865029e-06 -0.86602741
vn -0.49999657 -1.9865031e-06 -0.86602741
vn -0.49999657 -1.9865031e-06 -0.86602747
vn 1.2602169e-05 1 6.9564662e-06
vn -5.814898e-12 1 4.3216342e-06
vn -8.5569269e-07 1 4.6372074e-06
vn 2.4594781e-06 1 -7.2741773e-07
vn -1.7598371e-05 1 1.49525e-05
vn 3.7646441e-06 1 -6.6163484e-06
vn 2.1858013e-05 1 1.2064575e-05
vn -1.8227922e-05 1 9.6676013e-06
vn -0.50000525 0 -0.86602241
vn -0.49999055 0 0.86603087
vn -0.49999052 0 0.86603087
vn 0.50000119 0 0.86602473
vn 0.50000125 0 0.86602467
vn 0.50001186 0 -0.86601865
vn 0.50000024 3.0919946e-06 -0.86602539
vn 0.50000024 3.0919941e-06 -0.86602533
vn 0.50000024 3.0919948e-06 -0.86602539
vn 1 6.18391e-06 0
vn 0.50000232 3.0920071e-06 0.86602402
vn -0.49999857 0 0.86602628
vn -0.49999657 0 -0.86602741
vn -0.49999657 0 -0.86602747
vn -1 -6.4586279e-12 0
vn -1 -2.7056283e-05 0
vn -1 1.5400009e-11 0
vn -1.6235937e-05 0.50001395 0.8660174
vn -1.6235937e-05 0.50001395 0.86601746
vn 0 0.50000709 -0.86602134
vn 0 0.50000703 -0.86602128
vn 0 0.50000703 -0.86602139
vn 0 -0.49999645 0.86602747
vn 0 -0.49999648 0.86602747
vn 0 -0.49999642 0.86602747
vn 0 -0.50000489 -0.86602259
vn 0 -0.50000495 -0.86602265
vn -1 -1.5136484e-05 0
vn -1 -1.5136369e-05 0
vn -1 0 -9.7513976e-06
vn -1 0 -9.7513985e-06
vn -1 1.6910626e-05 0
vn -1 6.7642527e-06 0
vn -1 1.6910635e-05 0
vn 0.88732266 0 -0.46114916
vn 0.88732266 0 -0.46114913
vn 0 0.5000025 0.86602402
vn 0 0.50000209 0.8660242
vn 0 0.50000256 0.86602396
vn 9.626724e-07 0.50000048 -0.86602515
vn 9.626724e-07 0.50000054 -0.86602515
vn 9.626724e-07 0.50000054 -0.86602521
vn 0 -0.50000346 0.86602342
vn 0 -0.50000393 0.86602318
vn 0 -0.50000405 0.86602312
vn 0 -0.4999989 -0.86602604
vn 0 -0.4999989 -0.8660261
vn 0.71156693 4.0900995e-06 -0.7026183
vn 0.83360207 5.9466208e-07 -0.55236554
vn 0.83360231 9.4740716e-07 -0.5523653
vn 0.83360243 1.5420669e-06 -0.55236489
vn 0 -0.5000006 -0.86602515
vn 5.8506947e-07 -0.49999997 -0.86602545
vn 5.6651294e-07 -0.5 -0.86602539
vn 0 0.50000489 -0.86602265
vn 0 0.50000489 -0.86602271
vn -1.0257596e-06 0.49999794 0.86602664
vn -1.7752758e-07 0.49999925 0.86602587
vn 0 0.49999958 0.86602575
vn 5.588729e-07 -0.49999866 0.86602628
vn 3.5450412e-07 -0.49999842 0.86602628
vn 3.1173207e-07 -0.49999839 0.86602634
vn 0 -1 1.1347778e-07
vn 0 -1 1.1774864e-07
vn 1 1.2788188e-05 0
vn 1 1.2788189e-05 0
vn 1 1.2788189e-05 0
vn 1 -1.5128973e-05 0
vn 1 -1.5424046e-05 0
vn 1 1.0656597e-05 0
vn 1 2.1313646e-05 0
vn 1 1.0656781e-05 0
vn -4.0978361e-07 -0.50000137 0.86602473
vn 1.270032e-08 -0.49999893 0.86602604
vn 3.9514418e-08 -0.49999878 0.86602622
vn 1 3.4679295e-05 0
vn 1 3.4679299e-05 0
vn -3.8434956e-07 1 0
vn 2.4588751e-08 -0.50000274 -0.86602384
vn 4.1201014e-07 -0.49999756 -0.86602694
vn 0 -0.5000031 -0.86602372
vn 2.1646491e-08 -1 -2.4589033e-07
vn 3.6270421e-07 -1 -4.1200888e-06
vn -2.1829814e-07 0.49999961 0.86602575
vn -2.1829909e-07 0.49999976 0.86602557
vn -2.1829808e-07 0.49999955 0.86602569
vn 3.9971292e-07 0.50000077 -0.86602497
vn -1.814161e-07 0.4999983 -0.86602646
vn 4.3659577e-07 0.50000101 -0.86602485
vn 1 3.4679836e-06 0
vn 1 6.9359676e-06 0
vn 1 -6.068376e-05 0
vn 1 -3.0342489e-05 0
vn 1 -3.0342178e-05 0
vn 1 3.467695e-06 0
vn 1 6.93539e-06 0
vn 6.0596776e-06 0 -1
vn 6.0596781e-06 0 -1
vn -0.85817689 0 0.5133543
vn -0.85817683 0 0.5133543
vn -0.85817677 0 0.51335424
vn 0.86587143 0 0.50026661
vn 0.86587155 0 0.50026661
vn -0.86602688 0 -0.49999756
vn -0.86602688 0 -0.49999759
vn -0.86602682 0 -0.49999756
vn 0.86561364 -1.4821101e-06 0.50071257
vn 0.86561364 -1.4821101e-06 0.50071263
vn 0.86561358 -1.4821101e-06 0.50071257
vn -0.86601824 0 -0.5000124
vn -0.8660183 0 -0.50001252
vn -0.8660183 0 -0.50001246
vn 0.86602873 0 0.49999419
vn 0.8660289 0 0.49999401
vn 0.86602795 0 0.49999562
vn 0 -5.8328083e-06 1
vn 0 -5.8328087e-06 1
vn 0.86602688 0 0.49999768
vn 0.86602688 0 0.49999765
vn 0 -5.8329442e-06 1
vn 0 -5.8329447e-06 1
vn -0.86603868 0 0.49997711
vn -0.86603868 0 0.49997708
vn -0.86603862 0 0.49997708
vn -0.8630904 -1.8888142e-05 0.50504947
vn -0.86309046 -1.8888142e-05 0.50504959
vn -0.86309046 -1.8888142e-05 0.50504953
vn -0.86603963 0 0.49997556
vn -0.86603951 0 0.49997559
vn -0.86603957 0 0.49997559
vn -0.86361498 -4.4236902e-05 0.50415212
vn -0.86361492 -4.4236902e-05 0.50415212
vn -0.86361492 -4.4236898e-05 0.50415206
vn -0.86601937 0 -0.50001049
vn -0.86601943 0 -0.50001043
vn -0.86601937 0 -0.50001043
vn -4.2173069e-06 -5.3189551e-06 -1
vn -3.5409275e-06 -6.3349707e-06 -1
vn 0 -1.1653932e-05 -1
vn 0.86602634 0 -0.49999857
vn 0.86602628 0 -0.49999848
vn 0.86602628 0 -0.49999857
vn 0.86602896 0 -0.49999404
vn 0.86602885 0 -0.49999401
vn 0.86602896 0 -0.49999401
vn 0.85937995 0 0.51133752
vn 0.85938001 0 0.51133746
vn 0.85938007 0 0.51133752
vn 0 -2.6602102e-06 1
vn 0 -3.1724799e-06 1
vn 0 -5.8326896e-06 1
vn 0.85985267 5.5243413e-06 0.51054233
vn 0.85985261 5.5243418e-06 0.51054233
vn 0.85985273 5.5243418e-06 0.51054233
vn -0.86703044 0 0.49825516
vn -0.8660202 0 -0.50000906
vn -0.86602026 0 -0.50000912
vn -0.86602014 0 -0.50000906
vn 0.86601919 0 0.50001091
vn 0.86601907 0 0.50001097
vn 0.86601907 0 0.50001091
vn -0.86683714 0 0.4985913
vn -0.86683726 0 0.49859133
vn 0.86601782 0 0.50001311
vn 0.86601788 0 0.50001311
vn 0.86601782 0 0.50001317
vn -0.86601335 0 0.50002098
vn -0.86601341 0 0.50002098
vn 0.86600065 0 -0.50004286
vn 0.86600089 0 -0.50004268
vn 0.866 0 -0.50004423
vn 0 -1.1665869e-05 1
vn 0 -1.1665912e-05 1
vn 0 -1.1666126e-05 1
vn 0.86600262 0 -0.5000397
vn 0.86600256 0 -0.5000397
vn 0.86602932 0 0.49999318
vn 0.86602932 0 0.49999323
vn 0.86602938 0 0.49999323
vn 0.86489481 -2.8317274e-05 0.50195336
vn 0.86489475 -2.831727e-05 0.50195324
vn 0.86489481 -2.8317276e-05 0.50195336
vn -0.8630904 7.624571e-06 0.50504947
vn -0.86309046 7.6245719e-06 0.50504959
vn -0.86309046 7.624571e-06 0.50504953
vn 0.86110604 0 0.50842541
vn 0.8611061 0 0.50842541
vn 0.86602074 0 0.50000811
vn 0.86602086 0 0.50000787
vn 0.8660199 0 0.50000954
vn -0.86217654 0 0.50660801
vn -0.86217654 0 0.50660807
vn 0.8620404 1.4224839e-05 0.50683963
vn 0.8620404 1.422484e-05 0.50683963
vn 0.86204034 1.422484e-05 0.50683963
vn -0.86602968 0 0.49999261
vn -0.8660298 0 0.49999261
vn 0.86603183 0 0.49998906
vn 0.86603171 0 0.49998906
vn 0.86603177 0 0.49998906
vn 0 2.3307321e-05 -1
vn 0 2.3307317e-05 -1
vn 0 -5.8329438e-06 1
vn -0.86602861 0 0.49999443
vn -0.86602867 0 0.4999944
vn 0.86602116 0 -0.50000745
vn 0.8660211 0 -0.50000745
vn 0.86601728 0 -0.50001425
vn 0.86601728 0 -0.50001419
vn 0.86601734 0 -0.50001419
vn 0.86602026 0 -0.50000912
vn 0.86602014 0 -0.50000906
vn 0.86601627 0 -0.50001585
vn 0.86601627 0 -0.5000158
vn -0.86601722 3.1032538e-05 -0.50001419
vn -0.86601728 3.1032541e-05 -0.50001419
vn -0.86602819 0 -0.49999514
vn -0.86602819 0 -0.49999517
vn -0.86602825 0 -0.4999952
vn 0 -5.8326905e-06 1
vn 0 -5.83269e-06 1
vn -0.866014 0 0.50001991
vn -0.86601394 0 0.50001985
vn 0 -5.8329347e-06 1
vn 0 -5.832956e-06 1
vn 0 -5.8330629e-06 1
vn -0.86603153 0 0.49998936
vn -0.86603159 0 0.49998942
vn -0.86603159 0 0.49998939
vn -0.85984731 -1.0185439e-05 0.51055127
vn -0.85984737 -1.018544e-05 0.51055127
vn -0.85984737 -1.0185441e-05 0.51055127
vn -7.7580808e-06 0 -1
vn -7.7580798e-06 0 -1
vn 0 -0.50000125 -0.86602467
vn 0 -0.50000131 -0.86602473
vn 0 -0.50000286 0.86602378
vn 0 -0.50000292 0.86602384
vn 0 0.50000125 -0.86602467
vn 0 0.50000131 -0.86602473
vn 0 0.50000376 0.86602324
vn 0 0.5000037 0.86602336
vn 0 0.50000286 0.86602384
vn 1 4.5985169e-05 0
vn 1 -4.8171565e-05 0
vn 1 4.5976896e-05 0
vn 1 1.5688141e-06 0
vn 1 1.526936e-11 0
vn 1 -4.9021957e-11 0
vn 1 -4.5985493e-05 0
vn 1 4.8171878e-05 0
vn 1 -4.5976507e-05 0
vn 1 -5.252421e-05 0
vn 1 -4.8298454e-05 0
vn -1.7404712e-06 0.49999741 -0.86602694
vn -1.0654625e-06 0.49999771 -0.8660267
vn -2.8059299e-06 0.49999699 -0.86602718
vn 1 1.7947306e-05 0
vn 1 -8.9732775e-06 0
vn 1 -9.114272e-06 0
vn 1 2.9911805e-06 0
vn 1 5.9822933e-06 0
vn 1 2.9911848e-06 0
vn -1 0 -4.7436217e-05
vn -1 2.8506256e-05 -4.7436326e-05
vn -1 2.8506302e-05 -4.743633e-05
vn 0 -0.49999878 0.86602622
vn 0 -0.49999878 0.8660261
vn 0 -0.5000006 -0.86602509
vn 0 -0.50000113 -0.86602485
vn 0 -0.49999982 -0.86602557
vn 0 0.49999705 0.86602712
vn 0 0.49999705 0.86602706
vn 0 0.49999714 0.86602712
vn -1 -8.1663289e-05 0
vn -1 -8.1663282e-05 0
vn -1 -8.1663275e-05 0
vn -1 -1.4253143e-05 0
vn -1 -1.4253122e-05 0
vn -1 7.7770928e-06 0
vn -1 7.7770937e-06 0
vn -1 2.3332232e-05 0
vn -1 2.3332233e-05 0
vn -1 0 -9.7512502e-06
vn -1 0 -9.7512484e-06
vn 0 0.49999434 0.86602873
vn 0 0.49999437 0.86602873
vn 0 0.49999434 0.86602867
vn 0 0.50000709 -0.86602139
vn 0 0.50000703 -0.86602134
vn 0 -0.50000715 0.86602139
vn 0 -0.50000703 0.86602128
vn 0 -0.50000703 0.86602134
vn -1 2.7057007e-05 0
vn -1 2.7056276e-05 0
vn -1 -3.0272759e-05 0
vn 8.7475297e-07 0.4999983 -0.8660264
vn 8.7475303e-07 0.4999983 -0.86602646
vn 8.7475303e-07 0.49999833 -0.8660264
vn 0 -0.50000334 0.86602354
vn 9.6266785e-07 -0.50000006 -0.86602539
vn 9.6266785e-07 -0.50000012 -0.86602545
vn 9.6266785e-07 -0.50000006 -0.86602545
vn 0.83360171 0 -0.55236596
vn 0 -0.49999315 -0.86602938
vn 0 -0.49999321 -0.86602944
vn -5.4140723e-06 -0.49930739 -0.86642486
vn -5.4140733e-06 -0.49930748 -0.86642498
vn -5.4140728e-06 -0.49930745 -0.86642492
vn 4.4835389e-07 -0.49999928 -0.86602587
vn 4.4835386e-07 -0.49999925 -0.86602587
vn 4.4835392e-07 -0.49999928 -0.86602592
vn 6.0226301e-07 -0.49999997 -0.86602551
vn 0 -0.50001264 -0.86601824
vn 0 -0.50000197 -0.86602426
vn 0 -0.50000232 -0.86602408
vn 0 -0.49881682 -0.86670756
vn 0 -0.49881676 -0.8667075
vn 0 -0.49879351 -0.86672086
vn 0 -0.49879354 -0.86672091
vn 0 -0.49879357 -0.86672086
vn 0 -0.49999237 -0.8660298
vn 0 -0.49877453 -0.86673182
vn 0 -0.4987745 -0.86673182
vn 0 -0.49998716 -0.86603284
vn 0 -0.50000292 -0.86602384
vn 3.6523513e-06 -0.50016761 -0.86592871
vn 3.6523511e-06 -0.50016761 -0.86592859
vn 3.6523511e-06 -0.50016761 -0.86592865
vn 0 -0.49878004 -0.86672866
vn 0 -0.49878001 -0.86672866
vn 0 -0.49878126 -0.86672789
vn 0 -0.49878129 -0.86672795
vn 0 -0.49878126 -0.86672783
vn 0 -0.49883077 -0.8666994
vn 0 -0.49999651 -0.86602741
vn 0 -0.49999654 -0.86602741
vn 0 -0.50001055 -0.86601925
vn -2.834867e-06 0.49999434 -0.86602873
vn -1.1872966e-06 0.50000125 -0.86602473
vn -1.5406507e-06 0.5 -0.86602539
vn -5.711218e-07 0.50000274 -0.86602384
vn -6.0226489e-07 0.50000274 -0.8660239
vn -5.8507146e-07 0.50000274 -0.86602384
vn 0 0.5000062 -0.86602187
vn 8.1019962e-06 0.49999577 -0.86602795
vn 8.1019953e-06 0.49999574 -0.86602789
vn 8.1019944e-06 0.49999568 -0.86602789
vn 0 0.49455923 -0.8691439
vn 0 0.49455923 -0.86914402
vn 0 0.49455923 -0.86914396
vn 0 0.49850211 -0.86688852
vn 0 0.49850205 -0.86688852
vn 0 0.49850211 -0.86688858
vn 0 0.49856567 -0.86685193
vn 0 0.49856567 -0.86685199
vn 0 0.50000608 -0.86602193
vn 0 0.49856338 -0.8668533
vn 0 0.49856344 -0.86685336
vn 0 0.49999684 -0.86602736
vn 0 0.49999675 -0.8660273
vn 0 0.49999678 -0.8660273
vn 0 0.50001252 -0.86601818
vn 0 0.50001258 -0.86601824
vn 0 0.49459028 -0.86912626
vn 0 0.49459031 -0.86912632
vn 0 0.49459028 -0.86912638
vn 3.6636222e-06 0.49530703 -0.86871809
vn 3.663622e-06 0.49530703 -0.86871809
vn 3.663622e-06 0.495307 -0.86871803
vn 0 0.50000358 -0.86602336
vn 0 0.49535745 -0.86868924
vn 0 0.49535748 -0.86868936
vn 0 0.49535748 -0.86868924
vn 0 0.49999845 -0.8660264
vn 0 0.49999842 -0.86602634
vn 0 0.4953472 -0.86869514
vn 0 0.49534717 -0.8686952
vn 0 1 -5.0565074e-08
vn 0 1 -4.7749285e-07
vn 0 1 -3.1809595e-08
vn 0 1 5.4158139e-08
vn 0 1 2.6293205e-07
vn 0 1 1.1256799e-07
vn 0 1 3.7678496e-09
vn 0 1 3.2157494e-08
vn 0 1 -7.4631195e-08
vn 0 1 -5.8767114e-07
vn 0 1 -5.547513e-08
vn 0 1 -5.7155387e-07
vn 0 1 -4.7759709e-08
vn 0 1 -2.3954928e-07
vn 0 1 4.7845793e-07
vn -1.2032857e-06 0.49999768 0.86602676
vn 6.0164541e-07 -0.4999986 0.86602622
vn -7.2016837e-06 -1 6.7286214e-06
vn 1.1657543e-10 -1 2.3874645e-05
vn -9.515069e-06 -1 6.4419487e-06
vn -8.4500407e-06 -1 3.4756126e-06
vn 0 -1 1.1036576e-07
vn -2.7043957e-06 -1 8.077659e-06
vn -6.6890852e-06 -1 1.9979379e-05
vn -2.96856e-06 -1 8.8533807e-06
vn 0 -1 -1.1977482e-07
vn 0 -1 -5.0674107e-08
vn 0 -1 1.1753422e-06
vn 0 -1 1.1753423e-06
vn 0 -1 -2.3976895e-08
vn 0 -1 -1.1977636e-07
vn 0 -1 -2.3922527e-07
vn 1 -3.4102919e-05 0
vn 1 -3.4102923e-05 0
vn 1 -3.0848012e-05 0
vn -4.3659782e-07 -0.50000143 0.86602461
vn 4.3659907e-07 -0.49999717 -0.86602706
vn 3.8435039e-07 -1 -4.3659757e-06
vn -2.1829916e-07 0.49999982 0.86602563
vn -2.1829938e-07 0.49999815 -0.86602646
vn 7.6629585e-06 0 -1
vn 7.6629576e-06 0 -1
vn -0.85836738 0 0.51303566
vn -0.85836726 0 0.5130356
vn 0.86632222 -4.4527249e-05 0.49948555
vn 0.86632222 -4.4527249e-05 0.49948552
vn 0.86632228 -4.4527256e-05 0.49948552
vn -0.86602896 0 -0.49999404
vn -0.86602896 0 -0.49999401
vn -0.86602885 0 -0.49999401
vn 0.86538583 0 0.50110614
vn 0.86538589 0 0.5011062
vn 0.86538583 0 0.5011062
vn -0.86602002 0 -0.5000093
vn -0.86602008 0 -0.50000924
vn -0.86602008 0 -0.50000936
vn 0.8660298 0 0.49999261
vn 0 -5.8328119e-06 1
vn 0 -5.8328114e-06 1
vn 0 -5.8328105e-06 1
vn 0.86602861 0 0.49999443
vn 0.86602867 0 0.4999944
vn -7.7661998e-06 -1.1665889e-05 1
vn -7.7661989e-06 -1.1665889e-05 1
vn -7.7661989e-06 -1.1665888e-05 1
vn -0.86603683 0 0.49998033
vn -0.86603689 0 0.49998033
vn -0.86603677 0 0.49998033
vn -0.86286956 0 0.50542688
vn -0.86286956 0 0.50542682
vn -0.86603743 0 0.49997932
vn -0.86603737 0 0.49997929
vn -0.86603737 0 0.49997932
vn -0.86236864 4.4470333e-05 0.50628084
vn -0.8623687 4.4470336e-05 0.50628084
vn -0.86236864 4.4470329e-05 0.50628084
vn -0.86601728 0 -0.50001425
vn -0.86601734 0 -0.50001419
vn -0.86601728 0 -0.50001419
vn -7.7582308e-06 0 -1
vn 0.86602795 0 -0.49999556
vn 0.86602807 0 -0.49999556
vn 0.86602801 0 -0.49999553
vn 0.86602688 0 -0.49999756
vn 0.86602682 0 -0.49999756
vn 0.86602688 0 -0.49999759
vn 0.85984731 4.419445e-05 0.51055127
vn 0.85984737 4.4194454e-05 0.51055127
vn 0.85984737 4.4194458e-05 0.51055127
vn 0.85887635 0 0.51218301
vn 0.85887629 0 0.51218313
vn 0.85887635 0 0.51218313
vn -0.86820763 0 0.49620119
vn -0.86820757 0 0.49620119
vn -0.86820757 0 0.49620116
vn -0.86601621 0 -0.50001603
vn -0.86601627 0 -0.50001603
vn 0.86602092 0 0.50000775
vn 0.86602098 0 0.50000775
vn 0.86602098 0 0.50000769
vn -0.86843663 0 0.49580029
vn -0.86843657 0 0.49580032
vn -0.86843657 0 0.49580029
vn 0.86601996 0 0.5000096
vn 0.8660199 0 0.5000096
vn -0.86601317 0 0.50002122
vn -0.86601323 0 0.50002122
vn 0.86600155 0 -0.50004131
vn 0 -1.1665656e-05 1
vn 0.86600059 0 -0.50004297
vn 0.86600059 0 -0.50004303
vn 0.86603057 0 0.49999103
vn 0.86603063 0 0.49999106
vn 0.86603063 0 0.49999112
vn 0.86466599 0 0.50234729
vn 0.86466593 0 0.50234729
vn 0.86466604 0 0.50234729
vn 0.86203533 0 0.50684828
vn 0.86203527 0 0.50684828
vn 5.1084853e-06 0 -1
vn 0.86602175 0 0.50000638
vn -0.86236864 -4.4470333e-05 0.50628084
vn -0.8623687 -4.4470336e-05 0.50628084
vn -0.86236864 -4.4470329e-05 0.50628084
vn 0.86035275 0 0.50969923
vn 0.86035269 0 0.50969911
vn 0.86035275 0 0.50969917
vn -0.86602795 0 0.49999562
vn 0.86603153 0 0.49998936
vn 0.86603159 0 0.49998939
vn 0.86603159 0 0.49998942
vn 7.6627775e-06 0 -1
vn 7.6627766e-06 0 -1
vn -0.86602688 0 0.49999768
vn -0.86602688 0 0.49999765
vn 0.86601943 3.1032338e-05 -0.50001049
vn 0.86601937 3.1032338e-05 -0.50001043
vn 0.86601949 3.1032338e-05 -0.50001043
vn 0.86601937 0 -0.50001049
vn 0.86601937 0 -0.50001043
vn 0.86601943 0 -0.50001043
vn 0.86601818 0 -0.50001264
vn 0.86601812 0 -0.50001264
vn 0.86601818 0 -0.5000127
vn 0.86602008 0 -0.5000093
vn 0.86602008 0 -0.50000924
vn 0.86602002 0 -0.5000093
vn -0.8660242 0 -0.50000226
vn -0.86602414 0 -0.50000226
vn 0 -5.8329265e-06 1
vn 0 -5.8329279e-06 1
vn -0.86601406 0 0.50001967
vn -0.86601406 0 0.50001973
vn 0 -5.8328278e-06 1
vn -0.86603761 0 0.49997893
vn -0.86603761 0 0.49997896
vn -0.86603755 0 0.49997899
vn -0.8596226 0 0.5109297
vn -0.8596226 0 0.51092976
vn -0.85962254 0 0.51092964
vn -7.7580726e-06 0 -1
vn 0 -0.49999967 -0.86602569
vn 0 -0.4999997 -0.86602563
vn 0 -0.50000459 0.86602283
vn 0 -0.50000459 0.86602288
vn 0 0.50000459 0.86602283
vn 1 0.00014012319 0
vn 1 -6.6251501e-05 0
vn 1 -0.00014012319 0
vn 0 0.49999815 -0.86602658
vn -1 -3.1109037e-05 -4.7434205e-05
vn -1 -3.1109037e-05 -4.7434209e-05
vn 0 -0.50000197 -0.86602437
vn 0 0.49999699 0.86602718
vn -1 0 -3.9705501e-06
vn -1 0 -3.9705496e-06
vn -1 -3.1109037e-05 0
vn -1 -3.1109033e-05 0
vn -1 5.7012541e-05 -4.7436431e-05
vn -1 -2.8506271e-05 0
vn 0.50001097 3.2188581e-07 -0.86601907
vn 0.50000787 -9.935273e-09 -0.8660208
vn 0.50000763 -3.3014331e-08 -0.86602104
vn 1 2.3269581e-10 0
vn 1 3.5782386e-09 0
vn 1 3.810928e-09 0
vn 0.5000239 -2.0830702e-08 0.86601156
vn 0.50002033 -3.2032148e-07 0.86601377
vn 0.50002003 -3.4115232e-07 0.86601394
vn -0.50000745 -3.2590668e-07 0.86602116
vn -0.50001109 -5.2060699e-08 0.86601901
vn -0.50001138 -3.3013123e-08 0.86601895
vn 3.9119295e-11 1 3.4933528e-06
vn 3.202935e-06 1 1.6820254e-06
vn -3.202789e-06 1 1.5525544e-06
vn -1 -8.5272349e-09 0
vn -1 -1.3113011e-07 0
vn -1 -1.396576e-07 0
vn -0.49999496 1.2536056e-08 -0.86602831
vn -0.49999776 1.9276591e-07 -0.86602676
vn -0.49999791 2.0530163e-07 -0.8660267
vn 4.2704023e-06 -1 7.5041371e-06
vn 8.5410011e-06 -1 1.0942238e-05
vn 4.2704601e-06 -1 2.2425347e-06
vn 0.50001127 3.4496477e-07 -0.86601901
vn 0.5000242 0 0.8660115
vn -0.50000727 -3.4495434e-07 0.86602122
vn -2.5623625e-05 1 1.4491313e-05
vn 2.562278e-05 1 1.5525893e-05
vn -0.49999478 0 -0.86602843
vn 8.5410484e-06 -1 -1.6561027e-05
vn 0 -1 -4.4359393e-07
vn 0.50002295 0 -0.86601228
vn 0.50001937 0 -0.86601424
vn 0.50001913 0 -0.86601436
vn 0.49999952 0 0.86602569
vn 0.49999952 0 0.86602581
vn -0.49998665 0 0.8660332
vn -0.49998668 0 0.8660332
vn -0.50000662 0 -0.86602163
vn -0.50001013 0 -0.86601967
vn -0.50001037 0 -0.86601955
vn -2.1352021e-06 -1 1.0868328e-05
vn 0 -1 1.2420808e-05
vn -2.3879775e-11 -1 9.8330765e-06
vn 0.50002319 0 -0.8660121
vn 0.49999946 0 0.86602575
vn -0.50000638 0 -0.86602175
vn 8.541042e-06 -1 1.5526408e-05
vn -2.4402595e-06 -1 8.4284857e-06
vn 0.49998868 -4.2653259e-08 -0.866032
vn 0.49998984 -3.5060231e-07 -0.86603135
vn 0.49999002 -3.9325545e-07 -0.86603123
vn 1 -8.2824255e-07 0
vn 1 4.3043045e-07 0
vn 1 6.0476719e-07 0
vn 0.49998847 1.0347712e-07 0.86603206
vn 0.49998847 1.0347711e-07 0.86603206
vn 0.49998847 1.034771e-07 0.86603206
vn -0.5 5.0130342e-07 0.86602545
vn -0.5 5.0130348e-07 0.86602545
vn -0.5 5.0130342e-07 0.86602539
vn -1 -8.2725336e-07 0
vn -1 4.3857219e-07 0
vn -1 6.1389892e-07 0
vn -0.50000143 -4.2157108e-08 -0.86602467
vn -0.50000018 -3.4653348e-07 -0.86602539
vn -0.50000006 -3.8869067e-07 -0.86602539
vn 0.49998847 0 -0.86603206
vn 1 -1.0025786e-06 0
vn 0.49998847 5.0129182e-07 0.86603206
vn -0.5 0 0.86602545
vn -0.5 0 0.86602539
vn -1 -1.0025807e-06 0
vn -0.50000155 0 -0.86602449
vn -0.99862945 2.3395299e-07 0.052339178
vn -0.99862945 2.9858191e-07 0.052339185
vn -0.99862945 5.3253297e-07 0.052339185
vn 6.9313628e-06 -1 2.8839784e-06
vn -6.0288439e-06 -1 -2.8098805e-07
vn 1.516263e-05 -1 6.308816e-06
vn 0.99862999 0 0.052328307
vn 0.99863005 0 0.052328307
vn 0.99863005 0 0.052328333
vn 0 1 -2.877246e-08
vn 0 1 -2.1728209e-08
vn -0.14521028 -6.0116116e-07 0.98940086
vn -0.14521028 -6.0116116e-07 0.9894008
vn -0.14521027 -6.011611e-07 0.9894008
vn 0.9999969 0 -0.0024892977
vn 0.9999969 0 -0.0024892979
vn 0 1 -2.0315669e-09
vn 0 1 1.3642302e-08
vn 0 1 3.4141761e-09
vn -0.9988544 -4.4630024e-06 0.047852561
vn -0.99885452 -3.6619299e-06 0.047851507
vn -0.99885476 0 0.047846664
vn 0 1 -3.1258587e-08
vn 5.8593077e-06 -1 -1.3777411e-06
vn 1.0683144e-05 -1 -3.157412e-06
vn 0.50133997 0 -0.86525047
vn 1.2591397e-05 -1 2.145145e-08
vn 0.99706191 0 -0.076600574
vn 0.99706191 0 -0.076600559
vn 6.4483311e-06 -1 1.3954124e-07
vn -0.99883866 2.1185295e-07 -0.048179615
vn -0.99883866 6.7840909e-07 -0.048179653
vn -0.99883866 8.9026292e-07 -0.048179667
vn -0.40017259 0 -0.91643989
vn -0.400172 0 -0.91644007
vn -0.40017164 0 -0.91644025
vn 0 1 -1.1846416e-08
vn -0.54820579 -2.5406489e-06 0.83634359
vn -0.54820353 -4.0512109e-06 0.83634508
vn -0.5482015 -5.2734372e-06 0.83634627
vn -0.99862945 0 0.052339163
vn -1.2500028e-05 -1 1.2292123e-06
vn 0.99862999 0 0.052328281
vn -0.14520523 0 0.98940158
vn -0.14520524 0 0.98940164
vn 0.9999969 0 -0.0024892974
vn -0.99885422 -8.1248945e-06 0.0478574
vn 0.50133991 0 -0.86525041
vn -0.99883866 0 -0.048179593
vn -0.40017289 0 -0.91643977
vn -0.54820776 -1.3183806e-06 0.83634222
vn 0.8660264 -1.2871226e-06 0.49999845
vn 0.86602634 -1.2871226e-06 0.49999848
vn 0 -1.2256828e-06 1
vn 0 -1.2256463e-06 1
vn 0 -1.2256388e-06 1
vn -0.86603576 -5.418126e-06 0.49998212
vn -0.86603737 1.0560142e-06 0.4999792
vn -0.86603779 2.3899231e-06 0.49997866
vn -0.86603063 5.3093318e-06 -0.499991
vn -0.86603177 -1.6936821e-06 -0.49998894
vn -0.86603212 -3.136536e-06 -0.49998856
vn -3.0019924e-06 1 -1.2159126e-05
vn -2.1015132e-05 1 -1.2010394e-05
vn -3.0018837e-06 1 -1.2009707e-05
vn 0 1.2256961e-06 -1
vn 0 1.2256963e-06 -1
vn 0.86602134 -6.1456987e-08 -0.50000727
vn 0.86602134 -6.1456987e-08 -0.50000721
vn 0.86602128 -6.1456987e-08 -0.50000721
vn 0.86602873 0 0.49999446
vn 0 -1.2256903e-06 1
vn -0.86603546 -6.7520814e-06 0.49998271
vn -0.86603045 6.7522005e-06 -0.49999148
vn 3.0020592e-06 1 -1.2121599e-05
vn 2.1013728e-05 1 -1.2270671e-05
vn 3.0021683e-06 1 -1.2271023e-05
vn 0 1.2256446e-06 -1
vn 0 1.2256448e-06 -1
vn 0 1.2256447e-06 -1
vn 0.86602288 0 -0.50000429
vn 0.86602294 0 -0.50000429
vn 0 8.040434e-07 -1
vn 0 3.7424039e-07 -1
vn 0 -1 -8.7261327e-08
vn 0 -1 -3.8354585e-08
vn 1 1.0677642e-06 0
vn 1 -9.4214454e-07 0
vn 1 2.3147293e-06 0
vn -1 2.9940171e-07 0
vn 0 -1.1213428e-06 1
vn 0 -1.1213426e-06 1
vn 0 -1 -6.2353067e-08
vn 0 -1 -1.7483053e-07
vn 0 -1 1.3639415e-07
vn -0.87363887 0 -0.4865751
vn -0.87364036 0 -0.48657238
vn -0.87363839 0 -0.48657593
vn 3.4885848e-06 -4.345689e-07 1
vn 1.1116005e-07 -1.2923326e-07 1
vn 7.6762274e-07 0 1
vn -3.0778363e-06 1 -2.284221e-07
vn 3.2580451e-06 1 6.7685892e-07
vn -3.4123882e-06 1 -3.4935348e-07
vn 0 -1 -3.4349704e-08
vn 0 -1 -2.8448166e-09
vn 0 1 9.7867243e-09
vn -1.0804522e-06 1 -1.1112622e-06
vn 3.9712731e-06 1 1.7119025e-06
vn 0.44666851 2.05736e-07 -0.89469963
vn 0.44666851 1.1303468e-06 -0.89469957
vn 0.44666854 0 -0.89469957
vn 0 -1.121343e-06 1
vn 0 -1.1213427e-06 1
vn 0 -1 5.37332e-09
vn 0 -1 -4.4378652e-08
vn 0 -1 -2.4266848e-08
vn 0 -1 6.2666771e-08
vn 0 -1 7.7932221e-08
vn -0.26665676 9.3492918e-07 -0.96379161
vn -0.26665673 9.3492901e-07 -0.96379155
vn -1.1114423e-06 1 4.5388279e-06
vn -1.0242762e-06 1 -1.346053e-06
vn 0.91402227 4.0846186e-07 -0.40566403
vn 0.91402227 1.8625927e-06 -0.40566403
vn 0.91402227 0 -0.40566403
vn 1.4971006e-06 1 6.9526163e-07
vn 1.671626e-05 1 -6.3867515e-06
vn 0 -1 -2.609778e-08
vn 0 -1 -5.9149614e-09
vn -4.4282465e-06 1 -1.5657148e-06
vn -0.0012901811 1.1210511e-06 -0.99999923
vn -0.0012901812 1.1210511e-06 -0.99999917
vn -0.001290181 1.1210511e-06 -0.99999917
vn 0 1 6.3672614e-09
vn -8.7308274e-07 1 -1.3277035e-07
vn 0 -1 -3.4669995e-08
vn 0 -1 -6.9576256e-09
vn 0 -1 1.1635578e-08
vn 0 -1 1.1836154e-08
vn 5.7425211e-07 1 -9.9418862e-08
vn 5.2474059e-07 1 -5.1328334e-07
vn -5.0201288e-07 1 -1.2581174e-06
vn -6.3020218e-07 1 -2.0983471e-06
vn 0 -1 -2.6645421e-09
vn 0 -1 -7.139191e-09
vn 0 1 -2.7367764e-07
vn 0 1 8.2357168e-08
vn -1.1132198e-06 1 -1.2206552e-06
vn 1 2.1494618e-06 0
vn 1 2.0211654e-07 0
vn -0.22951074 5.6447431e-07 0.97330618
vn -0.22951074 5.6447431e-07 0.97330612
vn -0.22951074 5.6447436e-07 0.97330618
vn 0 -1 -3.8561772e-08
vn 1 -2.1379481e-07 0
vn 1 -2.2736601e-06 0
vn -1.466782e-06 1 -1.2681601e-06
vn -1.1678702e-06 1 -2.2331214e-06
vn 0 1 3.829421e-08
vn 0 1 2.0314992e-09
vn 0 -1 7.3977962e-09
vn 0 -1 5.9225203e-09
vn 0 1 -2.8736476e-08
vn 0 1 -2.8921331e-08
vn 0 -1 -2.7022924e-08
vn 0 -1 2.2111137e-09
vn 0 1 -1.1845093e-08
vn 0 -1 1.7361247e-08
vn 0 -1 -3.8716885e-10
vn -1.3370327e-06 1 -1.6166128e-06
vn -7.8225025e-07 1 -1.0428516e-06
vn 0 1 4.8012524e-08
vn 0 -1 6.6211681e-09
vn 0 3.0801507e-07 1
vn 0 2.5265683e-07 1
vn 0 5.6067273e-07 1
vn -2.582407e-07 1 7.1288849e-07
vn -4.9895948e-07 9.073257e-08 -1
vn -3.9742488e-07 4.3790848e-07 -1
vn 0 1.1213427e-06 -1
vn -0.89964467 2.5477746e-06 0.4366228
vn -0.89964467 2.5477748e-06 0.43662286
vn -0.89964467 2.5477746e-06 0.43662277
vn -0.50735813 0.5494253 -0.66386718
vn -0.50735807 0.54942524 -0.66386718
vn -0.50735813 0.5494253 -0.66386724
vn -0.50740659 -0.54940969 -0.6638431
vn -0.50740653 -0.54940963 -0.6638431
vn -0.50740653 -0.54940969 -0.6638431
vn 0 0.62207168 -0.7829603
vn 0 0.62207174 -0.78296036
vn 0 0.62207174 -0.7829603
vn 0 -0.6220727 -0.78295958
vn 0 -0.62207341 -0.78295892
vn 0 -0.62207377 -0.78295875
vn 0 1 -1.0400127e-07
vn 0 1 -3.8302637e-09
vn 0 1.1782838e-06 -1
vn 1 -2.6233567e-06 0
vn -1 4.903348e-07 0
vn -1 1.7794448e-06 0
vn -0.87364078 0 -0.48657149
vn -5.1625934e-06 1 -3.0172342e-07
vn 0.44666845 1.3360825e-06 -0.89469951
vn 0.91402227 2.2710547e-06 -0.40566403
vn -0.0012850934 1.1185639e-06 -0.99999917
vn -0.0012850935 1.1185639e-06 -0.99999923
vn -0.22951499 5.6447368e-07 0.97330517
vn -0.229515 5.6447368e-07 0.97330517
vn -0.229515 5.6447368e-07 0.97330511
vn 0 1.46928e-12 1
vn -7.6506001e-07 -5.6068086e-07 -1
vn 1.1614619e-06 -5.6062032e-07 -1
vn -4.8822053e-06 0 -1
vn -0.89965159 -2.5477939e-06 0.43660876
vn -0.89965147 -2.5477939e-06 0.43660873
vn 0 -0.62207234 -0.78295982
vn -0.98756957 1.05173e-07 0.15718248
vn -0.98756963 1.1617973e-07 0.15718253
vn -0.98756957 3.2652736e-07 0.15718251
vn 9.8256623e-07 1 -6.3803071e-07
vn 8.0735015e-07 1 -4.9103705e-06
vn 1.0987238e-06 1 5.7336564e-08
vn -0.9353013 -1.6334083e-07 -0.35385254
vn -0.93530124 -2.1711418e-08 -0.35385251
vn -0.93530124 -3.4839542e-07 -0.35385251
vn 0.62512463 0 0.78052497
vn 0.62512457 0 0.78052497
vn 0.99999523 0 0.0030903858
vn 0.99999523 0 0.0030903849
vn 0.99999529 0 0.0030903828
vn 0.89876801 0 0.4384245
vn 0.89876807 0 0.4384245
vn 0.89876795 0 0.43842465
vn -0.93904251 -1.3413282e-07 0.34380108
vn -0.93904263 3.486964e-07 0.34380081
vn -0.93904263 1.1422946e-06 0.34380081
vn -0.96754432 1.0996671e-07 -0.25270149
vn -0.96754432 -1.5570902e-07 -0.25270149
vn -0.96754426 -3.8448985e-07 -0.25270146
vn -0.48730788 5.2570226e-07 0.87323028
vn -0.48730788 6.2231372e-08 0.87323028
vn -0.48730785 4.2559302e-07 0.87323022
vn 0.92969292 -4.3377135e-08 0.36833552
vn 0.92969298 -3.3899204e-07 0.36833552
vn 0.92969298 0 0.36833557
vn 0.82794523 3.9214865e-07 0.56080902
vn 0.82794464 1.5203652e-07 0.56080979
vn 0.82794565 8.0816324e-07 0.5608083
vn 0.9989956 8.2134768e-08 -0.044810269
vn 0.99899554 2.6010213e-08 -0.044810228
vn 0.9989956 6.7077622e-08 -0.044810265
vn -0.053988103 -6.3451284e-07 0.99854159
vn -0.053988151 4.2970598e-07 0.99854159
vn -0.05398811 -6.3451256e-07 0.99854165
vn 0.17513382 3.7471725e-06 0.98454463
vn 0.17513385 -4.7102097e-07 0.98454469
vn 0.17513382 -4.7102117e-07 0.98454463
vn -8.8028003e-07 1 6.8694607e-07
vn -8.2215405e-07 1 5.1436268e-07
vn -3.4221432e-07 1 2.1685958e-06
vn -1.1798049e-07 1 7.9940484e-08
vn -8.2361203e-07 1 1.1108125e-06
vn -3.2240123e-08 1 3.5196805e-07
vn 3.5053628e-07 1 -2.1106401e-07
vn 9.1992854e-07 1 -3.2441099e-07
vn 1.3534601e-06 1 9.1440803e-08
vn 0.081406511 -1.3928155e-06 -0.99668097
vn 0.081405073 -9.6721658e-07 -0.99668109
vn 0.081406683 -1.4390141e-06 -0.99668103
vn 0.44608703 0.83227891 0.32911727
vn 0.44608706 0.83227885 0.32911727
vn 0.44608709 0.83227897 0.3291173
vn 0.52682149 0.84952605 0.027653372
vn 0.52682149 0.84952599 0.027653366
vn 0.48229399 0.84382516 0.23526932
vn 0.48229524 0.84382498 0.23526767
vn 0.48229593 0.8438248 0.23526672
vn 0.40408275 0.76299685 0.50453246
vn 0.40408319 0.76299667 0.50453222
vn 0.4040843 0.76299644 0.50453168
vn 0.48689437 0.85189348 0.19290291
vn 0.48689431 0.85189342 0.19290291
vn 0.4868944 0.85189348 0.19290291
vn 0.525989 0.85016412 -0.02359386
vn 0.52598912 0.85016406 -0.023593588
vn 0.52598888 0.85016412 -0.02359413
vn 0.45278931 0.83720857 0.30669808
vn 0.45278928 0.83720857 0.30669823
vn 0.45278922 0.83720857 0.30669832
vn -0.68518317 4.004072e-07 0.72837079
vn -0.68518311 6.4261155e-07 0.72837085
vn -0.68518305 9.2069399e-07 0.7283709
vn -0.57110941 0.71362025 0.40568492
vn -0.57110947 0.71362025 0.40568495
vn -0.55142301 0.83335423 -0.038125418
vn -0.55142301 0.83335412 -0.038125414
vn -0.55142307 0.83335412 -0.038125418
vn -0.50900131 0.66943496 0.54108644
vn -0.50900167 0.66943496 0.5410862
vn -0.50900066 0.66943502 0.54108697
vn -0.56207979 0.8222304 0.089462101
vn -0.56207967 0.82223046 0.089462735
vn -0.56208009 0.82223034 0.089461282
vn -0.53343493 0.82141232 -0.20181447
vn -0.53343493 0.82141232 -0.20181446
vn -0.53343499 0.82141238 -0.20181447
vn -0.5468393 0.82496589 -0.14282252
vn -0.54683924 0.82496583 -0.1428225
vn -0.58670402 0.78079361 0.21480167
vn -0.58670437 0.78079355 0.21480127
vn -0.58670312 0.78079396 0.21480282
vn -0.99762028 -2.5607426e-07 -0.068948619
vn -0.99762022 -1.2946879e-07 -0.068948492
vn -0.99762022 0 -0.06894847
vn -0.98756969 0 0.15718246
vn -0.98756969 0 0.15718248
vn -1.2557874e-07 -1 4.7026415e-06
vn -2.7275598e-07 -1 -5.3620338e-06
vn -6.5508232e-07 -1 -4.1781263e-06
vn -0.93530124 0 -0.35385251
vn -0.93530124 0 -0.35385248
vn 0.62512469 0 0.78052503
vn 0.99999523 0 0.0030903851
vn 0.89876801 0 0.43842447
vn -0.93904251 -1.0618608e-06 0.34380105
vn -0.93904233 -1.0618622e-06 0.34380159
vn -0.96754438 3.0539707e-07 -0.25270152
vn -0.96754426 7.5410998e-07 -0.25270146
vn -0.48730785 -1.6404747e-06 0.87323034
vn -0.48730779 -3.9371275e-06 0.87323028
vn 0.92969298 0 0.3683356
vn 0.82794499 4.4905696e-07 0.56080949
vn 0.9989956 0 -0.044810217
vn -0.053988066 -1.6987294e-06 0.99854165
vn 0.17513387 -4.6892151e-06 0.98454469
vn 0 -1 -1.7264098e-07
vn 0 -1 1.7801506e-07
vn 0 -1 5.3239635e-08
vn 0 -1 2.4445301e-09
vn 3.3857967e-07 -1 3.3295106e-07
vn -6.0942149e-08 -1 3.274439e-07
vn 1.6968818e-06 -1 -3.5393109e-07
vn 1.0682647e-06 -1 1.0555669e-06
vn -5.0732058e-07 -1 1.9692688e-07
vn -1.4560464e-06 -1 9.2140289e-07
vn 0.081406862 2.8147335e-06 -0.99668103
vn 0.081408404 2.9661771e-06 -0.99668092
vn 0.081407011 2.8295626e-06 -0.99668097
vn 0.44608808 -0.83227873 0.32911646
vn 0.44608808 -0.83227867 0.32911646
vn 0.52682191 -0.84952593 0.027648253
vn 0.52682191 -0.84952605 0.027648257
vn 0.52682191 -0.84952605 0.027648253
vn 0.48229578 -0.84382367 0.23527084
vn 0.4822973 -0.84382343 0.23526889
vn 0.48229498 -0.84382385 0.2352719
vn 0.40408152 -0.7629959 0.50453484
vn 0.4040809 -0.76299602 0.50453526
vn 0.40408313 -0.76299566 0.50453413
vn 0.48689273 -0.8518945 0.19290221
vn 0.48689413 -0.85189366 0.19290233
vn 0.48689446 -0.85189354 0.19290239
vn 0.52598894 -0.85016418 -0.023593634
vn 0.52598894 -0.85016418 -0.023593871
vn 0.52598882 -0.85016412 -0.0235941
vn 0.45278937 -0.83720857 0.30669805
vn 0.45278978 -0.83720845 0.30669767
vn 0.45278901 -0.83720863 0.3066985
vn -0.68518305 0 0.72837096
vn -0.68518341 0 0.72837055
vn -0.57110977 -0.71361911 0.4056865
vn -0.57110977 -0.71361905 0.40568647
vn -0.57110971 -0.71361905 0.40568653
vn -0.55141723 -0.83335894 -0.038104124
vn -0.55141723 -0.83335894 -0.038104121
vn -0.55141723 -0.833359 -0.038104124
vn -0.50899833 -0.66944265 0.54107982
vn -0.50899845 -0.66944265 0.5410797
vn -0.50899881 -0.66944265 0.5410794
vn -0.56207728 -0.82223254 0.089458406
vn -0.56207675 -0.82223278 0.08945933
vn -0.56207597 -0.8222332 0.089460582
vn -0.53343177 -0.82141465 -0.20181356
vn -0.53343177 -0.82141459 -0.20181358
vn -0.54684275 -0.82496423 -0.14281823
vn -0.54684103 -0.82496506 -0.14282025
vn -0.54684448 -0.82496345 -0.14281622
vn -0.58670449 -0.78079331 0.21480154
vn -0.58670413 -0.78079349 0.21480204
vn -0.58670318 -0.78079379 0.21480334
vn -0.99762028 0 -0.068948366
vn -0.99762028 0 -0.068948202
vn -0.98756957 0 0.1571825
vn 6.0764069e-07 1 -7.4365707e-06
vn -0.9353013 0 -0.35385254
vn 0.62512463 0 0.78052503
vn 0.99999529 0 0.0030903872
vn 0.89876819 0 0.4384242
vn -0.93904257 -5.3093038e-07 0.34380081
vn -0.96754438 0 -0.25270152
vn 0.92969298 -7.2136089e-07 0.36833549
vn 0.82794458 2.0412569e-06 0.56081009
vn 0.9989956 0 -0.044810273
vn -0.053960063 1.2850982e-05 0.99854308
vn -0.05396007 1.2850984e-05 0.99854314
vn -0.053960074 1.2850984e-05 0.99854314
vn 0.17513412 3.3333868e-06 0.98454463
vn 0.17513409 3.3333865e-06 0.98454458
vn 0.17513409 3.3333863e-06 0.98454458
vn 0 1 -1.7264088e-07
vn -7.1899059e-08 1 3.4677575e-07
vn 0.084109902 0 -0.99645656
vn 0.084109895 0 -0.9964565
vn 0.084109895 0 -0.99645644
vn 0.081876732 -0.0019937609 -0.9966405
vn 0.081876732 -0.0019937609 -0.99664056
vn 0.081876732 -0.0019937612 -0.9966405
vn 0.08140669 -1.4453226e-06 -0.99668097
vn 0.51672953 0.85614723 0.0015970778
vn 0.51672953 0.85614735 0.0015970779
vn 0.51672953 0.85614735 0.0015970781
vn 0.48229331 0.84382534 0.23527025
vn 0.40408161 0.76299709 0.50453299
vn 0.48689428 0.85189342 0.19290289
vn 0.52598923 0.850164 -0.023593329
vn 0.45278934 0.83720863 0.30669796
vn -0.68518299 2.6136692e-07 0.72837096
vn -0.55141723 0.83335906 -0.038103521
vn -0.55141717 0.83335906 -0.038103521
vn -0.55141717 0.83335906 -0.038103517
vn -0.50900233 0.66943485 0.54108554
vn -0.56207943 0.82223064 0.089463584
vn -0.53343272 0.8214137 -0.20181425
vn -0.53343272 0.82141382 -0.20181428
vn -0.53343272 0.82141382 -0.20181426
vn -0.54684585 0.82496291 -0.14281414
vn -0.54684591 0.82496297 -0.14281414
vn -0.58670515 0.78079313 0.21480003
vn -0.99762022 -2.5750271e-07 -0.068948649
vn 4.0350383e-07 -1 7.9323281e-06
vn 0.99999523 0 0.0030903898
vn 0.89876807 0 0.43842444
vn -0.48730868 -1.5605046e-06 0.87322992
vn -0.48730871 -1.5605046e-06 0.87322986
vn -0.48730868 -1.5605044e-06 0.87322974
vn 0.92969298 0 0.36833549
vn 0.82794374 -2.5123213e-06 0.56081128
vn 0.9989956 0 -0.044810146
vn -0.053964134 -1.2434312e-05 0.9985429
vn -0.053964138 -1.2434314e-05 0.99854296
vn 0.1751349 -2.9074215e-06 0.98454452
vn 0.17513491 -2.9074215e-06 0.98454452
vn 0.17513488 -2.9074213e-06 0.98454452
vn 0.081876867 0.0019946126 -0.99664056
vn 0.081876867 0.0019946129 -0.99664056
vn 0.081876867 0.0019946124 -0.9966405
vn 0.084111467 -9.5831672e-07 -0.99645638
vn 0.084111474 -9.5831683e-07 -0.99645644
vn 0.084111467 -9.5831683e-07 -0.99645638
vn 0.081406847 2.8127085e-06 -0.99668097
vn 0.51673162 -0.85614598 0.0015969282
vn 0.51673168 -0.85614604 0.0015969286
vn 0.48229808 -0.84382337 0.2352678
vn 0.40407941 -0.76299626 0.50453603
vn 0.48689249 -0.85189468 0.19290218
vn 0.52598906 -0.85016412 -0.023593411
vn 0.45279023 -0.83720845 0.30669734
vn -0.55142057 -0.83335614 -0.038117152
vn -0.55142057 -0.83335614 -0.038117155
vn -0.55142063 -0.8333562 -0.038117152
vn -0.50899792 -0.66944265 0.54108012
vn -0.56207806 -0.82223213 0.089457124
vn -0.53343391 -0.82141316 -0.20181371
vn -0.53343391 -0.82141316 -0.20181373
vn -0.53343397 -0.82141322 -0.20181373
vn -0.54683924 -0.82496583 -0.14282236
vn -0.58670551 -0.78079289 0.21480016
vn 1 -6.3669541e-09 0
vn 1 -9.1186294e-09 0
vn 0 1 -5.4104889e-09
vn 0 1 8.403104e-09
vn -7.1492835e-08 1 3.9211929e-07
vn -4.1907276e-07 -8.1396102e-08 1
vn -3.2620424e-06 1.2209412e-07 1
vn 1.6347695e-07 -5.6046292e-07 -1
vn 5.1426657e-08 2.2418153e-06 -1
vn 2.7805984e-07 -4.7664881e-07 -1
vn 0.382682 0 0.92388022
vn 0.3826814 0 0.92388046
vn 0.38268214 0 0.9238801
vn -1.9882641e-06 1.6980064e-07 1
vn 9.9476111e-08 3.1776634e-07 -1
vn 4.7022286e-07 7.1371355e-14 -1
vn 0.012520718 -6.1663752e-07 0.99992162
vn 0.012520414 1.407692e-06 0.99992162
vn 0.012520826 7.9475706e-07 0.99992162
vn 0.92387873 0 0.38268533
vn 0.92387879 0 0.38268521
vn 0.92387873 0 0.3826853
vn -1 -3.2814353e-07 0
vn -1.5412753e-06 -1.1974422e-06 1
vn 0.99972057 -1.6473149e-06 0.02364159
vn 0.99972057 -1.2373398e-07 0.023641588
vn 0.99972057 -6.3121689e-07 0.023641588
vn 1 -4.2024416e-07 0
vn 1.3225264e-06 -1 1.3735153e-06
vn 1.5111391e-06 -1 9.1181846e-07
vn 8.2726558e-07 -1 1.4121888e-06
vn 0 6.0454227e-07 1
vn 1 9.2637904e-08 0
vn 1 8.9344297e-07 0
vn 0 1.7129156e-06 -1
vn 0 -4.2822666e-07 -1
vn 2.7805942e-07 1.8136182e-06 -1
vn -1 -1.7174323e-06 0
vn -1 8.0537557e-06 0
vn -1 -5.3155973e-06 0
vn 0.38268226 1.1759814e-06 0.92388004
vn 0.38268331 5.6393546e-06 0.92387962
vn 0.38268363 6.8153349e-06 0.92387956
vn 0 7.2545072e-06 1
vn 0 7.2545076e-06 1
vn 0 3.4825725e-06 1
vn 0.012520429 -1.802838e-06 0.99992162
vn 0.012520894 -2.4231679e-06 0.99992162
vn -1.8452548e-06 1 -1.046285e-06
vn -1.6804688e-06 1 -1.1886198e-06
vn -9.6029419e-07 1 -1.6953632e-06
vn 0.92387867 0 0.38268569
vn 0.92387891 0 0.38268518
vn 0.92387891 0 0.38268504
vn -1 2.1171129e-06 0
vn 1 2.1968042e-06 0
vn 1 2.5255567e-06 0
vn 0.99972051 -6.7955767e-07 0.023641597
vn 0.99972051 -3.4667144e-06 0.02364159
vn 0 1 -3.5657354e-08
vn 0 1 3.3478858e-07
vn -4.5230061e-07 1 2.5149604e-06
vn -2.2253641e-06 1 1.2373855e-05
vn 7.053365e-07 0 -1
vn 0.38268128 0 0.92388052
vn 0.01252028 0 0.99992162
vn 0.99972057 0 0.023641594
vn 0 -1 8.3696911e-08
vn 0 -1 1.7529993e-06
vn 0 -1 1.7583681e-06
vn 6.9929652e-12 -1 1.2373856e-05
vn 1.7730598e-06 -1 2.5149632e-06
vn 1 7.9679685e-06 0
vn 0 -7.2545072e-06 -1
vn 0.38268197 0 0.92388016
vn -2.5845002e-06 1 0
vn 0 1 -2.0546688e-06
vn 0.92387855 0 0.38268581
vn -1 -3.149791e-07 0
vn -1 3.1497908e-07 0
vn -1 -1.4332552e-06 0
vn -1.8870222e-07 -6.9318907e-07 1
vn -2.3513358e-07 -6.9318901e-07 1
vn -4.238357e-07 -6.9318889e-07 1
vn 4.7026717e-07 6.9318907e-07 -1
vn 3.7740435e-07 6.9318901e-07 -1
vn 0 6.9318889e-07 -1
vn -1 1.4332561e-06 0
vn 0 -6.9318901e-07 1
vn 8.4767163e-07 6.9318901e-07 -1
vn -0.14826728 -0.49383846 -0.85682005
vn -0.1482673 -0.49383846 -0.85682005
vn -0.98894328 0.07129167 0.130034
vn -0.98894352 0.071289957 0.13003334
vn -0.98894334 0.071290486 0.13003419
vn 0.071450815 0.99743736 -0.0036958691
vn 0.071453042 0.99743712 -0.0036971308
vn 0.071450099 0.9974373 -0.0036954612
vn 0.07684017 -0.50360674 0.86050904
vn -0.071449727 -0.99743736 0.0036955832
vn -0.071454033 -0.99743706 0.0036972656
vn -0.071455441 -0.99743706 0.0036978095
vn -0.076827168 0.50359893 -0.86051488
vn 0.14830889 0.4938381 0.85681295
vn 0.14830889 0.49383816 0.85681301
vn 0.14830889 0.49383813 0.85681289
vn -0.14830844 -0.49384141 -0.85681111
vn -0.14830843 -0.49384141 -0.85681117
vn -0.14830843 -0.49384144 -0.85681123
vn -0.98894221 0.071291029 0.13004223
vn -0.98893601 0.071289584 0.13009015
vn -0.98894221 0.071292222 0.13004202
vn 0.071453772 0.99743718 -0.0036975385
vn 0.07689666 -0.50359261 0.86051232
vn 0.07689666 -0.50359267 0.86051232
vn 0.076896667 -0.50359267 0.86051238
vn -0.071448341 -0.99743748 0.0036950398
vn -0.076855853 0.50360912 -0.86050624
vn -0.076855861 0.50360912 -0.8605063
vn 0.14827681 0.49383333 0.8568213
vn 0.14827682 0.49383342 0.8568213
vn 0.14827682 0.49383339 0.85682124
vn 0 -1 1.3225791e-08
vn 0.55204505 -1.8768417e-06 -0.83381432
vn 0.55204552 -4.2800575e-06 -0.83381408
vn 0.55204576 -6.1568967e-06 -0.83381379
vn -8.0723704e-13 1 -8.4243561e-07
vn 0 1 -1.6731752e-08
vn 0 1 -4.385473e-08
vn 6.2905434e-07 1.8182255e-06 1
vn 1.1711139e-07 -6.2917758e-07 1
vn 0 -1.1890422e-06 1
vn 0.77143312 -1.1905346e-06 -0.6363104
vn 0.77143317 -1.1905346e-06 -0.6363104
vn 0.77143317 -1.1905345e-06 -0.6363104
vn 0 -2.3781013e-06 -1
vn 0 -2.3780965e-06 -1
vn 0 -2.3780935e-06 -1
vn -0.79256856 6.1325741e-06 0.60978281
vn -0.79256862 6.132575e-06 0.60978287
vn -0.7925685 6.1325741e-06 0.60978287
vn 0 1 -4.8968172e-06
vn 0 1 1.9795325e-09
vn 0 1 6.2539279e-08
vn 0 -1 1.3348239e-07
vn 0 -1 1.5836324e-08
vn 0 -1 9.9378113e-08
vn 0 -1 -4.7176957e-08
vn -4.6855645e-13 1 -3.773212e-06
vn -7.0377736e-12 1 -7.9934562e-06
vn -0.72995293 2.9449421e-07 0.68349737
vn -0.72995269 4.3349496e-07 0.68349773
vn -0.72995204 7.2798775e-07 0.68349844
vn 0.71148992 -5.6256554e-06 -0.70269632
vn 0.71148986 -5.6256549e-06 -0.70269632
vn 0.71148998 -5.6256558e-06 -0.70269632
vn 0.55204481 0 -0.83381456
vn 7.4616577e-07 2.3780901e-06 1
vn 0.77143908 0 -0.63630337
vn 0.77143902 0 -0.63630331
vn 0 -2.3781033e-06 -1
vn -0.79257399 0 0.60977572
vn -0.79257405 0 0.60977572
vn -0.79257411 0 0.60977572
vn 0 -1 5.0031622e-07
vn -0.72995365 0 0.68349671
vn 0.71149158 0 -0.70269459
vn 0 6.2354737e-14 -1
vn 0 1.5274827e-06 -1
vn 0 1.5274826e-06 -1
vn 0 8.4585199e-06 1
vn 0 1.3154468e-13 1
vn 0 1.1403449e-13 -1
vn 0 -8.4588064e-06 -1
vn 0 -1.2688683e-06 -1
vn 0.63717407 -1.602972e-05 -0.77071989
vn 0.63717526 -3.0134372e-06 -0.77071899
vn 0.6371755 0 -0.77071875
vn 0 8.4585217e-06 1
vn 0 2.4708973e-14 1
vn 1 1.5071835e-07 0
vn 1 2.127272e-07 0
vn -1 2.176216e-05 0
vn -1 -3.8708708e-06 0
vn -1 -2.8638422e-05 0
vn 0 2.1163355e-14 1
vn 0 -1.203569e-13 1
vn 0 -1.0939112e-13 1
vn -1 -3.0614924e-06 0
vn 0.99993819 0 -0.011121119
vn 0.99993825 0 -0.011121118
vn 0.99993825 0 -0.011121119
vn 0 -5.8341922e-14 1
vn 0 -8.4588046e-06 -1
vn 0 -8.4588009e-06 -1
vn 0 -1 -1.3588644e-05
vn 0 -1 -1.3591521e-05
vn 0 -1 -1.3567047e-05
vn 0 1.8126976e-06 -1
vn 0 1.8126975e-06 -1
vn 0 4.8537095e-06 -1
vn 0 -1 8.1585732e-08
vn 0 -1 6.3950829e-08
vn 0 -1.5274733e-06 -1
vn 0 -1.5274729e-06 -1
vn 1 -1.8291666e-06 0
vn 1 -8.0582865e-08 0
vn 1 -2.5532637e-07 0
vn 0 -8.4585226e-06 1
vn 0 -1.4340897e-13 1
vn 0 -1.0523521e-13 1
vn 0 8.4585217e-06 -1
vn 0 -1.4927961e-06 -1
vn 0 3.8771278e-13 -1
vn 0.6371755 1.6397955e-06 -0.77071887
vn 0.6371752 1.5770973e-05 -0.77071905
vn 0.6371755 -1.6319832e-06 -0.77071875
vn 0 -8.4585217e-06 1
vn 0 -2.2237964e-13 1
vn -1 1.4720698e-06 0
vn -1 -2.3021483e-05 0
vn -1 1.8144165e-05 0
vn -1 -1.1124181e-06 0
vn -1 -2.4921744e-06 0
vn 0.99999422 0 -0.0034095687
vn 0.99999422 0 -0.0034096511
vn 0.99999416 0 -0.0034095773
vn 0 -3.9534164e-13 1
vn 0 8.4585226e-06 -1
vn 0 1 1.0017904e-07
vn 0 1 1.6998389e-07
vn 0 1 2.2656421e-07
vn 0 -3.6254214e-06 -1
vn 0 -3.6254216e-06 -1
vn 0 9.7072307e-06 -1
vn 0 8.4585245e-06 1
vn 0 -8.45881e-06 -1
vn 0.63717383 -1.9043424e-05 -0.77072012
vn -1 5.5155183e-06 0
vn 0.99998033 0.00095749204 -0.0062133754
vn 0.99998027 0.00095749192 -0.0062133744
vn 0.99998033 0.00095749216 -0.0062133758
vn 0.99999428 0 -0.0034095841
vn 0.99999422 0 -0.0034095901
vn 0 -1 -1.3593854e-05
vn 0 -1 1.4443788e-07
vn 0 -8.4585181e-06 1
vn 0.6371752 1.9042751e-05 -0.77071899
vn 0.99999422 0 -0.0034095605
vn 0.99998033 -0.00095749821 -0.0062133996
vn 0.99998027 -0.00095749804 -0.0062133982
vn 0.99998033 -0.00095749827 -0.0062133991
vn 0.99993825 4.4039275e-06 -0.011121234
vn 0.99993819 4.4039275e-06 -0.011121234
vn 0.99993825 4.403928e-06 -0.011121234
vn 0 1 -4.2397022e-07
vn -2.7257934e-06 -1 4.7086073e-06
vn -5.3286328e-07 -1 3.941494e-07
vn 0 -1 5.2435948e-06
vn 5.3286061e-07 1 -3.9415195e-07
vn -6.3998164e-07 1 -5.8427622e-07
vn -4.726156e-06 1 -5.2834293e-06
vn -2.4776798e-06 1 -4.7776653e-06
vn -3.6815743e-06 1 -3.6718459e-06
vn 0 1 -5.3295817e-06
vn -0.090532653 0 0.99589354
vn -0.090532653 0 0.99589348
vn 0.090532653 0 -0.99589348
vn 0.090532668 0 -0.99589354
vn 6.3997885e-07 -1 5.8427389e-07
vn -5.7925831e-06 -1 -5.2883879e-06
vn 0.24872243 0 0.96857488
vn 0.24872242 0 0.96857488
vn 0.2487282 4.9755736e-06 0.96857339
vn 0.24872822 4.975574e-06 0.96857333
vn 0.2487282 4.975574e-06 0.96857333
vn 0.37084246 3.3696806e-06 0.9286958
vn 0.37084249 3.3696808e-06 0.92869586
vn 0.37084249 3.3696804e-06 0.9286958
vn -0.49286857 0 -0.87010384
vn -0.49286875 0 -0.87010372
vn -0.4928686 0 -0.87010384
vn -0.32555023 -5.4115417e-06 -0.94552481
vn -0.3255502 -5.4115408e-06 -0.94552481
vn -0.3255502 -5.4115417e-06 -0.94552481
vn -0.20405169 -4.4346098e-06 -0.9789601
vn -0.20405456 -1.0581115e-06 -0.97895962
vn -0.20405549 0 -0.97895944
vn -3.1022246e-06 1 -2.3514278e-06
vn -2.1373967e-06 1 -5.3821856e-07
vn 0 1 1.4274508e-09
vn 0 1 4.9479389e-08
vn 0 1 1.6203937e-07
vn 0 1 1.6324589e-07
vn 3.6815652e-06 -1 3.6718272e-06
vn 1.2611954e-06 -1 1.9120396e-06
vn 1.9991994e-06 -1 5.2610721e-06
vn -7.9241408e-07 -1 -1.8551798e-06
vn -9.3390895e-07 -1 -5.3626668e-06
vn 8.5232466e-07 -1 -5.0398789e-06
vn 1.706421e-06 -1 -2.9253031e-06
vn -0.70921928 0 -0.70498794
vn -0.70921934 0 -0.70498788
vn -0.70921928 0 -0.704988
vn 0 1 -5.3195886e-06
vn -2.9509064e-07 1 -4.7691406e-06
vn 0 -1 5.2629616e-06
vn -2.9508885e-07 -1 4.7636199e-06
vn 2.4776839e-06 -1 4.7715939e-06
vn 2.9508726e-07 -1 4.7703757e-06
vn 1.4740993e-06 -1 4.3732539e-06
vn 2.725789e-06 1 -4.7152867e-06
vn 2.9509218e-07 1 -4.7623848e-06
vn 1.4740751e-06 1 -4.4373614e-06
vn 0.70921421 0 -0.70499307
vn 0.70921427 0 -0.70499307
vn 4.726156e-06 -1 5.2834293e-06
vn 5.7925777e-06 1 5.2883825e-06
vn -1.9992096e-06 1 -5.2610899e-06
vn 0.24871966 3.0351653e-06 0.96857554
vn 0.24871966 3.0351655e-06 0.9685756
vn 0.24872525 3.0351596e-06 0.96857405
vn 0.24872528 3.0351596e-06 0.96857411
vn 0.24872527 3.03516e-06 0.96857417
vn 0.3708398 6.5752324e-06 0.92869687
vn 0.37083977 6.575232e-06 0.92869681
vn -0.32555029 0 -0.94552475
vn -0.32555026 0 -0.94552475
vn -0.20405079 -5.4927668e-06 -0.97896034
vn -0.70921409 0 -0.70499325
vn -0.70921415 0 -0.70499319
vn -1.4740681e-06 1 -4.4457288e-06
vn -1.4741063e-06 -1 4.364887e-06
vn 0.7092191 0 -0.70498812
vn 0.70921916 0 -0.70498812
vn 1 3.6598954e-06 0
vn 6.1204986e-07 1 -7.1967675e-06
vn 6.6325367e-07 1 1.3921318e-06
vn -2.1504183e-08 1 -7.6239025e-06
vn 0 -5.6447425e-06 1
vn 0 -5.644742e-06 1
vn 0 -0.84712869 -0.53138793
vn 0 1 -1.1164858e-05
vn 0 1 -1.1164905e-05
vn 1 -1.1579209e-05 0
vn -1 -4.5252423e-06 0
vn -0.91559166 -1.8225028e-05 -0.40210962
vn -0.9155916 -9.1129705e-06 -0.40210974
vn -0.9155916 -9.1126903e-06 -0.40210977
vn -2.6429805e-06 1 -8.2242912e-07
vn 1.2055477e-07 1 -9.7328098e-08
vn 0 1 1.1378957e-08
vn -0.71887457 0 -0.69513983
vn -0.71887457 -7.8310728e-07 -0.69513988
vn -0.71887547 0 -0.69513893
vn 0.73347569 0 -0.67971569
vn 0.73347616 -1.6818655e-06 -0.67971522
vn 0.73347569 0 -0.67971575
vn 0 -2.8223947e-06 1
vn 0 -2.8223949e-06 1
vn -1 -8.0627633e-06 0
vn -1 -7.3354372e-06 0
vn -1 -2.1859656e-05 0
vn 1 1.2293423e-05 0
vn 1 4.5101169e-06 0
vn 1 2.1313781e-05 0
vn -0.71887136 3.5569514e-07 0.6951431
vn -0.71887255 -1.7064558e-05 0.69514191
vn -0.71887362 -1.1174545e-05 0.69514084
vn 0.90598392 4.9393188e-06 0.42331228
vn 0.90598392 4.9393188e-06 0.42331231
vn 0.90598387 4.9393179e-06 0.42331222
vn 1.8261187e-06 3.2812461e-06 -1
vn 2.658758e-07 -8.0882783e-12 -1
vn 0 5.6447593e-06 -1
vn -0.9097181 0 -0.41522646
vn -0.90971816 0 -0.41522649
vn 1 8.6370255e-06 0
vn 1 -6.5533914e-06 0
vn 0 -0.27691764 -0.96089369
vn 0 -0.27691767 -0.96089369
vn 0 1.5382975e-12 1
vn 0 3.076595e-13 1
vn 1 5.9521756e-07 0
vn 0 0.99900162 0.04467319
vn 0 0.99900174 0.044672936
vn 0 0.99900168 0.044673257
vn -1 -6.4103602e-05 0
vn -1 -6.4103595e-05 0
vn 0 0.93213701 0.36210591
vn 0 0.93213779 0.362104
vn 0 0.93213791 0.36210343
vn 3.714491e-05 -0.8882091 0.45943958
vn 3.714491e-05 -0.88820904 0.45943958
vn 3.714491e-05 -0.88820904 0.45943955
vn -1 3.7727244e-05 0
vn -1 -2.9522482e-05 0
vn -1 -5.6451478e-05 0
vn 0.90322667 0.19677579 -0.38139361
vn 0.90322661 0.19677579 -0.38139358
vn 0.90322667 0.19677581 -0.38139361
vn 0 -0.99906421 -0.04325188
vn 0 -0.99906421 -0.043251775
vn 0 -0.99906421 -0.043251764
vn 0.86642349 0.020974558 -0.49886912
vn 0.86642361 0.020974556 -0.49886909
vn 0.86642355 0.020974556 -0.49886906
vn 0 -0.33253056 -0.94309258
vn 0 -0.33253053 -0.94309258
vn 0 -0.3325305 -0.94309253
vn -0.69100511 -0.24037071 -0.68171388
vn -0.69100511 -0.24037072 -0.68171388
vn -8.933938e-07 0.87424272 -0.4854891
vn -1.2225141e-06 0.87424427 -0.4854863
vn -1.0565345e-07 0.87423903 -0.48549575
vn 1 6.250064e-06 0
vn 0 -1 -8.4563165e-09
vn 0 -1 1.6240632e-08
vn 0 -1 3.4635974e-08
vn 0 -6.2681502e-06 1
vn 0 5.5378027e-06 1
vn 0 2.8223715e-06 1
vn 0 0.84712869 -0.53138793
vn 1 6.557681e-06 0
vn -1 -2.457662e-06 0
vn -1 -1.6989319e-05 0
vn -0.91256297 0.11321402 -0.39295223
vn -0.91256291 0.11321402 -0.39295226
vn -0.91256291 0.11321402 -0.39295223
vn -0.71887469 -1.6314755e-06 -0.69513971
vn -0.71887571 -3.1976804e-06 -0.69513863
vn 0.73347658 -3.5947617e-06 -0.6797148
vn 0.73347569 -6.9584707e-06 -0.67971581
vn 0 2.8223653e-06 1
vn 0 2.8223767e-06 1
vn 0 2.8223633e-06 1
vn -1 -9.5959422e-06 0
vn -1 1.1390055e-05 0
vn 1 -1.2293432e-05 0
vn 1 -4.5101037e-06 0
vn 1 -2.1313555e-05 0
vn -0.71888739 7.2621009e-07 0.69512665
vn -0.71888739 7.2621003e-07 0.69512665
vn 0.9059841 0 0.42331186
vn 0.90598428 0 0.4233115
vn 0.90598446 0 0.4233112
vn 9.1305412e-07 -3.281217e-06 -1
vn 0 -5.644823e-06 -1
vn -0.90971816 -1.2311439e-05 -0.41522658
vn -0.9097181 -1.2311436e-05 -0.41522652
vn -0.9097181 -1.2311436e-05 -0.41522649
vn -1 -7.4895879e-06 0
vn -1 -2.9192674e-05 0
vn 0 0.27691764 -0.96089369
vn 0 0.27691767 -0.96089369
vn 5.839679e-07 -0.99900162 0.044675443
vn 2.7065287e-06 -0.99900132 0.044682663
vn 3.0896033e-06 -0.99900126 0.044683963
vn -1 -3.220962e-05 0
vn 0 -0.93214148 0.36209431
vn 0 -0.93214148 0.36209434
vn 0 -0.93214154 0.36209437
vn 7.4289819e-05 0.88820904 0.45943955
vn 7.4289812e-05 0.88820904 0.45943952
vn 7.4289826e-05 0.8882091 0.45943961
vn -1 -4.457487e-05 0
vn -1 -4.4574866e-05 0
vn 0.90325242 -0.19670071 -0.38137117
vn 0.90325242 -0.19670069 -0.3813712
vn 0.90325242 -0.19670068 -0.38137114
vn -3.485342e-07 0.99906415 -0.043253273
vn -2.8805634e-06 0.99906373 -0.043263834
vn 0 0.99906421 -0.043251812
vn -1 4.709123e-06 0
vn -1 7.0878059e-06 0
vn -1 8.3089608e-06 0
vn 0.86642826 -0.020925598 -0.49886295
vn 0.86642826 -0.020925596 -0.49886292
vn 0.86642832 -0.020925596 -0.49886292
vn 0 0.33255094 -0.94308537
vn 0 0.33255091 -0.94308537
vn 0 0.33255091 -0.94308531
vn -0.69099677 0.24045856 -0.68169141
vn -0.69099683 0.24045856 -0.68169141
vn -0.69099683 0.24045856 -0.68169135
vn 2.4449855e-06 -0.87423879 -0.48549622
vn 2.444986e-06 -0.87423879 -0.48549619
vn 1.40967e-05 1 -7.9103751e-07
vn 8.9962441e-06 1 3.6714134e-06
vn -1.4856053e-06 1 1.7215068e-06
vn -8.1769613e-06 1 -1.0036998e-06
vn 0 -0.8471303 -0.53138524
vn 0 -0.84713036 -0.5313853
vn 0 -0.84713036 -0.53138524
vn -0.91256291 -0.11321404 -0.39295235
vn -0.91256291 -0.11321404 -0.39295232
vn -2.3166889e-05 1 -1.456532e-05
vn 0 1 7.6038503e-08
vn 0 1 1.5715642e-08
vn -0.71887356 0 -0.69514084
vn 0.73347658 0 -0.67971474
vn 0 -2.8224117e-06 1
vn 0 -2.8224115e-06 1
vn -1 -1.0929897e-05 0
vn -0.71886921 0 0.69514543
vn 0.9059844 0 0.42331126
vn 0.9059844 0 0.42331129
vn 0.90598428 0 0.4233112
vn 1.6354628e-06 5.2956506e-12 -1
vn -0.78790927 0.51918674 -0.33112562
vn -0.78790927 0.51918679 -0.33112562
vn -0.78790933 0.51918674 -0.33112565
vn 0 -0.27692056 -0.9608928
vn 0 0.99900174 0.044672891
vn -1 3.221053e-05 0
vn 1 6.4103595e-05 0
vn 0 0.93213683 0.36210641
vn 0 -0.88822085 0.45941693
vn 0 -0.88822073 0.45941702
vn 0 -0.88822061 0.45941737
vn 0 -0.88822055 0.45941737
vn -1 5.9435362e-05 0
vn 0.89002293 0.019145828 -0.45551357
vn 0.89002293 0.019145828 -0.45551354
vn 0.89002299 0.01914583 -0.45551366
vn 0 -0.99906421 -0.043251898
vn 0.86690718 0.0050792862 -0.49844384
vn 0.86690724 0.0050792862 -0.49844381
vn 0.86690712 0.0050792857 -0.49844381
vn 3.3688527e-06 -0.33258998 -0.94307154
vn 3.3688525e-06 -0.33258995 -0.9430716
vn 3.368852e-06 -0.33258992 -0.94307154
vn -0.69099188 -0.24039064 -0.68172038
vn -0.69099188 -0.24039061 -0.68172038
vn -0.69099182 -0.24039063 -0.68172044
vn 1.8741666e-05 0.8742612 -0.48545602
vn 1.8741666e-05 0.87426114 -0.48545596
vn 1.8741666e-05 0.87426114 -0.48545599
vn 0 0.87423849 -0.48549664
vn 0 -1 -2.876952e-08
vn 0 -1 -1.1400004e-07
vn 0 -1 -1.4924577e-08
vn -0.91559148 0 -0.40210977
vn 0 -1 -2.4819491e-09
vn 0 -1 -1.561915e-08
vn 0 2.8223797e-06 1
vn -0.71887362 -3.4499655e-05 0.69514084
vn 0.90598392 0 0.42331216
vn -0.78791642 -0.5191738 -0.3311291
vn -0.78791642 -0.51917374 -0.3311291
vn 0 0.27692056 -0.9608928
vn 0 -0.99900168 0.044673458
vn -1 6.4101543e-05 0
vn -1 6.4101536e-05 0
vn 2.6524351e-06 -0.93213785 0.36210358
vn 2.6524351e-06 -0.93213791 0.36210355
vn 2.6524351e-06 -0.93213785 0.36210355
vn -3.3379451e-06 0.88821381 0.45943055
vn -7.5317388e-07 0.88821918 0.45942006
vn -3.1045436e-06 0.88821423 0.45942953
vn 0 0.88822073 0.45941707
vn -1 7.0299386e-05 0
vn -1 7.0299378e-05 0
vn 0.89002478 -0.019019894 -0.45551535
vn 0.89002484 -0.019019896 -0.45551535
vn 0.89002484 -0.019019896 -0.45551538
vn -3.4327475e-06 0.99906355 -0.04326614
vn 0.86691028 -0.0050792252 -0.49843827
vn 0.86691034 -0.0050792252 -0.49843827
vn 3.3686883e-06 0.33259395 -0.94307017
vn 3.3686886e-06 0.33259398 -0.94307023
vn 3.3686883e-06 0.33259398 -0.94307017
vn -0.69102585 0.24027766 -0.68172574
vn -0.69102579 0.24027763 -0.68172574
vn 0 -0.87424326 -0.48548818
vn 0 -0.87424326 -0.48548821
vn 1.8741666e-05 -0.8742612 -0.48545593
vn 1.8741664e-05 -0.87426114 -0.48545593
vn 1.8741664e-05 -0.87426114 -0.4854559
vn 0.48519954 -0.8660261 -0.12074904
vn 0.48519957 -0.8660261 -0.12074905
vn 0.48519957 -0.86602604 -0.12074905
vn 0.97040337 0 -0.24148974
vn 0.97040337 0 -0.24149001
vn 0.97040331 0 -0.2414902
vn 0.48520094 0.86602581 -0.12074454
vn 0.485201 0.86602598 -0.12074457
vn 0.485201 0.86602598 -0.12074456
vn -0.48519823 0.86602777 0.12074272
vn -0.48519817 0.86602777 0.12074272
vn -0.4851982 0.86602771 0.12074272
vn -0.24147749 0 -0.97040641
vn -0.24145564 0 -0.9704119
vn -0.24147549 0 -0.97040695
vn -0.97040659 0 0.24147716
vn -0.97040647 0 0.24147724
vn -0.97040653 0 0.2414773
vn -0.48519817 -0.86602777 0.12074269
vn -0.48519823 -0.86602777 0.1207427
vn -0.4851982 -0.86602771 0.12074269
vn 0.2414881 0 0.97040379
vn 0.24149007 0 0.97040331
vn 0.24149112 0 0.97040308
vn 0.48520938 -0.8660211 -0.12074545
vn 0.48520935 -0.8660211 -0.12074545
vn 0.48520932 -0.86602104 -0.12074544
vn 0.97040343 0 -0.24148951
vn 0.48520142 0.86602575 -0.12074352
vn 0.48520139 0.86602581 -0.12074353
vn -0.48520893 0.86602217 0.12073969
vn -0.4852089 0.86602211 0.1207397
vn -0.48520896 0.86602217 0.12073971
vn -0.24146746 0 -0.97040898
vn -0.24150674 0 -0.97039926
vn -0.24150677 0 -0.97039914
vn -0.24150676 0 -0.97039914
vn -0.24150132 0 -0.97040051
vn -0.97040653 0 0.24147709
vn -0.48521793 -0.86601752 0.1207371
vn -0.48521787 -0.86601752 0.1207371
vn -0.48521781 -0.86601746 0.12073709
vn 0.24148922 0 0.97040355
vn 0.24148636 0 0.97040433
vn 0.24148171 0 0.9704054
vn -0.98714888 0 0.15980341
vn -0.98714894 0 0.15980345
vn -0.98714888 0 0.15980349
vn 9.9847261e-07 -1 -2.4524081e-06
vn 0 -1 -2.526338e-06
vn 7.8208842e-07 -1 -2.0428499e-06
vn 3.5450245e-07 1 2.6924652e-06
vn 3.461958e-07 1 3.0549577e-06
vn -1.9657084e-12 1 3.8647399e-06
vn -4.3080971e-07 0 1
vn -3.9507302e-07 0 1
vn -0.23871589 0 -0.97108948
vn -0.23871621 0 -0.97108936
vn -0.23871629 0 -0.97108936
vn -9.5298191e-08 0 1
vn -4.7649106e-08 4.2266737e-07 1
vn 0 1 2.5263353e-06
vn 0 1 2.5263271e-06
vn 7.6376404e-07 -1 -1.3581937e-06
vn 0 -1 1.6103069e-08
vn -7.9014586e-07 0 1
vn -4.7649117e-08 0 1
vn -5.1795047e-07 5.4417768e-08 1
vn -3.3485631e-07 -5.0673765e-07 1
vn -2.5114159e-07 -6.3052546e-08 1
vn -2.3955815e-07 8.4070265e-08 1
vn -1.7966812e-07 6.3052539e-08 1
vn 0 0.47521231 -0.87987119
vn 0 0.47521234 -0.87987113
vn 0 -0.47521231 -0.87987119
vn 0 -0.47521234 -0.87987113
vn -0.23871583 0 -0.97108948
vn -0.23871598 0 -0.97108948
vn -0.23871596 0 -0.97108942
vn -0.21140401 0.46446982 -0.85998619
vn -0.21140496 0.46447194 -0.85998487
vn -0.21140516 0.46447241 -0.85998446
vn -0.21140419 -0.46447244 -0.85998464
vn -0.21140423 -0.46447197 -0.85998499
vn -0.21140417 -0.46447256 -0.8599847
vn -7.4021193e-07 5.7813651e-07 1
vn 0 5.0673759e-07 1
vn 1 -1.0136421e-06 0
vn 1 -4.3050068e-06 0
vn 1 -5.3186468e-06 0
vn -0.98714888 0 0.15980358
vn -0.98714888 0 0.15980347
vn -0.98714894 0 0.15980338
vn -0.97793186 2.1398373e-06 0.20892425
vn -0.9779318 5.3584034e-07 0.20892437
vn -0.97793186 1.0699155e-06 0.20892425
vn -0.9779318 0 0.20892428
vn -0.9779318 0 0.2089244
vn -0.97793192 0 0.20892428
vn 4.5258491e-07 1 2.4524104e-06
vn -0.23871581 0 -0.97108948
vn 0 0.47521225 -0.87987113
vn -0.23871578 0 -0.97108948
vn -0.21140379 0.46446928 -0.85998648
vn -0.21140425 -0.46447179 -0.85998499
vn -0.98714882 0 0.15980369
vn -0.9834922 0.085992709 0.15921201
vn -0.98349214 0.085992709 0.15921199
vn -0.98349214 0.085992701 0.15921199
vn -0.98349267 -0.08598794 0.15921153
vn -0.98349261 -0.085987948 0.15921153
vn -0.47432339 -2.7190832e-05 -0.88035071
vn -0.47432533 1.2497772e-05 -0.8803497
vn -0.4743242 -3.2941127e-05 -0.88035035
vn 2.4351306e-07 1 3.8436583e-06
vn 3.0363963e-06 1 5.8946835e-06
vn 7.8823232e-06 1 1.5079606e-05
vn 0 -1 -6.9179407e-08
vn 0 -1 1.0408137e-07
vn 0 -1 -9.497181e-08
vn 0 -1 9.0014652e-08
vn 0 -1 2.0131671e-07
vn 0.47432831 0 0.88034809
vn 0.47432831 0 0.88034803
vn -0.47432813 -2.8404506e-06 -0.88034821
vn -0.47432837 0 -0.88034803
vn 1.6350143e-06 1 -9.636874e-06
vn -5.3731571e-07 1 -1.9006923e-06
vn 0.47431096 -1.1397537e-05 0.88035744
vn 0.47431093 -1.1397537e-05 0.8803575
vn 0.47431087 -1.1397538e-05 0.88035744
vn 0 -1 1.3054212e-07
vn 0 -1 -1.7296587e-08
vn -9.4296938e-06 1 -7.3900428e-06
vn 1.5145008e-05 1 9.076999e-06
vn 5.051661e-06 1 3.9829124e-06
vn -0.88034225 -3.0118792e-05 0.47433901
vn -0.88034552 -3.0815761e-05 0.47433308
vn -0.88034499 -3.0700834e-05 0.47433397
vn -0.88034517 0 0.47433379
vn -0.88034511 0 0.47433373
vn -0.88034517 0 0.47433376
vn -0.47432598 2.0745289e-05 -0.8803494
vn -0.47432461 2.1284208e-05 -0.88034999
vn -0.47432607 2.0708547e-05 -0.88034934
vn 0 -1 -1.3703634e-07
vn 0 -1 -6.5133882e-08
vn 0.47432888 -1.1541554e-05 0.88034773
vn 0.47432989 -1.1979001e-06 0.88034719
vn 0.47432876 -1.2739592e-05 0.88034785
vn -3.7843317e-06 1 -5.473983e-06
vn 8.995064e-07 1 5.7154671e-07
vn 5.0387337e-07 1 4.3611653e-06
vn 1.447163e-07 1 -6.1641017e-06
vn 0 -1 3.2163552e-08
vn 0 -1 1.3015593e-07
vn 0 -1 1.2368826e-08
vn 0 -1 3.6843328e-08
vn 5.5575824e-06 1 4.3286109e-06
vn -1.0328145e-06 1 -1.5377935e-06
vn 0.35196629 1.1566494e-05 -0.93601274
vn 0.3519665 2.0557541e-06 -0.93601263
vn 0.35196659 0 -0.93601257
vn 0 -1 1.6508707e-08
vn 0.47432795 -1.1742739e-05 0.88034821
vn 0.47432733 -1.5337978e-06 0.88034856
vn 0.47432813 -1.3276367e-05 0.88034821
vn -0.4743233 1.6735774e-05 -0.88035071
vn -0.47433135 1.707059e-05 -0.88034648
vn -2.0236928e-06 1 -2.1488731e-06
vn -0.28710708 -1.4653309e-05 0.95789856
vn -0.28710371 -1.9883313e-05 0.95789957
vn -0.28710753 -1.3868713e-05 0.95789838
vn -0.88034511 0 0.47433364
vn -0.88034517 0 0.47433361
vn -0.88034517 0 0.4743337
vn 0 -1 -3.751509e-07
vn 0 -1 -1.6223574e-07
vn 0.97529787 3.8042515e-05 0.22089429
vn 0.97529751 -3.804269e-05 0.22089528
vn 0.97529757 -5.4488184e-05 0.22089553
vn 0.88034999 0 -0.47432476
vn 0.88034981 0 -0.47432518
vn 0.88034976 0 -0.4743253
vn -5.5878968e-06 1 -2.862452e-06
vn 1.4093636e-06 1 -2.2267905e-06
vn -4.3448613e-06 1 -1.1620691e-05
vn -8.4251124e-06 1 -6.7542851e-06
vn -4.2389966e-06 1 -9.5752114e-07
vn -9.7225202e-06 1 -1.754762e-05
vn -1.0509544e-05 1 -1.9928715e-05
vn 0.88034743 0 -0.47432968
vn -0.47432476 -4.8420247e-06 -0.88035005
vn -0.4743267 -4.8419961e-06 -0.88034892
vn -0.47432774 -4.8419811e-06 -0.88034838
vn 0.47432366 4.8419934e-06 0.88035059
vn 0.47432366 4.8419929e-06 0.88035059
vn 0.47433496 0 0.88034445
vn 0.47433493 0 0.88034451
vn 0.47431174 0 0.88035697
vn 0.47431171 0 0.88035697
vn 0.47431174 0 0.88035703
vn -0.8803457 0 0.47433272
vn -0.8803457 0 0.47433281
vn -0.8803463 6.8398722e-06 0.4743315
vn -0.8803463 6.8398726e-06 0.4743315
vn -0.88034636 6.8398731e-06 0.47433153
vn -0.47432458 2.1320951e-05 -0.88035005
vn 0.4743301 0 0.88034707
vn -6.1742035e-06 1 -8.0297668e-06
vn 0.3519662 1.3622036e-05 -0.93601274
vn 0.47432724 0 0.88034874
vn -0.47433043 0 -0.88034689
vn -0.47433043 0 -0.88034695
vn -1.7209944e-05 1 -1.5887141e-05
vn -0.28710315 -2.0667911e-05 0.95789969
vn -0.88034672 -3.1062929e-05 0.47433093
vn 0.97529787 5.4487817e-05 0.22089404
vn 0.88034999 0 -0.47432461
vn -3.4520153e-06 1 1.4234471e-06
vn 0.8803494 0 -0.47432581
vn 0.88034946 0 -0.47432581
vn 0.88034946 0 -0.47432575
vn -0.47432375 -4.8420393e-06 -0.88035047
vn 0.47432354 0 0.88035059
vn 0.47432357 0 0.88035059
vn 8.7763886e-11 -1 0
vn 1.3881124e-05 -1 0
vn 1.3881111e-05 -1 0
vn 0.49998847 -7.5954831e-06 0.86603212
vn 0.49998918 -5.1892498e-06 0.86603171
vn 0.49999085 0 0.86603069
vn 0.50000155 -6.3924099e-06 -0.86602455
vn 0.50000155 -6.3924094e-06 -0.86602449
vn 0.50000155 -6.3924103e-06 -0.86602455
vn -0.50000048 -6.3923148e-06 -0.86602521
vn -0.50000042 -6.3923139e-06 -0.86602515
vn -0.50000042 -6.3923148e-06 -0.86602521
vn -0.49998826 -1.3915177e-06 0.86603224
vn -0.49998939 -5.0008634e-06 0.86603159
vn -0.49999198 -1.2784903e-05 0.8660301
vn 0 -1 2.8421599e-07
vn -0.50000119 0 -0.86602473
vn -0.50000584 0 0.86602205
vn -0.50000584 0 0.86602211
vn 0.50000119 -3.2653e-07 0.86602479
vn 0.50000119 -3.2653003e-07 0.86602485
vn 0.50000119 -3.2653e-07 0.86602473
vn 1 9.999842e-07 0
vn 1 1.7654581e-06 0
vn 1 2.7654426e-06 0
vn 0.50000286 0 -0.86602384
vn 0.50000417 0 -0.86602312
vn 0.50000584 0 -0.86602211
vn 0 -1 -2.8421971e-07
vn 0 -1 -4.2664272e-08
vn 0 -1 4.2663618e-08
vn 0 -1 4.2923875e-07
vn 0 -1 -4.2922179e-07
vn 7.593922e-11 -1 0
vn -1.3880936e-05 -1 0
vn -1.388082e-05 -1 0
vn 0.49998683 -1.2784935e-05 0.86603308
vn 0.50000012 0 -0.86602539
vn 0.50000012 0 -0.86602545
vn -0.50000119 0 -0.86602479
vn -0.50000125 0 -0.86602479
vn -0.49998572 6.3923721e-06 0.86603373
vn -0.50000119 0 0.86602479
vn -0.50000119 0 0.86602473
vn -0.50000119 0 0.86602485
vn 0.50000119 3.0919625e-06 0.86602485
vn 0.50000119 3.0919623e-06 0.86602473
vn 0.50000119 3.0919623e-06 0.86602479
vn 0.50000119 0 -0.86602473
vn -1 -5.8821951e-07 0
vn -1 3.6109515e-08 0
vn -1 4.0547025e-07 0
vn -1.8682294e-07 0.83898014 -0.54416215
vn -4.9399574e-07 0.83897763 -0.54416603
vn -1.7020506e-07 0.83898026 -0.54416198
vn 1 -9.2607188e-08 0
vn 1 -1.1346102e-06 0
vn 1 -1.1989744e-06 0
vn -4.3097054e-07 0.95372123 -0.3006925
vn -3.7268016e-08 0.95372212 -0.30068958
vn -4.6823851e-07 0.95372117 -0.3006928
vn -9.4473393e-07 -8.6036172e-14 1
vn -9.4473251e-07 -6.6548506e-07 1
vn -9.4473256e-07 -7.169669e-13 1
vn -8.3150153e-09 0.25766996 -0.96623302
vn -2.0649379e-07 0.25767151 -0.96623266
vn -2.1480882e-07 0.25767159 -0.96623266
vn 1 -3.0930545e-07 0
vn 1 5.7773713e-07 0
vn 1 -7.009412e-07 0
vn -1 -1.2290612e-07 0
vn -1 7.369141e-07 0
vn -1 -5.4195613e-07 0
vn 1 2.391047e-06 0
vn -1 -4.8060951e-07 0
vn -1 -5.1653069e-07 0
vn 4.223206e-07 -0.83897752 -0.54416621
vn 3.6334126e-07 -0.83897674 -0.5441674
vn 3.6015049e-07 -0.83897662 -0.54416746
vn 1 3.7430891e-06 0
vn 1 3.6124823e-06 0
vn 4.6999534e-07 -0.95372236 -0.30068883
vn 4.8856077e-07 -0.9537223 -0.3006888
vn 4.9031814e-07 -0.9537223 -0.3006888
vn -9.4473273e-07 6.6548472e-07 1
vn -1.8986597e-07 -0.25767148 -0.96623266
vn 4.0467407e-07 -0.25766659 -0.96623391
vn -2.1481048e-07 -0.25767168 -0.9662326
vn 4.4670111e-07 -1 0
vn 4.4670099e-07 -1 0
vn 1 -1.1642253e-06 0
vn -1 -5.8756598e-07 0
vn -1 -4.2547941e-07 0
vn -5.1061346e-07 0.8389774 -0.54416627
vn 0 0.95372224 -0.30068931
vn -9.4473262e-07 8.0677364e-07 1
vn 0 0.25766987 -0.96623302
vn -1 1.8062356e-06 0
vn 4.255113e-07 -0.83897752 -0.54416615
vn 4.6823789e-07 -0.95372236 -0.30068883
vn -9.4473546e-07 -8.0677614e-07 1
vn 4.2961824e-07 -0.25766641 -0.96623403
vn 4.4670108e-07 -1 0
vn 1 -2.5594125e-06 0
vn -2.682277e-06 -1.7138167e-06 1
vn -4.384563e-06 -6.7713802e-07 1
vn -7.0668625e-06 9.5635983e-07 1
vn 6.4248998e-06 -0.96767396 -0.25220445
vn 1.5902859e-07 -0.9676742 -0.25220376
vn -7.3154797e-07 -0.9676742 -0.25220364
vn -4.9386472e-07 0.81118262 0.58479291
vn -4.1575456e-07 0.8111825 0.58479303
vn 0 0.81118214 0.58479369
vn -1.1541546e-06 2.4246508e-06 -1
vn -1.7916014e-06 1.5619734e-06 -1
vn 0 3.986605e-06 -1
vn -5.7470602e-06 -1.2530547e-06 1
vn -5.7107318e-06 -1.1378731e-06 1
vn -5.8043029e-06 -1.434545e-06 1
vn -1 -1.0989277e-07 0
vn -4.0480506e-07 0.96767426 -0.25220343
vn -3.2529269e-06 0.96767443 -0.25220278
vn 0 0.96767426 -0.25220352
vn -1.9754634e-06 -0.81118327 0.58479202
vn -1.6630308e-06 -0.81118321 0.58479214
vn -3.6385024e-06 -0.81118363 0.58479148
vn -0.51547569 1.5308905e-07 0.85690415
vn -0.51547605 9.7617954e-07 0.85690403
vn -0.51547557 2.729395e-07 0.85690427
vn 0 -3.8204394e-06 -1
vn 8.7724521e-07 -3.8204394e-06 -1
vn 1.5692054e-07 -3.0361748e-06 -1
vn 0 -3.8204435e-06 -1
vn 0 -3.820438e-06 -1
vn 0 -3.8204503e-06 -1
vn 0.013129737 -4.644844e-07 0.99991381
vn 0.013129432 -1.2044155e-06 0.99991381
vn 0.013129516 -4.6093569e-07 0.99991387
vn 0.13016492 -3.395773e-07 0.99149245
vn 0.13016486 -7.4541038e-07 0.99149245
vn 0.13016483 6.5546239e-08 0.99149239
vn 0.30373383 0 0.952757
vn 0.30373314 0 0.95275724
vn 0.30373365 -5.0192193e-07 0.952757
vn 0 -3.8204403e-06 -1
vn 0 1 -5.2657246e-08
vn 0 1 -1.5111489e-08
vn 0 1 -6.3051395e-08
vn 1.7482789e-08 1 1.5712029e-06
vn 0 1 7.8401092e-07
vn 3.7716993e-07 1 1.5224391e-06
vn 3.0688531e-07 1 1.5193096e-06
vn 9.8331128e-08 1 1.5893754e-06
vn 1.7544871e-06 1.910217e-06 -1
vn 2.8447655e-06 1.9102245e-06 -1
vn 2.844766e-06 1.910231e-06 -1
vn 2.4748106e-06 1.1259463e-06 -1
vn 0.47166905 -5.3281343e-07 0.88177574
vn 0.47166941 1.8325558e-07 0.88177556
vn 0.47166988 -2.4647787e-07 0.88177532
vn 0.094352573 -3.6243554e-07 0.99553883
vn 0.094352745 5.1525666e-07 0.99553883
vn 0.0943527 -4.3023493e-07 0.99553889
vn 0.30373454 0 0.9527567
vn 0.19000769 0.78016514 0.59601974
vn 0.19000769 0.78016514 0.5960198
vn 0.19000767 0.78016508 0.5960198
vn 0.079445995 0.7921294 0.60516065
vn 0.079445124 0.79212838 0.60516214
vn 0.079444617 0.79212785 0.60516298
vn 0.0079711359 0.79461581 0.60706031
vn 0.0079711927 0.79461652 0.60705942
vn 0.0079711955 0.79461652 0.60705936
vn 0.30885643 0.75578904 0.57739991
vn 0.30885658 0.75578988 0.57739878
vn 0.30885673 0.75579071 0.57739753
vn -0.33185107 0.76521307 0.55165565
vn -0.33185115 0.76521295 0.55165565
vn -0.33185035 0.76521349 0.55165553
vn 0.057441637 0.79332858 0.60607791
vn 0.057440672 0.79332769 0.60607916
vn 0.05743992 0.79332691 0.60608011
vn -1 2.4789105e-07 0
vn -1 9.0981033e-05 0
vn -1 5.9301354e-05 0
vn -0.99999952 -0.0008664715 -0.00042100606
vn -0.99999952 -0.00086647156 -0.00042100606
vn -0.99999958 -0.00086647156 -0.00042100603
vn -1 0 5.4241878e-05
vn -1 0 5.4241475e-05
vn -1 0 5.4241904e-05
vn -1 3.96385e-05 3.7477726e-05
vn -1 3.9638497e-05 3.7477723e-05
vn -1 8.1657608e-06 0
vn -1 8.1657618e-06 0
vn 0 1.9102197e-06 -1
vn 0 1.9102195e-06 -1
vn 0 3.4783534e-07 -1
vn 0 1.5623843e-06 -1
vn 7.2545504e-07 2.1932779e-06 -1
vn 1.1217166e-07 3.6094755e-06 -1
vn 0 3.8685034e-06 -1
vn -0.74417388 0 -0.66798598
vn -0.74417526 0 -0.66798443
vn -0.74417186 0 -0.66798824
vn 1 1.1136818e-08 0
vn 1 1.8664353e-07 0
vn 1 1.9778038e-07 0
vn 1 -7.2314108e-08 0
vn 1 -1.2119083e-06 0
vn 1 -1.2842223e-06 0
vn 0.74417442 0 -0.66798532
vn 0.74417448 0 -0.66798538
vn 0.74417996 0 -0.66797918
vn -1 1.0436695e-05 0
vn -1 6.227221e-07 0
vn -0.74418348 0 -0.66797531
vn -0.74418342 0 -0.66797531
vn -1 -1.0457848e-05 0
vn -1 -9.9037254e-07 0
vn -1 -3.8950279e-07 0
vn -1.3387478e-06 -1.157178e-06 -1
vn 5.0111493e-07 3.0914291e-06 -1
vn -1.6752664e-06 -1.934266e-06 -1
vn 0.74415702 0 -0.66800481
vn 0.74415702 0 -0.66800475
vn -0.51547539 -7.3649801e-07 0.85690439
vn -6.3714191e-07 -3.2976261e-06 -1
vn -4.8022144e-07 -1.0456886e-06 -1
vn -8.7725192e-07 -3.8204689e-06 -1
vn 0.013129636 2.8188049e-07 0.99991381
vn 0.13016491 4.4799413e-07 0.99149245
vn 0.30373222 -2.0635948e-06 0.95275748
vn 0.30373338 -1.0781005e-06 0.95275712
vn 3.5533076e-06 -1 2.730439e-07
vn 6.7687211e-07 -1 7.5641265e-07
vn 0 -1 1.5776114e-06
vn 2.6501257e-06 -2.0478898e-07 -1
vn -6.371418e-07 -3.2976279e-06 -1
vn 2.8447887e-06 0 -1
vn -8.7725078e-07 -3.8204703e-06 -1
vn 0.47166905 -1.1252713e-06 0.88177568
vn 0.094352514 -1.2899339e-06 0.99553895
vn 0.19000803 -0.78016365 0.59602147
vn 0.19000803 -0.78016376 0.59602153
vn 0.079446986 -0.79212719 0.6051634
vn 0.079447456 -0.79212755 0.60516298
vn 0.079446718 -0.79212701 0.60516369
vn 0.0079712449 -0.79461408 0.60706252
vn 0.0079711201 -0.79461348 0.60706335
vn 0.0079712551 -0.79461408 0.60706252
vn 0.30885684 -0.75578731 0.57740211
vn 0.3088567 -0.75578749 0.57740188
vn 0.30885699 -0.75578707 0.57740229
vn -0.33185261 -0.76521248 0.55165535
vn -0.33185276 -0.76521266 0.55165505
vn -0.33185408 -0.76521361 0.55165303
vn 0.057443433 -0.79332739 0.60607916
vn 0.057442818 -0.79332727 0.60607946
vn 0.057443906 -0.79332751 0.60607892
vn 1 0.00021841811 -5.424146e-05
vn 1 0.00021841811 -5.4241456e-05
vn -1 5.4449121e-09 5.4241373e-05
vn -1 1.1454122e-07 5.4241649e-05
vn -1 1.1889229e-07 5.4241664e-05
vn -1 -7.4322226e-05 3.7477745e-05
vn 4.783979e-06 1.5418166e-06 -1
vn 4.7839717e-06 1.9102383e-06 -1
vn 9.2035651e-07 3.4783525e-07 -1
vn 2.0489998e-07 1.5623849e-06 -1
vn 0 1.9102204e-06 -1
vn -2.243431e-07 1.4162111e-06 -1
vn -1.4509232e-06 -1.4162118e-06 -1
vn 0 1.9342651e-06 -1
vn -0.74417102 -2.8890188e-06 -0.66798919
vn -0.74417037 -4.7608028e-06 -0.66798985
vn -0.74416941 -7.6498418e-06 -0.66799098
vn 1 -9.8139872e-06 0
vn 1 9.8139872e-06 0
vn 1 -1.10595e-05 0
vn 0.74417198 2.1949884e-06 -0.66798812
vn 0.74417198 2.1949882e-06 -0.66798806
vn 0.74418867 1.1146532e-06 -0.66796952
vn 0.74418873 1.1146531e-06 -0.66796947
vn -0.74418247 9.5153132e-07 -0.66797644
vn -0.74418175 1.5680538e-06 -0.66797715
vn -0.7441808 2.5195916e-06 -0.66797835
vn 0 3.8685303e-06 -1
vn 0 3.8685321e-06 -1
vn 0.74414045 4.6884506e-06 -0.66802323
vn 0.74414045 4.6884497e-06 -0.66802317
vn 0.74414045 4.6884502e-06 -0.66802323
vn 0 -3.3473007e-06 1
vn 7.3154783e-06 -0.96767396 -0.25220457
vn -9.0961413e-07 0.81118304 0.58479232
vn -2.9457694e-06 0 -1
vn -5.6534891e-06 -9.5638131e-07 1
vn -1 -3.0437604e-06 0
vn -1 -1.6931551e-07 0
vn -3.657741e-06 0.96767443 -0.25220272
vn 0 -0.81118286 0.58479261
vn -2.930912e-07 1 7.1282443e-07
vn -0.51547617 0 0.85690391
vn 1 -0.00023259196 0
vn 1 -0.00023259198 0
vn 1 -0.00023259195 0
vn 0 -3.8204048e-06 -1
vn 0.013129887 4.9580416e-07 0.99991387
vn 0.13016497 -1.1076596e-06 0.99149245
vn 0.3037352 0 0.95275658
vn 1.4775831e-07 1 1.6730231e-06
vn -1.5063659e-06 1 0
vn -4.2774212e-07 1 1.1175802e-06
vn 0 1 1.5776114e-06
vn 0.47166857 -1.5146736e-06 0.88177603
vn 0.094352506 3.1954221e-07 0.99553895
vn 0.19000897 0.78016496 0.59601945
vn 0.190009 0.78016502 0.59601945
vn 0.19000901 0.78016502 0.59601951
vn 0.079446502 0.79213005 0.6051597
vn 0.0079711331 0.79461575 0.60706037
vn 0.30885628 0.75578815 0.57740116
vn -0.33185196 0.7652126 0.55165583
vn 0.057442453 0.7933293 0.60607672
vn -1 5.4266434e-06 -3.9668084e-05
vn -1 5.4266434e-06 -3.9668088e-05
vn -1 5.4266429e-06 -3.9668084e-05
vn 1 -0.00021841811 -5.4241042e-05
vn 1 -0.00021841811 -5.4241045e-05
vn -1 0 5.4241456e-05
vn -1 0 -3.5058456e-06
vn -1 0 -3.5058451e-06
vn -1 0.00011129477 0
vn 0 1.9102192e-06 -1
vn 8.376266e-07 1.9342506e-06 -1
vn -0.74417734 0 -0.66798216
vn 0.74417216 5.8185724e-06 -0.66798794
vn 0.74417216 5.8185715e-06 -0.66798788
vn 0.74417984 0 -0.66797936
vn 0.74417984 0 -0.66797942
vn -1 1.1059502e-05 0
vn -0.74418354 0 -0.66797519
vn -1 -1.1058521e-05 0
vn 8.376266e-07 3.8685012e-06 -1
vn 0.7441569 -8.4015273e-06 -0.66800493
vn 0 -1 3.5447627e-08
vn -0.51547539 0 0.85690439
vn 1 5.0904478e-06 0
vn 1 3.2060684e-06 0
vn 1 3.2060686e-06 0
vn 0.013129639 -1.4254369e-06 0.99991387
vn 0.13016495 0 0.99149239
vn 0 -1 7.6102808e-08
vn 0 -1 -1.3654984e-09
vn 6.5902987e-07 -1 3.3849712e-08
vn 0 -1 6.3915087e-07
vn 0 -1 6.3915081e-07
vn 0 -1 4.2990997e-08
vn 0 -1 -9.0000412e-07
vn 0.47166815 0 0.88177621
vn 0.094352514 -9.5862663e-07 0.99553895
vn 0.19001164 -0.78016466 0.59601921
vn 0.19001161 -0.78016454 0.59601921
vn 0.19001162 -0.7801646 0.59601909
vn 0.079447724 -0.79212767 0.60516268
vn 0.0079711108 -0.79461342 0.60706347
vn 0.30885658 -0.75578773 0.5774017
vn -0.33185145 -0.76521182 0.5516572
vn 0.0574423 -0.79332715 0.60607964
vn -0.99999857 -0.0017383721 9.3784065e-06
vn -0.99999857 -0.001738372 9.3784056e-06
vn -1 0 5.4241369e-05
vn -1 0 -3.5059438e-06
vn -1 0 -3.5059431e-06
vn -1 0 -3.5059434e-06
vn 1.1252562e-06 0 -1
vn -0.74417198 0 -0.66798806
vn 1 1.10595e-05 0
vn 0.74417198 0 -0.66798812
vn 0.74417198 0 -0.66798806
vn 0.74419266 0 -0.66796511
vn 0.74414045 0 -0.66802317
vn 0.74414045 0 -0.66802323
vn 0 0.38701487 -0.9220736
vn 0 0.38701475 -0.92207348
vn 0 0.38701484 -0.92207354
vn 0 0.93562663 -0.35299134
vn 0 0.93562615 -0.35299256
vn 0 0.93562597 -0.35299325
vn 0 1.5779044e-06 1
vn 0 0.40160558 -0.91581273
vn 0 0.40160561 -0.91581279
vn 1 -1.3047974e-05 0
vn 1 -1.3047973e-05 0
vn 1.7354943e-06 0.93562585 -0.35299355
vn 1.7354942e-06 0.93562573 -0.35299358
vn 1.7354944e-06 0.93562579 -0.35299355
vn -2.2240702e-06 -6.1079129e-07 1
vn -1.3921887e-06 -3.0539496e-07 1
vn -3.1521981e-06 -8.6568087e-07 1
vn 0 -0.38701096 -0.92207515
vn 0 -0.38701099 -0.92207521
vn -1 1.0921144e-05 0
vn -1 1.0921143e-05 0
vn -1 1.0921145e-05 0
vn 0 -0.93562567 -0.35299397
vn 0 -0.93562567 -0.35299385
vn 0 -0.93562561 -0.35299394
vn 0 -1.5779044e-06 1
vn 1.0642362e-11 -1 3.5082351e-06
vn 3.6326664e-12 -1 3.5082387e-06
vn 1.427504e-11 -1 3.5082339e-06
vn 0 -0.40161794 -0.91580731
vn 0 -0.401618 -0.91580731
vn 0 -0.40161806 -0.91580737
vn 1 2.1635258e-06 0
vn 1 2.6233683e-06 0
vn 1 -3.2620148e-06 0
vn -5.1926704e-06 -0.93562424 -0.3529976
vn -2.4394128e-06 -0.9356246 -0.35299686
vn -7.6320785e-06 -0.93562406 -0.35299826
vn -4.4481635e-06 3.5589849e-07 1
vn 0 -4.3283404e-07 1
vn 0 0.37543038 -0.92685062
vn 0 0.37543139 -0.92685026
vn 0 0.37543145 -0.9268502
vn 1 9.062127e-06 3.0694059e-06
vn 1 6.3652197e-07 2.1559444e-07
vn 0 1 9.7422008e-09
vn 0 1 7.764375e-07
vn -4.187427e-07 0.93562645 -0.352992
vn -3.5144588e-08 0.93562543 -0.35299471
vn 0 0.93562526 -0.35299498
vn -1 8.7570236e-09 0
vn -1 2.8239253e-06 0
vn -1 3.4479351e-06 0
vn -1 3.4828508e-06 0
vn -1 -5.4761217e-06 0
vn -1 -5.4761213e-06 0
vn 1 2.7497288e-06 2.1583413e-07
vn 1 1.4435573e-08 0
vn 1 1.4505634e-08 0
vn -0.74418527 0 0.66797334
vn 0.74417084 -7.0886908e-06 0.66798943
vn 0.74417078 -7.0886908e-06 0.66798943
vn 0.74417078 -7.0886904e-06 0.66798943
vn 0 2.3564671e-06 1
vn 0 2.3564678e-06 1
vn 0 2.356468e-06 1
vn 9.0775563e-07 -5.2054742e-07 1
vn 1.1271147e-07 -4.1923877e-06 1
vn 0 -4.7129356e-06 1
vn 0 -4.7129361e-06 1
vn 0 -4.7129352e-06 1
vn 0 -4.7129342e-06 1
vn -6.8233282e-07 -3.9321126e-06 1
vn 1.7028004e-06 1.5756463e-06 1
vn 2.040935e-06 2.3564678e-06 1
vn 0.74417251 0 0.66798759
vn 0.74417204 0 0.66798812
vn 0.74417067 0 0.66798961
vn -0.74417078 0 0.66798943
vn -1 1.0287108e-05 0
vn -1 -1.0286685e-05 0
vn -1 1.2131801e-05 0
vn 0 -0.37543127 -0.92685032
vn 0 -0.3754313 -0.92685032
vn 0 -0.37543121 -0.92685032
vn -1.940673e-06 1.7108147e-06 1
vn -7.3238493e-07 6.4563937e-07 1
vn -2.6730731e-06 2.3564678e-06 1
vn 0 -1 3.8047837e-08
vn -8.3748581e-08 -0.93562639 -0.35299218
vn -7.0289197e-09 -0.93562645 -0.35299191
vn -9.0777512e-08 -0.93562633 -0.35299218
vn -1 3.4617146e-06 0
vn -1 3.6076096e-06 0
vn -1 4.9037669e-07 0
vn -1 2.4228402e-08 0
vn 1 2.6928245e-08 3.207894e-05
vn 1 0 3.2234671e-05
vn 1 -1.604582e-05 0
vn 1 -1.6045818e-05 0
vn 1 -1.579389e-05 0
vn -0.74418539 1.613349e-06 0.66797316
vn -0.74418539 1.6133489e-06 0.66797322
vn -0.74418533 1.613349e-06 0.66797322
vn 1 -1.0709525e-07 0
vn 1 -1.3016323e-06 0
vn 1 -1.4087373e-06 0
vn 0.74417067 -9.4817284e-07 0.66798961
vn 0.74417061 -9.4817284e-07 0.66798967
vn 4.1656045e-07 8.7545862e-07 1
vn 1.5718406e-06 -3.231919e-06 1
vn 0 2.3564596e-06 1
vn 1.1813121e-06 -3.6596696e-06 1
vn 2.0681645e-07 1.3032017e-06 1
vn 1.3881282e-06 -4.7129342e-06 1
vn 0.74417382 0 0.66798604
vn 0.74417377 0 0.66798609
vn -0.74417382 -1.8345737e-06 0.66798604
vn -0.74417382 -1.8345738e-06 0.66798604
vn -0.74417382 -1.8345739e-06 0.66798609
vn -1 -8.2667739e-08 0
vn -1 -1.0046618e-06 0
vn -1 -1.0873222e-06 0
vn -1 -3.2480443e-08 0
vn -1 -3.9476575e-07 0
vn -1 -4.2724906e-07 0
vn 1 1.6494052e-08 0
vn 1 2.0045354e-07 0
vn 1 2.1694611e-07 0
vn 0 0.93562692 -0.35299069
vn 0 1.5779043e-06 1
vn 4.2488864e-06 0.40161753 -0.9158076
vn 4.2488869e-06 0.40161756 -0.9158076
vn 1.7354943e-06 0.93562573 -0.35299385
vn 1.7354942e-06 0.93562573 -0.35299385
vn 1.7354942e-06 0.93562573 -0.35299388
vn -1 -1.2909031e-06 0
vn -1 -1.290903e-06 0
vn 3.4003428e-06 0 1
vn 3.4003435e-06 0 1
vn 0 -1 3.5082401e-06
vn -4.248926e-06 -0.40161273 -0.91580969
vn -4.2489255e-06 -0.40161276 -0.91580963
vn -4.2489264e-06 -0.40161276 -0.91580969
vn 1 2.9067783e-06 0
vn 0 -0.93562484 -0.35299617
vn -6.3044417e-06 8.6567508e-07 1
vn 0 0.37543035 -0.92685068
vn 1 1.1118648e-05 3.7659638e-06
vn -1.3363936e-07 1 3.2679814e-06
vn -7.9106184e-07 1 2.5064139e-06
vn -2.9531364e-07 1 3.0631209e-06
vn -1.6852339e-07 1 1.0624301e-06
vn -2.205251e-07 1 3.9438846e-06
vn -3.9044062e-07 1 2.5627853e-06
vn -4.5388728e-07 0.93562651 -0.35299173
vn -1 7.2152152e-06 0
vn 1 2.7869444e-06 0
vn -0.74418205 0 0.66797692
vn -0.74418205 0 0.66797686
vn 0.74417382 0 0.66798609
vn 1.020467e-06 0 1
vn -1.020467e-06 -4.7129333e-06 1
vn 0.74417394 0 0.66798592
vn -0.74417382 1.4177304e-05 0.66798609
vn -0.74417382 1.4177303e-05 0.66798604
vn -0.74417382 1.4177304e-05 0.66798604
vn -1 -1.2131212e-05 0
vn 0 -0.37543127 -0.92685026
vn 1 5.5592004e-06 0
vn 1 5.5592e-06 0
vn 0 -1 -5.8565565e-08
vn 4.3272157e-06 -1 0
vn 4.1476396e-06 -1 -3.2358369e-06
vn 2.5667657e-06 -1 -1.8769833e-06
vn 9.2599009e-07 -1 -6.4207796e-07
vn 0 -1 -1.1188547e-07
vn 0 -1 4.1477259e-07
vn 0 -0.93562639 -0.35299188
vn 1 3.1558808e-05 0
vn 0.74417382 -7.0886522e-06 0.66798609
vn 0.74417377 -7.0886508e-06 0.66798604
vn 0.74417377 -7.0886517e-06 0.66798604
vn 1.9884055e-06 -4.7129361e-06 1
vn 0.74417061 0 0.66798961
vn 0.74417061 0 0.66798967
vn -0.74417061 0 0.66798961
vn -0.74417061 0 0.66798967
vn -0.74417067 0 0.66798961
vn 7.9484913e-08 -0.5000031 0.86602372
vn 5.6430537e-07 -0.50000113 0.86602479
vn 6.4378929e-07 -0.50000083 0.86602491
vn 3.4493183e-07 -0.50000036 -0.86602533
vn 4.8584738e-08 -0.49999923 -0.86602592
vn 0 -0.49999908 -0.86602598
vn -1.034794e-06 0.50000423 0.86602306
vn -1.457546e-07 0.50000572 0.86602211
vn 0 0.50000602 0.86602205
vn 4.8584717e-08 0.50000024 -0.86602539
vn 3.449322e-07 0.49999851 -0.86602628
vn 3.9351701e-07 0.49999827 -0.86602652
vn 0 -0.5000034 0.86602354
vn 3.935165e-07 -0.50000048 -0.86602515
vn -1.1805466e-06 0.50000399 0.86602318
vn 0 0.50000048 -0.86602515
vn 0 -1 -5.575017e-06
vn 0 -1 -5.5458618e-06
vn 0 -1 -5.4774482e-06
vn 1 1.9728316e-06 2.6838798e-06
vn 1 1.2163779e-06 3.7773286e-06
vn 1 3.8295279e-06 2.921698e-11
vn -0.9278214 0.37302476 0
vn -0.92782074 0.37302661 0
vn -0.92781991 0.37302861 0
vn 0 0.87824094 -0.47821847
vn 0 0.878241 -0.47821853
vn 0 3.7753108e-07 1
vn 1 1.7031022e-06 4.2396146e-06
vn 1 3.3911135e-07 5.4545239e-07
vn 0 -1.2946403e-07 1
vn 0 -3.1410173e-06 1
vn 0 1.5865368e-08 1
vn -0.94551659 4.0551521e-07 -0.32557428
vn -0.94551635 0 -0.32557461
vn -0.94551688 1.5120822e-06 -0.32557318
vn 1 7.7568848e-07 0
vn 0 1.1459033e-06 -1
vn 0 1.1459032e-06 -1
vn 0 -0.87824047 -0.47821942
vn 0 -0.87824053 -0.47821924
vn 0 -0.87824059 -0.47821906
vn -0.78463507 0.56570601 -0.25362283
vn -0.78463507 0.56570596 -0.2536228
vn -0.81115258 0.58483464 0
vn -0.81115383 0.58483285 0
vn -0.81115496 0.5848313 0
vn 0 -1 -5.6434315e-06
vn -0.92782223 0.37302276 0
vn 0 0.8782407 -0.47821879
vn 0 0.87824082 -0.47821882
vn 0 3.5670593e-07 1
vn -0.94551694 1.7593632e-06 -0.32557297
vn 0 -0.87824041 -0.47821942
vn -0.81115139 0.58483618 0
vn 0.50000882 -2.245323e-06 -0.86602032
vn 0.50000882 -2.2453232e-06 -0.86602044
vn 0.50000882 -2.245323e-06 -0.86602038
vn 1 4.9490341e-06 0
vn 1 -8.7777615e-08 0
vn 1 -5.2462883e-06 0
vn 0.50000513 -1.9252009e-07 0.86602247
vn 0.50000507 -1.9252009e-07 0.86602253
vn 0.50000507 -1.9252008e-07 0.86602247
vn -0.49999225 2.6014218e-06 0.86602992
vn -0.49999347 2.0704222e-07 0.8660292
vn -0.49999478 -2.24526e-06 0.86602849
vn -0.499991 -4.2980942e-06 -0.86603063
vn -0.49999097 -4.2980937e-06 -0.86603063
vn 0.50000507 0 -0.86602253
vn 0.50000507 0 -0.86602247
vn 0.50000513 0 -0.86602247
vn 1 1.0107545e-05 0
vn 0.50000882 0 0.86602044
vn 0.50000882 0 0.86602038
vn 0.50000882 0 0.86602032
vn -0.499991 5.0537319e-06 0.86603063
vn -0.49999472 0 -0.86602843
vn -0.49999478 0 -0.86602849
vn 0.50000787 5.7240794e-07 -0.86602086
vn 0.50000137 3.239612e-08 -0.86602467
vn 0.50000095 0 -0.86602485
vn 1 1.2002713e-08 0
vn 1 2.1208234e-07 0
vn 1 2.2408504e-07 0
vn 0.5000155 0 0.86601645
vn 0.5000155 0 0.86601657
vn -0.5000155 0 0.86601645
vn -0.5000155 0 0.86601657
vn 6.1899513e-11 1 -4.8303523e-06
vn -0.50000465 0 -0.86602283
vn -0.50000465 0 -0.86602271
vn 0 -1 4.1403837e-06
vn 0 -1 4.8303773e-06
vn 0.50000817 6.048038e-07 -0.86602068
vn -4.2704241e-06 1 -7.2454936e-06
vn -4.8804695e-06 1 -1.2420873e-05
vn 1.7082364e-05 1 0
vn -0.50000459 0 -0.86602283
vn 0 -1 2.8981669e-05
vn 0.49998656 3.3842699e-07 -0.86603326
vn 0.49998656 2.4451273e-07 -0.86603326
vn 0.49998656 2.3798054e-07 -0.8660332
vn 1 -6.0770896e-07 0
vn 1 5.7435733e-07 0
vn 1 6.5657457e-07 0
vn 0.49999869 -3.4699272e-07 0.86602628
vn 0.49999461 -3.762708e-07 0.86602861
vn 0.49999431 -3.7830725e-07 0.86602879
vn -0.50000733 -3.3043455e-07 0.86602116
vn -0.50001156 -1.2151165e-07 0.86601883
vn -0.5000118 -1.0698046e-07 0.86601865
vn 8.837168e-12 1 -1.0997709e-05
vn -1.2201162e-06 1 -1.0350805e-05
vn 1.2201663e-06 1 -1.0498685e-05
vn -1 -6.1670113e-07 0
vn -1 4.3607275e-07 0
vn -1 5.0929589e-07 0
vn -0.49999937 3.3393883e-07 -0.86602581
vn -0.49999937 1.7536485e-07 -0.86602581
vn -0.49999934 1.6433565e-07 -0.86602581
vn 0.49998656 3.4495915e-07 -0.8660332
vn 1 -6.8992546e-07 0
vn 0.49999896 -3.4495625e-07 0.8660261
vn -0.50000703 -3.4496571e-07 0.86602134
vn 8.5407573e-06 1 -1.5525891e-05
vn -8.5408992e-06 1 -1.4491074e-05
vn 0 1 2.8981667e-05
vn 0 1 2.8981671e-05
vn -1 -6.8992546e-07 0
vn -0.49999934 3.4496799e-07 -0.86602581
vn 0.99991268 0 0.013220936
vn 0.99991268 0 0.013220953
vn 0.99991262 0 0.013220952
vn -5.1062347e-07 -1 5.6655e-07
vn 0 -1 -4.433085e-08
vn 5.8223065e-07 1 -6.4202845e-07
vn 1.2358869e-06 1 -1.2768753e-06
vn 1.1363023e-06 1 -1.2547882e-06
vn 0.71867287 1.8786595e-06 0.69534832
vn 0.71867365 6.0509677e-07 0.69534755
vn 0.71867257 2.4837605e-06 0.69534874
vn -0.99993855 -1.7591099e-05 -0.011085695
vn -0.99993861 1.7591046e-05 -0.011085708
vn -0.99993861 1.8706201e-05 -0.011085709
vn -0.69478881 2.8517393e-06 0.71921384
vn -0.69478953 9.3824241e-07 0.71921313
vn -0.69478852 3.7899858e-06 0.7192142
vn 0.049000025 4.2890065e-06 0.99879885
vn 0.049000062 3.2687683e-06 0.99879885
vn 0.049000058 3.2390462e-06 0.99879879
vn 0.69531822 -1.5211403e-05 -0.71870202
vn 0.69531822 -1.5211405e-05 -0.71870208
vn 0.69531822 -1.5211403e-05 -0.71870202
vn 0.24744485 -6.8265049e-06 -0.96890199
vn 0.24744482 -6.8265049e-06 -0.96890199
vn 0.24744485 -6.8265049e-06 -0.96890205
vn -0.003521289 -0.20975427 0.97774786
vn -0.003521289 -0.2097543 0.97774786
vn -0.0035212892 -0.20975429 0.97774786
vn -0.0042542396 -0.71351576 0.70062631
vn -0.0042542396 -0.71351576 0.70062637
vn -0.0042542396 -0.71351576 0.70062625
vn -0.9999947 -0.0025832383 -0.0019789699
vn -0.9999947 -0.0025832383 -0.0019789697
vn -0.0018169384 0.77015454 -0.63785487
vn -0.0018169383 0.77015448 -0.63785487
vn -0.0018169383 0.77015448 -0.63785481
vn 0.01262282 -0.99880773 -0.047157291
vn 0.012622713 -0.99880779 -0.047157716
vn 0.012622704 -0.99880773 -0.047157731
vn -0.99996841 -0.0079442663 -0.00037500932
vn -0.99996847 -0.0079442654 -0.00037500932
vn -0.99996841 -0.0079442654 -0.00037500929
vn -0.0021321424 0.21538399 -0.97652715
vn -0.0021321422 0.21538398 -0.97652715
vn -0.002132142 0.21538399 -0.97652715
vn 0.36045134 -0.73933429 -0.56873512
vn 0.36045137 -0.73933423 -0.56873518
vn 0.36045131 -0.73933423 -0.56873518
vn 0.99991262 0 0.013220934
vn -1.1363019e-06 -1 1.3085574e-06
vn -5.8223065e-07 -1 6.5029667e-07
vn -1.2358869e-06 -1 1.2768753e-06
vn 5.1062312e-07 1 -5.63583e-07
vn 0 1 -2.0928841e-08
vn 0 1 4.0809307e-09
vn 0.71867406 0 0.69534719
vn -0.99993861 -1.8706181e-05 -0.011085696
vn -0.69478989 0 0.71921283
vn 0.049000021 4.3187283e-06 0.99879879
vn 0.6953212 0 -0.71869916
vn 0.69532126 0 -0.71869916
vn 0.17821625 -0.77992642 -0.59996146
vn 0.17821623 -0.77992642 -0.5999614
vn 0.0016717355 -0.17912173 0.98382556
vn 0.0016717353 -0.17912175 0.9838255
vn 0.00047154998 -0.65447003 0.75608796
vn 0.00047154992 -0.65446997 0.7560879
vn -0.99999684 0 -0.0025081434
vn -0.99999684 0 -0.0025081439
vn -0.9999969 0 -0.0025081439
vn 0.0036218544 0.80255049 -0.59657335
vn 0.0036218544 0.80255044 -0.59657329
vn 0.0036218541 0.80255044 -0.59657335
vn 0.012622829 -0.99880773 -0.047157269
vn -0.99997663 -0.0054167109 -0.0041701542
vn -0.99997663 -0.0054167109 -0.0041701547
vn -0.99997669 -0.0054167104 -0.0041701542
vn 0.0032877938 0.23990977 -0.97078967
vn 0.0032877938 0.23990978 -0.97078961
vn 0.0032877936 0.23990977 -0.97078961
vn 0.3087106 -0.95009774 -0.044857312
vn 0.30871058 -0.95009774 -0.044857316
vn 0.3087106 -0.95009774 -0.044857316
vn -0.99901199 0 0.044441521
vn -0.99901175 0 0.044446889
vn -0.99901175 0 0.044446703
vn 0.99525398 -3.36222e-06 -0.09731178
vn 0.9952547 -7.073603e-07 -0.097303934
vn 0.99525505 2.7821835e-07 -0.097301044
vn -2.2012065e-07 1 -6.5849031e-06
vn 2.0876776e-07 1 1.5311932e-07
vn -1.0150939e-06 1 -3.4206473e-06
vn -2.2256045e-06 1 6.615594e-07
vn 5.5591704e-06 1 -6.3917696e-06
vn -3.2947511e-07 1 -8.5444714e-07
vn 0.014205493 -1.1901733e-06 -0.99989915
vn 0.014206727 -1.9017967e-06 -0.99989915
vn 0.014203032 2.2782969e-07 -0.99989915
vn 0 -1 -1.186768e-08
vn 0 -1 -1.1418513e-08
vn 0.97567338 -4.3691867e-07 -0.21922946
vn 0.97567344 -8.8058846e-07 -0.21922906
vn 0.97567326 0 -0.2192298
vn 0.096641913 -2.6770178e-07 0.99531931
vn 0.096641757 -1.5932055e-07 0.99531931
vn 0.096642107 -4.2702032e-07 0.99531925
vn -0.65544611 2.5589043e-06 0.75524205
vn -0.65544307 1.1605601e-06 0.75524467
vn -0.6554423 8.2372185e-07 0.75524527
vn -0.99901187 2.0106152e-06 0.044446331
vn -0.99901235 9.1765855e-07 0.044434305
vn -0.99901199 3.8731569e-06 0.044443727
vn -4.0173256e-07 1 2.4480553e-07
vn -0.99901211 0 0.04443993
vn 0.99313563 -2.704804e-06 -0.11696864
vn 0.99313569 -1.5318003e-06 -0.11696807
vn 0.99313563 -2.824409e-06 -0.11696868
vn 0.1186512 -2.70942e-07 0.99293602
vn 0.11863679 2.109115e-06 0.99293768
vn 0.11863428 2.525177e-06 0.99293804
vn 0 1 8.2512067e-08
vn 0.013293642 2.6543631e-07 -0.99991173
vn 0.013291017 3.0008763e-07 -0.99991167
vn 0.013290562 3.0608999e-07 -0.99991167
vn -0.99901205 0 0.044441774
vn 0.99525374 -4.3478044e-06 -0.097314708
vn 8.6198803e-08 1 -6.0842294e-06
vn 3.9646129e-06 1 3.3750407e-06
vn 0.014209189 -3.3197821e-06 -0.99989915
vn 0 -1 -3.1250437e-08
vn 0.97567362 -1.3175004e-06 -0.21922868
vn 0.096641563 0 0.99531931
vn -0.65544683 2.8957484e-06 0.75524145
vn 0.99313569 -1.4121968e-06 -0.11696803
vn 0.11865372 -6.8701399e-07 0.99293578
vn 0.013294096 2.5943413e-07 -0.99991167
vn -0.56513238 1.2601857e-06 -0.82500017
vn -0.56513155 7.549844e-07 -0.82500082
vn -0.56513369 2.0151731e-06 -0.82499933
vn 0 -1 -5.5219498e-08
vn 0 -1 -6.1243912e-09
vn 0 -1 -1.6610693e-08
vn 1.4952173e-12 1 5.1542802e-06
vn 1.3481282e-11 1 1.2006464e-05
vn 4.0553424e-12 1 3.3221365e-06
vn 1.5307202e-06 6.3356794e-08 1
vn -8.1096779e-08 -1.195875e-06 1
vn -1.4496234e-06 -2.2650365e-06 1
vn 0 -4.7142859e-07 -1
vn 0 -6.6108453e-07 -1
vn 0 -1.1325131e-06 -1
vn -0.56513023 0 -0.82500184
vn 0 1 1.1955212e-05
vn 2.8992467e-06 1.1325183e-06 1
vn 0.49999487 0 -0.86602837
vn 0.4999949 0 -0.86602837
vn 0.50000554 0 0.86602223
vn 0.5000056 0 0.86602223
vn -0.50001407 0 0.86601728
vn -0.50001413 0 0.86601728
vn 1.1372737e-10 1 -1.5529826e-05
vn 0 1 -1.9829553e-05
vn -0.50002676 0 -0.86601007
vn -0.5000267 0 -0.86601001
vn 0.50000656 0 -0.86602163
vn 0.50000656 0 -0.86602175
vn 0.49999395 0 0.8660289
vn 0.49999395 0 0.86602896
vn 0.49999392 0 0.86602896
vn -0.50002575 0 0.86601061
vn -0.50002575 0 0.86601067
vn 3.3649972e-06 1 -1.7350718e-05
vn 3.8456405e-06 1 -1.3311364e-05
vn -1.3460168e-05 1 -2.3777455e-05
vn -0.50001514 0 -0.86601675
vn -0.50001502 0 -0.86601675
vn -0.50001508 0 -0.86601675
vn -0.99853587 0 -0.054094203
vn -0.99853593 0 -0.054093949
vn -0.99853587 0 -0.054094281
vn 0 -1 5.0335824e-08
vn 0 -1 3.0784559e-08
vn 0 -1 8.2295387e-08
vn 0.99853665 3.1097698e-06 0.054079991
vn 0.99853659 6.995304e-07 0.054080252
vn 0.99853665 3.8092894e-06 0.054079913
vn 0 1 -8.7486995e-09
vn -0.03285617 0 0.9994601
vn -0.032856174 0 0.99946016
vn -0.032856174 0 0.9994601
vn 0.032851942 1.4213963e-07 -0.99946022
vn 0.032851215 8.7086005e-07 -0.99946028
vn 0.032851074 1.0129997e-06 -0.99946028
vn -0.43341246 0 -0.9011957
vn -0.43341246 0 -0.90119576
vn -0.43341243 0 -0.9011957
vn -0.032852527 -9.7971588e-07 0.99946022
vn -0.03285253 -1.5990659e-07 0.99946022
vn -0.032852534 0 0.99946022
vn 0 1 -1.1933567e-07
vn 0 1 7.8252888e-10
vn 0 -1 -5.5796942e-08
vn 0 -1 1.9438514e-07
vn 0 -1 -6.7525413e-08
vn 0 1 -1.4691915e-07
vn 0 1 -5.5799813e-08
vn 0 1 -1.5927389e-08
vn 0.032848351 0 -0.99946034
vn 0.032848347 0 -0.99946034
vn 0.032848347 0 -0.9994604
vn -0.47970572 0 0.87742949
vn -0.47970572 0 0.87742954
vn 0 -1 -2.1100922e-08
vn 0 -1 2.0238215e-07
vn 0 -1 -7.826943e-08
vn 0 -1 -1.3259421e-08
vn 0.43343335 -1.4308904e-06 0.90118575
vn 0.43344143 -1.7808313e-07 0.90118176
vn 0.43343216 -1.6089751e-06 0.90118629
vn -0.032833591 -1.0037444e-06 0.99946088
vn -0.032833587 -1.0037443e-06 0.99946088
vn -0.032833591 -1.0037443e-06 0.99946088
vn 0 1 -9.9481676e-09
vn 0 1 1.5472611e-07
vn 0.47970572 0 -0.87742954
vn 0.47970572 0 -0.87742949
vn 0.032832731 1.1152423e-07 -0.99946088
vn 0.032832731 1.1152422e-07 -0.99946088
vn 0.032832734 1.1152424e-07 -0.99946094
vn -0.99853587 0 -0.054093864
vn 0.99853659 0 0.05408033
vn -0.032848105 1.0090963e-06 0.99946034
vn -0.032848105 1.0090964e-06 0.9994604
vn -0.032848101 1.0090962e-06 0.99946034
vn 0.032852083 0 -0.99946028
vn -0.4334124 1.6089496e-06 -0.9011957
vn -0.43341243 1.6089498e-06 -0.90119576
vn -0.43341237 1.6089494e-06 -0.9011957
vn -0.032852527 -1.1396224e-06 0.99946022
vn 0 1 -2.1259372e-07
vn 0.032852381 0 -0.99946022
vn 0.032852385 0 -0.99946022
vn 0.032852389 0 -0.99946022
vn -0.47969598 0 0.87743479
vn -0.47969607 0 0.87743485
vn 0.43344256 0 0.90118122
vn -0.032833584 -1.1152713e-06 0.99946088
vn -0.032833587 -1.1152713e-06 0.99946082
vn 0 1 1.0765854e-07
vn 0.4797056 3.1330374e-06 -0.87742954
vn 0.47970563 3.1330378e-06 -0.8774296
vn 0.032833584 0 -0.99946088
vn 0.032833584 0 -0.99946082
vn 0.032833587 0 -0.99946082
vn 0.49999586 2.7804765e-07 -0.86602789
vn 0.49999586 3.0208821e-07 -0.86602789
vn 0.49999586 3.0466217e-07 -0.86602777
vn 1 3.4250207e-09 0
vn 1 3.5414065e-08 0
vn 1 3.8839012e-08 0
vn 0.49999323 1.8832188e-07 0.86602932
vn 0.49998966 2.3196293e-07 0.86603135
vn 0.4999893 2.3663543e-07 0.86603165
vn -0.49999323 1.8236251e-07 0.86602938
vn -0.49998963 1.7034263e-07 0.86603147
vn -0.49998924 1.6905572e-07 0.86603171
vn -1 -1.5298113e-07 0
vn -1 1.3344358e-07 0
vn -1 1.6411023e-07 0
vn -0.49998984 3.0889476e-07 -0.86603129
vn -0.49999526 -2.366064e-07 -0.86602819
vn -0.49999586 -2.9501112e-07 -0.86602777
vn 0.49999586 2.7547375e-07 -0.86602777
vn 0.49999362 1.8364943e-07 0.86602908
vn -0.49999362 1.8364943e-07 0.86602914
vn -1 -1.83648e-07 0
vn -0.4999893 3.6729998e-07 -0.86603165
vn 0.12313923 2.4998377e-07 0.99238938
vn 0.12313926 -6.1974856e-07 0.99238938
vn 0.12313927 2.8726552e-07 0.99238944
vn -0.15629266 1.9444244e-06 -0.98771083
vn -0.15629348 3.1355896e-07 -0.98771071
vn -0.15629268 1.0638631e-06 -0.98771077
vn 0.966865 -3.196609e-06 -0.25528842
vn 0.96686465 -3.9938067e-07 -0.25528949
vn 0.96686488 -2.3320806e-06 -0.25528875
vn -1.806153e-06 1 3.9254527e-07
vn -1.7392023e-06 1 4.1641343e-07
vn -1.6714908e-06 1 4.4055258e-07
vn 0.10023123 0.58097434 0.80772674
vn 0.10023125 0.5809744 0.80772674
vn 0.10023126 0.5809744 0.8077268
vn -0.12720416 0.58097523 -0.80391973
vn -0.42654365 0.90446711 0
vn -0.4265441 0.90446675 0
vn -0.42654416 0.90446681 0
vn -0.15629332 -4.2879273e-07 -0.98771071
vn -0.15629302 1.5449139e-06 -0.98771071
vn -0.22253667 1.5255113e-06 -0.97492433
vn -0.22253671 1.5255115e-06 -0.97492439
vn -0.22253668 1.5255114e-06 -0.97492433
vn -0.23104312 0.003965483 -0.97293544
vn -0.2310431 0.0039654835 -0.9729355
vn -0.23104312 0.0039654835 -0.9729355
vn -0.86650193 0.49917376 0
vn -0.86650121 0.49917501 0
vn -0.86650109 0.49917522 0
vn 0 1 -3.9907184e-07
vn 0 1 -2.1337241e-08
vn 0 1 -4.0446974e-07
vn -0.98260444 2.3025452e-08 0.18571094
vn -0.98260456 0 0.18571013
vn -0.9826045 0 0.18571103
vn -0.98261184 1.6087291e-05 0.18567215
vn -0.98261184 1.6087293e-05 0.18567215
vn -0.98261172 1.6087291e-05 0.18567212
vn -0.98260826 2.1926468e-05 0.18569061
vn -0.98260832 2.1926469e-05 0.18569063
vn -0.98260832 2.1926468e-05 0.18569063
vn -0.98260909 -8.173758e-06 0.18568635
vn -0.98260915 -8.1737589e-06 0.18568636
vn -0.98260987 -4.7698765e-09 0.18568259
vn -0.98260987 -7.4865705e-09 0.18568261
vn -0.98260975 -1.1611317e-08 0.18568265
vn 0.12313924 1.1706148e-06 0.99238944
vn -0.15629418 -5.859566e-06 -0.98771054
vn -0.15629427 -2.3660943e-06 -0.9877106
vn -0.15629399 -1.6352628e-06 -0.98771065
vn 0.9668628 8.1344672e-07 -0.25529671
vn 0.9668628 8.1344672e-07 -0.25529668
vn 0.9668628 8.1344666e-07 -0.25529668
vn 1.1125111e-06 -1 -6.4527393e-07
vn 5.5981053e-07 -1 -8.4769516e-07
vn 1.6714911e-06 -1 -4.4055284e-07
vn 0.1002227 -0.5810073 0.80770421
vn 0.10022268 -0.5810073 0.80770415
vn 0.10022269 -0.5810073 0.80770421
vn -0.12721221 -0.58095628 -0.80393213
vn -0.1272122 -0.58095634 -0.80393213
vn -0.12721221 -0.58095634 -0.80393213
vn -0.4265433 -0.90446717 0
vn -0.22253643 -3.0516517e-06 -0.97492439
vn -0.22253646 -3.0516521e-06 -0.97492445
vn -0.22253641 -3.0516512e-06 -0.97492439
vn -0.23103908 -0.0039667399 -0.97293639
vn -0.23103912 -0.0039667399 -0.97293639
vn -0.8664996 -0.49917799 0
vn -0.8664999 -0.49917728 0
vn -0.86649948 -0.49917814 0
vn 0 -1 -5.3209573e-07
vn 0 -1 -2.845082e-08
vn -0.9826045 2.7047241e-07 0.18571047
vn -0.9826045 2.9309197e-07 0.18571047
vn -0.98261184 -1.6087162e-05 0.18567178
vn -0.98261184 -1.6087162e-05 0.18567176
vn -0.98261184 -1.6087162e-05 0.18567179
vn -0.98260993 0 0.18568185
vn -0.98260999 0 0.18568186
vn -0.98260993 0 0.18568183
vn -0.98260939 -2.2675822e-05 0.18568482
vn -0.98260945 -2.2675824e-05 0.18568483
vn -0.98260945 -2.267582e-05 0.1856848
vn -0.98260987 0 0.18568227
vn -0.98260987 0 0.18568236
vn -0.98260993 0 0.18568212
vn 0.12313926 -1.0716873e-06 0.99238944
vn -0.15629382 3.4410225e-06 -0.98771065
vn 0.96686512 2.7677953e-07 -0.25528803
vn 0.96686506 2.7677953e-07 -0.25528806
vn 0.96686512 2.7677953e-07 -0.25528806
vn 0.96686459 1.4884807e-07 -0.2552897
vn 0.96685904 7.6592204e-07 -0.25531074
vn 0.96686071 0 -0.25530463
vn 0.9668597 4.9143392e-07 -0.2553086
vn 0.96685898 8.1349287e-07 -0.25531116
vn -1.8955772e-06 1 3.606655e-07
vn 0.10022318 0.58100069 0.8077088
vn 0.10022318 0.58100069 0.80770886
vn 0.10022315 0.58100063 0.80770886
vn -0.12721147 0.58095491 -0.80393326
vn -0.12721145 0.58095491 -0.8039332
vn -0.42654353 0.90446705 0
vn -0.22257467 -0.00017956953 -0.97491562
vn -0.22257464 -0.00017956951 -0.97491562
vn -0.22257468 -0.00017956953 -0.97491568
vn -0.23951648 0.001494527 -0.97089118
vn -0.2395165 0.001494527 -0.97089118
vn -0.86650211 0.49917355 0
vn -0.98260462 0 0.18571001
vn -0.98261052 -2.9254984e-06 0.18567917
vn -0.98261046 -2.9254984e-06 0.18567917
vn -0.98261046 -2.9254979e-06 0.18567915
vn -0.98261023 0 0.18568029
vn -0.98261029 0 0.18568029
vn -0.98261029 0 0.1856803
vn -0.98260951 2.9154595e-05 0.18568441
vn -0.98260951 2.9154597e-05 0.18568441
vn -0.98260945 2.9154593e-05 0.1856844
vn -0.98260981 0 0.18568254
vn 0.12313922 1.5479865e-06 0.9923895
vn -0.15629336 0 -0.98771077
vn 0.96686488 2.1817427e-06 -0.25528899
vn 0.96686471 0 -0.25528961
vn 0.96686465 4.8211513e-07 -0.25528947
vn 0.966865 -5.5355707e-07 -0.25528827
vn 0.96686506 -5.5355719e-07 -0.2552883
vn 0.96686494 2.9420157e-06 -0.25528881
vn 0.96685892 -1.7546585e-06 -0.25531122
vn 0.96685898 -1.7546585e-06 -0.25531128
vn 0.96685892 -1.7546586e-06 -0.25531125
vn -1.7841717e-07 -1 -1.1180639e-06
vn 0.10023341 -0.58097237 0.80772793
vn 0.1002334 -0.58097237 0.80772799
vn -0.12720312 -0.58098102 -0.80391568
vn -0.12720314 -0.58098102 -0.80391568
vn -0.42654371 -0.90446699 0
vn -0.4265438 -0.90446705 0
vn -0.22257456 0.00017655267 -0.97491574
vn -0.22257456 0.00017655265 -0.97491568
vn -0.22257452 0.00017655264 -0.97491562
vn -0.23951563 -0.0014945408 -0.97089136
vn -0.23951566 -0.0014945409 -0.97089142
vn -0.23951563 -0.0014945408 -0.97089142
vn -0.86650008 -0.49917716 0
vn 0 -1 -5.3929296e-07
vn -0.9826104 5.8510655e-06 0.18567953
vn -0.98261046 5.8510668e-06 0.18567957
vn -0.98261046 5.8510664e-06 0.18567953
vn -0.98260844 -2.3387989e-05 0.18569005
vn -0.98260844 -2.3387991e-05 0.18569003
vn -0.98260838 -2.3387991e-05 0.18569003
vn -0.98260915 3.5346018e-06 0.18568633
vn -0.98260909 3.5346015e-06 0.18568632
vn -0.98260987 0 0.18568255
vn 0.50001109 3.2393646e-07 -0.86601907
vn 0.50000751 2.1775003e-08 -0.86602116
vn 0.50000727 7.5795642e-10 -0.86602128
vn 1 2.3357389e-08 0
vn 1 3.5918393e-07 0
vn 1 3.8254146e-07 0
vn 0.49999455 -3.4036853e-07 0.86602867
vn 0.49999869 -2.7440126e-07 0.86602616
vn 0.49999896 -2.6981294e-07 0.86602598
vn -0.4999994 -1.6404395e-06 0.86602575
vn -0.50000656 -4.27797e-07 0.86602163
vn -0.50000703 -3.4344973e-07 0.86602134
vn 5.3728761e-11 1 -7.7628501e-06
vn 1.0981115e-05 1 -6.6539087e-06
vn 3.5819667e-11 1 -5.1753568e-06
vn -1 -2.7597478e-06 0
vn -1 -2.759748e-06 0
vn -1 -2.7597475e-06 0
vn -0.50000823 -8.6453809e-08 -0.86602068
vn -0.50002319 -1.329451e-06 -0.86601204
vn -0.5000242 -1.4159108e-06 -0.86601156
vn 0.50001132 3.4495341e-07 -0.86601889
vn 0.49999428 -3.4495687e-07 0.86602879
vn -0.49999887 -1.7247812e-06 0.86602604
vn -1.0981017e-05 1 -6.6538487e-06
vn -0.50000727 0 -0.86602134
vn 0 -0.50000072 -0.86602503
vn 0 -0.50000089 -0.86602491
vn 0 -0.50000119 -0.86602485
vn -1.3255044e-06 0.50000262 -0.8660239
vn -8.0914072e-07 0.50000316 -0.8660236
vn -2.1346475e-06 0.50000167 -0.86602443
vn -3.0866323e-12 1 -4.9363757e-06
vn -5.0564075e-12 1 -4.9363748e-06
vn -8.143034e-12 1 -4.9363725e-06
vn 0 0.49999586 0.86602783
vn -1 6.2353035e-07 0
vn -1 1.4556701e-06 0
vn -1 -6.2353291e-07 0
vn 0 -0.50000083 0.86602491
vn 0 -0.50000095 0.86602497
vn 0.044784889 0.49950022 -0.86515552
vn 0.044785388 0.49950016 -0.86515546
vn 0.04478484 0.49950022 -0.86515546
vn 4.2461082e-07 0.50000137 -0.86602467
vn 1.5410822e-07 0.49999535 -0.86602819
vn 4.3403969e-07 0.50000161 -0.86602449
vn 0.044782382 -0.49949956 0.86515599
vn 0.044783197 -0.49950141 0.8651548
vn 0.0447823 -0.49949935 0.86515605
vn 0.04478547 -0.49949872 -0.86515623
vn 0.044784278 -0.49949527 -0.86515832
vn 0.044784024 -0.49949455 -0.86515874
vn 0.044784363 0.99899673 -5.1003285e-06
vn 0.044784173 0.99899668 -6.2251715e-06
vn 0.044784393 0.99899673 -4.9900746e-06
vn 0.044784226 -0.99899668 0
vn 0.044784237 -0.99899668 0
vn 0.044784229 -0.99899673 0
vn 0.044781711 0.49949449 0.86515886
vn 0.044782612 0.49949872 0.86515635
vn 0.04478281 0.49949965 0.86515594
vn 1 -2.7951278e-06 0
vn 1 -3.3188588e-08 0
vn 1 2.8046145e-06 0
vn -4.3942995e-07 -0.50000364 0.8660233
vn -5.9418124e-07 -0.50000656 0.86602163
vn -5.9957534e-07 -0.50000662 0.86602157
vn 1.0959353e-08 1 -6.2984082e-06
vn 3.2534038e-07 1 -2.1214633e-07
vn 1.1038131e-12 1 -6.5105542e-06
vn 2.9407306e-07 -0.49999616 -0.86602759
vn 4.2932592e-07 -0.49999917 -0.86602598
vn 4.3404037e-07 -0.49999928 -0.86602587
vn 1.3053575e-07 0.50000155 0.86602461
vn -2.7521398e-07 0.50000477 0.86602277
vn 1.4467884e-07 0.50000137 0.86602473
vn 0 -0.50000042 -0.86602527
vn 0 0.50000411 -0.86602312
vn 0 1 -4.9363771e-06
vn -1 -7.260935e-07 0
vn -1 -1.4556717e-06 0
vn -1 7.2609873e-07 0
vn 0.044785496 0.49950019 -0.86515546
vn 1.4467943e-07 0.49999502 -0.86602825
vn 0.044783376 -0.49950179 0.86515456
vn 0.044785585 -0.49949905 -0.86515599
vn 0.044784136 0.99899668 -6.4653118e-06
vn 0.04478424 -0.99899668 0
vn 0.044781622 0.49949411 0.86515915
vn 1 1.4216325e-08 0
vn 1 3.3189888e-08 0
vn 1 -5.5855712e-06 0
vn -4.3403591e-07 -0.50000352 0.86602342
vn 3.3629863e-07 1 0
vn 2.8935864e-07 -0.49999616 -0.86602765
vn -2.8935702e-07 0.50000489 0.86602271
vn -0.64214253 0 -0.76658523
vn -0.64214188 0 -0.76658589
vn -0.64214265 0 -0.76658517
vn -2.9672788e-07 -1 -4.2144453e-07
vn -4.3192625e-07 -1 -6.545319e-07
vn 0.28787175 0 -0.95766902
vn 0.28787112 0 -0.9576692
vn 0.28787178 0 -0.95766908
vn 2.9672805e-07 1 5.3903523e-07
vn 4.3192628e-07 1 7.5265041e-07
vn 0 1 7.5161786e-08
vn 0.27917331 -2.9966571e-07 -0.96024084
vn 0.27917281 -7.8346211e-06 -0.96024096
vn 0.27917278 -8.134286e-06 -0.9602409
vn -0.99862444 0 0.052432839
vn -0.9986245 0 0.052432854
vn -0.39571488 0 0.91837347
vn -0.39571485 0 0.91837347
vn 0 1 -6.3924993e-08
vn 0 1 -3.5778456e-07
vn 0.98928905 0 0.14596975
vn 0.98928905 0 0.14596967
vn 0.9892891 0 0.14596967
vn 8.9355729e-07 -1 -3.8514377e-06
vn 6.4999327e-08 -1 -1.8630434e-06
vn 1.7391197e-06 -1 -5.7622892e-06
vn -6.4999533e-08 1 2.3580903e-06
vn -8.9355763e-07 1 3.9460829e-06
vn -1.7391206e-06 1 5.874479e-06
vn 4.0872203e-07 1 7.0578204e-07
vn -4.0872231e-07 -1 -1.0222976e-06
vn -0.071163222 0 -0.99746472
vn -0.071164645 0 -0.99746466
vn -0.071163014 0 -0.99746478
vn -0.43387592 -5.1810161e-06 -0.9009726
vn -0.43387595 -5.1810161e-06 -0.90097272
vn -0.43387592 -5.1810161e-06 -0.90097266
vn -0.047408938 0 0.99887556
vn -0.047408942 0 0.99887562
vn -0.64214182 0 -0.76658589
vn 0.27917334 0 -0.96024078
vn -0.9986245 0 0.052432839
vn -0.39571407 4.6355131e-06 0.91837388
vn -0.39571401 4.6355126e-06 0.91837382
vn -0.39571401 4.6355131e-06 0.91837382
vn 0.98928905 0 0.14596976
vn -0.071164861 0 -0.99746454
vn -0.43387502 0 -0.90097314
vn -0.43387499 0 -0.90097308
vn -0.43387496 0 -0.90097308
vn -0.82827604 0 0.5603202
vn -0.82827574 0 0.56032068
vn -0.82827461 0 0.5603224
vn 0 -1 8.2440295e-09
vn 0 -1 7.9103382e-09
vn 0 -1 5.7975718e-08
vn 0.82827908 0 0.56031597
vn 0.82827908 0 0.56031591
vn 0.82827902 0 0.56031585
vn 1.2569659e-06 -3.8709314e-07 1
vn 1.256946e-06 -3.8711167e-07 1
vn 0 -1.5483903e-06 1
vn 2.7561958e-07 -1.9460706e-06 -1
vn 7.974881e-07 -2.6990715e-06 -1
vn 1.0731078e-06 -3.0967615e-06 -1
vn 1 2.6647213e-06 0
vn 1 3.9675674e-06 0
vn 1 6.6322732e-06 0
vn -1 1.1247868e-06 0
vn -1 1.6747207e-06 0
vn -1 2.7995197e-06 0
vn -0.82827723 0 0.56031853
vn 0.82827902 0 0.56031591
vn 2.513912e-06 7.7418554e-07 1
vn 0 -1.5483807e-06 -1
vn -0.92688662 6.2922811e-07 0.37534171
vn -0.9268865 2.7830856e-07 0.37534186
vn -0.92688668 9.0753616e-07 0.37534142
vn 0 -1 4.008327e-09
vn 0 -1 7.0263031e-09
vn 0 -1 5.802233e-08
vn 0.90887588 4.8469087e-07 0.41706669
vn 0.90887594 5.2375566e-07 0.41706672
vn 0.90887588 0 0.41706669
vn -1.7937655e-06 1 -3.2822338e-06
vn 0 1 2.2043107e-08
vn -3.6838796e-06 1 -1.7688669e-06
vn -1.9336389e-06 1 -3.07964e-06
vn 2.9770863e-06 1 -2.378813e-06
vn 9.500679e-06 1 -1.8356679e-06
vn 0 -1.6714065e-06 -1
vn 0 -1.8549129e-06 -1
vn 0 -2.0179627e-06 -1
vn 0 -2.0179625e-06 -1
vn -0.25892669 1.8793802e-06 0.96589708
vn -0.25892669 1.9441559e-06 0.96589708
vn -0.25892666 1.8111485e-06 0.96589702
vn 0 -1 -1.1884186e-07
vn 9.6780841e-06 1 -8.3930981e-06
vn 1.0204472e-05 1 -8.4958656e-06
vn -0.91661888 6.1462907e-07 0.39976224
vn -0.91661888 4.9318402e-07 0.39976227
vn -0.91661894 1.1078178e-06 0.39976224
vn 0.99216473 -2.0063989e-07 -0.12493653
vn 0.99216479 -2.7814946e-07 -0.12493657
vn 0.99216473 -4.7878751e-07 -0.12493666
vn 0 -1 1.0683068e-08
vn 0 -1 1.8060939e-07
vn 0.85476846 -1.0295179e-06 -0.51900953
vn 0.85476851 -1.0282655e-06 -0.51900953
vn 0.85476869 -1.0181117e-06 -0.51900929
vn -0.78293163 1.0109239e-06 0.62210786
vn -0.78293157 9.4954703e-07 0.62210798
vn -0.78293169 1.1999105e-06 0.62210768
vn 0.9723869 7.7693649e-08 0.23337463
vn 0.9723869 4.704747e-07 0.23337464
vn 0.9723869 5.4816837e-07 0.23337464
vn 0.45781058 -1.9209424e-06 -0.88904977
vn 0.45781058 -1.8749492e-06 -0.88904977
vn 0.45781058 -2.169081e-06 -0.88904977
vn -0.30886638 1.3760002e-06 0.95110548
vn -0.30886641 1.3760005e-06 0.95110554
vn -0.30886641 1.3760002e-06 0.95110554
vn 3.6491413e-06 1 -4.2763877e-06
vn -0.92688644 0 0.3753421
vn 0.90887582 1.0084514e-06 0.41706675
vn 0 -1.3453083e-06 -1
vn -0.25892666 2.0123873e-06 0.96589702
vn 0 1 -6.280623e-06
vn 0 -1 -2.33357e-07
vn -0.91661894 0 0.3997623
vn 0.99216473 0 -0.12493645
vn 0 -1 3.0824924e-07
vn 0.85476834 -1.039672e-06 -0.51900983
vn -0.78293145 7.6056034e-07 0.62210816
vn 0.9723869 0 0.23337464
vn 0.45781058 -1.6268107e-06 -0.88904977
vn -0.30886635 1.834657e-06 0.95110548
vn -0.30886638 1.8346573e-06 0.95110554
vn 0.11146343 0.76803797 0.63062948
vn 0.11146344 0.76803803 0.63062954
vn 0.11146345 0.76803803 0.63062954
vn 5.4093152e-06 1 3.6771783e-07
vn -7.2509788e-06 1 1.1339733e-06
vn -9.8979572e-06 1 1.0849067e-06
vn 0.17405619 0 0.98473579
vn 0.17405677 0 0.98473573
vn 0.17405617 0 0.98473573
vn -0.17405471 4.8579705e-07 -0.98473603
vn -0.17405404 0 -0.98473608
vn -0.17405616 0 -0.98473573
vn -0.11342336 0.75853461 -0.64168549
vn -0.11342338 0.75853467 -0.64168555
vn -0.11342338 0.75853467 -0.64168549
vn -3.7917309e-06 1 3.5333613e-07
vn -4.9068367e-06 1 7.0832147e-07
vn -3.6281094e-06 1 2.9407184e-07
vn -5.1630941e-06 1 8.0262845e-07
vn -5.834464e-06 1 1.1014557e-06
vn -5.8870978e-06 1 1.1208847e-06
vn -5.7117377e-06 1 1.0428822e-06
vn -6.0382768e-06 1 1.2116556e-06
vn -0.96548301 0 0.26046613
vn -0.96548301 0 0.26046622
vn -0.97766376 0 0.21017566
vn -0.9776637 -1.0189704e-06 0.21017569
vn -0.97766364 0 0.21017575
vn -0.98473567 0 0.17405701
vn -0.98473567 1.5321099e-07 0.1740568
vn -0.98473561 0 0.17405692
vn -0.98364407 2.8444751e-06 0.18012318
vn -0.98364407 6.9969548e-07 0.1801232
vn -0.98364413 2.8923573e-06 0.18012311
vn -0.99740034 0 0.072060034
vn -0.99740034 0 0.072060026
vn -0.98473847 0 0.17404096
vn -0.98473847 0 0.17404094
vn -0.98473847 0 0.17404099
vn -0.98984426 0 0.14215668
vn -0.9898442 0 0.14215654
vn 0.11146868 -0.76803827 0.63062835
vn 0.11146868 -0.76803821 0.63062841
vn 0.11146867 -0.76803815 0.63062835
vn -6.2399763e-06 -1 1.2998269e-06
vn 5.4093307e-06 -1 3.2611237e-07
vn -9.7591546e-06 -1 1.6544037e-06
vn 0.17405638 0 0.98473573
vn 0.1740564 0 0.98473573
vn 0.1740564 0 0.98473579
vn -0.17405519 1.7068547e-06 -0.98473591
vn -0.17405355 0 -0.9847362
vn -0.11342169 -0.75853616 -0.64168406
vn -0.1134217 -0.75853628 -0.64168406
vn -0.11342169 -0.75853628 -0.64168406
vn 0 -1 3.4154835e-09
vn 1.5950693e-07 -1 5.7083116e-07
vn 9.3153824e-07 -1 3.6361706e-07
vn 1.0229382e-05 -1 -3.7232551e-06
vn 9.0842923e-06 -1 -3.3005865e-06
vn -0.96548301 0 0.26046616
vn -0.96548301 0 0.2604661
vn -0.97766364 -9.9505951e-07 0.21017569
vn -0.97766364 -3.0329879e-06 0.21017566
vn -0.98473567 2.6567974e-07 0.17405671
vn -0.98473573 3.5756887e-07 0.17405652
vn -0.98364413 7.5805463e-07 0.18012306
vn -0.98364413 2.2989122e-06 0.18012306
vn -0.9974004 0 0.072060034
vn -0.9974004 0 0.072060041
vn -0.98473841 0 0.17404093
vn -0.98473847 0 0.17404091
vn -0.98984426 0 0.14215676
vn -0.9898442 0 0.14215675
vn 0.34774545 -2.5845816e-07 0.93758905
vn 0.34774563 8.3975044e-07 0.93758899
vn 0.34774563 8.4756543e-08 0.93758887
vn -0.14288901 3.3567864e-07 -0.9897387
vn -0.14288969 2.7179621e-12 -0.98973864
vn -0.14288971 -1.4221654e-06 -0.9897387
vn 0.4273724 -1.827151e-06 0.90407568
vn 0.42737213 -2.3553099e-08 0.9040758
vn 0.42737237 -9.3621611e-07 0.90407568
vn 0 1 -1.7311535e-08
vn 0 1 -2.580928e-08
vn 0 1 4.4813493e-08
vn 0.4273724 -1.1901525e-06 0.90407574
vn 0.42737204 -1.5475404e-06 0.90407586
vn 0.42737341 -3.5101223e-08 0.90407521
vn 0.42737305 4.3734579e-07 0.90407532
vn 0.42737302 9.5303574e-07 0.90407544
vn 0.42090175 8.1523581e-07 -0.90710634
vn 0.42090169 0 -0.90710634
vn 0.42090234 0 -0.90710598
vn 0.42737016 -2.0177058e-06 0.90407676
vn 0.98288012 1.9894781e-06 -0.18424638
vn 0.98288018 1.9894783e-06 -0.18424639
vn 0.98288018 1.9894781e-06 -0.18424638
vn -0.0064906189 0.99997169 -0.003807371
vn -0.0064906185 0.99997175 -0.0038073706
vn -0.0064906189 0.99997175 -0.0038073703
vn -0.035762265 0.99933833 0.0066437111
vn -0.035762262 0.99933833 0.0066437111
vn -0.035762258 0.99933827 0.0066437111
vn 0.04107821 3.0744664e-07 -0.999156
vn 0.041077875 -7.9577961e-07 -0.99915594
vn 0.041079361 -2.0024886e-06 -0.99915588
vn 0 1 -6.755529e-09
vn 0 1 4.7446012e-09
vn 0 1 -5.2091153e-08
vn -0.17404874 -6.8844736e-07 -0.9847371
vn -0.1740492 -1.5683069e-06 -0.98473698
vn -0.17405117 -3.6976683e-06 -0.98473662
vn -0.17474219 7.8529138e-07 -0.98461419
vn -0.17474237 -3.2392638e-06 -0.98461419
vn -0.17474204 0 -0.98461431
vn 0.27947405 0.75654942 0.59120822
vn 0.27947405 0.75654942 0.59120828
vn 0.27046004 0.75970304 0.59135652
vn 0.27046007 0.75970316 0.59135652
vn 0.27046007 0.75970322 0.59135652
vn 0.27947453 0.75655109 0.59120613
vn 0.27947465 0.75655103 0.59120601
vn 0.279475 0.75655097 0.59120584
vn 0.26380011 0.75962532 0.59445679
vn 0.26380011 0.75962526 0.59445679
vn 0.0010975985 1.0382685e-06 -0.99999946
vn 0.0010973044 0 -0.99999946
vn 0.0010973121 0 -0.9999994
vn -0.047536157 0.99881291 0.010638396
vn -0.047536157 0.99881291 0.010638395
vn -0.047536146 0.99881285 0.010638395
vn -0.11386814 0.75853479 -0.64160657
vn -0.11386842 0.75853151 -0.64161038
vn -0.11386845 0.75853145 -0.64161062
vn 0.00072185107 0.754632 -0.65614784
vn 0.00072067062 0.75463134 -0.65614873
vn 0.00072270201 0.75463259 -0.6561473
vn -0.006310523 0.76480293 -0.64423341
vn -0.006310524 0.76480299 -0.64423347
vn -0.0063105235 0.76480293 -0.64423347
vn 0.29320467 0.71253419 -0.63743722
vn 0.29320467 0.71253413 -0.63743722
vn -0.25311181 0.75143856 -0.60932302
vn -0.25311181 0.75143868 -0.60932302
vn -0.25311184 0.75143868 -0.60932302
vn 0.13940254 0.76710165 0.62619656
vn 0.13940252 0.76710159 0.6261965
vn -0.14938629 0.75660551 -0.63657838
vn -0.14938648 0.75660282 -0.63658142
vn -0.1493865 0.75660264 -0.63658166
vn 0.22661379 0.75850576 0.61099535
vn 0.22661377 0.75850576 0.61099535
vn -0.22846335 4.9925586e-07 -0.97355258
vn -0.22846398 1.873989e-06 -0.97355247
vn -0.22846454 5.2842665e-07 -0.97355229
vn -0.98472834 4.9005474e-05 0.17409799
vn -0.98472834 4.9005474e-05 0.17409797
vn -0.9847284 4.9005481e-05 0.174098
vn 0.11146331 0.76803756 0.63063008
vn 0.11146332 0.76803762 0.63063008
vn 0.11146331 0.76803756 0.63063002
vn -0.11341549 0.75853521 -0.64168626
vn -0.11341549 0.75853521 -0.64168626
vn 0.1740534 1.2825454e-06 0.9847362
vn 0.1740534 6.4127266e-07 0.9847362
vn 0.1740534 6.4127272e-07 0.98473626
vn -0.98473632 -6.3312262e-05 0.17405303
vn -0.98473632 -6.3312254e-05 0.17405303
vn -0.98473632 -6.3312262e-05 0.17405301
vn -0.98471862 0 0.17415279
vn -0.98471874 0 0.17415276
vn -0.98471868 0 0.17415279
vn -0.98473984 0 0.17403297
vn -0.98474002 0 0.17403229
vn -0.98473996 0 0.17403217
vn -0.98473787 2.779412e-05 0.17404422
vn -0.98473787 2.779412e-05 0.17404421
vn -0.98473793 2.779412e-05 0.17404422
vn -0.98473698 0 0.17404954
vn -0.98473698 0 0.17404953
vn -0.98473716 -3.4291283e-05 0.17404863
vn -0.98473692 -1.4562474e-05 0.17404962
vn -0.98473692 -2.1821907e-05 0.17404947
vn -0.98473632 -1.4132246e-06 0.17405333
vn -0.98473626 -1.4132246e-06 0.17405333
vn -0.98473626 -1.4132245e-06 0.17405333
vn -0.98473793 6.3028958e-05 0.17404372
vn -0.98473799 6.3028965e-05 0.1740437
vn -0.98473793 6.3028958e-05 0.1740437
vn -1.8012345e-07 1 6.2167693e-08
vn 0 1 -1.4178169e-08
vn -1.7832726e-07 1 1.1304539e-07
vn -2.9931941e-09 1 5.0182479e-07
vn 0 1 -7.0887771e-09
vn 1.0537978e-07 1 5.5030756e-07
vn 1.0361624e-07 1 5.7271291e-07
vn 1.0361538e-07 1 5.7270819e-07
vn -1.7767474e-07 1 1.3672728e-08
vn -1.709836e-07 1 8.2922199e-08
vn -5.90083e-08 1 1.4119435e-07
vn -0.017307732 0.9998467 -0.0026631393
vn -0.01730773 0.9998467 -0.002663139
vn -0.017307732 0.9998467 -0.002663139
vn -0.021298546 0.99977064 -0.0022460541
vn -0.02129855 0.99977064 -0.0022460544
vn -0.021298552 0.99977064 -0.0022460546
vn -0.025746873 0.99966699 -0.0017703956
vn -0.025746869 0.99966693 -0.0017703952
vn -0.025746869 0.99966693 -0.0017703953
vn -0.029424461 0.99955207 0.0054659215
vn -0.029424388 0.99955207 0.0054663345
vn -0.029424388 0.99955207 0.0054663303
vn -0.019726036 0.99980497 0.0009939624
vn -0.019726032 0.99980497 0.00099396228
vn -0.019726034 0.99980497 0.0009939624
vn -0.017073458 0.99985397 0.00086065271
vn -0.017073458 0.99985397 0.00086065277
vn -0.01707346 0.99985397 0.00086065271
vn -0.014683813 0.99988794 -0.0029408603
vn -0.014684159 0.99988788 -0.0029434299
vn -0.014684145 0.99988782 -0.0029433302
vn -0.010826773 0.99993581 -0.003353748
vn -0.010826771 0.99993581 -0.003353748
vn -0.010826772 0.99993581 -0.0033537478
vn 0.34774563 -8.3190514e-07 0.93758893
vn -0.14288911 1.7012903e-06 -0.9897387
vn -0.14288881 7.3351163e-07 -0.98973882
vn 0.42737252 0 0.90407574
vn 0.4273724 -1.7757234e-06 0.90407568
vn 0.42737317 8.6986154e-07 0.90407538
vn 0.42737389 -2.481916e-06 0.90407503
vn 0.42090139 7.1635668e-07 -0.90710646
vn 0.42090145 2.3468224e-06 -0.9071064
vn 0.42736948 2.2681407e-07 0.90407717
vn 0.42736942 2.2681404e-07 0.90407711
vn 0.42736945 2.2681405e-07 0.90407717
vn 0.98288184 -9.2705818e-07 -0.18423712
vn 0.9828819 -9.2705812e-07 -0.18423712
vn 0.9828819 -9.2705818e-07 -0.18423712
vn -0.0064893635 -0.99997175 -0.0038122127
vn -0.0064893626 -0.99997169 -0.0038122123
vn -0.006489363 -0.99997175 -0.0038122123
vn -0.035757691 -0.99933845 0.0066428599
vn -0.035757691 -0.99933851 0.0066428604
vn -0.035757687 -0.99933851 0.0066428599
vn 0.04107793 2.016305e-06 -0.99915594
vn 0.041077856 1.8217298e-06 -0.99915594
vn -1.0360281e-07 -1 -1.6641214e-06
vn -1.5440291e-07 -1 -3.8735161e-06
vn -1.3350292e-07 -1 -2.04191e-06
vn -0.17404777 1.0216631e-06 -0.98473722
vn -0.17404777 0 -0.98473728
vn -0.17474236 1.668691e-06 -0.98461419
vn -0.17474234 1.6687045e-06 -0.98461425
vn 0.27947316 -0.75655168 0.59120589
vn 0.27947316 -0.75655174 0.59120589
vn 0.27046067 -0.7597034 0.59135586
vn 0.27046067 -0.7597034 0.59135592
vn 0.27947363 -0.75655073 0.59120697
vn 0.27947432 -0.75655031 0.59120715
vn 0.26380181 -0.75962466 0.59445691
vn 0.26380178 -0.75962466 0.59445685
vn 0.26380184 -0.75962466 0.59445697
vn 0.0010978924 2.0734601e-06 -0.99999946
vn 0.0010978847 2.0772611e-06 -0.9999994
vn -0.047536194 -0.99881291 0.010638455
vn -0.047536191 -0.99881285 0.010638455
vn -0.047536183 -0.99881285 0.010638454
vn -0.11386797 -0.75853264 -0.64160919
vn -0.11386783 -0.75853401 -0.64160776
vn -0.11386798 -0.75853258 -0.64160931
vn 0.00072025013 -0.75463253 -0.65614724
vn 0.00072041416 -0.75463217 -0.65614766
vn 0.00072052045 -0.754632 -0.6561479
vn -0.011628697 -0.7620765 -0.64738256
vn -0.011628697 -0.76207644 -0.64738262
vn -0.011628696 -0.76207638 -0.64738262
vn 0.29482061 -0.71370137 -0.63538271
vn 0.29482064 -0.71370137 -0.63538265
vn 0.29482058 -0.71370137 -0.63538265
vn -1.0783078e-08 -1 -1.5810674e-07
vn -2.1201339e-07 -1 -3.5963146e-06
vn -0.25311595 -0.75143248 -0.60932881
vn -0.25311598 -0.75143248 -0.60932881
vn -0.25311592 -0.75143248 -0.60932875
vn 0.14003526 -0.76170486 0.63261032
vn 0.14003526 -0.76170486 0.63261038
vn 0.14003524 -0.76170486 0.63261032
vn -0.14938627 -0.75660372 -0.63658041
vn -0.14938648 -0.7566005 -0.63658422
vn -0.14938623 -0.75660396 -0.63658011
vn 0.22661428 -0.75850523 0.61099577
vn 0.2266143 -0.75850517 0.61099577
vn -0.2284646 -8.3036599e-07 -0.97355229
vn -0.98472857 -4.2879507e-05 0.17409676
vn -0.98472852 -4.2879503e-05 0.17409675
vn -0.98472857 -4.2879503e-05 0.17409675
vn 0.11146457 -0.7680375 0.6306299
vn 0.11146457 -0.76803756 0.63062996
vn 0 -1 2.8058695e-09
vn -0.11341566 -0.75853437 -0.64168733
vn -0.11341564 -0.75853431 -0.64168727
vn 0.17405342 0 0.9847362
vn -0.98473769 -3.5368106e-05 0.17404507
vn -0.98473775 -3.5368113e-05 0.1740451
vn -0.98473775 -3.536811e-05 0.17404509
vn -0.98471862 0 0.17415291
vn -0.98471862 0 0.1741529
vn -0.98474014 0 0.17403151
vn -0.98474014 0 0.17403135
vn -0.98473716 -2.7171909e-05 0.17404859
vn -0.98473716 -2.7171911e-05 0.17404859
vn -0.98473716 -2.7171907e-05 0.1740486
vn -0.98473692 6.6316729e-06 0.17404942
vn -0.98473692 6.6316734e-06 0.17404944
vn -0.98473692 6.6316729e-06 0.17404944
vn -0.9847368 -6.1895094e-05 0.17405039
vn -0.98473674 -6.1895094e-05 0.17405039
vn -0.98473763 -3.5368157e-05 0.17404559
vn -0.98473769 -3.5368157e-05 0.17404559
vn -0.98473763 -3.5368153e-05 0.17404558
vn -0.98473603 3.5369059e-05 0.17405474
vn -0.98473597 3.5369059e-05 0.17405474
vn -0.98473603 3.5369063e-05 0.17405476
vn 2.0723678e-07 -1 1.2443284e-06
vn 4.8508531e-07 -1 1.084147e-06
vn 3.2775375e-07 -1 1.2155538e-06
vn -2.4965143e-06 -1 4.521894e-07
vn 3.2097029e-07 -1 1.0787456e-07
vn 8.2410516e-08 -1 -5.0787736e-07
vn 0 -1 -1.0550282e-08
vn -9.0402727e-07 -1 -3.0453921e-06
vn -1.4168583e-07 -1 -1.543449e-06
vn 7.1848416e-07 -1 1.5403368e-06
vn 4.3766678e-07 -1 1.6004731e-06
vn -1.4591952e-06 -1 -3.7617608e-06
vn -5.2209901e-07 -1 -1.5516061e-06
vn 3.9046623e-07 -1 2.1609796e-06
vn 2.5702519e-07 -1 1.8120742e-06
vn -0.019050943 -0.9998123 0.0035392162
vn -0.019050945 -0.9998123 0.0035392162
vn -0.023905743 -0.99970436 0.0044408669
vn -0.023905743 -0.99970442 0.0044408673
vn -0.023905743 -0.99970442 0.0044408669
vn -0.029424185 -0.99955219 0.0054660677
vn -0.029424138 -0.99955219 0.0054661864
vn -0.029424142 -0.99955219 0.0054661888
vn -0.029424097 -0.99955213 0.0054663075
vn -0.018143183 -0.99983215 -0.002575014
vn -0.018143181 -0.99983215 -0.002575014
vn -0.018143179 -0.99983215 -0.002575014
vn -0.014684464 -0.99988782 -0.0029459004
vn -0.014684133 -0.99988788 -0.0029433772
vn -0.014684119 -0.99988782 -0.0029432755
vn -0.014683787 -0.99988788 -0.0029407563
vn -0.010822788 -0.99993587 -0.0033491428
vn -0.010822788 -0.99993587 -0.0033491431
vn 0.1114663 0.76803833 0.63062876
vn 0.1114663 0.76803833 0.63062871
vn 0.1114663 0.76803827 0.63062871
vn 7.4316386e-06 1 4.9747115e-07
vn 0.17405561 0 0.98473591
vn 0.17405562 0 0.98473591
vn -0.17405449 1.3392309e-06 -0.98473603
vn -0.1134243 0.75852954 -0.64169151
vn -0.11342431 0.7585296 -0.64169151
vn -0.96548301 0 0.26046601
vn -0.97766376 0 0.21017568
vn -0.98473555 0 0.17405726
vn -0.98364407 0 0.18012331
vn -0.98984426 0 0.14215675
vn 0.11146631 -0.76803839 0.63062847
vn 0.11146631 -0.76803845 0.63062847
vn 0.11146633 -0.76803851 0.63062847
vn 7.431639e-06 -1 4.4417064e-07
vn -0.11341825 -0.75853169 -0.64168996
vn -0.11341826 -0.75853169 -0.64168996
vn 0.34774536 -1.357161e-06 0.93758905
vn -0.1428891 0 -0.9897387
vn 0.42737207 0 0.90407586
vn 0 1 -9.6694883e-08
vn 0.4273732 1.8519764e-06 0.90407538
vn 0.42090142 0 -0.90710652
vn 0.42737064 1.9060855e-06 0.90407658
vn 0.42737064 1.9060858e-06 0.90407664
vn 0.42737064 1.9060857e-06 0.90407658
vn 0.982876 0 -0.18426836
vn 0.98287606 0 -0.18426836
vn 0.98287994 5.6224635e-06 -0.18424739
vn 0.98288 5.6224635e-06 -0.1842474
vn 0.98287994 5.6224635e-06 -0.1842474
vn 0.98288155 9.2706483e-07 -0.18423919
vn 0.98288149 9.2706478e-07 -0.18423919
vn -0.0036830248 0.99999326 0.00018556621
vn -0.0036830241 0.99999326 0.00018556617
vn -0.0036830239 0.99999321 0.00018556617
vn -0.042779408 0.99908459 3.295569e-05
vn -0.042779408 0.99908459 3.2955686e-05
vn -0.042779408 0.99908453 3.2955682e-05
vn 0.041077435 1.0723089e-06 -0.99915606
vn 0 1 1.7771162e-08
vn -0.17404774 8.8706639e-07 -0.98473728
vn -0.17474237 -8.343452e-07 -0.98461425
vn 0.45461383 -1.4615773e-06 0.89068872
vn 0.45461369 3.2343593e-07 0.89068878
vn 0.45461386 8.0708639e-07 0.89068866
vn 0.45461375 8.7691683e-07 0.89068878
vn 0.27947319 0.75655174 0.59120578
vn 0.27947322 0.7565518 0.59120578
vn 0.26882121 0.75793618 0.59436345
vn 0.26882118 0.7579363 0.59436351
vn 0.26882118 0.75793618 0.59436345
vn 0.27947414 0.75655103 0.59120619
vn 0.26480129 0.76063657 0.59271604
vn 0.26480129 0.76063669 0.59271604
vn 0.26480129 0.76063651 0.59271604
vn 0.0010975985 1.0363635e-06 -0.99999946
vn -0.049266264 0.99874377 0.0091524106
vn -0.049266517 0.99874377 0.0091520902
vn -0.049266439 0.99874383 0.0091521917
vn -0.049266655 0.99874383 0.0091519123
vn -0.046412583 0.99888521 0.0086223576
vn -0.046412509 0.99888521 0.0086221145
vn -0.046412412 0.99888521 0.008622108
vn -0.046412352 0.99888521 0.0086219497
vn -0.046412326 0.99888515 0.0086223306
vn -0.11386814 0.75853503 -0.64160633
vn 0.00071990432 0.75463074 -0.65614927
vn -0.011628242 0.76207572 -0.64738357
vn -0.01162824 0.76207566 -0.64738357
vn -0.011628241 0.76207572 -0.64738357
vn 0.29481936 0.71370167 -0.63538301
vn 0.29481936 0.71370161 -0.63538301
vn 0.29481941 0.71370167 -0.63538301
vn -0.24660699 0.76273429 -0.59784734
vn -0.24660695 0.76273435 -0.59784728
vn -0.24660698 0.76273441 -0.59784728
vn 0.14003499 0.76170462 0.63261074
vn 0.14003497 0.76170456 0.63261074
vn 0.140035 0.76170468 0.63261074
vn -0.14938626 0.75660568 -0.63657808
vn 0.22653376 0.75885642 0.61058944
vn 0.22653379 0.75885648 0.6105895
vn 0.22653377 0.75885642 0.61058944
vn -0.2284631 0 -0.97355264
vn -0.98473811 1.2531842e-05 0.17404309
vn -0.98473805 1.2531843e-05 0.17404312
vn -0.98473811 1.2531843e-05 0.1740431
vn 0.11146145 0.76803774 0.6306302
vn 0.11146146 0.7680378 0.63063014
vn 0.11146147 0.76803786 0.63063014
vn -0.11341674 0.7585336 -0.64168805
vn -0.11341674 0.75853354 -0.64168805
vn 0.17405148 4.0118816e-06 0.98473656
vn 0.17405151 4.0118821e-06 0.98473656
vn 0.17405149 4.0118821e-06 0.98473662
vn -0.98473763 0 0.17404535
vn -0.98473769 0 0.17404535
vn -0.98473769 0 0.17404534
vn -0.98471832 0 0.17415479
vn -0.98471838 0 0.1741548
vn -0.98473978 0 0.17403337
vn -0.98473716 1.3585955e-05 0.1740486
vn -0.9847371 1.3585954e-05 0.17404859
vn -0.9847371 1.3585953e-05 0.17404857
vn -0.98473704 -3.6178666e-05 0.17404905
vn -0.9847371 -3.6178586e-05 0.17404853
vn -0.98473763 3.536867e-05 0.17404591
vn -0.98473763 3.5368674e-05 0.17404591
vn -0.98473758 3.536867e-05 0.17404591
vn -0.98473597 -7.0738119e-05 0.17405473
vn -0.98473603 -7.0738119e-05 0.17405474
vn -0.019050935 0.9998123 0.003539219
vn -0.019050935 0.9998123 0.0035392188
vn -0.019050933 0.99981225 0.0035392188
vn -0.023905719 0.99970436 0.0044410978
vn -0.023905721 0.99970442 0.0044410978
vn -0.023905721 0.99970442 0.0044410983
vn -0.029424319 0.99955207 0.0054667438
vn -0.036370084 0.99933827 -0.00065063214
vn -0.036370084 0.99933827 -0.00065063208
vn -0.018143184 0.99983215 -0.0025747658
vn -0.018143183 0.99983209 -0.0025747656
vn -0.014684495 0.99988788 -0.0029459044
vn -0.011011229 0.99993932 0.00055509317
vn -0.011011231 0.99993932 0.00055509317
vn -0.01101123 0.99993932 0.00055509317
vn -0.0075267102 0.99997169 0.00037927626
vn -0.0075267102 0.99997169 0.00037927623
vn -0.0075267092 0.99997163 0.00037927623
vn 0.34774542 6.7858326e-07 0.93758905
vn 0.42737213 0 0.9040758
vn 0.98288 -5.67707e-06 -0.18424742
vn 0.98288 -5.6770696e-06 -0.18424742
vn 0.98288 -5.6770691e-06 -0.18424742
vn 0.98287594 0 -0.18426876
vn 0.98287588 0 -0.18426876
vn 0.98288018 -2.0536613e-06 -0.18424636
vn 0.98288018 -2.0536613e-06 -0.18424638
vn 0.98288012 -2.0536609e-06 -0.18424635
vn -0.0036811014 -0.99999321 0.00018142156
vn -0.0036811011 -0.99999321 0.00018142155
vn -0.0036811014 -0.99999326 0.00018142156
vn -0.042779263 -0.99908453 2.7992481e-05
vn -0.042779259 -0.99908459 2.7992481e-05
vn 0.45461366 0 0.89068878
vn 0.45461372 -2.307298e-06 0.89068878
vn 0.27947351 -0.75655073 0.59120691
vn 0.26882094 -0.75793594 0.59436393
vn 0.26882097 -0.75793594 0.59436399
vn 0.26882094 -0.75793588 0.59436393
vn 0.2794742 -0.75655025 0.59120727
vn 0.26480344 -0.76063621 0.59271556
vn 0.26480341 -0.76063621 0.5927155
vn 0.26480347 -0.76063627 0.59271562
vn -0.046412211 -0.99888521 0.0086219162
vn -0.046412263 -0.99888515 0.008621865
vn -0.046412233 -0.99888515 0.0086219842
vn -0.046412297 -0.99888521 0.0086219925
vn -0.046412215 -0.99888515 0.0086222971
vn -0.049266197 -0.99874383 0.0091524906
vn -0.049266178 -0.99874377 0.0091524562
vn -0.049266178 -0.99874383 0.0091524366
vn -0.049266167 -0.99874383 0.0091523938
vn -0.11386783 -0.75853407 -0.64160764
vn 0.00072013197 -0.75463277 -0.65614694
vn -0.006310523 -0.76480293 -0.64423341
vn -0.0063105235 -0.76480293 -0.64423347
vn -0.006310524 -0.76480299 -0.64423347
vn 0.29320577 -0.71253383 -0.63743699
vn -0.2466072 -0.76273423 -0.59784728
vn -0.2466072 -0.76273423 -0.59784722
vn -0.2466072 -0.76273429 -0.59784722
vn 0.1394029 -0.76710087 0.6261974
vn 0.13940288 -0.76710087 0.6261974
vn 0.13940288 -0.76710087 0.62619746
vn -0.14938651 -0.7566002 -0.63658452
vn 0.22653407 -0.75885522 0.6105907
vn 0.22653407 -0.75885522 0.61059076
vn 0.22653405 -0.75885522 0.6105907
vn -0.22846311 9.8527721e-07 -0.97355264
vn -0.98473811 -1.2531843e-05 0.1740431
vn -0.98473805 -1.2531843e-05 0.17404312
vn -0.98473811 -1.2531842e-05 0.17404309
vn 0.11146461 -0.76804024 0.63062668
vn 0.1114646 -0.76804024 0.63062662
vn 0 -1 3.1817208e-08
vn -0.11341489 -0.75853366 -0.64168829
vn -0.11341489 -0.75853372 -0.64168823
vn -0.11341488 -0.75853366 -0.64168829
vn 0.1740534 0 0.98473626
vn -0.98473626 7.235691e-05 0.17405313
vn -0.98473626 7.235691e-05 0.17405315
vn -0.98473811 -1.3896954e-05 0.17404284
vn -0.98473817 -1.3896954e-05 0.17404287
vn -0.98473811 -1.3896953e-05 0.17404285
vn -0.98473614 -3.6178117e-05 0.17405377
vn -0.9847362 -3.6178117e-05 0.17405377
vn -0.9847362 -3.617812e-05 0.17405379
vn -0.98473793 3.6178091e-05 0.17404388
vn -0.98473787 3.6178091e-05 0.17404389
vn -0.98473799 3.6178091e-05 0.17404391
vn -0.98473626 0 0.17405333
vn -0.98473632 0 0.17405334
vn -0.98473799 -7.2355106e-05 0.17404369
vn -0.98473799 -7.2355106e-05 0.1740437
vn -0.98473793 -7.2355098e-05 0.17404367
vn 1.0361388e-07 -1 5.7269989e-07
vn -0.017307743 -0.99984676 -0.0026631411
vn -0.017307743 -0.99984676 -0.0026631409
vn -0.021298531 -0.99977064 -0.0022457417
vn -0.021298535 -0.99977064 -0.0022457419
vn -0.025746832 -0.99966693 -0.0017702299
vn -0.02574683 -0.99966693 -0.0017702298
vn -0.025746834 -0.99966693 -0.0017702298
vn -0.036365028 -0.99933839 -0.0006463615
vn -0.036365036 -0.99933845 -0.0006463615
vn -0.036365032 -0.99933845 -0.00064636156
vn -0.019724172 -0.99980497 0.00098982197
vn -0.01972417 -0.99980497 0.00098982197
vn -0.017073501 -0.99985397 0.00086065411
vn -0.017073501 -0.99985397 0.00086065399
vn -0.011007216 -0.99993926 0.00055884564
vn -0.011007216 -0.99993932 0.00055884564
vn -0.011007217 -0.99993932 0.00055884564
vn -0.0075266901 -0.99997163 0.00037913033
vn -0.0075266911 -0.99997169 0.00037913036
vn -0.0075266911 -0.99997163 0.00037913033
vn -1 3.5970338e-06 0
vn -1 7.2342652e-07 0
vn -1 4.3204482e-06 0
vn 0 -1 -1.7047631e-06
vn 0 -1 -1.704762e-06
vn 0 -1 -1.704759e-06
vn 1 3.8376998e-06 0
vn 1 7.7182983e-07 0
vn 1 4.6095161e-06 0
vn -1.6711857e-06 1.5827993e-06 1
vn -1.1427816e-06 1.5827993e-06 1
vn -9.3798923e-07 1.5827997e-06 1
vn 0 -1.5828094e-06 -1
vn 0 -1.5828095e-06 -1
vn 0 -1 -1.704766e-06
vn -1.8759782e-06 1.5827994e-06 1
vn 1.0684582e-06 -0.49999779 -0.86602676
vn 1.0684531e-06 -0.49999893 -0.86602604
vn 1.0684521e-06 -0.4999992 -0.86602587
vn 1.4999138e-06 0.49999529 -0.86602813
vn 2.2252929e-07 0.49999949 -0.86602569
vn -5.8317113e-08 0.50000042 -0.86602515
vn -5.4388124e-08 0.49999958 0.86602575
vn -3.017627e-07 0.4999986 0.86602622
vn -3.5615091e-07 0.49999845 0.8660264
vn -3.0176426e-07 -0.50000077 0.86602509
vn -5.4388014e-08 -0.50000077 0.86602503
vn 0 -0.50000072 0.86602503
vn 1 2.3839666e-06 0
vn 1 3.2027754e-06 0
vn 1 2.9241314e-06 0
vn 1 2.1603963e-05 0
vn 1 3.2885432e-06 0
vn 1 -2.1604192e-05 0
vn 1 1.6058125e-06 0
vn 1 -8.2082097e-06 0
vn 1 -8.2082088e-06 0
vn 1 -8.2082106e-06 0
vn -1 -4.8792867e-06 0
vn -1 -4.8792863e-06 0
vn 1.0684591e-06 -0.4999975 -0.86602694
vn 1.780759e-06 0.49999443 -0.86602861
vn 0 0.49999976 0.86602563
vn -3.5615227e-07 -0.50000077 0.86602509
vn 1 -1.1696385e-05 0
vn 1 -1.1696386e-05 0
vn 1 -1.1696387e-05 0
vn 1 3.2831762e-05 0
vn 1 -3.2832497e-05 0
vn 1 5.8483979e-06 0
vn -1 1.9518098e-05 0
vn 0.50000066 2.3891585e-06 -0.86602515
vn 0.50000072 2.3891585e-06 -0.86602509
vn 0.50000066 2.3891585e-06 -0.86602503
vn 1 -9.7381451e-07 0
vn 1 9.738136e-07 0
vn 1 2.3891612e-06 0
vn 0.49999347 -2.6393293e-06 0.8660292
vn 0.49999347 -2.6393295e-06 0.8660292
vn 0.49999344 -2.6393295e-06 0.86602914
vn -0.49999347 -2.3891696e-06 0.8660292
vn -0.49999344 -2.3891696e-06 0.86602914
vn -1 6.2988164e-07 0
vn -1 6.298817e-07 0
vn -0.50000072 3.0190397e-06 -0.86602509
vn -0.50000066 3.0190395e-06 -0.86602515
vn -0.50000066 3.019039e-06 -0.86602503
vn 0.49999908 2.3891623e-06 -0.86602592
vn 0.49999914 2.3891625e-06 -0.86602598
vn 0.49999911 2.3891623e-06 -0.86602592
vn 1 -2.3891666e-06 0
vn 0.49999556 -2.3891678e-06 0.86602807
vn 0.49999556 -2.3891682e-06 0.86602801
vn 0.49999556 -2.389168e-06 0.86602801
vn -0.49999556 -2.98646e-06 0.86602801
vn -0.49999556 -2.9864602e-06 0.86602801
vn -0.49999556 -2.98646e-06 0.86602807
vn -1 -1.1945833e-06 0
vn -0.49999911 2.3891623e-06 -0.86602592
vn -0.49999914 2.3891625e-06 -0.86602598
vn -0.49999908 2.3891623e-06 -0.86602592
vn 0.99991262 -2.7809238e-06 0.013220935
vn 0.99991268 -9.8201006e-08 0.013220927
vn 0.99991268 -2.879118e-06 0.013220935
vn 4.714384e-07 1 -3.6460598e-08
vn 0 1 -3.5040815e-10
vn 0 1 -1.8503949e-09
vn -1.1400384e-06 -1 2.5573291e-08
vn -1.066394e-06 -1 -4.4481013e-08
vn -1.1060043e-06 -1 1.7247173e-08
vn 0.71867275 7.5971975e-06 0.69534844
vn 0.71867013 2.447006e-06 0.69535124
vn 0.71866894 0 0.69535244
vn -0.99993861 -5.5753173e-07 -0.011085705
vn -0.99993861 -1.8149163e-05 -0.011085715
vn -0.99993861 0 -0.011085707
vn -0.69479054 0 0.71921217
vn -0.69479066 0 0.719212
vn -0.69479084 0 0.71921188
vn 0.048999734 -1.7834269e-07 0.99879879
vn 0.04900001 -6.2997651e-06 0.99879879
vn 0.048999734 0 0.99879885
vn 0.69532251 -1.3137354e-05 -0.71869785
vn 0.69532257 -1.3137355e-05 -0.71869785
vn 0.69532257 -1.3137354e-05 -0.71869785
vn 0.24743985 -7.4115405e-06 -0.9689033
vn 0.24743983 -7.4115396e-06 -0.96890324
vn 0.24743982 -7.4115396e-06 -0.96890324
vn -0.0035219889 0.20975123 0.97774851
vn -0.0035219889 0.20975122 0.97774845
vn -0.0035219891 0.20975126 0.97774851
vn -0.0042535034 0.71352154 0.70062041
vn -0.0042535034 0.71352154 0.70062035
vn -0.0042535034 0.71352148 0.70062041
vn -0.9999969 -1.5283985e-06 -0.0025081094
vn -0.99999684 -1.5283985e-06 -0.0025081094
vn -0.9999969 -1.5283986e-06 -0.0025081094
vn 0.0036208953 -0.80255103 -0.59657252
vn 0.0036208949 -0.80255103 -0.59657252
vn 0.0036208949 -0.80255103 -0.59657246
vn 0.012624986 0.99880779 -0.047157243
vn 0.012625014 0.99880779 -0.047156785
vn 0.012624984 0.99880773 -0.047157262
vn -0.99997675 0.0054116426 -0.0041702781
vn -0.99997669 0.0054116421 -0.0041702776
vn -0.99997675 0.0054116417 -0.0041702781
vn 0.0032889319 -0.23991524 -0.9707883
vn 0.0032889319 -0.23991524 -0.97078836
vn 0.0032889324 -0.23991527 -0.9707883
vn 0.36045668 0.73934513 -0.56871772
vn 0.36045665 0.73934513 -0.56871772
vn 0.36045662 0.73934519 -0.56871772
vn 0.99991262 0 0.013220927
vn 0 1 5.1486366e-09
vn 0 1 8.6541876e-09
vn 4.4161334e-07 1 -4.5928591e-08
vn 2.1373344e-05 1 -1.2099459e-06
vn 0 -1 -4.1857668e-08
vn -1.1535993e-06 -1 9.0560022e-08
vn 0.71867406 1.0044151e-05 0.69534719
vn -0.99993855 -1.870672e-05 -0.011085714
vn -0.69479048 0 0.71921229
vn 0.049000029 -6.4780925e-06 0.99879879
vn 0.69532466 0 -0.71869582
vn 0.69532466 0 -0.71869576
vn 0.69532472 0 -0.71869582
vn 0.17820959 0.77994066 -0.59994507
vn 0.17820957 0.77994055 -0.59994507
vn 0.0016717366 0.17911856 0.9838261
vn 0.0016717368 0.17911857 0.98382616
vn 0.0016717367 0.17911857 0.98382616
vn 0.00047234443 0.6544652 0.75609207
vn 0.00047234434 0.6544652 0.75609213
vn 0.00047234437 0.6544652 0.75609213
vn -0.99999481 0.0025731029 -0.0019789911
vn -0.99999481 0.0025731032 -0.0019789911
vn -0.99999481 0.0025731032 -0.0019789913
vn -0.0018166283 -0.77016199 -0.63784587
vn -0.0018166283 -0.77016205 -0.63784587
vn -0.0018166283 -0.77016205 -0.63784581
vn 0.012625015 0.99880779 -0.047156755
vn -0.99996847 0.0079441741 -0.00037501068
vn -0.99996841 0.0079441732 -0.0003750106
vn -0.002134358 -0.21537945 -0.97652811
vn -0.0021343576 -0.2153794 -0.97652811
vn -0.0021343578 -0.21537942 -0.97652817
vn 0.30871835 0.95009518 -0.044857245
vn 0.30871838 0.95009524 -0.044857245
vn -0.023822552 -0.50368541 -0.86355871
vn -0.02382255 -0.50368536 -0.86355865
vn -0.023822548 -0.50368536 -0.86355871
vn -0.99960846 0.024704441 0.013145631
vn -0.99960834 0.024705801 0.013146185
vn -0.99960834 0.024706503 0.013145602
vn 0.024630997 0.99968529 -0.0047706254
vn 0.024659378 0.99968457 -0.0047620405
vn 0.024668552 0.99968439 -0.004759267
vn -0.00085250521 -0.4960039 0.86831993
vn -0.00085250521 -0.49600387 0.86831999
vn -0.00085250527 -0.49600393 0.86831999
vn -0.024665706 -0.99968445 0.0047738976
vn -0.024665546 -0.99968445 0.0047737998
vn -0.024665758 -0.99968445 0.0047739283
vn 0.00084147532 0.49600348 -0.86832011
vn 0.0008292424 0.49600023 -0.86832207
vn 0.0008252897 0.4959991 -0.86832261
vn 0.023831325 0.50368679 0.86355764
vn 0.023811439 0.50368148 0.86356121
vn 0.023837751 0.50368851 0.86355639
vn -0.023822546 -0.5036853 -0.86355877
vn -0.023822544 -0.5036853 -0.86355871
vn -0.023822544 -0.5036853 -0.86355865
vn -0.99960828 0.024707714 0.013145586
vn -0.9996084 0.02470565 0.013145615
vn -0.99960834 0.024707071 0.01314617
vn 0.024621824 0.99968547 -0.0047733975
vn -0.00080516498 -0.49599165 0.8683269
vn -0.00080516492 -0.49599165 0.8683269
vn -0.00080516498 -0.49599168 0.86832702
vn -0.024665494 -0.99968445 0.0047737686
vn 0.00084542803 0.49600455 -0.86831957
vn 0.023805015 0.50367981 0.86356241
vn -0.090532638 0 0.99589348
vn 0.090532646 0 -0.99589348
vn 0.090532653 0 -0.99589354
vn 0.24872246 0 0.96857488
vn 0.24872245 0 0.96857488
vn 0.2487295 0 0.96857303
vn 0.24872953 0 0.96857309
vn 0.24872951 0 0.96857303
vn 0.37084001 0 0.92869681
vn 0.37084001 0 0.92869675
vn 0.37084004 0 0.92869681
vn -0.49287155 0 -0.87010211
vn -0.49287158 0 -0.87010211
vn -0.49287164 0 -0.87010211
vn -0.32555029 0 -0.94552481
vn -0.20405287 0 -0.97895998
vn -0.20405278 0 -0.97895986
vn -0.20405281 0 -0.97895992
vn 0 -1 1.5054693e-08
vn 0 -1 1.5513326e-08
vn 0 -1 1.7782911e-08
vn 0 1 -2.619711e-08
vn 0 1 -3.354565e-08
vn 0 1 -2.7573337e-08
vn -2.1808328e-06 1 3.8181274e-06
vn -1.1194267e-06 1 1.959854e-06
vn -0.7092191 0 -0.70498812
vn -0.70921916 0 -0.70498812
vn 0.70922363 0 -0.70498365
vn 0.70922357 0 -0.70498365
vn 0.24871966 0 0.9685756
vn 0.24871965 0 0.96857554
vn 0.24871968 0 0.9685756
vn 0.24872674 0 0.96857381
vn 0.24872677 0 0.96857381
vn 0.37084207 6.5753306e-06 0.92869598
vn 0.37084207 6.5753311e-06 0.92869598
vn 0.37084204 6.5753297e-06 0.92869592
vn -0.49287155 0 -0.87010217
vn -0.20405291 -2.7463377e-06 -0.97895992
vn -0.2040529 -2.7463379e-06 -0.97895986
vn -0.2040529 -2.7463377e-06 -0.97895986
vn -3.9161878e-06 1 6.8563272e-06
vn 0.70922869 0 -0.70497853
vn 0.70922863 0 -0.70497853
vn 0.49995762 -0.86604995 0
vn 0.49995762 -0.86605 0
vn 0.49995759 -0.86605 0
vn 1 0.00010596566 0
vn 1 -0.00010596604 0
vn 1 -0.00013495902 0
vn 0.50001603 0.86601621 0
vn 0.50001603 0.86601615 0
vn -0.49995762 0.86604995 0
vn -0.49995762 0.86605 0
vn -0.49995759 0.86605 0
vn 0 6.8722852e-06 -1
vn 0 6.8722866e-06 -1
vn -0.49989912 -0.86608368 0
vn -0.49989915 -0.86608368 0
vn -0.49989918 -0.86608368 0
vn 4.2566709e-05 -2.0464964e-05 -1
vn 4.2566713e-05 -2.0464968e-05 -1
vn 4.2566713e-05 -2.0464966e-05 -1
vn -0.49997202 -0.8660416 8.5130841e-06
vn -0.49997205 -0.86604166 8.5130841e-06
vn -0.49997202 -0.8660416 8.5130832e-06
vn 0 1.3742518e-05 -1
vn 3.7353329e-05 -1.1342406e-05 -1
vn 2.5306057e-05 -6.9963717e-06 -1
vn 4.2570882e-05 1.3742517e-05 -1
vn 1.1354098e-05 -1.1342571e-05 -1
vn 1.8162538e-05 -5.8714672e-06 -1
vn 1.0928337e-05 -2.0464864e-05 -1
vn -1.0642493e-05 -2.0464964e-05 -1
vn 1.4484093e-07 -1.4760573e-05 -1
vn -3.4361659e-05 -2.0465341e-05 -1
vn 6.3669931e-06 -1.4343961e-05 -1
vn -3.8201833e-05 -1.4344422e-05 -1
vn -2.546758e-05 -2.0465461e-05 -1
vn -3.8201983e-05 -1.4344351e-05 -1
vn -4.0927851e-05 8.2222914e-06 1
vn -4.0927847e-05 8.2222896e-06 1
vn -4.0927847e-05 8.2222905e-06 1
vn -0.49995911 0.86604905 0
vn -0.49995914 0.86604899 0
vn 1 -2.3540522e-05 0
vn 1 6.0319198e-05 0
vn 1 -4.8271781e-05 0
vn -1 -2.2997116e-05 0
vn -1 -5.2378582e-06 0
vn -1 -2.823451e-05 0
vn 0.50003278 0.86600661 0
vn 0.50000888 -0.86602038 0
vn 0.50000888 -0.86602032 0
vn 0.50000882 -0.86602032 0
vn 0.50001448 -0.8660171 0
vn 0.50001448 -0.86601704 0
vn 1 0.00013495846 0
vn 0.49995598 0.8660509 0
vn 0.49995598 0.86605084 0
vn 0.49995595 0.86605084 0
vn -0.4998976 0.86608464 0
vn -0.49989757 0.86608452 0
vn -0.49989757 0.86608458 0
vn -5.7180969e-05 1.3743814e-05 -1
vn -5.7180969e-05 1.3743815e-05 -1
vn -5.7180972e-05 1.3743815e-05 -1
vn 1.9058325e-05 9.1628463e-06 -1
vn 5.7173715e-05 1.3743816e-05 -1
vn 8.1691651e-06 7.8541125e-06 -1
vn 0 6.8722857e-06 -1
vn -0.49995598 -0.8660509 0
vn -0.49995598 -0.86605084 0
vn -0.49995601 -0.8660509 0
vn 0 -2.0466463e-05 -1
vn -0.49996105 -0.86604786 0
vn -0.49996108 -0.86604786 0
vn 0 -8.2231099e-06 -1
vn -5.093664e-05 -8.223109e-06 -1
vn -8.5144246e-05 -2.0464968e-05 -1
vn 0 -2.0464964e-05 -1
vn 2.0463251e-05 4.1113226e-06 1
vn 2.0463252e-05 4.1113226e-06 1
vn 0 4.1110093e-06 1
vn 5.8469973e-06 4.6983964e-06 1
vn 1.3643085e-05 5.4815878e-06 1
vn 4.0930958e-05 8.2229153e-06 1
vn -0.49999794 0.86602658 0
vn -0.49999797 0.86602664 0
vn -0.49999794 0.86602664 0
vn 1 8.5052547e-05 0
vn 0.50003481 0.86600542 0
vn 0.50003475 0.86600542 0
vn 0.50003475 -0.86600536 8.5550928e-06
vn 0.50003475 -0.86600542 8.5550928e-06
vn 0.25193277 -3.6442424e-07 -0.96774483
vn 0.2519328 -3.6442427e-07 -0.96774483
vn 0.25193277 -3.6442427e-07 -0.96774483
vn -2.6186015e-06 -1 1.4111579e-05
vn -9.6799269e-08 -1 -1.2595597e-05
vn -1.7899614e-06 -1 1.4832436e-05
vn -0.24372718 8.0562904e-07 -0.96984392
vn -0.24372719 8.056291e-07 -0.96984386
vn -0.24372718 8.0562904e-07 -0.96984386
vn 0 1 1.2346741e-08
vn 0.038671426 -5.2924929e-07 0.99925202
vn 0.038671695 1.1695361e-07 0.99925202
vn 0.038671814 4.1229629e-07 0.99925202
vn -0.038671326 -1.1695457e-07 -0.99925202
vn -0.03867159 5.2924884e-07 -0.99925202
vn -0.038671713 8.2459036e-07 -0.99925202
vn 0 1 -2.7192218e-08
vn 0 1 4.2046273e-09
vn 0 1 1.2942302e-08
vn 8.4502126e-06 -1 8.2496454e-06
vn 1.1242802e-05 -1 1.0757753e-05
vn 0 1 2.1993495e-08
vn 0.2796489 -8.8424315e-07 0.96010238
vn 0.2796489 -8.8424326e-07 0.96010238
vn 0.2796489 -8.8424309e-07 0.96010238
vn -0.99994665 7.4586438e-07 0.010330656
vn -0.99994665 3.0308419e-07 0.010330653
vn -0.99994665 1.048947e-06 0.010330657
vn 0.85701811 4.4185717e-06 0.51528639
vn 0.85702044 2.1487249e-06 0.51528251
vn 0.8570227 -7.8847947e-08 0.51527882
vn -0.82271552 7.6874744e-07 -0.56845331
vn -0.82271558 3.4389251e-07 -0.56845331
vn -0.82271558 1.4860109e-07 -0.56845331
vn 1.5058928e-05 -1 8.066213e-07
vn 1.4239663e-05 -1 -2.3840438e-07
vn -0.01030289 -4.2322097e-07 -0.99994695
vn -0.010302892 -4.2322097e-07 -0.99994695
vn -0.010302891 -4.2322097e-07 -0.99994695
vn 1.0532634e-06 -1 -1.3770932e-07
vn 0 -1 -1.2903839e-08
vn 0 1 3.5913146e-09
vn 0.99994665 5.0604426e-06 -0.010328316
vn 0.99994665 1.1740742e-06 -0.010329718
vn 0.99994677 7.7206723e-06 -0.010327359
vn -4.3253846e-07 -1 2.7531382e-06
vn -1.3481962e-05 -1 2.085382e-06
vn 9.7460781e-07 -1 2.9498556e-06
vn -0.28302565 2.8659557e-07 0.95911241
vn -0.28302562 2.8659554e-07 0.95911241
vn -0.28302562 2.8659554e-07 0.95911235
vn 0.99999774 5.7235145e-08 0.0021657962
vn 0.99999774 2.6639187e-08 0.0021657965
vn 0.99999774 8.3874127e-08 0.002165796
vn 0 1 -3.4747305e-08
vn 0 1 -4.329565e-08
vn 0.87604415 -6.1973154e-08 -0.48223099
vn 0.87604415 -1.0882462e-07 -0.48223096
vn 0.87604421 -1.707982e-07 -0.48223084
vn -0.88027954 0 0.47445557
vn -0.88027954 0 0.47445545
vn -0.88027954 0 0.47445536
vn -0.14834012 -3.4723016e-07 -0.98893642
vn -0.14833774 -4.9923102e-07 -0.98893678
vn -0.14834057 -3.1742283e-07 -0.98893642
vn -0.99999768 0 -0.0021657923
vn -0.99999774 0 -0.0021657923
vn -0.99999768 0 -0.002165792
vn -1.3523133e-06 -1 -1.7066826e-06
vn -2.7870715e-07 -1 -1.8332937e-06
vn 0 1 4.9996093e-08
vn 0.25193295 -4.8453364e-07 -0.96774471
vn 0.25193295 -4.8453364e-07 -0.96774477
vn -1.286748e-06 -1 -1.5261545e-05
vn -0.24372639 1.5931183e-06 -0.9698441
vn -0.24372639 1.5931182e-06 -0.96984404
vn -0.2437264 1.5931183e-06 -0.96984404
vn 0.038671307 -8.2458973e-07 0.99925208
vn -0.038671207 -4.1229376e-07 -0.99925202
vn 0 1 2.2955124e-08
vn 0.27964979 -1.1995188e-06 0.96010214
vn 0.27964976 -1.1995187e-06 0.96010208
vn 0.27964979 -1.1995186e-06 0.96010214
vn -0.99994671 0 0.010330652
vn 0.85701585 6.6461403e-06 0.51529014
vn -0.82271552 9.640388e-07 -0.56845331
vn -0.010306278 -4.3644661e-07 -0.99994695
vn -0.010306277 -4.3644661e-07 -0.99994695
vn 0.99994665 -1.4861514e-06 -0.010330678
vn -1.5033166e-05 -1 1.9558925e-06
vn -0.28302562 0 0.95911235
vn -0.28302565 0 0.95911241
vn 0.99999768 0 0.0021657967
vn 0.87604409 0 -0.48223117
vn -0.88027948 0 0.47445562
vn -0.14833727 -5.2903835e-07 -0.9889369
vn 0 1 5.8315511e-08
vn 3.0613401e-09 0.43907031 -0.89845282
vn 1.0966194e-07 0.43907127 -0.89845234
vn 1.1158064e-07 0.43907127 -0.89845234
vn -0.75899839 0 -0.65109259
vn -0.75899839 0 -0.65109253
vn -0.75952452 3.6253758e-07 -0.65047872
vn -0.75952381 2.5326216e-07 -0.6504795
vn -0.75952464 5.0652488e-07 -0.6504786
vn -0.73960018 0.0034389349 -0.67303777
vn -0.73960018 0.0034389349 -0.67303771
vn -0.73960018 0.0034389351 -0.67303777
vn -0.42446381 -0.0016226398 -0.90544355
vn -0.42446381 -0.0016226397 -0.90544349
vn -0.42446378 -0.0016226396 -0.90544349
vn 0 -0.43907127 -0.89845234
vn 0 -0.43907312 -0.89845133
vn 0 -0.43907112 -0.89845228
vn 1.5995838e-07 -0.96634209 -0.25726068
vn 2.3826098e-07 -0.96634173 -0.25726178
vn 1.563385e-07 -0.96634215 -0.25726065
vn 1.8527012e-07 -1 7.8599606e-07
vn 2.0982364e-07 -1 4.2059085e-07
vn 7.1265653e-08 -1 3.8435016e-07
vn 2.6563859e-07 -0.84211266 -0.53930163
vn 3.8301735e-07 -0.84211135 -0.53930378
vn 2.6291977e-07 -0.84211278 -0.53930157
vn -0.75899833 4.1873665e-07 -0.65109253
vn -0.75899839 4.1873662e-07 -0.65109259
vn -0.75952441 1.4398621e-07 -0.65047884
vn -0.75952518 0 -0.65047795
vn -0.73959881 -0.0034384516 -0.67303932
vn -0.73959875 -0.0034384513 -0.67303932
vn -0.73959881 -0.0034384513 -0.67303932
vn 7.8228858e-08 1 2.2091332e-05
vn -6.4249616e-07 1 1.4192735e-06
vn 8.7829299e-09 1 7.3512961e-06
vn 4.2990641e-07 0.96634227 -0.25726014
vn -4.8744195e-09 0.9663412 -0.25726387
vn -1.8746451e-07 0.96634108 -0.25726452
vn 0 1 5.0936796e-07
vn 7.2667393e-13 1 2.8252102e-06
vn 9.0378034e-09 0.84211415 -0.53929943
vn 2.9446647e-07 0.84211135 -0.53930372
vn 3.0177034e-07 0.84211129 -0.53930384
vn 2.103171e-07 -1 1.3317238e-08
vn 2.134846e-07 -1 1.5287105e-07
vn -2.1870157e-07 1.1917821e-05 1
vn 4.3853165e-06 -9.9324698e-06 1
vn -2.2759767e-07 1.2402601e-05 1
vn -1.5582266e-06 -5.2663113e-06 1
vn -3.46788e-07 5.0059148e-06 1
vn -1.5110357e-06 -5.3762724e-06 1
vn 3.847365e-07 6.6877516e-07 1
vn 0 7.6477164e-07 1
vn 4.5481497e-06 -1.0154426e-05 1
vn 2.5760951e-07 1.1590727e-05 1
vn -7.6069404e-07 -5.6258486e-06 1
vn -7.8074675e-07 -5.9648801e-06 1
vn 0.69655663 8.5206257e-06 0.71750182
vn 0.6965555 8.5206302e-06 0.71750301
vn 0.69655526 8.520632e-06 0.71750319
vn 0.22369368 1.261717e-05 0.9746595
vn 0.22369516 1.1309126e-05 0.97465914
vn 0.2236935 1.2826167e-05 0.97465962
vn 0.59807187 -6.1862243e-06 0.80144244
vn 0.59807193 -6.1862252e-06 0.8014425
vn 0.59807181 -6.1862252e-06 0.8014425
vn 0.39023206 1.272897e-05 0.92071658
vn 0.39023203 1.272897e-05 0.92071664
vn 0.39023209 1.272897e-05 0.92071664
vn 0.94464064 -4.4742169e-06 0.32810673
vn 0.9446407 -4.4742178e-06 0.32810673
vn 0.9446407 -4.4742178e-06 0.32810676
vn -0.00045412555 1.1929533e-05 0.99999994
vn -0.00045395264 1.1929543e-05 0.99999994
vn -0.0004539497 1.1929544e-05 0.99999994
vn 0.68078625 6.2624194e-06 0.73248214
vn 0.68078625 6.2624199e-06 0.73248219
vn 0.68078625 6.262419e-06 0.73248214
vn 0 0.43907022 -0.89845282
vn -0.75951803 0.00061070529 -0.65048599
vn -0.75951815 0.00061070529 -0.65048599
vn -0.75952351 2.5326236e-07 -0.65047997
vn -0.73817724 -0.0012089526 -0.67460567
vn -0.7381773 -0.0012089526 -0.67460567
vn -0.73817736 -0.0012089527 -0.67460567
vn 0 -0.43907323 -0.89845139
vn 2.4049316e-07 -0.96634179 -0.25726181
vn 3.8487079e-07 -0.84211129 -0.53930378
vn -0.75951803 -0.00061004102 -0.65048599
vn -0.75951803 -0.00061004102 -0.65048605
vn -0.7381779 0.0012052909 -0.67460507
vn -0.7381779 0.001205291 -0.67460507
vn -0.7381779 0.0012052908 -0.67460501
vn -0.42446184 0.001617701 -0.90544438
vn -0.42446184 0.0016177011 -0.9054445
vn -0.42446184 0.0016177011 -0.90544444
vn 3.3486435e-07 1 1.2310254e-06
vn -7.102883e-07 1 -1.231695e-06
vn 0 0.9663412 -0.25726387
vn -7.8891851e-08 0.96634138 -0.25726348
vn -5.5432008e-07 0.96634305 -0.25725734
vn 5.6877724e-07 0.96634245 -0.25725907
vn 0 0.84211433 -0.53929925
vn 2.1547746e-07 -1 0
vn -3.4703424e-07 5.0400058e-06 1
vn 2.7766208e-07 1.192976e-05 1
vn 0.69655681 8.5206248e-06 0.71750164
vn 0.22369541 1.1100134e-05 0.97465914
vn 0.59807628 0 0.80143929
vn 0.59807628 0 0.80143923
vn 0.59807622 0 0.80143923
vn 0.39023203 9.5467267e-06 0.92071664
vn 0.39023209 9.5467285e-06 0.92071664
vn 0.39023206 9.5467267e-06 0.92071658
vn 0.9446407 0 0.32810673
vn 0.9446407 0 0.32810676
vn 0.94464064 0 0.32810673
vn -0.00045412849 1.1929534e-05 1
vn 0.68078911 -1.0601136e-05 0.73247951
vn 0.68078905 -1.0601137e-05 0.73247957
vn 1 -2.1808567e-06 0
vn 1 -1.4917305e-06 0
vn 1 -1.8194039e-06 0
vn 1 -3.3265478e-06 0
vn 1 -3.2333737e-06 0
vn 1 -3.5382429e-06 0
vn 1 -3.5382432e-06 0
vn 1 1.705591e-06 0
vn 1 1.7055909e-06 0
vn 1 1.7055911e-06 0
vn 0.74271876 0 0.66960359
vn -3.0927123e-07 8.4056119e-06 1
vn -0.017281448 -0.99984759 0.0024880818
vn -0.017281448 -0.99984765 0.0024880818
vn 0 -1 2.5449729e-08
vn 0.27917424 5.4241326e-08 -0.96024054
vn 0.27917004 6.0806365e-06 -0.96024168
vn 0.2791698 7.7012492e-06 -0.96024179
vn 0 1 -2.2340019e-09
vn 0 1 6.2068992e-08
vn 0 1 -2.3205034e-08
vn -0.019787014 1.9413092e-06 0.9998042
vn -0.019788342 -7.2441776e-06 0.9998042
vn -0.019788435 -7.9077827e-06 0.9998042
vn 0.27917457 0 -0.96024042
vn 0.2791746 0 -0.96024042
vn 0.96024078 -1.6270767e-06 0.27917328
vn 0.96024072 -7.2429139e-06 0.27917346
vn 0.96024066 -8.869989e-06 0.27917346
vn -2.0277314e-06 -1 4.3528257e-06
vn 2.2837326e-06 -1 4.2957995e-06
vn -1.4744832e-06 -1 2.8329641e-06
vn 2.088909e-07 1 2.0442737e-06
vn 5.7844081e-06 1 6.5024051e-06
vn 7.0555643e-06 1 1.948772e-06
vn -0.041685317 2.3972639e-06 0.99913085
vn -0.041681781 -5.8250066e-06 0.99913102
vn -0.041685361 1.7488185e-07 0.99913079
vn -0.028865589 2.6481912e-06 0.9995833
vn -0.028865589 2.7874178e-06 0.9995833
vn -0.028865591 2.6225125e-06 0.99958336
vn 0 1 3.209442e-08
vn 0 1 -1.6050404e-07
vn 6.6833195e-07 1 2.2330661e-07
vn 0 -1 -2.3481149e-08
vn 0 -1 -1.6088844e-08
vn 0 -1 2.3608889e-08
vn -0.12769765 0 -0.99181318
vn -0.12769781 0 -0.99181324
vn -0.12769784 0 -0.99181312
vn -0.46948451 0 -0.88294071
vn -0.46948445 0 -0.88294071
vn -0.46948442 0 -0.88294071
vn 0 1 -3.5545231e-08
vn -0.99884313 0 0.048088003
vn -0.99884313 0 0.048088055
vn -0.99884313 0 0.048088066
vn -0.014821447 0.99988991 0.00071335142
vn -0.014821449 0.99988997 0.00071335153
vn -0.01482145 0.99988997 0.00071335147
vn -0.62507492 0 -0.7805649
vn -0.62507403 0 -0.78056544
vn -0.62507498 0 -0.78056467
vn -0.40692288 -6.4878591e-06 0.91346264
vn -0.4069216 -8.0247656e-07 0.91346312
vn -0.40692145 0 0.91346318
vn -0.041683689 2.477922e-06 0.9991309
vn -0.041684747 -5.307329e-07 0.99913085
vn -0.041683692 2.5566485e-06 0.9991309
vn 3.0711631e-06 1 -2.3984527e-05
vn -3.9720706e-07 1 5.5388426e-07
vn 0 -1 -3.2559544e-08
vn 0 -1 -1.1765018e-07
vn 0.27917361 -1.8789943e-07 -0.96024072
vn 0.27917364 -5.9157546e-06 -0.96024072
vn 0.27917367 0 -0.96024072
vn -0.041684262 5.4352938e-08 0.9991309
vn 0.96084696 0 0.27707991
vn 0.96084714 0 0.27707893
vn 0.96084678 0 0.27708024
vn -1.5174382e-07 -1 7.9276049e-08
vn 0.27917361 -5.9111658e-06 -0.96024066
vn 0 -1 1.5508126e-06
vn 0 -1 -3.2080467e-07
vn -1.1538268e-06 1 2.8153643e-06
vn 1.304132e-06 1 3.5523038e-07
vn 0 -1 -8.2688217e-08
vn 6.3727947e-07 1 6.775814e-07
vn 7.040569e-06 1 1.9021287e-06
vn 0 -1 9.0308129e-07
vn 0.96024048 -4.2844695e-06 0.27917409
vn 0.96024024 -8.0975078e-06 0.27917498
vn 0.96024084 0 0.27917305
vn -0.041684419 3.61312e-06 0.99913085
vn -0.041684423 3.6131203e-06 0.9991309
vn -0.041684415 3.6131198e-06 0.99913085
vn -0.96211427 2.1902197e-06 -0.27264667
vn -0.96211427 -2.1902163e-06 -0.27264681
vn -0.96211427 3.9183269e-06 -0.27264661
vn -0.041685324 -1.2163704e-06 0.99913085
vn 0.051246595 2.0361838e-06 -0.99868608
vn 0.05124601 7.1219301e-07 -0.99868613
vn 0.051245928 1.0833458e-06 -0.99868608
vn 0.051248226 6.0593193e-06 -0.99868602
vn 0.051248223 6.0593193e-06 -0.99868602
vn 0.051248223 6.0593184e-06 -0.99868596
vn -0.60178888 0.78015369 -0.17091051
vn -0.60178888 0.78015381 -0.17091051
vn -0.60178882 0.78015375 -0.17091051
vn 0.60660249 0.77563256 0.1744352
vn 0.60660255 0.77563256 0.17443518
vn 0.60660249 0.77563256 0.17443518
vn -0.014819817 -0.99989003 0.00070984056
vn -0.014819815 -0.99988997 0.00070984056
vn -0.014819814 -0.99988997 0.00070984045
vn 0.2791743 0 -0.96024042
vn 0 1 1.1838926e-07
vn -0.019786917 2.6049129e-06 0.9998042
vn 0.96024084 0 0.27917325
vn 7.040554e-06 -1 1.9021245e-06
vn -1.2863287e-06 1 3.0704767e-05
vn -0.04168075 -8.1300232e-06 0.99913096
vn -0.028865591 2.8130971e-06 0.99958336
vn -0.12769763 0 -0.99181318
vn -0.46948645 0 -0.88293964
vn -0.46948645 0 -0.8829397
vn -0.99884313 0 0.048087995
vn -0.017277129 0.99984765 0.0024874848
vn -0.017277127 0.99984765 0.0024874848
vn -0.017277129 0.99984771 0.0024874851
vn -0.62507391 0 -0.78056562
vn -0.40692288 -6.9688117e-06 0.91346264
vn 0.96084732 0 0.27707863
vn 0.96023995 -1.2382045e-05 0.27917603
vn -0.041687503 -1.259201e-05 0.99913079
vn -0.0416875 -1.2592011e-05 0.99913079
vn -0.96211421 -3.9183287e-06 -0.27264687
vn -0.041685276 -1.2163703e-06 0.99913079
vn 0.051246494 -2.827685e-07 -0.99868602
vn 3.5415708e-06 1 -2.8088856e-05
vn 3.541571e-06 1 -2.8088856e-05
vn 0.051245734 -1.0619277e-05 -0.99868608
vn -0.60193342 0.78011054 -0.17059879
vn -0.60193336 0.78011036 -0.17059878
vn -0.60193342 0.78011042 -0.17059876
vn 0.60641432 0.77568173 0.17487054
vn 0.60641426 0.77568179 0.17487052
vn 0.60641426 0.77568167 0.17487052
vn -9.1556041e-07 -0.5 -0.86602539
vn -6.0325931e-07 -0.50000095 -0.86602491
vn -5.0627295e-07 -0.50000125 -0.86602473
vn -9.6986277e-08 0.50000435 -0.866023
vn -4.092889e-07 0.5000025 -0.86602408
vn 0 0.50000495 -0.86602259
vn 0 0.50000131 0.86602473
vn 0 0.50000125 0.86602467
vn -1 -8.0124446e-06 0
vn -1 -4.8437145e-05 0
vn -1 -5.3713986e-05 0
vn 0 -0.50000376 0.86602336
vn 0 -0.50000465 0.86602283
vn 0 -0.50000495 0.86602259
vn 1 8.6295108e-07 0
vn 1 -8.3409832e-06 0
vn 1 -8.6290441e-07 0
vn 1 2.004652e-05 0
vn 1 2.4976587e-05 0
vn 1 -1.873279e-05 0
vn 1 -9.3664448e-06 0
vn 1 -5.5606615e-05 0
vn 1 -6.2444626e-05 0
vn -1 -5.5961377e-06 0
vn -1 -6.7142591e-06 0
vn -1 9.3326025e-06 0
vn -1 9.3326034e-06 0
vn -1 4.6662922e-06 0
vn -1.012547e-06 -0.49999976 -0.86602563
vn -5.0627568e-07 0.50000185 -0.86602437
vn 0 0.49999973 0.86602563
vn 0 0.4999997 0.86602563
vn 0 -0.5000034 0.86602348
vn 1 -9.9911638e-05 0
vn 1 8.1415616e-05 0
vn 1 -8.7541912e-06 0
vn 0 1 5.2391515e-11
vn 0 1 1.3057985e-10
vn 0 1 6.8694252e-11
vn -1.4329381e-06 1.831297e-06 1
vn -5.2355392e-07 2.5028035e-06 1
vn 0 2.8894056e-06 1
vn 0 -1.4447031e-06 -1
vn 0 -1.4447021e-06 -1
vn 7.9989604e-07 -1.8240161e-06 -1
vn 0 -1.4447028e-06 -1
vn 0 -1.4447027e-06 -1
vn 0.5862112 4.1419394e-06 0.81015825
vn 0.58621126 3.4625798e-06 0.81015831
vn 0.5862112 0 0.81015831
vn -0.58621216 3.7358788e-07 0.81015754
vn -0.58621162 3.1231147e-07 0.81015795
vn -0.5862149 6.8590367e-07 0.81015569
vn 1.9589936e-06 -2.4632507e-06 -1
vn 3.6052529e-07 -1.6666614e-06 -1
vn 1.8512931e-06 -2.5100953e-06 -1
vn 0 7.2235139e-07 1
vn 0 7.2235122e-07 1
vn 0 7.2235127e-07 1
vn -1 -1.527691e-05 0
vn -1 -1.2282563e-05 0
vn -1 -1.1514418e-05 0
vn 1 -1.231477e-07 0
vn 1 -6.031961e-07 0
vn 1 -7.2634384e-07 0
vn 1 8.7542112e-06 0
vn -1.956492e-06 1.4446953e-06 1
vn 0 -1.4446938e-06 -1
vn 0.58621126 7.6045162e-06 0.81015831
vn -0.58620882 0 0.81015992
vn -1 -1.6045055e-05 0
vn -2.7805916e-07 1.6726242e-06 -1
vn 1.4133848e-07 -2.550421e-07 -1
vn -1.1847837e-07 4.860355e-07 -1
vn 1 4.1587821e-08 0
vn 1 1.9040432e-07 0
vn 0 1 1.6135612e-08
vn 0 1 9.1325454e-08
vn 0.50156564 0.86511964 1.4042901e-06
vn 0.50156522 0.86511987 1.0151958e-06
vn 0.50156403 0.86512047 0
vn -0.08858154 0.050215054 0.99480242
vn -0.088581547 0.050215062 0.99480247
vn -0.08858154 0.050215058 0.99480242
vn -0.58865565 0.80835927 -0.006323806
vn -0.58865565 0.80835921 -0.0063238051
vn -0.58865559 0.80835927 -0.0063238051
vn -0.99994236 0 -0.010742328
vn -0.99994236 1.4534849e-07 -0.010742335
vn -0.99994236 0 -0.010742321
vn 2.1012298e-07 6.6025983e-08 -1
vn -2.6896591e-06 -2.0162593e-06 -1
vn 1 2.9763135e-07 0
vn 0.50156689 -0.86511892 0
vn 0.50156707 -0.8651188 0
vn -0.024637733 9.9843851e-07 0.99969649
vn -0.024637731 9.984384e-07 0.99969649
vn -0.024637733 9.984384e-07 0.99969643
vn -0.58909786 -0.80804068 -0.0058297883
vn -0.58909786 -0.8080408 -0.0058297883
vn -0.58909786 -0.80804062 -0.0058297883
vn -0.99994236 1.1385785e-07 -0.010742331
vn -0.99994236 4.0455777e-07 -0.010742354
vn 0 -9.7090413e-07 -1
vn 8.0286682e-08 -2.8201609e-07 -1
vn -2.6896805e-06 1.0081377e-06 -1
vn 0 1 1.2420821e-07
vn 0.50156683 0.86511904 2.3868847e-06
vn -0.020453151 1.0179726e-06 0.99979085
vn -0.020453149 1.0179727e-06 0.99979091
vn -0.020453149 1.0179726e-06 0.99979085
vn -0.068637729 -0.03939493 0.9968636
vn -0.068637736 -0.03939493 0.99686354
vn -0.068637744 -0.039394934 0.99686354
vn -0.024637926 9.9844624e-07 0.99969649
vn -0.024637928 9.9844635e-07 0.99969649
vn -0.024637926 9.9844624e-07 0.99969643
vn -0.58909768 0.80804092 -0.0058298036
vn -0.58909768 0.80804092 -0.0058298041
vn -0.58909768 0.80804086 -0.0058298032
vn -0.9999423 0 -0.010742326
vn 1.682824e-08 -7.6718834e-08 -1
vn 0 -9.709039e-07 -1
vn 0.50156677 -0.86511904 0
vn -0.068637736 0.039395295 0.99686354
vn -0.068637729 0.039395291 0.9968636
vn -0.068637736 0.039395295 0.9968636
vn -0.020453313 -2.0149723e-06 0.99979085
vn -0.020453312 -2.0149723e-06 0.99979085
vn -0.020453312 -2.0149721e-06 0.99979085
vn -0.088582359 -0.050217576 0.99480224
vn -0.088582344 -0.050217576 0.99480224
vn -0.088582352 -0.050217573 0.99480224
vn -0.58865529 -0.80835956 -0.006323813
vn -0.58865523 -0.8083595 -0.0063238125
vn -0.58865529 -0.80835956 -0.0063238125
vn -0.99978405 0 0.020785136
vn -0.99978399 0 0.020785132
vn 0.02078023 9.4084001e-08 0.99978411
vn 0.020779492 8.931569e-06 0.99978411
vn 0.020780232 0 0.99978405
vn 0 1 2.7213748e-08
vn 0.52033895 3.7999878e-05 -0.8539598
vn 0.5203445 7.6402703e-06 -0.85395652
vn 0.52034581 0 -0.85395563
vn -0.52033359 0 0.85396308
vn -0.5203318 0 0.85396415
vn -0.52033138 0 0.85396457
vn -0.020780586 8.669208e-06 -0.99978405
vn -0.020780867 -8.839258e-06 -0.99978405
vn -0.020780584 8.8556026e-06 -0.99978411
vn 0.049326736 -3.5715566e-06 0.99878269
vn 0.049327523 -7.6340257e-07 0.99878269
vn 0.049326885 -1.2087113e-06 0.99878275
vn 0 2.9091877e-06 -1
vn 1.6179618e-07 1.5177735e-05 -1
vn 1.3972246e-07 1.2777389e-05 -1
vn 1 -3.0944236e-07 0
vn 1 -1.9302026e-05 0
vn 1 -7.5730795e-06 0
vn -2.3346156e-07 1 -5.2748309e-08
vn 0 1 -1.9363545e-08
vn -2.3290799e-07 1 9.1211071e-08
vn -1 1.3881991e-07 0
vn -1 7.6738763e-07 0
vn -1 3.6309616e-06 0
vn 0 1 -1.7021577e-07
vn 0 1 -1.5151171e-08
vn -1.4870784e-08 1 9.5054133e-07
vn 2.2557795e-07 -2.3854639e-06 -1
vn 0 1 -1.101695e-08
vn -2.4519403e-07 1 2.3369968e-07
vn 1 2.7563627e-05 0
vn 1 6.5724234e-06 0
vn 0.049327523 1.6835113e-06 0.99878275
vn 0.049326852 1.3344254e-06 0.99878269
vn -0.88932467 8.3469967e-14 0.45727646
vn -0.88932467 -8.1362026e-07 0.45727625
vn -0.88932478 -5.0218773e-07 0.45727631
vn -1 7.5171691e-08 0
vn -1 1.0855781e-07 0
vn -1 6.2409697e-08 0
vn 1 -3.2452938e-06 0
vn 1 -9.6643782e-07 0
vn -0.88932449 -6.2396716e-06 0.45727667
vn -0.88932484 -2.3301892e-08 0.45727617
vn -0.8893249 -3.1728512e-06 0.45727611
vn 0.049365647 1.6826822e-06 0.99878085
vn 0.049364299 -4.9948824e-07 0.99878091
vn 0.049365409 -4.9948812e-07 0.99878079
vn 0 1.6676042e-06 -1
vn 0 1 5.9265239e-11
vn 0 1 8.1315743e-10
vn 2.124105e-07 7.4009063e-06 -1
vn 0 7.5888684e-06 -1
vn 0.049364481 7.6739225e-06 0.99878085
vn 0.049364869 1.6873884e-06 0.99878085
vn 0.049326379 2.9425184e-05 0.99878269
vn 0.049326383 2.9425188e-05 0.99878275
vn -4.1493493e-08 1 2.7245235e-06
vn -4.1575579e-08 1 2.7299134e-06
vn -1 9.0052282e-07 0
vn -1 9.0052276e-07 0
vn -7.412104e-08 1 -3.5530417e-07
vn -1.6894688e-07 1 -8.6402872e-07
vn 0 1 5.3760989e-08
vn 2.176279e-07 7.6157767e-06 -1
vn 0.049326714 7.532597e-06 0.99878275
vn 0.049326714 7.5742278e-06 0.99878275
vn -0.047121815 2.3454315e-05 -0.99888915
vn -0.047121815 2.3454317e-05 -0.99888915
vn -0.047121823 2.3454319e-05 -0.99888921
vn 1.7203088e-07 -1 -6.3472494e-09
vn 1.7042413e-07 -1 -3.9534822e-08
vn 1.7029579e-07 -1 -4.2185206e-08
vn 0.9978447 2.6133969e-07 -0.0656204
vn 0.9978447 -2.9307014e-07 -0.065620422
vn 0.99784476 1.1062108e-08 -0.065620415
vn 0.99784476 8.912564e-09 -0.06562043
vn 0.9978447 1.0763602e-08 -0.065620422
vn -0.047121648 1.2335672e-06 -0.99888921
vn -0.04712173 -1.6213357e-06 -0.99888915
vn -0.047121327 -1.3857119e-06 -0.99888921
vn -1 -1.1426809e-05 -1.2746862e-06
vn -1 -1.142681e-05 -1.2746862e-06
vn -1 -1.1426809e-05 -1.2746859e-06
vn 0.049326725 -1.3128086e-06 0.99878269
vn 0.049326774 -1.8745883e-06 0.99878269
vn 0.049326718 -1.2782446e-06 0.99878269
vn 0 -0.9952904 -0.096938796
vn 0 -0.9952904 -0.096938811
vn 0 -0.99529034 -0.096938796
vn 0.049362287 -4.0489212e-14 0.99878103
vn 0.049360085 -1.2580303e-07 0.99878109
vn 1 -1.9384522e-06 0
vn -1 -5.8919551e-07 0
vn -0.88932467 -1.3125722e-06 0.45727631
vn -0.88932478 9.6926181e-07 0.45727623
vn 0.049327038 -6.6402248e-07 0.99878275
vn 0.049326655 -6.5374877e-07 0.99878275
vn 1.0099546e-06 2.5335868e-07 -1
vn 4.8176969e-07 3.0216472e-07 -1
vn 1 7.3420197e-06 0
vn 1 -9.794461e-07 0
vn 1 1.4360807e-06 0
vn -6.1773892e-07 2.7605645e-07 -1
vn 1.1427935e-06 1.2016631e-06 -1
vn 0.049327333 -1.1977542e-06 0.99878275
vn 0.049326658 -1.2185624e-06 0.99878269
vn 0.049361847 4.8741043e-07 0.99878097
vn 0.049360938 4.8740947e-07 0.99878109
vn 0 -0.39607424 -0.91821849
vn 0 -0.3960743 -0.91821849
vn 0.049326569 0 0.99878275
vn 0.049326655 6.3167153e-07 0.99878269
vn 0.049326658 6.3166766e-07 0.99878275
vn -0.047121532 -4.8871613e-07 -0.99888915
vn -0.047121104 -6.8563344e-07 -0.99888927
vn 0.99784476 8.6554204e-09 -0.065620407
vn 0.9978447 1.3904751e-07 -0.065620407
vn -1 1.1207499e-05 0
vn -1 1.12075e-05 0
vn -1 -5.8428874e-08 0
vn -0.88932472 9.85013e-07 0.45727637
vn -0.55537313 -1.9000245e-05 -0.83160138
vn -0.55537176 -3.8202443e-06 -0.83160216
vn -0.55537146 0 -0.83160233
vn 0.55537939 1.3638739e-05 0.83159715
vn 0.55537939 1.3638736e-05 0.83159709
vn 0.55537939 1.3638737e-05 0.83159709
vn 0.99978411 0 -0.02078147
vn 0.99978411 0 -0.020781469
vn 0.99978405 0 -0.020781469
vn 0.049326461 1.9479039e-06 0.99878275
vn 0.049326401 -1.3283442e-06 0.99878275
vn -0.047121711 -1.3014667e-06 -0.99888921
vn -0.047121834 -2.6628202e-08 -0.99888915
vn -0.047121786 -1.3289516e-06 -0.99888921
vn -0.047121953 1.1910108e-06 -0.99888921
vn -0.047121897 1.372737e-13 -0.99888921
vn 0.049326528 6.8473555e-06 0.99878275
vn 1 -2.0241327e-05 6.1771627e-10
vn 1 -2.0241328e-05 6.1771632e-10
vn -1 -9.3390736e-06 -2.964717e-05
vn -1 -5.1112711e-06 -2.9647192e-05
vn -1 -5.2242253e-06 -2.9647192e-05
vn -0.99978405 0 0.020785214
vn -0.99978399 0 0.020785214
vn 0.020780284 1.7863826e-05 0.99978405
vn 0.020779777 1.8816772e-07 0.99978411
vn 0.020779766 0 0.99978411
vn 0 -1 2.6328374e-08
vn 5.7405975e-07 -1 2.2130113e-10
vn 0.52034742 -4.2373426e-06 -0.85395479
vn 0.52034742 -9.9683248e-06 -0.85395473
vn 0.52034736 -2.7951687e-06 -0.85395473
vn -0.52033192 0 0.85396415
vn -0.52033204 0 0.85396415
vn -0.52033192 0 0.85396409
vn -0.020780586 4.715238e-06 -0.99978405
vn -0.020780828 -8.8812385e-06 -0.99978411
vn -0.020780828 -9.0259909e-06 -0.99978405
vn 0.049327519 3.3467841e-06 0.99878263
vn 0.049326867 7.7950381e-06 0.99878269
vn 0.049326628 4.1039434e-06 0.99878275
vn 1.8315748e-07 7.4855602e-06 -1
vn -7.3291676e-07 -1.4150652e-06 -1
vn 1.6817576e-07 6.3280872e-06 -1
vn 1 -7.6539191e-06 0
vn 1 -1.2270395e-07 0
vn 1 -2.9975947e-06 0
vn 0 -1 -2.2129756e-08
vn 2.3346153e-07 -1 4.9612876e-08
vn 2.7287541e-07 -1 6.4803027e-07
vn -1 5.0017962e-07 0
vn -1 5.9531072e-08 0
vn -1 1.5571325e-06 0
vn 0 -1 -8.5128495e-11
vn -5.8555401e-07 9.1681926e-07 -1
vn -5.8555634e-07 4.4438452e-14 -1
vn 2.9025284e-06 -1 -9.787508e-08
vn 3.9266845e-07 -1 1.6241443e-06
vn 1 1.1407764e-05 0
vn 1 1.7187089e-06 0
vn 0.049327366 7.0309114e-09 0.99878269
vn 0.049326614 6.030595e-08 0.99878275
vn -0.88932467 5.1010892e-07 0.4572764
vn -0.88932472 -6.4221774e-07 0.45727631
vn -1 -5.9052621e-08 0
vn -1 -6.1595131e-07 0
vn 1 1.1510406e-06 0
vn 1 6.0435536e-07 0
vn -0.88932484 8.9161819e-07 0.4572762
vn -0.88932449 6.1989867e-06 0.45727667
vn -0.8893249 1.9553879e-06 0.45727611
vn 0.04936542 -7.4923236e-07 0.99878079
vn 0.049365647 -1.0146132e-06 0.99878085
vn 0.049365409 -7.4923202e-07 0.99878079
vn 0 -1.6676047e-06 -1
vn 0 -7.5888643e-06 -1
vn 3.2756253e-07 -7.3484216e-06 -1
vn 0.049364876 -1.0146122e-06 0.99878085
vn 0.049364481 -7.6953429e-06 0.99878085
vn 0.049326751 -3.8182909e-05 0.99878275
vn 0.049326751 -3.8182909e-05 0.99878269
vn 0.049326748 -3.8182912e-05 0.99878269
vn 0 -1 2.8873302e-07
vn 0 -1 1.5938161e-07
vn 0 -1 1.101959e-07
vn 1.6894681e-07 -1 8.1775516e-07
vn 7.4121296e-08 -1 4.2156725e-07
vn 0.049326718 -7.7472405e-06 0.99878275
vn 0.049326722 -7.8056728e-06 0.99878275
vn -0.047121573 -1.2874559e-05 -0.99888915
vn -0.047121573 -1.2874558e-05 -0.99888915
vn -0.047121581 -1.2874561e-05 -0.99888921
vn -1.7042406e-07 1 -1.420783e-08
vn -1.7203089e-07 1 -2.2810407e-09
vn -1.7029576e-07 1 -1.5160316e-08
vn 0.99784476 -2.618176e-07 -0.0656204
vn 0.9978447 4.5440873e-07 -0.0656204
vn 0.9978447 3.043923e-07 -0.0656204
vn 0.99784476 -3.2512861e-07 -0.065620407
vn 0.9978447 -2.0237415e-08 -0.065620393
vn -0.047121562 1.4068634e-06 -0.99888915
vn -0.047121543 8.6289293e-07 -0.99888915
vn -0.04712132 5.9257997e-07 -0.99888927
vn -1 1.1426809e-05 0
vn 0.049327116 -8.8917267e-07 0.99878275
vn 0.049326383 -2.9291307e-06 0.99878275
vn 0.04932633 -3.0546405e-06 0.99878275
vn 2.1915504e-07 0.99529016 -0.096940592
vn 2.2993552e-06 0.9952904 -0.096938998
vn 2.5184984e-06 0.99529034 -0.096938804
vn 0.049365092 -1.2079868e-06 0.99878085
vn 0.049365088 -1.333788e-06 0.99878085
vn 1 1.1759731e-06 0
vn 1 2.1455035e-06 0
vn -1 -1.6916973e-08 0
vn -1 2.2909139e-08 0
vn -0.88932478 -4.916613e-07 0.45727631
vn -0.88932461 2.0602472e-06 0.45727664
vn 0.049327437 -6.4685042e-07 0.99878269
vn 0.049326714 -7.0132779e-07 0.99878269
vn -1.8763445e-06 -1.3153428e-06 -1
vn -4.3104308e-07 7.1101135e-07 -1
vn 1 4.3481674e-07 0
vn 0 0.39607218 -0.91821945
vn 0 0.39607212 -0.91821945
vn 0 0.39607215 -0.91821939
vn 0.049326748 1.2633299e-06 0.99878275
vn -1 2.2414677e-05 0
vn -1 -1.2528612e-08 0
vn -0.88932455 4.4260665e-07 0.45727655
vn -0.55536753 0 -0.83160502
vn -0.55536753 0 -0.83160508
vn 0.55538011 1.1410611e-05 0.83159673
vn 0.55538005 1.1410609e-05 0.83159667
vn 0.55538005 1.141061e-05 0.83159667
vn 0.99978399 0 -0.020782895
vn 0.99978399 0 -0.020782894
vn 0.049326524 -4.7367585e-06 0.99878269
vn -0.047121875 3.1831732e-08 -0.99888915
vn -0.047121737 -1.4379327e-08 -0.99888921
vn -0.047121685 -1.4104427e-06 -0.99888921
vn -0.047121696 1.3385491e-06 -0.99888915
vn 0.049326673 1.3719865e-06 0.99878275
vn -1 4.5927459e-06 -2.9647188e-05
vn -1 0 -2.9647212e-05
vn -1 5.7280522e-06 -2.9647183e-05
vn -5.7855385e-07 1 -3.9147289e-07
vn -1.3045819e-06 1 -2.6409247e-05
vn -1.312481e-06 1 -2.6692318e-05
vn -0.99978417 1.5837852e-05 0.020779399
vn -0.99978417 1.5837852e-05 0.020779397
vn -0.99978429 0 0.020773675
vn -0.99978429 0 0.020773677
vn -0.99978423 0 0.020773675
vn 0.020779485 9.0256535e-06 0.99978411
vn 0 1 2.9292918e-08
vn 0 1 1.9443041e-08
vn 0 1 1.5805023e-07
vn 0 1 1.3416201e-08
vn 0 1 1.4289248e-08
vn 0.52033758 4.5639648e-05 -0.85396063
vn -0.52033406 0 0.85396278
vn -0.020780871 -9.0256535e-06 -0.99978411
vn 0.049328033 -7.6174538e-06 0.99878263
vn 0 1.5177738e-05 -1
vn 1 5.8095469e-05 -1.8251792e-06
vn 1 5.8095466e-05 -1.8251792e-06
vn 1 5.8095466e-05 -1.8251791e-06
vn 1.1711138e-06 -2.4628844e-06 -1
vn -0.88932472 -5.024088e-07 0.45727637
vn 0.049360979 7.6953384e-06 0.99878109
vn 0.049326949 -1.4437787e-06 0.99878269
vn 0.049326945 -1.4437786e-06 0.99878269
vn 0.049326949 -1.4437786e-06 0.99878275
vn 0.049326684 0 0.99878275
vn 0.049326673 0 0.99878269
vn 0.049326681 0 0.99878269
vn 0.049326502 8.7603057e-06 0.99878275
vn 0.049326681 -2.545648e-05 0.99878275
vn 0.049326684 -2.5456486e-05 0.99878275
vn 0.049326677 -2.5456482e-05 0.99878269
vn 0 1 -5.8022621e-08
vn -2.6439474e-07 1 3.9389775e-08
vn -2.610025e-07 1 0
vn -2.3610546e-07 1 0
vn 0 1 -4.1633075e-09
vn -2.4091619e-07 1 -2.9010812e-07
vn -0.047121786 -8.4436675e-07 -0.99888915
vn -0.047122031 -7.4050902e-08 -0.99888915
vn -0.04712186 1.440705e-06 -0.99888921
vn -0.047121841 -7.6827155e-07 -0.99888921
vn -0.04712183 3.2146888e-06 -0.99888915
vn -0.047121525 -2.9428322e-05 -0.99888921
vn -0.047121521 -2.942832e-05 -0.99888915
vn -0.047121517 -2.9428318e-05 -0.99888915
vn 1.7233819e-07 -1 0
vn 0.9978447 0 -0.065620378
vn -1 -1.7140215e-05 0
vn -1 -1.7140212e-05 0
vn -1 -1.7140213e-05 0
vn 0.049326774 -1.9091526e-06 0.99878275
vn 1 1.6047621e-05 0
vn 0.049326986 3.1583218e-07 0.99878269
vn 0.04932699 3.1583218e-07 0.99878275
vn -0.55537343 -2.2820477e-05 -0.83160114
vn 0.55537742 0 0.83159846
vn 0.55537736 0 0.83159846
vn 0.99978423 5.0581886e-05 -0.020772954
vn 0.99978423 5.0581893e-05 -0.020772954
vn 0.99978429 5.0581897e-05 -0.020772956
vn 0.99978399 1.5837975e-05 -0.020782949
vn 0.99978399 1.5837977e-05 -0.020782949
vn 1 0 5.3150226e-05
vn 1 1.0464222e-05 5.3150445e-05
vn 1 1.0464249e-05 5.3150448e-05
vn 1 2.2497592e-05 5.315111e-05
vn 1 2.2497592e-05 5.3151114e-05
vn 1 -5.060459e-06 5.3150885e-05
vn 1 -5.0604594e-06 5.3150889e-05
vn 1 -5.0604594e-06 5.3150885e-05
vn 1 1.6742986e-05 -5.1095539e-10
vn 1 1.674299e-05 -5.109555e-10
vn 1 1.6742988e-05 -5.1095544e-10
vn -1 2.257404e-06 0
vn -1 2.6303023e-06 0
vn -1 5.588463e-06 0
vn -0.99978405 3.1961383e-05 0.020780362
vn -0.99978405 -1.583785e-05 0.020782771
vn -0.99978411 -1.583785e-05 0.020782769
vn 0.02078029 1.8052006e-05 0.99978411
vn 5.7030513e-07 -1 1.3682762e-09
vn 5.7406038e-07 -1 3.3195441e-10
vn 0 -1 3.9492697e-08
vn 5.7030422e-07 -1 9.1219732e-10
vn 0.52034736 -1.14105e-05 -0.85395473
vn -0.52033341 0 0.8539632
vn -0.020780582 4.8599809e-06 -0.99978411
vn 0.049328037 7.6174542e-06 0.99878269
vn -3.6085451e-06 -7.5888688e-06 -1
vn 1 -2.9047733e-05 -1.8251791e-06
vn 1 -2.9047733e-05 -1.8251792e-06
vn 1 -2.9047735e-05 -1.8251792e-06
vn 3.3635919e-07 -7.5888665e-06 -1
vn 0.049360979 -7.6953384e-06 0.99878109
vn 0.049326889 1.1234865e-06 0.99878269
vn 0.049326897 1.1234868e-06 0.99878275
vn 0.049326893 1.1234866e-06 0.99878269
vn 0.049326945 -1.3580459e-06 0.99878269
vn 0.049326941 -1.358046e-06 0.99878269
vn 0.049326949 -1.358046e-06 0.99878275
vn 0.04932674 8.8452025e-06 0.99878269
vn 0.049327366 2.5747131e-05 0.99878275
vn 0.049327362 2.5747129e-05 0.99878263
vn 0.049327362 2.5747129e-05 0.99878269
vn 1.2821356e-07 -1 2.7572761e-07
vn 0 -1 -3.8707591e-07
vn 0 -1 -7.7054644e-08
vn 0 -1 9.9779101e-08
vn 0 -1 -6.0099119e-08
vn 2.4091608e-07 -1 3.9504141e-07
vn -0.047121499 1.4407061e-06 -0.99888921
vn -0.047121394 2.4683526e-08 -0.99888915
vn -0.047121648 2.8145769e-07 -0.99888915
vn -0.047121875 -1.0103305e-06 -0.99888915
vn -0.047121607 1.1560323e-06 -0.99888915
vn -0.047121789 -1.2285635e-05 -0.99888921
vn -0.047121789 -1.2285635e-05 -0.99888915
vn -0.047121789 -1.2285636e-05 -0.99888921
vn -1.7233818e-07 1 0
vn 0.9978447 -5.2830092e-07 -0.065620385
vn -1 5.7134507e-06 1.0897542e-11
vn -1 5.7134516e-06 1.0897544e-11
vn -1 5.7134512e-06 1.0897543e-11
vn 0.049327154 -7.6366103e-07 0.99878269
vn 0 0.99529022 -0.096940763
vn 8.8767601e-06 0.39607218 -0.91821951
vn 8.8767601e-06 0.39607215 -0.91821945
vn 8.8767611e-06 0.39607221 -0.91821945
vn 0.049326513 6.3167039e-07 0.99878275
vn 0.049326506 6.3167039e-07 0.99878269
vn 0.049326513 6.3167045e-07 0.99878275
vn -0.55536884 0 -0.83160424
vn -0.55536884 0 -0.83160418
vn 0.55537742 1.1410615e-05 0.83159846
vn 0.55537742 1.1410614e-05 0.83159846
vn 0.55537742 1.1410614e-05 0.83159852
vn 0.99978405 0 -0.020783665
vn 0.99978399 0 -0.020783667
vn 0.99978399 0 -0.020783665
vn 0.99978411 0 -0.020781659
vn 0.99978411 0 -0.020781662
vn 0.99978405 0 -0.02078166
vn -0.047121927 3.4318222e-13 -0.99888915
vn 1 2.0928557e-05 5.3150659e-05
vn -1 -1.0039254e-05 0
vn -1 -6.4487654e-06 0
vn -1 -7.8956482e-06 0
vn -1 -1.1290631e-05 0
vn -1 -4.5607103e-06 0
vn -1 9.3391609e-06 -2.9647161e-05
vn -5.676298e-07 1 0
vn 2.7412671e-07 0 1
vn 2.678556e-07 0 1
vn 8.8812468e-09 0 -1
vn 3.7934163e-07 0 -1
vn 3.8822287e-07 0 -1
vn 8.8812468e-09 0 1
vn -1.5222045e-07 -8.7198981e-07 -1
vn -1.2742815e-06 6.2094799e-08 -1
vn -1.8031388e-06 -5.1698493e-07 -1
vn 1.9028461e-07 0.84534824 -0.53421575
vn 4.5537021e-07 0.84534824 -0.53421575
vn 6.4565495e-07 0.84534824 -0.53421575
vn 1 1.6645818e-06 0
vn 1 -2.4973204e-07 0
vn 1 3.4651709e-06 0
vn 1.6301894e-07 -1 -2.582447e-06
vn 5.231318e-07 -1 -3.8135258e-07
vn 6.7025667e-07 -1 0
vn -5.6328957e-07 1.0346526e-07 1
vn -8.8158026e-07 6.0662719e-06 1
vn -5.3571091e-07 0 1
vn 3.7934163e-07 -1.4682976e-07 -1
vn 8.8812468e-09 -6.2714889e-06 -1
vn -1.7762071e-08 0 1
vn -8.2546194e-07 -1.4200286e-06 -1
vn 0 -0.845348 -0.53421605
vn 0 -0.84534764 -0.53421658
vn 0 -0.84534818 -0.53421569
vn 1 3.6979063e-07 0
vn 1 1.099456e-06 0
vn -1 -1.7435253e-06 0
vn -1 -2.0067371e-05 0
vn 0.0059431423 -0.99988258 0.014130907
vn 0.0059431409 -0.99988252 0.014130903
vn 1.2020902e-06 -2.0679356e-06 -1
vn 0 0.84534818 -0.53421569
vn 0 -1 -3.1364261e-06
vn -9.3274184e-07 6.4183218e-06 1
vn 0 -6.4183187e-06 -1
vn 0 -0.84534752 -0.53421694
vn 1 1.8478755e-06 0
vn 1 1.0965704e-06 0
vn -1 -2.1811022e-05 0
vn 0.0058320281 0.99988323 0.014130892
vn 0.0058320276 0.99988323 0.014130892
vn 0.0058320276 0.99988323 0.014130893
vn 1 5.9532495e-06 0
vn 0.0015508888 -0.49556625 -0.86856878
vn 0.0015508888 -0.49556622 -0.86856884
vn 0.0015508888 -0.49556622 -0.86856878
vn -0.99952912 -0.027365528 0.013879324
vn -0.99952888 -0.027365448 0.013902606
vn -0.99952912 -0.027365208 0.013879346
vn -0.027293077 0.99961352 0.0052905711
vn -0.027293317 0.99961352 0.0052905846
vn -0.027293395 0.99961352 0.0052905884
vn 0.025777565 -0.5040608 0.86328346
vn 0.025745668 -0.50405926 0.86328536
vn 0.025735358 -0.50405872 0.86328596
vn 0.027290905 -0.99961358 -0.0052905413
vn 0.027290901 -0.99961352 -0.0052905409
vn 0.027290905 -0.99961352 -0.0052905413
vn -0.025840143 0.5040735 -0.86327416
vn -0.025840141 0.5040735 -0.8632741
vn -0.025840146 0.50407356 -0.86327416
vn -0.001489699 0.49555635 0.86857462
vn -0.0014896987 0.49555632 0.8685745
vn -0.0014896989 0.49555638 0.86857456
vn 0.0014795057 -0.49555388 -0.86857605
vn 0.0014795056 -0.49555385 -0.86857605
vn 0.0014795054 -0.49555388 -0.86857605
vn -0.99952912 -0.02736569 0.013879421
vn -0.99952877 -0.0273677 0.013903224
vn -0.99952918 -0.027366014 0.013879405
vn -0.027292997 0.99961346 0.0052905669
vn 0.025787871 -0.50406128 0.8632828
vn 0.027290961 -0.99961352 -0.0052904002
vn 0.027290963 -0.99961358 -0.0052904007
vn 0.027290961 -0.99961352 -0.0052903998
vn -0.025765404 0.50406587 -0.86328089
vn -0.025765402 0.50406581 -0.86328089
vn -0.025765402 0.50406587 -0.86328089
vn -0.0015199026 0.49554867 0.86857879
vn -0.0015199028 0.49554873 0.86857885
vn -0.0015199028 0.49554875 0.86857885
vn 0 -0.4999994 -0.86602581
vn 0 -0.49999887 -0.86602604
vn 0 0.50000101 -0.86602491
vn 0 0.50000006 -0.86602539
vn 0 0.49999961 -0.86602575
vn 1.194967e-06 0.4999969 0.86602724
vn 1.1949671e-06 0.49999693 0.86602724
vn 1.194967e-06 0.49999693 0.86602724
vn -1 1.4638325e-05 0
vn -1 1.4638325e-05 0
vn 1.1949716e-06 -0.49999943 0.86602575
vn 1.1949716e-06 -0.49999946 0.86602575
vn 4.7943576e-07 -1 3.5950275e-06
vn 1.4546905e-06 -1 1.1848439e-06
vn 0 -1 4.7798749e-06
vn 1 4.00006e-06 0
vn 1 1.0524715e-05 0
vn 1 1.169618e-05 0
vn 1 -1.169666e-05 0
vn 1 -2.924163e-06 0
vn 1 -2.9241419e-06 0
vn 1 1.641615e-05 0
vn 1 1.6416056e-05 0
vn 1 -2.1603861e-05 0
vn 1 -3.2885007e-06 0
vn -1 1.6670005e-05 0
vn -1 -3.6401909e-06 0
vn -1 -3.7999803e-06 0
vn -1 -9.7587417e-06 0
vn -1 -9.7587408e-06 0
vn -1 -9.7587399e-06 0
vn -1 4.8794413e-06 0
vn -1 4.8794418e-06 0
vn -1 3.039918e-05 0
vn -1 1.6286313e-05 0
vn 0 -0.49999961 -0.86602575
vn 0 0.50000149 -0.86602467
vn 0 0.49999961 0.86602563
vn 0 0.49999967 0.86602563
vn 0 -0.50000137 0.86602461
vn 0 -0.50000143 0.86602467
vn 1.9341248e-06 -1 0
vn 1 -3.2831962e-05 0
vn 1 3.2831962e-05 0
vn 1 5.8482956e-06 0
vn -1 7.5999969e-06 0
vn -1 7.5999974e-06 0
vn -1 -7.5999969e-06 0
vn 4.0419283e-07 -0.49999753 -0.86602688
vn 3.7149388e-07 -0.49999759 -0.86602688
vn 3.7114978e-07 -0.49999759 -0.86602682
vn 8.0984883e-08 0.49999759 -0.86602682
vn 8.8350745e-08 0.49999756 -0.86602688
vn 8.8428244e-08 0.49999756 -0.86602682
vn -2.0744753e-07 1 0
vn -2.8272299e-07 1 0
vn -1.6133416e-07 0.49999955 0.86602575
vn -1.1567847e-07 0.49999902 0.86602598
vn -1.1519811e-07 0.49999911 0.86602604
vn 0.027275452 -0.49981302 0.86570376
vn 0.027275456 -0.49981305 0.86570376
vn 0.027275454 -0.49981305 0.86570376
vn 8.1799882e-08 -0.49999961 0.86602575
vn 1.6663176e-07 -0.49999902 0.86602598
vn 1.6752436e-07 -0.49999902 0.86602598
vn 2.0521438e-07 -1 -8.1731499e-10
vn 2.8272291e-07 -1 0
vn -0.99929214 0 0.037622187
vn -0.99929208 0 0.037622254
vn -0.99929208 0 0.037622109
vn -0.027248211 -0.49981198 -0.86570531
vn -0.027248213 -0.49981198 -0.86570531
vn -0.027248207 -0.49981192 -0.86570525
vn -2.0521415e-07 1 0
vn 0 -1 -1.0631731e-07
vn 2.0744758e-07 -1 0
vn 0.027280459 0.49998039 0.86560696
vn 0.027280457 0.49998039 0.86560696
vn 0.027280461 0.49998039 0.86560702
vn -0.027254013 0.49997979 -0.86560816
vn -0.027254013 0.49997982 -0.8656081
vn -0.027254015 0.49997982 -0.8656081
vn 4.0453693e-07 -0.49999762 -0.86602688
vn 8.0907384e-08 0.49999762 -0.86602688
vn -1.6181455e-07 0.49999949 0.86602575
vn 0.027280461 -0.4999806 0.8656069
vn 0.027280454 -0.49998054 0.86560684
vn 8.0907277e-08 -0.49999949 0.86602575
vn -0.99929208 0 0.037623998
vn -0.99929202 0 0.037623994
vn -0.99929214 0 0.037622038
vn -0.99929065 0 0.03765931
vn -0.99929065 0 0.037659306
vn -0.027254011 -0.49998003 -0.86560798
vn -0.02725401 -0.49998 -0.86560798
vn -0.027254011 -0.49998 -0.86560798
vn 0 -1 -1.0937588e-07
vn 0.02727546 0.4998129 0.86570382
vn 0.027275456 0.49981293 0.86570388
vn 0.027275462 0.4998129 0.86570394
vn -0.027248206 0.4998121 -0.86570519
vn -0.027248207 0.4998121 -0.86570525
vn 0.8660354 9.2972982e-07 0.49998268
vn 0.8660354 9.2972988e-07 0.49998271
vn 0 -1.2256645e-06 1
vn -0.86604482 -3.1302167e-07 0.49996632
vn -0.86604655 -1.8322449e-06 0.49996349
vn -0.86604685 -2.1452561e-06 0.4999629
vn -0.86603969 -1.3419303e-07 -0.49997523
vn -0.86604089 -7.8551335e-07 -0.49997324
vn -0.86604118 -9.1970503e-07 -0.49997282
vn 0 1 -1.2140494e-05
vn 0 1 -2.4019409e-05
vn 0 1 -1.2009799e-05
vn 0 1.2256703e-06 -1
vn 0 1.2256704e-06 -1
vn 0.86603177 4.7817539e-06 -0.49998894
vn 0.86603063 -4.7817753e-06 -0.499991
vn 0.86603212 6.7521605e-06 -0.49998856
vn 0.86603773 0 0.49997866
vn 0.86603785 0 0.49997866
vn 0.86603779 0 0.49997866
vn -0.86604452 0 0.49996695
vn -0.86603945 0 -0.49997568
vn 0 1 -2.401838e-05
vn 0 1 5.2215614e-07
vn 0 1 -1.4919323e-07
vn 0.86603045 -6.7522005e-06 -0.49999148
vn -1 -0.0001291824 0
vn -1 -0.00012918242 0
vn 0 0.50000095 -0.86602497
vn 0 0.50000089 -0.86602491
vn -1 0.00012918268 0
vn -1 -1.4991248e-11 0
vn -1 2.7211625e-05 0
vn -1 3.4074504e-11 0
vn -1 1.4158365e-11 0
vn -1 2.7212e-05 0
vn -1 -3.2525805e-11 0
vn 1 7.4484604e-05 0
vn 1 7.4484611e-05 0
vn 0 -0.50000322 0.86602348
vn 0 -0.50000322 0.8660236
vn 0 -0.50000322 0.86602354
vn 9.8352248e-06 -0.50000376 -0.86602336
vn 9.8352248e-06 -0.50000376 -0.8660233
vn 0 0.50000095 0.86602497
vn 0 0.50000095 0.86602491
vn 0 0.50000089 0.86602491
vn 0 -0.49999928 0.86602581
vn 0 -0.49999931 0.86602587
vn 0 -0.49999928 0.86602592
vn 1 -1.8620329e-05 0
vn 1 -1.8620327e-05 0
vn 1 -1.8620325e-05 0
vn 1 1.8620976e-05 0
vn 1 1.8620978e-05 0
vn 1 1.862098e-05 0
vn 0 -0.50000179 -0.86602449
vn 0 -0.50000179 -0.86602437
vn 0 0.50001603 0.86601615
vn 0 0.50001609 0.86601615
vn 0 0.49999928 -0.86602592
vn 4.762981e-06 -0.5000006 0.86602509
vn 1.4888228e-06 -0.50001049 0.86601943
vn 0 -0.50001496 0.86601686
vn 1 -2.663932e-05 0
vn 1 -2.6639318e-05 0
vn 1 -2.6639322e-05 0
vn 1 -0.0001315703 0
vn 1 -0.00013157031 0
vn 1 4.4401917e-05 0
vn 1 4.4401921e-05 0
vn -1 0 -6.1194942e-06
vn -1 0 -6.1194946e-06
vn 1.4888196e-06 -0.49999222 -0.86602998
vn 4.7628469e-06 -0.50000203 -0.86602426
vn 6.2516433e-06 -0.50000644 -0.86602169
vn 0 0.49998376 0.86603481
vn 0 0.50000346 0.86602354
vn 0 0.50001234 0.86601835
vn 0 0.49998501 -0.86603415
vn 0 0.50000155 -0.86602449
vn 0 0.50000912 -0.86602026
vn 0 -0.49999565 0.86602801
vn 0 -0.49999568 0.86602801
vn -1 0.00011103709 0
vn -1 5.0515297e-05 0
vn -1 5.3956188e-05 0
vn -1 2.5185929e-05 1.9216473e-10
vn -1 0 3.8433232e-10
vn -1 2.5188099e-05 1.9214819e-10
vn -1 -4.408005e-05 0
vn -1 -3.7782425e-05 0
vn -1 -4.4080058e-05 0
vn -1 0 -3.0264282e-06
vn -1 0 -2.854463e-06
vn 1 -2.303366e-06 0
vn 0 1 5.4562338e-06
vn 0 1 5.5268697e-06
vn 0 1 5.5648766e-06
vn 0 -0.50000048 -0.86602515
vn 0 -0.50000054 -0.86602515
vn 0 -0.50000054 -0.86602509
vn 9.5402493e-06 -1 -1.4801607e-06
vn 3.3374467e-06 -1 -4.2311422e-06
vn 1.2877654e-05 -1 0
vn 0 0.50000727 0.86602122
vn 0 0.50000727 0.86602128
vn 0 0.49999565 -0.86602795
vn 0 0.49999562 -0.86602801
vn 6.0157586e-06 0.50000876 -0.86602044
vn 6.0157581e-06 0.5000087 -0.86602038
vn 6.0157581e-06 0.50000876 -0.86602044
vn 1 -1.3229351e-05 0
vn 1 -1.322935e-05 0
vn 1 8.8083925e-06 0
vn 1 1.0204673e-05 0
vn 1 -8.163719e-05 0
vn 1 -8.1637183e-05 0
vn 1 -8.1637176e-05 0
vn 1 -6.6147286e-06 0
vn 1 3.480618e-06 0
vn 1 3.1661606e-05 0
vn 0 0.49999428 0.86602873
vn 0 0.49999431 0.86602879
vn 0 -0.4999966 -0.86602741
vn 0 -0.49999654 -0.86602736
vn 0 -0.49999744 0.86602694
vn 1 -2.1338587e-05 0
vn 1 -3.4697605e-05 0
vn 1 -1.385179e-05 0
vn 1 -3.1660853e-05 0
vn 1 -1.3851539e-05 0
vn 6.2147798e-08 -0.49999538 -0.86602819
vn 2.656331e-07 -0.5000025 -0.86602396
vn 2.6937502e-07 -0.50000274 -0.8660239
vn -5.9531299e-08 0.49999979 -0.86602563
vn -1.2072014e-07 0.50000411 -0.86602306
vn -1.2184535e-07 0.50000411 -0.86602306
vn -1.5759784e-07 1 0
vn -1.5759781e-07 1 0
vn -1.575978e-07 1 0
vn 5.6343254e-08 0.50000179 0.86602437
vn -5.5828753e-08 0.4999994 0.86602569
vn -5.7891484e-08 0.4999994 0.86602575
vn 0.20334226 0.97910774 0
vn 0.20334212 0.97910786 0
vn 0.2033425 0.97910774 0
vn 1.0359247e-09 -0.50000155 0.86602455
vn 5.7370094e-08 -0.50000095 0.86602485
vn 5.8406037e-08 -0.50000101 0.86602491
vn 1.5759781e-07 -1 0
vn 1.5759782e-07 -1 0
vn 1 2.3285653e-05 0
vn 1 1.0574748e-06 0
vn 1 2.5883182e-05 0
vn -3.6595429e-07 0.49999496 0.86602837
vn -2.3944988e-06 0.50000429 0.866023
vn 0 0.49999329 0.86602932
vn 1 1.770555e-05 0
vn 1 -4.3009291e-05 0
vn 1 -4.6357971e-05 0
vn 1 9.1925804e-06 0
vn 1 9.7046795e-06 0
vn 1 2.5054973e-05 0
vn 2.8733916e-06 0.50000644 -0.86602169
vn 4.3914383e-07 0.50000018 -0.86602533
vn 3.312537e-06 0.50000751 -0.8660211
vn -3.6595594e-07 -0.49999669 0.8660273
vn -2.3945006e-06 -0.50000501 0.86602253
vn -2.7604494e-06 -0.50000656 0.86602163
vn 1.7687367e-07 1 8.4169409e-07
vn 1.1573187e-06 1 5.5073688e-06
vn 4.7889955e-07 -0.50000864 -0.8660205
vn 7.3191394e-08 -0.50000513 -0.86602253
vn 0 -0.50000453 -0.86602283
vn 0 -1 -6.3307734e-06
vn 0 -1 -6.229337e-06
vn 0 -1 -6.2110357e-06
vn 1.4297302e-07 -1 1.3055068e-05
vn 4.2119856e-07 -1 -1.3055064e-05
vn 1.4104593e-07 -1 1.3235913e-05
vn -0.20621881 -0.48925349 0.84741068
vn -0.20621964 -0.48925468 0.84740973
vn -0.20621975 -0.48925483 0.84740967
vn -6.0714811e-08 0.50000328 0.86602354
vn -6.0714804e-08 0.50000346 0.86602342
vn -6.0714818e-08 0.50000328 0.8660236
vn -4.2216732e-07 1 -1.3145445e-05
vn -2.8305035e-07 1 -9.0469932e-08
vn -4.231313e-07 1 -1.3235914e-05
vn 8.2956475e-10 -0.50000823 -0.86602074
vn 1.2060025e-07 -0.50000101 -0.86602485
vn 0 -0.50000829 -0.86602068
vn 1.8297457e-07 -0.49999839 0.8660264
vn 3.0274057e-07 -0.50000024 0.86602527
vn 1.8214502e-07 -0.49999842 0.8660264
vn -3.6345932e-07 0.50000328 -0.86602354
vn -2.4368882e-07 0.50000346 -0.86602342
vn -3.6428887e-07 0.50000322 -0.86602354
vn -4.6497649e-07 -0.50000006 -0.86602539
vn 8.0698419e-07 -0.49999744 -0.86602694
vn -6.8401675e-07 -0.50000054 -0.86602521
vn 0.20334241 -0.9791078 0
vn 0.20334232 -0.9791078 0
vn 0.20334226 -0.9791078 0
vn 0.2033408 0.48955444 0.84793228
vn 0.20334065 0.4895533 0.84793288
vn 0.20334062 0.48955286 0.84793323
vn 0.20334359 0.48955351 -0.8479321
vn 0.20334239 0.48955283 -0.84793276
vn 0.20334509 0.48955432 -0.84793121
vn 0.2033422 -0.48955494 0.84793162
vn 0.20334166 -0.48955399 0.84793222
vn 0.20334285 -0.48955604 0.84793079
vn 0.20334311 -0.48955154 -0.84793335
vn 0.20334384 -0.48955309 -0.84793222
vn 0.20334423 -0.48955387 -0.84793168
vn -0.99999934 -0.00057928904 0.0010027525
vn -0.9999994 -0.0005792891 0.0010027526
vn 7.2952378e-07 -1 0
vn 7.2952372e-07 -1 0
vn 1.9290769e-07 0.49999815 0.86602646
vn 3.2010348e-07 0.49999815 0.86602652
vn 1.7100373e-07 0.49999818 0.86602652
vn -3.4200747e-07 0.49999818 -0.86602646
vn -3.4200744e-07 0.49999821 -0.86602652
vn -3.4200747e-07 0.49999815 -0.86602652
vn 3.2010453e-07 -0.49999908 0.86602598
vn 1.9290754e-07 -0.49999937 0.86602575
vn 3.4200875e-07 -0.49999902 0.86602598
vn -6.0659303e-08 1 -4.693548e-07
vn -6.7332354e-07 1 -5.2098794e-06
vn -0.20621461 0.48925874 -0.84740871
vn -0.20621671 0.48926115 -0.84740686
vn -0.2062169 0.48926142 -0.84740663
vn -0.20621751 -0.97850621 -7.3711212e-06
vn -0.20621602 -0.97850657 -6.9135558e-07
vn -0.20621586 -0.97850651 0
vn -0.20621891 0.4892562 0.84740913
vn -0.20621908 0.48925674 0.84740871
vn -0.20621872 0.4892557 0.84740937
vn -0.20621507 0.9785068 0
vn -0.20621532 0.97850674 0
vn -0.20621485 0.97850674 0
vn -0.20621748 -0.48925361 -0.84741092
vn -0.20621671 -0.48925364 -0.8474111
vn -0.20621811 -0.48925352 -0.8474108
vn -0.9999994 -0.0011606914 0
vn -0.9999994 -0.0011606913 0
vn -0.99999934 -0.0011606913 0
vn 1.1041039e-06 -0.50000024 -0.86602527
vn 1.3298441e-06 -0.49999771 -0.8660267
vn 1.0817536e-06 -0.50000054 -0.86602515
vn 2.4808773e-07 -0.50000262 0.8660239
vn 2.2350253e-08 -0.50000143 0.86602461
vn 2.7043799e-07 -0.50000274 0.8660239
vn 1.443832e-06 0.50000757 -0.86602098
vn -3.6207757e-07 0.49999863 -0.86602628
vn 1.6226325e-06 0.50000852 -0.8660205
vn -2.2573872e-07 0.50000364 0.86602336
vn 2.2573795e-07 0.50000179 0.86602443
vn -2.7043959e-07 0.50000387 0.8660233
vn -0.99999934 0.00058078446 0.0010027582
vn -0.99999934 0.00058024266 0.0010027713
vn -0.9999994 0.00058008934 0.0010027753
vn -0.99999934 0.0011601907 0
vn -0.99999934 0.0011601909 0
vn -0.99999934 0.00057732215 -0.0010027915
vn -0.99999934 0.00057740847 -0.0010027851
vn -0.99999934 0.00057722791 -0.0010027982
vn -0.9999994 -0.00057853258 -0.0010027733
vn -0.9999994 -0.00057974685 -0.0010027768
vn -0.9999994 -0.00058009085 -0.0010027779
vn 9.8352784e-06 0.4999862 -0.86603338
vn 9.8352775e-06 0.49998617 -0.86603338
vn -1 -2.7212e-05 0
vn -1 -2.7211623e-05 0
vn 0 -0.50000328 0.86602354
vn 0 -0.50000334 0.8660236
vn 0 -0.49998847 -0.86603206
vn 0 -0.49998844 -0.86603212
vn 0 -0.4999885 -0.86603212
vn 0 0.50000179 0.86602437
vn 0 0.50000179 0.86602449
vn 6.2518275e-06 -0.49999616 0.86602765
vn 1 -6.578082e-05 0
vn 1 7.1040391e-05 0
vn 1 7.1040384e-05 0
vn -1 0 -5.5525993e-06
vn 0 -0.49998772 -0.86603248
vn 0 0.49997482 0.86603999
vn 0 0.4999775 -0.8660385
vn 0 -0.49999323 0.86602938
vn 0 -0.49999318 0.86602932
vn 0 -0.49999321 0.86602938
vn -1 -5.0377836e-05 0
vn -1 5.5516997e-05 -6.119611e-06
vn -1 5.5517001e-05 -6.1196101e-06
vn -1 5.5518543e-05 0
vn -1 5.0371495e-05 0
vn 0 1 5.4182287e-06
vn 0 -0.50001454 -0.8660171
vn 0 -0.50001454 -0.86601704
vn 0 -0.50001448 -0.86601704
vn 0 -1 -5.7113198e-06
vn 0 0.49999323 0.86602926
vn 0 0.49999329 0.86602938
vn 0 0.49999323 0.86602932
vn 0 0.50000489 -0.86602259
vn 0 0.50000495 -0.86602265
vn 0 0.49999967 -0.86602557
vn 0 0.4999997 -0.86602563
vn 1 -6.5060112e-06 0
vn 1 -6.5060117e-06 0
vn 6.0157204e-06 -0.5000056 -0.86602229
vn 6.0157195e-06 -0.50000554 -0.86602229
vn 6.0157208e-06 -0.5000056 -0.86602229
vn 1 3.9575748e-06 0
vn 5.840587e-08 -0.49999517 -0.86602819
vn -5.8406084e-08 0.49999964 -0.86602563
vn -1.5759787e-07 1 0
vn 5.8406002e-08 0.50000185 0.86602443
vn 0.20334201 0.9791078 0
vn 0 -0.50000149 0.86602455
vn 1.5759784e-07 -1 0
vn -2.7604503e-06 0.5000059 0.86602199
vn 1 5.1766536e-05 0
vn 1 5.1766532e-05 0
vn 0 0.49999911 -0.86602604
vn 0 -0.49999517 0.86602825
vn 1.3341917e-06 1 6.3490588e-06
vn 5.5208892e-07 -0.50000924 -0.86602014
vn 0 -1 -6.3490729e-06
vn 4.2312564e-07 -1 -1.3235912e-05
vn -0.20621812 -0.48925248 0.84741139
vn -6.0714804e-08 0.50000346 0.86602348
vn -2.8208626e-07 1 0
vn 1.2142981e-07 -0.50000095 -0.86602485
vn 3.0357009e-07 -0.50000024 0.86602527
vn -2.4285927e-07 0.50000352 -0.86602348
vn 1.0260235e-06 -0.49999696 -0.86602724
vn 0.20334247 -0.97910768 0
vn 0.20334093 0.48955578 0.84793139
vn 0.20334183 0.48955253 -0.84793317
vn 0.20334139 -0.48955357 0.84793252
vn 0.20334211 -0.48954946 -0.84793472
vn -0.9999994 -0.00057874643 0.0010027539
vn -0.99999934 -0.00057874637 0.0010027537
vn -0.99999934 -0.00057874637 0.0010027539
vn 3.4200747e-07 0.49999815 0.86602658
vn -3.420075e-07 0.49999818 -0.86602646
vn 1.7100359e-07 -0.49999949 0.86602581
vn -7.3398274e-07 1 -5.6792337e-06
vn -0.20621289 0.48925674 -0.84741026
vn -0.20621872 -0.97850603 -1.2844908e-05
vn -0.20621912 0.48925683 0.84740871
vn -0.20621534 0.97850668 0
vn -0.20621666 -0.48925376 -0.84741116
vn -0.9999994 -0.0011601632 0
vn -0.99999934 -0.0011601629 0
vn -0.99999934 -0.001160163 0
vn 1.3521948e-06 -0.49999753 -0.86602688
vn 0 -0.50000137 0.86602467
vn -5.4088133e-07 0.49999774 -0.86602682
vn 2.7043822e-07 0.50000161 0.86602449
vn -0.99999934 0.0005813755 0.0010027437
vn -0.99999934 0.0011544245 -6.3822898e-09
vn -0.9999994 0.0011544246 -6.3822907e-09
vn -0.9999994 0.0011544246 -6.3822911e-09
vn -0.9999994 0.00057743292 -0.0010027832
vn -0.9999994 -0.00057720742 -0.0010027693
vn 0.98966825 0 -0.14337638
vn 0.98966831 0 -0.14337642
vn 0.98966825 0 -0.14337653
vn -2.0239121e-08 1 -5.3853745e-07
vn -4.6196899e-08 1 -5.3598467e-07
vn 2.3022533e-06 1 -9.6257645e-07
vn -0.99747664 2.3406997e-06 -0.070996836
vn -0.99747658 1.4381983e-07 -0.070996843
vn -0.99747652 1.2579316e-07 -0.070996858
vn 5.3999751e-09 1 -3.8871335e-07
vn -1.2677282e-07 1 -3.8472714e-07
vn 4.0983095e-06 1 -3.0442702e-06
vn 0.94948274 0 -0.31381926
vn 0.9494828 0 -0.31381914
vn 0.9494828 2.3992045e-06 -0.31381917
vn -5.7807917e-08 1 -1.9714518e-07
vn 0.71824598 3.9911183e-06 -0.69578934
vn 0.71824634 9.5173988e-08 -0.69578898
vn 0.71824622 -7.4490362e-07 -0.6957891
vn 0.86475581 0 -0.50219262
vn 0.86475581 0 -0.50219274
vn 0.86475593 1.0216153e-06 -0.50219256
vn 6.5476729e-07 1 4.9575374e-07
vn 7.9486008e-06 1 -7.0948922e-06
vn 0.82769263 0 0.56118172
vn 0.82769269 0 0.56118178
vn -7.051543e-06 1 -9.6778507e-08
vn -4.2196507e-06 1 -3.2795097e-06
vn 9.6073802e-07 1 -1.1323917e-06
vn 0.58532333 -2.1843925e-05 -0.81080002
vn 0.58532071 -4.0340619e-06 -0.81080198
vn 0.58532405 -8.7074059e-06 -0.81079942
vn 0.031033469 -1.2204751e-05 -0.99951839
vn 0.031033468 -1.2204749e-05 -0.99951833
vn 0.031033468 -1.220475e-05 -0.99951833
vn -2.3950046e-08 1 -5.8945739e-07
vn 1.6743074e-08 1 -1.62331e-06
vn 9.969167e-07 1 -8.32338e-07
vn 8.3779258e-07 1 -4.0716094e-07
vn 7.4756747e-07 1 -3.2706754e-07
vn 6.2991955e-07 1 -8.6798385e-10
vn 0.013223238 0 -0.99991256
vn 0.013223076 0 -0.99991268
vn 0.013222906 -7.1910631e-07 -0.99991268
vn 0.28698832 0.87158823 -0.39745656
vn 0.28698835 0.87158829 -0.39745656
vn 0.28698832 0.87158829 -0.39745656
vn 0.827654 -2.6958166e-06 0.56123871
vn 0.82765353 -5.9394409e-07 0.56123942
vn 0.82765394 0 0.56123877
vn 0.35363615 0.87042302 -0.34249845
vn 0.35363618 0.87042314 -0.34249848
vn 0.35363615 0.87042308 -0.34249845
vn 0.46448433 0.87138402 -0.15793763
vn 0.4644843 0.87138397 -0.15793765
vn 0.46448436 0.87138402 -0.15793763
vn 0.42174929 0.87178075 -0.24925095
vn 0.42174923 0.87178069 -0.24925093
vn 0.42174926 0.87178069 -0.24925098
vn 0.47089124 0.88037676 -0.056553215
vn 0.47089124 0.88037676 -0.056553211
vn 0.47089127 0.8803767 -0.056553207
vn 0 1 -1.3234136e-09
vn 0 1 -5.8790768e-09
vn 0 1 7.2400947e-09
vn 9.8445821e-07 1 -1.097882e-06
vn 2.4683745e-08 1 4.139546e-08
vn -2.1469445e-07 1 -2.560858e-07
vn 1.9838328e-06 1 -2.3354066e-06
vn 2.7424366e-07 1 -7.9999431e-08
vn -1.520111e-06 1 2.5606568e-07
vn 1.3845143e-06 1 -1.0949913e-06
vn 0.01322363 -1.1315593e-05 -0.99991262
vn 0.013223724 -1.2239127e-05 -0.99991262
vn 0.50023478 0.86579651 -0.012711712
vn 0.50023478 0.86579657 -0.012711712
vn 0.50023478 0.86579657 -0.012711713
vn 0.82765788 -6.5310655e-06 0.56123292
vn 0.82765365 -7.1455556e-06 0.56123918
vn 0.99762142 0 -0.068931207
vn 0.99762142 -3.7736601e-07 -0.068931013
vn 0.99762148 0 -0.0689312
vn 4.8930569e-06 1 -3.590269e-06
vn 1.6228643e-07 1 -5.2940052e-08
vn 5.1389084e-06 1 -3.7103737e-06
vn -3.9427441e-08 1 -1.172269e-07
vn -2.0068983e-07 1 -8.0791045e-07
vn -1.964337e-07 1 -8.1028981e-07
vn -2.4178891e-07 1 -8.670271e-07
vn -0.27981943 -1.0272015e-06 -0.96005267
vn -0.27981901 -7.6379183e-07 -0.96005279
vn -0.27981934 -1.3500241e-06 -0.96005267
vn 0.57055175 -1.8697608e-06 0.82126164
vn 0.57055098 5.2262334e-07 0.82126218
vn 0.57055259 1.347135e-06 0.82126117
vn 0.83572954 9.7792463e-06 0.54914147
vn 0.83572942 9.7792454e-06 0.54914153
vn 0.83572948 9.7792454e-06 0.54914147
vn 2.2745445e-07 1 -3.7740131e-07
vn 0 1 6.6596115e-09
vn 0.013215841 0 -0.99991268
vn 0.01322245 0 -0.99991262
vn 0.013222257 0 -0.99991262
vn -4.3185441e-08 1 8.2184397e-07
vn 4.6358518e-06 1 4.3762284e-06
vn 1.7905611e-06 1 7.2090523e-07
vn 0.71853715 0 -0.69548857
vn 0.71853733 0 -0.69548839
vn 0.58565348 2.5812351e-05 -0.81056154
vn 0.58565348 2.5812356e-05 -0.81056166
vn 0.58565348 2.5812351e-05 -0.8105616
vn 0.99852222 0 -0.054345042
vn 0.99852222 0 -0.054345027
vn 0.99852228 0 -0.054345023
vn -0.99820197 0 0.05994017
vn -0.99820209 0 0.059940066
vn -0.99820209 0 0.059940074
vn 6.3042478e-07 1 -1.5737564e-07
vn 4.4205552e-07 1 -2.3753347e-07
vn 3.5441118e-08 1 -2.9297922e-08
vn -4.8384896e-07 1 2.665565e-07
vn -1.1738229e-07 1 -2.4043257e-07
vn -5.4364369e-07 1 2.0352996e-07
vn 1.5296234e-07 1 -2.8771905e-07
vn -3.5752075e-06 1 -4.5249203e-06
vn 1.71177e-06 1 -1.2572907e-06
vn 0.013223158 0 -0.99991256
vn 0.82766002 7.4509594e-06 0.56122988
vn 0.82765996 7.4509594e-06 0.56122988
vn 0.82765996 7.4509589e-06 0.56122988
vn 0 1 -3.8628425e-08
vn -0.81903136 4.4304725e-05 -0.57374883
vn -0.81903273 4.7619383e-06 -0.57374698
vn -0.81903279 0 -0.57374674
vn 2.2518914e-07 1 -6.221696e-09
vn 2.4880478e-07 1 3.588475e-07
vn 0.28699085 0.87158775 -0.39745584
vn 0.28699085 0.87158775 -0.39745578
vn 0.58532655 -1.6796922e-06 -0.81079769
vn 0.58532619 -1.0253483e-06 -0.81079799
vn 2.2334032e-06 1 2.3787288e-06
vn 7.6654269e-06 1 -6.7492197e-06
vn -5.992445e-06 1 7.9495303e-06
vn 7.9099955e-06 1 -7.0173373e-06
vn 0 1 -7.7737909e-08
vn 2.3681821e-07 1 -9.164679e-08
vn 0 1 9.6824103e-08
vn 0 1 -5.9951972e-08
vn 0 1 -6.7583287e-08
vn -6.2817667e-06 1 8.8560228e-06
vn -6.2816343e-06 1 8.863014e-06
vn -0.8525359 0 0.52266884
vn -0.85253584 0 0.52266878
vn 0.040292684 6.8755994e-06 0.99918801
vn 0.040290233 7.3287936e-07 0.99918801
vn 0.040289938 0 0.99918807
vn -0.58563095 0 0.81057781
vn -0.58563221 0 0.81057692
vn -0.58563226 0 0.81057698
vn 0.94066083 0 -0.33934808
vn 0.94066066 0 -0.33934873
vn 0.94066072 0 -0.33934873
vn -0.94112885 0 0.33804825
vn -0.94112909 0 0.33804742
vn -0.94112909 0 0.33804747
vn 0.85181773 0 -0.52383846
vn 0.85181826 0 -0.52383745
vn 0.85181838 0 -0.52383745
vn -0.71851891 0 0.69550741
vn -0.71852022 0 0.6955061
vn -0.71852028 0 0.6955061
vn 0.5853247 4.5477319e-07 -0.81079912
vn 0.58532602 8.5555797e-07 -0.81079811
vn -0.58571029 5.4123052e-06 0.81052059
vn -0.58571035 4.6174423e-06 0.81052053
vn -0.58571029 5.5575538e-06 0.81052047
vn 0.827658 -9.6231065e-07 0.56123275
vn 0.82765841 0 0.56123227
vn 0.82766026 -2.711856e-06 0.56122947
vn -9.3139496e-09 -1 5.5374778e-07
vn 2.3254835e-08 -1 5.7597373e-07
vn -1.7351333e-08 -1 5.7014387e-07
vn 2.0494189e-09 -1 6.3406935e-07
vn 3.2434492e-08 -1 6.3347625e-07
vn -8.2225311e-09 -1 6.3426995e-07
vn 0.83572841 -2.6445778e-06 0.54914302
vn 0.83572894 0 0.5491423
vn 0.83572847 -2.6445709e-06 0.54914308
vn -0.99688005 4.2881679e-06 0.078932501
vn -0.99687999 4.8846101e-07 0.078932516
vn -0.99688005 0 0.078932524
vn -0.94404793 2.248497e-07 0.32980841
vn -0.94404799 4.3431237e-06 0.32980826
vn -0.94404799 0 0.32980841
vn -0.84999567 6.5750287e-06 0.52678972
vn -0.84999508 -3.9886054e-06 0.52679062
vn -0.84999573 7.1513764e-06 0.52678972
vn -0.58571106 4.8377383e-06 0.81052005
vn -0.58572 1.1756167e-05 0.8105135
vn -0.71858311 -1.2204657e-06 0.69544119
vn -0.71858335 4.9990417e-06 0.69544083
vn -0.71858305 -1.6304518e-06 0.69544119
vn 0.99762148 0 -0.068931192
vn 0.99762142 0 -0.068931229
vn 0.82765412 2.3788934e-06 0.56123865
vn 0.82765782 -3.9247861e-06 0.5612331
vn -0.99459434 -4.2692104e-08 0.10383709
vn -0.9945944 -4.2692104e-08 0.10383709
vn 0.8276543 3.9553761e-06 0.56123835
vn -0.43540421 -0.89960504 0.033676792
vn -0.43540421 -0.8996051 0.033676788
vn -0.43540421 -0.89960498 0.033676792
vn 0.031019747 4.3192841e-07 -0.99951887
vn 0.031019749 2.3749042e-06 -0.99951887
vn 0.031019747 4.3192844e-07 -0.99951887
vn 0.58531934 -2.4780948e-06 -0.81080294
vn 0.82766086 -5.6112085e-06 0.56122863
vn 0.82766265 -1.0899476e-05 0.56122595
vn 0.82766086 -5.6112103e-06 0.56122857
vn 0.86475587 8.2487233e-08 -0.50219256
vn 0.86475587 9.0870117e-07 -0.50219244
vn 0.71824628 7.6072538e-08 -0.69578904
vn 0.71824652 8.025853e-07 -0.6957888
vn 0.9494828 2.001098e-07 -0.31381911
vn 0.94948286 2.1404326e-06 -0.31381911
vn -0.99747658 -1.3850648e-07 -0.070996851
vn -0.99747664 -7.4413288e-07 -0.070996858
vn 0.98966819 -3.7782446e-08 -0.14337675
vn 0.98966819 -2.450511e-07 -0.14337662
vn -0.71858257 -1.5529513e-06 0.69544172
vn -0.71858305 -3.5968005e-06 0.69544119
vn -0.71858281 -6.0754628e-06 0.69544148
vn -0.58571196 4.1185585e-06 0.81051934
vn -0.58571744 -1.0741793e-06 0.81051546
vn -0.58571279 -4.9997101e-07 0.81051868
vn -0.84999496 1.4236118e-06 0.5267908
vn -0.84999496 -2.796967e-06 0.52679092
vn -0.84999508 -2.544647e-06 0.52679074
vn -0.93719625 0 0.34880242
vn -0.93719631 0 0.3488026
vn -0.99348933 0 0.11392539
vn -0.99348938 0 0.11392547
vn -0.99348933 0 0.11392543
vn -0.58571184 -2.8893021e-06 0.8105194
vn -0.58570969 -5.7007487e-06 0.81052095
vn 7.2199236e-07 1 1.0202979e-06
vn 6.2070967e-07 1 8.642034e-07
vn 0 1 -5.0975416e-08
vn 0.82765114 -5.183309e-06 0.56124288
vn 0.82765049 -6.6800294e-06 0.56124389
vn 0.82765186 4.205715e-06 0.56124192
vn 0.013256538 1.6175923e-06 -0.99991214
vn 0.013240945 -8.9832304e-07 -0.99991244
vn 0.013238045 1.5528114e-08 -0.99991244
vn 2.5295889e-05 1 -2.8932838e-05
vn 1.0248344e-05 1 -1.6909524e-05
vn 0.013249079 -5.0056524e-06 -0.99991232
vn -9.2979581e-06 1 1.1366574e-05
vn 1.5444502e-05 1 -1.1522964e-05
vn 0 1 -5.1149826e-08
vn 1.3292146e-07 1 4.219437e-07
vn -2.449935e-08 1 -6.0030538e-07
vn 3.2844855e-07 1 -3.8116693e-07
vn 1.946722e-06 1 -1.5246877e-07
vn 0.82764888 -1.0570683e-05 0.56124628
vn 0.82764912 -1.3844911e-05 0.56124586
vn -5.650304e-07 -1 6.2315155e-07
vn 3.1591536e-08 -1 5.8533192e-07
vn 0.83571929 2.2864485e-06 0.54915684
vn 0.8357181 0 0.54915881
vn 0.83571929 2.2864549e-06 0.54915684
vn 9.929945e-06 1 -9.1310549e-06
vn 0 1 3.095295e-08
vn -2.0147329e-08 1 -5.5145392e-07
vn 0.83573067 0 0.54913974
vn 0.83573061 0 0.54913968
vn 0.83573061 0 0.54913974
vn 0.031018781 -1.0587548e-05 -0.99951881
vn 0.03101653 -2.0769389e-06 -0.99951893
vn 0.031015979 0 -0.99951887
vn -4.61425e-07 1 -2.9730568e-06
vn 5.8745522e-06 1 -4.2278552e-06
vn 3.113902e-06 1 -1.1296536e-06
vn 1.2635648e-07 1 -4.1774712e-07
vn -6.5576251e-07 -1 6.1811272e-07
vn -6.1498048e-07 -1 5.6085804e-07
vn 0.9999153 -1.0878277e-06 -0.013015391
vn 0.99991536 -9.1947797e-08 -0.013015397
vn 0.9999153 -6.3586089e-07 -0.01301539
vn 0.98966819 4.8727084e-06 -0.14337716
vn 0.98966819 1.9837401e-07 -0.14337707
vn 0.98966819 1.8022546e-06 -0.14337689
vn 2.4889028e-08 -1 3.3982207e-07
vn 2.0238797e-08 -1 4.899872e-07
vn 2.267303e-08 -1 2.8484186e-07
vn -0.99747664 0 -0.070996828
vn -0.99747658 0 -0.070996836
vn -2.2565628e-06 -1 8.9038116e-07
vn 1.2677297e-07 -1 1.3065399e-07
vn 0 -1 -5.6249974e-08
vn 0.9494828 -2.0607165e-07 -0.31381917
vn 0.9494828 -8.7693597e-06 -0.31381908
vn 0.9494828 -3.5537885e-06 -0.31381911
vn 0.71824628 -3.391684e-06 -0.69578898
vn 0.71824604 -5.5498566e-07 -0.69578922
vn 0.71824634 3.2620012e-06 -0.69578892
vn 0.86475593 0 -0.50219238
vn 0.86475587 0 -0.50219244
vn 0.86475587 0 -0.5021925
vn 1.1980784e-07 -1 3.7175531e-07
vn -2.1996709e-07 -1 -4.3407191e-08
vn 0.82765013 5.2281649e-07 0.56124455
vn 0.82765013 5.2281649e-07 0.56124443
vn 0.82765013 5.2281644e-07 0.56124449
vn -4.0160344e-06 -1 -3.8296675e-06
vn 1.4220062e-05 -1 -2.1207778e-05
vn -1.704497e-07 -1 -8.8781911e-07
vn 0.58532399 0 -0.8107996
vn 0.58532399 0 -0.81079954
vn 0.58532393 0 -0.81079954
vn 0.031031303 1.2681663e-05 -0.99951845
vn 0.031031303 1.2681665e-05 -0.99951851
vn -3.4437366e-07 -1 4.9645604e-07
vn -1.8826539e-05 -1 1.3029123e-06
vn 2.4462263e-08 -1 6.2056529e-07
vn -1.1601909e-06 -1 1.3182452e-06
vn -6.5814959e-07 -1 5.8731473e-07
vn -6.4964166e-07 -1 5.294545e-07
vn 0.013218987 2.0754853e-05 -0.99991268
vn 0.013224161 3.4733552e-07 -0.99991256
vn 0.013218535 2.0959462e-05 -0.99991274
vn 0.28699315 -0.87158775 -0.39745432
vn 0.28699315 -0.87158775 -0.39745429
vn 0.8276543 -2.0240648e-05 0.56123835
vn 0.82765383 -4.2432225e-07 0.56123906
vn 0.82765436 -3.5236499e-06 0.56123829
vn 0.35362652 -0.87043148 -0.34248713
vn 0.35362652 -0.87043154 -0.34248713
vn 0.35362652 -0.87043154 -0.3424871
vn 0.45619845 -0.87601221 -0.15647878
vn 0.45619848 -0.87601221 -0.15647879
vn 0.45619845 -0.87601221 -0.15647879
vn 0.42174309 -0.87178451 -0.24924816
vn 0.42174309 -0.87178445 -0.24924816
vn 0.42174307 -0.87178445 -0.24924816
vn 0.47088781 -0.88037866 -0.056550931
vn 0.47088781 -0.88037872 -0.056550939
vn 0.47088781 -0.88037878 -0.056550942
vn -1.5385538e-06 -1 5.522196e-07
vn -1.6423628e-06 -1 4.3041018e-07
vn -1.2790846e-06 -1 1.0148832e-06
vn -1.5764092e-06 -1 6.2231027e-07
vn -2.6476346e-07 -1 1.1180445e-07
vn -1.983828e-06 -1 2.3217081e-06
vn 2.5497618e-08 -1 5.5757081e-08
vn 5.5207289e-07 -1 9.6572717e-07
vn -2.7424377e-07 -1 2.9593e-08
vn -4.9142216e-07 -1 -3.2963149e-07
vn 0.01321613 -1.3258898e-07 -0.99991268
vn 0.013215914 -1.9711397e-06 -0.99991274
vn 0.48704344 -0.87319702 -0.01777059
vn 0.48704338 -0.87319696 -0.017770588
vn 0.48704341 -0.87319696 -0.017770588
vn 0.82765627 -2.1029123e-08 0.56123543
vn 0.82765651 -3.0911758e-06 0.56123507
vn 0.82765651 2.0654663e-06 0.56123501
vn 0.99762148 -1.5066295e-06 -0.068930954
vn 0.99762142 -2.1192004e-06 -0.068931207
vn -5.2658987e-08 -1 -5.3139343e-07
vn -2.4223358e-08 -1 5.1020447e-08
vn 1.9713774e-08 -1 1.1059862e-07
vn 1.3300996e-07 -1 5.1841903e-07
vn 1.3286389e-07 -1 5.1929567e-07
vn 2.4179172e-07 -1 8.3342064e-07
vn 2.4552227e-07 -1 8.2584575e-07
vn -0.27982032 -1.1268583e-06 -0.96005243
vn -0.27982172 0 -0.96005207
vn 0.57054627 8.2449134e-07 0.82126546
vn 0.83572942 0 0.54914165
vn 0.8357293 0 0.54914165
vn 0.83572936 0 0.54914171
vn 0 -1 2.8483614e-08
vn 1.8705546e-08 -1 3.9773178e-07
vn 0.013223494 -1.4208933e-06 -0.99991256
vn 0.013214721 -1.6634198e-06 -0.99991268
vn 0.013223242 -1.384316e-06 -0.99991262
vn -5.3290746e-06 -1 -3.3910558e-06
vn -3.6697095e-06 -1 4.3926198e-06
vn -1.0906145e-06 -1 8.3158533e-08
vn 0.71853644 -6.0593207e-05 -0.69548935
vn 0.71853745 -5.6667312e-07 -0.69548827
vn 0.7185365 -6.1159772e-05 -0.69548929
vn 0.58565271 0 -0.81056219
vn 0.58565265 0 -0.81056213
vn 0.58565271 0 -0.81056213
vn 0.99852228 -1.3360663e-05 -0.054345123
vn 0.99852228 -2.1571105e-07 -0.054345123
vn 0.99852222 -1.357635e-05 -0.05434512
vn -0.99820197 0 0.059940338
vn -0.99820197 0 0.059940159
vn -0.99820197 0 0.059940342
vn -6.3042671e-07 -1 1.4931942e-07
vn -4.4205666e-07 -1 2.1789781e-07
vn 0 -1 -1.352596e-08
vn -1.0209003e-07 -1 1.8094262e-07
vn 1.1738193e-07 -1 2.6428705e-07
vn -1.4389765e-07 -1 4.3072617e-07
vn 0 -1 -1.2311199e-08
vn -1.8104788e-06 -1 9.1398363e-07
vn -1.6930236e-06 -1 1.2428667e-06
vn 0.013224323 -4.495908e-08 -0.99991262
vn 0.82765162 0 0.56124234
vn 0.82765156 0 0.56124234
vn -1.7618617e-06 -1 3.9167097e-07
vn 4.7259908e-07 -1 4.008312e-07
vn -0.81903291 0 -0.57374674
vn -0.81902957 0 -0.57375133
vn -0.81903321 0 -0.57374609
vn 8.8665965e-06 -1 -8.5693464e-06
vn 8.5756155e-06 -1 -8.4557096e-06
vn -1.0043321e-08 -1 2.2706507e-08
vn 0.28705627 -0.87153798 -0.3975178
vn 0.28705624 -0.87153792 -0.39751777
vn 0.28705621 -0.87153792 -0.39751774
vn 0.58532536 -3.397482e-07 -0.81079865
vn 0.58532608 -5.3903505e-06 -0.81079805
vn 0.58532608 -2.5783186e-07 -0.81079805
vn -3.5188509e-06 -1 3.6528797e-06
vn 3.5767252e-06 -1 -4.0991831e-06
vn 1.1976735e-07 -1 -1.1868119e-07
vn -1.2228662e-07 -1 6.6693801e-08
vn -1.2321524e-07 -1 3.6529005e-07
vn -4.6396794e-06 -1 1.8825432e-06
vn 3.7984002e-08 -1 3.5769787e-07
vn -4.9055257e-06 -1 2.0077116e-06
vn 4.3699593e-08 -1 8.7730848e-07
vn 3.5606767e-08 -1 8.8612921e-07
vn 6.5433983e-06 -1 -8.031112e-06
vn 3.5565606e-06 -1 -4.1131821e-06
vn -0.85253584 -2.9536954e-05 0.5226689
vn -0.85253578 -2.953695e-05 0.52266896
vn -0.85253578 -2.9536948e-05 0.52266884
vn 0.040292826 -3.6438973e-06 0.99918789
vn 0.040291604 -5.8263909e-06 0.99918801
vn 0.040292978 -3.383507e-06 0.99918801
vn -0.58563221 -9.8268208e-07 0.81057692
vn -0.58563042 -7.5924283e-05 0.81057829
vn 0.94066072 0 -0.33934858
vn 0.9406606 0 -0.33934888
vn 0.94066072 0 -0.33934855
vn -0.94112927 0 0.33804718
vn -0.94112885 0 0.33804807
vn -0.94112927 0 0.33804712
vn 0.85181838 6.1810686e-05 -0.52383739
vn 0.85181838 6.1810693e-05 -0.52383739
vn 0.85181844 6.1810693e-05 -0.52383733
vn -0.71851963 -4.5048593e-05 0.69550669
vn -0.71851957 -4.504859e-05 0.69550669
vn -0.58571017 9.9100635e-06 0.81052059
vn -0.58571142 -2.5446839e-06 0.81051964
vn -0.5857116 -3.7580621e-06 0.81051958
vn 0.82765388 1.1015705e-06 0.561239
vn -2.3255547e-08 1 -5.5103123e-07
vn 9.3141255e-09 1 -5.7234752e-07
vn 1.7352638e-08 1 -5.7764345e-07
vn 1.481976e-06 1 -2.7947698e-07
vn 3.8056206e-07 1 -5.5203697e-07
vn 8.217671e-09 1 -6.4417867e-07
vn 0.83572793 -5.2891669e-06 0.54914373
vn -0.99687999 4.7839143e-07 0.078932539
vn -0.99688005 5.4493078e-08 0.078932583
vn -0.99687999 5.3288437e-07 0.078932531
vn -0.94404799 0 0.32980815
vn -0.94404805 0 0.32980829
vn -0.94404799 0 0.32980826
vn -0.84999526 -2.2455848e-07 0.52679038
vn -0.84999537 -4.3403807e-06 0.52679014
vn -0.84999537 -4.5649317e-06 0.52679014
vn -0.58572024 -5.6324984e-06 0.81051326
vn -0.58571064 9.5352725e-06 0.81052023
vn -0.71858329 -5.0940303e-06 0.69544089
vn -0.71858317 -3.1502384e-07 0.69544107
vn -0.71858311 0 0.69544113
vn 0.99762154 1.8322577e-06 -0.068930782
vn 0.99762148 4.3601535e-06 -0.06893076
vn 0.82765508 1.4966947e-06 0.56123722
vn 0.82765418 0 0.56123853
vn -0.99459451 -2.1346112e-08 0.10383578
vn -0.99459445 -2.1346112e-08 0.10383576
vn -0.99459445 -2.1346111e-08 0.10383577
vn -0.43539959 0.89960724 0.033675402
vn -0.43539956 0.89960724 0.033675402
vn -0.43539959 0.89960724 0.033675399
vn 0.031019749 -1.5110475e-06 -0.99951887
vn 0.82765913 -3.2282031e-07 0.5612312
vn -0.71858275 -2.7127146e-06 0.69544148
vn -0.71858221 3.339956e-06 0.69544202
vn -0.58571088 4.2699698e-06 0.81052017
vn -0.58571082 7.9004576e-06 0.81052017
vn -0.84999502 3.0425861e-06 0.52679092
vn -0.84999496 5.6375002e-06 0.5267908
vn -0.93719625 0 0.34880269
vn -0.93719631 0 0.34880239
vn -0.99348938 0 0.11392544
vn -0.99348933 0 0.11392552
vn -0.58571392 -2.3204893e-06 0.81051791
vn -7.6805536e-06 -1 8.7887929e-06
vn -7.6117158e-06 -1 9.5315763e-06
vn 6.5148294e-07 -1 7.2349976e-06
vn 3.9913011e-06 -1 5.7567213e-06
vn 0.82765222 2.4334324e-06 0.56124121
vn 0.013255316 2.2092979e-06 -0.99991214
vn 0.013257585 1.7767229e-06 -0.99991214
vn -2.5163736e-05 -1 2.8809354e-05
vn 0.013245205 5.3273384e-06 -0.99991238
vn 0.013256645 3.3529454e-06 -0.99991214
vn 0 -1 -1.5217687e-07
vn 5.4202445e-07 -1 -2.0580491e-07
vn -1.3959094e-05 -1 1.3157895e-05
vn 2.1804632e-07 -1 -2.4900933e-07
vn -1.6464897e-05 -1 9.9344297e-06
vn 1.740154e-05 -1 -7.722113e-06
vn 2.4479197e-08 -1 5.9905477e-07
vn -1.5570146e-06 -1 1.0068409e-07
vn 0.82765293 2.3381265e-06 0.56124026
vn 0.82765293 -8.9258242e-07 0.56124026
vn 5.6503109e-07 1 -6.2870163e-07
vn 6.1498059e-07 1 -5.8250941e-07
vn 0.83572054 4.572913e-06 0.549155
vn -4.8879178e-06 -1 5.0762369e-06
vn 0 -1 -6.1905936e-08
vn 2.0145803e-08 -1 5.1901696e-07
vn 0.83573794 -2.019738e-05 0.54912847
vn 0.83573794 -2.0197382e-05 0.54912847
vn 0.83573806 -2.019738e-05 0.54912847
vn 0.031018257 2.0769407e-06 -0.99951887
vn 0.031020489 1.0587701e-05 -0.99951881
vn 0.031017708 0 -0.99951887
vn -3.0079848e-06 -1 6.5390157e-07
vn 5.1112465e-08 -1 5.3510433e-07
vn -1.4350239e-07 -1 2.6740773e-07
vn -2.9236598e-06 -1 1.2945762e-06
vn 6.5576319e-07 1 -6.2778895e-07
vn 0.9999153 0 -0.013015392
vn 0.98966831 0 -0.14337637
vn -0.99747658 0 -0.070996739
vn 0.9494828 0 -0.31381911
vn 0.7182467 0 -0.6957885
vn 0.86475557 0 -0.50219303
vn 0.82766491 -2.647737e-05 0.56122255
vn 0.82766491 -2.647737e-05 0.56122261
vn -1.5901351e-05 1 2.2018412e-05
vn 0.58532828 7.0918791e-06 -0.81079644
vn 0.031033449 -1.252592e-05 -0.99951833
vn 0.031033453 -1.2525921e-05 -0.99951839
vn 0.031033451 -1.252592e-05 -0.99951833
vn 1.3944428e-06 1 -1.4901611e-06
vn 0.28699166 0.8715933 -0.397443
vn 0.28699169 0.87159336 -0.39744306
vn 0.28699166 0.8715933 -0.39744303
vn 0.35356647 0.8704887 -0.3424035
vn 0.35356653 0.87048876 -0.34240353
vn 0.35356653 0.8704887 -0.34240356
vn 0.45620281 0.8760097 -0.1564804
vn 0.45620289 0.8760097 -0.1564804
vn 0.45620281 0.8760097 -0.15648042
vn 0.42791578 0.86730295 -0.25431025
vn 0.42791575 0.86730295 -0.25431019
vn 0.42791575 0.86730301 -0.25431022
vn 0.48529172 0.8726697 -0.054219082
vn 0.48529172 0.87266964 -0.054219078
vn 0.48529169 0.87266958 -0.054219078
vn 1.0042871e-08 1 -5.5063055e-08
vn -1.9978397e-06 1 -3.7277689e-06
vn 0.48705453 0.87319088 -0.017770912
vn 0.48705453 0.87319082 -0.017770912
vn 0.48705456 0.87319088 -0.017770912
vn -2.455196e-07 1 -8.6931129e-07
vn -0.27981853 -1.297517e-06 -0.96005297
vn 0.57054812 -2.6942641e-06 0.82126421
vn 0.83572918 9.7793563e-06 0.54914194
vn 0.83572924 9.7793572e-06 0.54914188
vn 0.83572912 9.7793554e-06 0.54914188
vn 0.013215826 0 -0.99991268
vn 0.013215828 0 -0.99991274
vn 0.013215824 0 -0.99991268
vn 0.71853721 0 -0.69548857
vn 0.58565426 0 -0.81056094
vn 0.58565432 0 -0.81056094
vn 0.99852228 0 -0.054345045
vn -4.5481306e-07 1 -3.6336968e-07
vn 0.82765532 0 0.56123692
vn 0.82765526 0 0.56123698
vn -0.81903118 4.9066555e-05 -0.57374907
vn 0.2870605 0.87153578 -0.39751941
vn 0.28706047 0.8715359 -0.39751941
vn 0.28706047 0.87153578 -0.39751941
vn -6.4399464e-06 1 8.4825924e-06
vn 0 1 -7.7054708e-08
vn -0.8525362 0 0.52266818
vn -0.85253626 0 0.52266818
vn 0.040292978 7.6084789e-06 0.99918801
vn -0.58563095 0 0.81057787
vn 0.94066095 0 -0.33934811
vn -0.94112879 0 0.33804828
vn 0.85181773 0 -0.52383852
vn 4.2197026e-08 -1 6.3328565e-07
vn 0.83572888 0 0.54914224
vn 0.83572894 0 0.54914224
vn -0.99688005 4.7766266e-06 0.078932501
vn -0.94404799 4.567974e-06 0.32980829
vn -0.84999508 -4.5649363e-06 0.52679068
vn -0.58572435 1.3761135e-05 0.81051034
vn -0.71858335 5.4090233e-06 0.69544089
vn 0.82765299 0 0.56124014
vn -0.99459451 4.230782e-06 0.10383579
vn -0.99459445 4.230782e-06 0.10383581
vn -0.99459445 4.230782e-06 0.10383578
vn -0.41522366 -0.90903699 0.035232019
vn -0.4152236 -0.90903693 0.035232015
vn -0.41522363 -0.90903687 0.035232015
vn 0.031033732 0 -0.99951833
vn 0.031033736 0 -0.99951833
vn 0.031033734 0 -0.99951839
vn 0.82768857 0 0.56118774
vn 0.82768863 0 0.5611878
vn -0.71858299 -3.3399356e-06 0.69544125
vn -0.58571517 -1.4161881e-06 0.81051701
vn -0.8499949 -6.4174859e-13 0.52679086
vn -0.9371962 0 0.34880269
vn -0.99348938 0 0.11392542
vn 0.013257223 -1.2285044e-05 -0.9999122
vn 0.8276493 -1.3845063e-05 0.5612458
vn 0.83573216 0 0.54913735
vn 0.83573222 0 0.54913741
vn 0.83572906 9.4247353e-06 0.54914212
vn 0.835729 9.4247353e-06 0.54914206
vn 0.031019334 -1.2664489e-05 -0.99951881
vn -6.0867404e-07 -1 6.7998923e-07
vn 0.9999153 0 -0.013015399
vn 0.98966825 0 -0.14337689
vn -0.99747652 0 -0.070996776
vn 0.94948274 0 -0.31381929
vn 0.7182464 -9.4394645e-06 -0.6957888
vn 0.86475611 0 -0.5021922
vn 0.82766491 0 0.56122267
vn 0.82766491 0 0.56122261
vn 0.58531815 1.4184029e-05 -0.81080383
vn 0.58531815 1.4184028e-05 -0.81080383
vn 0.58531809 1.4184028e-05 -0.81080377
vn 0.03103257 1.381081e-05 -0.99951839
vn 0.031032564 1.3810809e-05 -0.99951845
vn -7.0716976e-07 -1 1.4901643e-06
vn 0.28699902 -0.8715933 -0.39743772
vn 0.28699908 -0.8715933 -0.39743778
vn 0.28699905 -0.87159324 -0.39743775
vn 0.82765335 -7.4362888e-06 0.56123972
vn 0.35356191 -0.87049252 -0.34239852
vn 0.35356188 -0.87049252 -0.34239855
vn 0.35356191 -0.87049252 -0.34239858
vn 0.46447846 -0.87138748 -0.15793619
vn 0.46447846 -0.87138742 -0.15793619
vn 0.46447846 -0.87138748 -0.1579362
vn 0.42790437 -0.86731076 -0.25430325
vn 0.42790437 -0.86731076 -0.25430319
vn 0.42790434 -0.86731076 -0.25430319
vn 0.48528486 -0.87267345 -0.054218348
vn 0.48528492 -0.87267351 -0.054218352
vn 1.9978318e-06 -1 3.4947568e-06
vn 0.50023395 -0.86579704 -0.012705994
vn 0.50023401 -0.86579704 -0.012705993
vn 0.50023407 -0.8657971 -0.012705996
vn 0.82765508 -6.6068906e-06 0.56123704
vn -2.5490451e-07 -1 -3.7452156e-07
vn 0.57054687 0 0.82126504
vn 0.013214868 0 -0.99991274
vn 0.013214869 0 -0.99991274
vn 0.71853751 0 -0.69548827
vn 0.58565503 0 -0.81056041
vn 0.58565503 0 -0.81056046
vn 0.58565509 0 -0.81056046
vn 0.99852222 0 -0.05434512
vn -0.99820197 0 0.059940152
vn 0.82765824 -1.4901751e-05 0.56123251
vn 0.8276583 -1.4901753e-05 0.56123251
vn -0.81902915 0 -0.57375193
vn 0.28698927 -0.87158817 -0.39745599
vn 0.28698927 -0.87158817 -0.39745602
vn 0.2869893 -0.87158823 -0.39745605
vn 0.58532578 0 -0.81079823
vn 6.8553627e-06 -1 -8.3706236e-06
vn -0.85253626 0 0.52266806
vn -0.85253632 0 0.522668
vn 0.040291458 -6.0867828e-06 0.99918807
vn -0.58563042 -7.6906632e-05 0.81057829
vn 0.9406606 0 -0.33934885
vn -0.94112891 0 0.3380481
vn 0.85181844 -3.1889522e-05 -0.52383721
vn 0.8518185 -3.1889522e-05 -0.52383721
vn -0.71852088 -3.7788297e-05 0.69550538
vn -0.71852088 -3.7788301e-05 0.69550544
vn -0.71852088 -3.7788297e-05 0.69550544
vn 0.82764941 4.6009154e-06 0.56124556
vn -3.1591895e-08 1 -5.6035054e-07
vn 1.8358553e-06 1 -1.9190476e-07
vn 0.83572978 -6.0384664e-06 0.54914099
vn 0.83572984 -6.0384668e-06 0.54914099
vn 0.83572984 -6.0384664e-06 0.54914099
vn -0.99688005 0 0.078932591
vn -0.94404805 0 0.32980815
vn -0.84999532 0 0.52679038
vn -0.58572423 -1.3760916e-05 0.81051046
vn -0.71858329 -5.4090533e-06 0.69544101
vn 0.99762148 2.7444825e-05 -0.06893073
vn -0.99459451 0 0.10383577
vn -0.99459445 0 0.10383576
vn -0.41522405 0.90903682 0.035230409
vn -0.41522399 0.90903676 0.035230406
vn 0.031031732 5.62477e-07 -0.99951839
vn 0.031031733 5.6247706e-07 -0.99951845
vn 0.031031733 5.6247706e-07 -0.99951839
vn 0.58532321 -8.7583903e-06 -0.81080008
vn 0.82764661 0 0.56124979
vn 0.82764655 0 0.56124973
vn 0.013235976 -1.6601414e-06 -0.9999125
vn 0.82765251 1.3844944e-05 0.56124091
vn 0.83573991 0 0.54912549
vn 0.83574003 0 0.54912549
vn 0.83573997 0 0.54912543
vn 0.83572376 0 0.54915023
vn 0.8357237 0 0.54915017
vn 0.8357237 0 0.54915023
vn 0.031021038 1.2664642e-05 -0.99951881
vn 6.0867455e-07 1 -6.7999088e-07
vn 0.9999153 0 -0.013015394
vn -5.1982993e-06 1 -4.0853774e-06
vn 2.421483e-07 1 -8.3480467e-07
vn -5.4661728e-06 1 -4.2454271e-06
vn 0.51013428 1.7707121e-06 -0.86009485
vn 0.51013428 1.7707122e-06 -0.86009485
vn -0.83215749 0 -0.55453956
vn -0.83215749 1.3600862e-06 -0.5545395
vn -0.83215743 6.0404085e-07 -0.55453944
vn 1.0664182e-05 -1 8.385553e-06
vn 5.2238688e-06 -1 5.1094835e-06
vn 4.956004e-06 -1 4.9481791e-06
vn -0.83215481 1.6626472e-06 -0.55454344
vn -0.83215564 5.7053546e-07 -0.55454212
vn -0.83215618 0 -0.55454147
vn -0.51011109 1.3189343e-06 0.86010849
vn -0.51011115 1.3189346e-06 0.86010861
vn -0.51011109 1.3189344e-06 0.86010855
vn 0.22622496 0.89628369 -0.38144204
vn 0.22622493 0.89628369 -0.38144201
vn 0.22622491 0.89628363 -0.38144198
vn 0.8321591 -1.8611133e-06 0.554537
vn 0.83215743 5.5528517e-07 0.55453944
vn 0.83215749 -1.5952229e-07 0.55453956
vn 0.22623506 -0.89628237 -0.38143885
vn 0.22623508 -0.89628249 -0.38143888
vn 0.22623506 -0.89628243 -0.38143885
vn -0.36071175 0.7071045 0.60818613
vn -0.36071172 0.70710444 0.60818607
vn -0.36071172 0.7071045 0.60818607
vn -0.36072072 -0.70710224 0.60818344
vn -0.36072069 -0.70710218 0.60818344
vn -0.36072072 -0.70710218 0.60818344
vn 0.83215529 1.4180923e-06 0.55454266
vn 0.83215535 1.4180924e-06 0.55454272
vn 0.83215529 1.4180922e-06 0.55454266
vn 5.1001103e-07 1 -6.747614e-07
vn 0.51012796 0 -0.8600986
vn 0.51012796 0 -0.86009854
vn 0.5101279 0 -0.86009854
vn -0.83215749 1.9719525e-06 -0.55453956
vn -0.83215553 0 -0.5545423
vn -0.83215559 0 -0.55454236
vn -0.83215481 0 -0.55454338
vn 1.0932044e-05 -1 8.5468546e-06
vn -0.83215463 1.8611104e-06 -0.55454367
vn -0.51014048 0 0.86009109
vn -0.51014048 0 0.86009121
vn 0.22621995 0.89628303 -0.38144624
vn 0.22622 0.89628309 -0.38144633
vn 0.22621997 0.89628309 -0.38144627
vn 0.83215189 -2.4713906e-06 0.55454779
vn 0.83215189 -2.4713909e-06 0.55454779
vn 0.83215195 -2.4713909e-06 0.55454785
vn 0.22624119 -0.89628285 -0.38143423
vn 0.22624117 -0.89628279 -0.38143423
vn -0.36071002 0.70710784 0.60818315
vn -0.36071002 0.70710784 0.60818321
vn -0.36071 0.70710784 0.60818321
vn -0.36070952 -0.70710689 0.6081847
vn -0.36070952 -0.70710683 0.60818464
vn -0.36070949 -0.70710683 0.60818464
vn 0.83214438 -2.0220648e-06 0.55455911
vn 0.83215761 1.3600871e-06 0.5545392
vn 0.83215779 1.9719541e-06 0.55453897
vn 0.0064825481 -0.50421256 -0.86355525
vn 0.0064823302 -0.50421184 -0.86355573
vn 0.0064828433 -0.50421351 -0.86355472
vn 0.14876239 -0.98887008 0.0024221994
vn 0.14876188 -0.98887014 0.0024229386
vn 0.14876413 -0.98886979 0.0024196582
vn 0.054896515 0.99847877 -0.0051633292
vn 0.05489675 0.99847865 -0.0051629515
vn 0.054896187 0.99847877 -0.0051638396
vn 0.029433973 -0.4965207 0.86752582
vn 0.02943684 -0.49651694 0.86752772
vn 0.029441146 -0.49651134 0.86753088
vn 0.0056459159 -0.99997455 0.0043671397
vn 0.0056462171 -0.99997455 0.0043666922
vn 0.0056455065 -0.99997455 0.0043677441
vn 0.031108612 0.49502948 -0.86831921
vn 0.031108612 0.49502942 -0.86831921
vn 0.054057319 0.50270933 0.8627637
vn 0.27344295 -0.48837939 -0.82868242
vn 0.27343807 -0.4883742 -0.82868719
vn 0.27342895 -0.48836443 -0.82869589
vn 0.17385179 0.48423609 -0.85749108
vn 0.1738518 0.48423615 -0.85749114
vn 0.17385177 0.48423609 -0.85749108
vn 0.19646391 0.4918133 0.84824628
vn 0.19646497 0.49181396 0.84824568
vn 0.19647044 0.49181774 0.84824222
vn 0.14957552 -0.50035554 -0.85280228
vn 0.14957552 -0.50035548 -0.85280228
vn 0.19728628 0.98032117 -0.0069687418
vn 0.19728661 0.98032117 -0.0069682631
vn 0.19728525 0.98032135 -0.0069703874
vn 0.1721925 -0.49277741 0.85294795
vn 0.17219251 -0.49277741 0.85294795
vn 0.17219251 -0.49277747 0.85294795
vn 0.32712236 0.4607324 -0.82505566
vn 0.32712188 0.4607347 -0.82505447
vn 0.32712242 0.46073189 -0.82505584
vn 0.31969735 0.94748211 -0.0084435185
vn 0.31969789 0.94748193 -0.0084456597
vn 0.31969705 0.94748217 -0.0084423926
vn 0.29536808 -0.48104006 0.82544422
vn 0.29537019 -0.48104301 0.82544172
vn 0.295367 -0.48103857 0.82544553
vn 0.27263388 -0.96211761 0.0006658819
vn 0.27263388 -0.96211761 0.00066588185
vn 0.27263388 -0.96211767 0.0006658819
vn 0.29697397 0.46640494 -0.83323044
vn 0.29697394 0.46640494 -0.83323038
vn 0.31889331 0.47376484 0.82088608
vn 0.31889388 0.47376356 0.82088661
vn 0.31889492 0.47376123 0.82088751
vn 0.99960876 -0.024713129 -0.013102058
vn 0.99960876 -0.024713129 -0.013102057
vn 0.99960876 -0.024713131 -0.013102058
vn 0.34883612 0.46804532 0.81194025
vn 0.34883609 0.46804526 0.81194019
vn 0.30385917 -0.48416647 -0.82051957
vn 0.3038592 -0.48416653 -0.82051969
vn 0.30385917 -0.48416644 -0.82051963
vn 0.34961021 0.93685395 -0.0087992698
vn 0.34961024 0.936854 -0.0087992707
vn 0.32554927 -0.47689223 0.81645054
vn 0.3255493 -0.47689226 0.81645054
vn 0.3255493 -0.47689223 0.81645054
vn 0.30304962 -0.9529748 0.00021574812
vn 0.30304959 -0.9529748 0.00021574811
vn 0.30304959 -0.95297474 0.00021574809
vn 0.021438997 -0.49642199 0.86781657
vn 0.021438617 -0.49642384 0.86781549
vn 0.021438556 -0.49642417 0.86781532
vn 0.046068233 0.50301176 0.86305088
vn 0.046068601 0.50301242 0.86305064
vn 0.046068657 0.50301242 0.86305058
vn 0.046906918 0.99888653 -0.005054622
vn 0.046906114 0.99888659 -0.005057822
vn 0.046907049 0.99888647 -0.0050540869
vn 0.023113018 0.49532366 -0.86840105
vn 0.02311383 0.49532574 -0.86839986
vn 0.023112888 0.49532336 -0.86840117
vn 0.24714978 0.48534048 0.83866656
vn 0.2471498 0.48534051 0.83866656
vn 0.24714981 0.48534051 0.83866662
vn -0.0015161362 -0.50411379 -0.86363596
vn -0.0015168332 -0.504116 -0.86363471
vn -0.00151602 -0.5041135 -0.8636362
vn -0.0023537115 -0.9999873 0.0044736816
vn -0.0023541125 -0.99998724 0.0044720317
vn -0.0023541795 -0.9999873 0.004471757
vn -0.76448524 -0.64451033 0.01299987
vn -0.76448327 -0.64451265 0.01299695
vn -0.7644859 -0.64450943 0.013000892
vn -0.024636043 -0.99968517 0.004768298
vn -0.024636328 -0.99968517 0.0047679925
vn -0.024638347 -0.99968511 0.0047658533
vn 0.20076318 -0.49642041 -0.84454775
vn 0.2007632 -0.4964205 -0.84454781
vn 0.20076318 -0.49642047 -0.84454781
vn 0.22314858 -0.48891982 0.84330428
vn 0.22314823 -0.48891973 0.8433044
vn 0.22314796 -0.48891971 0.84330457
vn 0.24796376 0.96873963 -0.0075901384
vn 0.24796338 0.96873969 -0.0075898888
vn 0.24796313 0.96873981 -0.007589662
vn 0.19995245 -0.9798041 0.0017036572
vn 0.19995363 -0.97980392 0.0017031332
vn 0.19995475 -0.97980374 0.0017026518
vn 0.22476657 0.47785449 -0.84919685
vn 0.22476943 0.47785595 -0.84919524
vn 0.22477208 0.4778572 -0.84919381
vn 0.51615053 -0.43832439 -0.7358399
vn 0.51615047 -0.43832436 -0.73583996
vn 0.51615047 -0.43832439 -0.73583996
vn 0.00083961216 0.49599794 -0.86832333
vn 0.00084016612 0.49599871 -0.86832291
vn 0.00083571952 0.49599278 -0.86832637
vn 0.023796936 0.5036844 0.86355996
vn 0.023797605 0.50368494 0.86355954
vn 0.023802323 0.50368875 0.86355734
vn -0.023796417 -0.50369102 -0.86355603
vn -0.023796119 -0.50369066 -0.86355633
vn -0.023798531 -0.50369376 -0.86355454
vn 0.024637751 0.99968517 -0.0047663548
vn 0.02463783 0.99968511 -0.0047662882
vn 0.024637206 0.99968517 -0.0047668219
vn -0.00084038521 -0.49599826 0.86832321
vn -0.00084095675 -0.49599871 0.86832285
vn -0.00084497343 -0.49600232 0.86832082
vn 0.99961126 -0.024588291 -0.013144921
vn 0.99961126 -0.024588291 -0.013144922
vn 0.55706519 0.83039498 -0.011072132
vn 0.55706519 0.83039504 -0.011072132
vn 0.55706519 0.83039498 -0.011072133
vn 0.53556871 -0.43181023 0.7257452
vn 0.53556871 -0.43181023 0.72574526
vn 0.51545388 -0.85691196 -0.003029146
vn 0.51545388 -0.85691196 -0.0030291458
vn 0.51545388 -0.85691202 -0.0030291462
vn 0.53700078 0.40530989 -0.73983383
vn 0.53700078 0.40530995 -0.73983383
vn 0.53700078 0.40530995 -0.73983377
vn 0.55632538 0.41182673 0.72173458
vn 0.55632538 0.41182679 0.72173464
vn 0.55632538 0.41182676 0.72173458
vn 0.99960667 -0.024773851 -0.013145454
vn 0.99960673 -0.024773853 -0.013145454
vn 0.9996075 -0.024723139 -0.013179844
vn 0.99960798 -0.024686491 -0.013215045
vn 0.99960744 -0.024723144 -0.013179834
vn 0.99961156 -0.024606602 -0.013092279
vn 0.99961132 -0.024644498 -0.013036374
vn 0.9996115 -0.024606593 -0.013092291
vn 0.99960685 -0.024770321 -0.013141446
vn 0.99960685 -0.024770319 -0.013141445
vn 0.99960959 -0.024590645 -0.013266077
vn 0.99960732 -0.024683353 -0.01326573
vn 0.99960732 -0.02468334 -0.01326573
vn 0.023861585 0.50368989 0.86355501
vn 0.023861581 0.50368983 0.86355501
vn -0.74759251 0.34742787 -0.56603831
vn -0.74759251 0.34742787 -0.56603825
vn -0.73237312 0.35253009 0.58253938
vn -0.7323764 0.3525224 0.58253992
vn -0.73237687 0.35252127 0.58254009
vn -0.76394635 -0.31554917 -0.56286299
vn -0.76394629 -0.31554917 -0.56286299
vn -0.7487008 -0.3104651 0.58571202
vn -0.74870837 -0.31045544 0.58570743
vn -0.74869806 -0.31046849 0.58571368
vn -0.7318117 0.68147415 0.0066770865
vn -0.731821 0.6814642 0.0066777491
vn -0.73180848 0.68147767 0.0066768536
vn 0.99960852 -0.024705179 -0.013130625
vn 0.9996087 -0.024696775 -0.013137327
vn 0.9996087 -0.024695966 -0.013138009
vn -0.023783043 -0.50368935 -0.86355746
vn -0.023796799 -0.50369686 -0.86355275
vn -0.023799388 -0.50369823 -0.8635518
vn 0.024635799 0.99968523 -0.0047685532
vn 0.024635928 0.99968511 -0.0047684545
vn 0.02463595 0.99968511 -0.0047684363
vn -0.00084654154 -0.49599877 0.86832291
vn -0.0008465416 -0.4959988 0.86832291
vn -0.0008465416 -0.49599877 0.86832291
vn -0.024636876 -0.99968511 0.0047643278
vn -0.024636023 -0.99968511 0.0047643925
vn -0.024637036 -0.99968511 0.0047643161
vn 0.00083767856 0.496003 -0.86832041
vn 0.0008397823 0.49599862 -0.86832291
vn 0.00084017852 0.49599782 -0.86832339
vn -0.023801673 -0.50369191 -0.86355543
vn -0.023801675 -0.50369191 -0.86355543
vn 0.9996084 -0.024708312 -0.013139661
vn 0.99960822 -0.024712302 -0.013140991
vn 0.99960834 -0.024697028 -0.013163897
vn 0.99960887 -0.024682071 -0.013152609
vn 0.99960881 -0.024685239 -0.013153351
vn 0.9996084 -0.024706021 -0.013143797
vn 0.99960858 -0.024705587 -0.013129663
vn 0.99960881 -0.024693057 -0.01312944
vn 0.99960893 -0.024692681 -0.013129051
vn 0.99960816 -0.024711972 -0.013145426
vn -0.99960876 0.02469462 0.013140772
vn -0.99960864 0.024695154 0.013140739
vn -0.99960846 0.024701495 0.013142998
vn 0.024642326 0.99968493 -0.0047684698
vn 0.02464181 0.99968499 -0.0047686277
vn 0.024641713 0.99968505 -0.0047686584
vn -0.00083125872 -0.49600226 0.86832094
vn -0.0008312586 -0.49600226 0.86832088
vn -0.02463882 -0.99968505 0.0047684466
vn -0.024641953 -0.99968499 0.0047678035
vn -0.024638215 -0.99968511 0.0047685723
vn 0.00083013903 0.49599704 -0.86832392
vn 0.00083013903 0.49599701 -0.86832386
vn 0.00083013892 0.49599698 -0.86832386
vn 0.023796359 0.50368696 0.86355841
vn 0.023810066 0.50368577 0.86355883
vn 0.023793682 0.5036872 0.86355841
vn -0.023807758 -0.50369138 -0.86355561
vn -0.023807757 -0.50369132 -0.86355561
vn -0.023807757 -0.50369138 -0.86355561
vn -0.99960858 0.024697026 0.013144474
vn -0.9996087 0.024693562 0.013139841
vn -0.99960858 0.024696697 0.01314658
vn -0.99960852 0.024698241 0.013144145
vn -0.99960852 0.02470107 0.013147145
vn -0.9996087 0.024694819 0.01313991
vn -0.99960864 0.024698751 0.013140286
vn -0.9996087 0.024693772 0.013138578
vn -0.99960858 0.024698991 0.013138836
vn -0.99960673 0.024777781 0.013137229
vn -0.99960774 0.0247376 0.013129574
vn -0.99960673 0.024775364 0.013136769
vn 0.02376245 0.50368643 0.86355978
vn 0.023762448 0.50368643 0.86355978
vn 0.023762448 0.50368637 0.86355978
vn -0.024610089 -0.99968576 0.0047646547
vn -0.024610085 -0.99968582 0.0047646551
vn -0.024610091 -0.99968582 0.0047646551
vn 0.00085001678 0.49600923 -0.86831695
vn 0.00085001672 0.49600923 -0.86831689
vn 0.024650153 0.99968487 -0.0047632931
vn 0.024627343 0.99968535 -0.0047689457
vn 0.024621358 0.99968547 -0.004770427
vn -0.00085262553 -0.49600339 0.86832029
vn -0.00084870128 -0.4960008 0.86832172
vn -0.00085365423 -0.49600402 0.86831993
vn -0.99960864 0.024695942 0.013143977
vn -0.99960864 0.024695938 0.013143975
vn -0.99960864 0.024695942 0.013143976
vn -0.99960965 0.024617609 0.013216664
vn -0.99960828 0.02471176 0.013143319
vn -0.99960977 0.024607448 0.013224578
vn -0.99961108 0.024631012 0.013079834
vn -0.99961102 0.02463101 0.013079832
vn -0.99961108 0.02463101 0.013079833
vn -0.99960822 0.02471613 0.013140159
vn -0.99960822 0.024716126 0.013140156
vn -0.99960816 0.024716128 0.013140157
vn -0.99960619 0.024799893 0.01313315
vn -0.99960619 0.024799895 0.013133149
vn -0.99960613 0.024799891 0.013133148
vn 0.0064820005 -0.50421077 -0.86355639
vn 0.14875925 -0.98887056 0.0024267996
vn 0.054897118 0.99847871 -0.0051623853
vn 0.029430099 -0.49652573 0.86752301
vn 0.0056466716 -0.99997455 0.0043660211
vn 0.031105177 0.49502218 -0.86832339
vn 0.031105179 0.49502215 -0.86832339
vn 0.054064833 0.50271732 0.86275852
vn 0.054064829 0.50271732 0.86275852
vn 0.27344552 -0.48838222 -0.82867992
vn 0.17384712 0.4842335 -0.85749364
vn 0.17384711 0.4842335 -0.85749364
vn 0.17384711 0.48423347 -0.85749358
vn 0.19646031 0.49181086 0.84824842
vn 0.14958954 -0.50036865 -0.85279197
vn 0.14958955 -0.50036871 -0.85279202
vn 0.19728816 0.98032087 -0.0069657625
vn 0.17219517 -0.49278116 0.85294521
vn 0.17219518 -0.49278113 0.85294527
vn 0.17219518 -0.49278119 0.85294533
vn 0.32712117 0.46073824 -0.82505274
vn 0.3196989 0.94748157 -0.0084496429
vn 0.2953741 -0.48104846 0.82543713
vn 0.27263612 -0.96211708 0.00065927318
vn 0.27263609 -0.96211714 0.00065927312
vn 0.27263609 -0.96211702 0.00065927318
vn 0.29695868 0.46639052 -0.83324403
vn 0.29695866 0.46639046 -0.83324397
vn 0.29695868 0.46639052 -0.83324391
vn 0.31889302 0.47376546 0.8208859
vn 0.99960858 -0.024685763 -0.013169812
vn 0.99960852 -0.024685763 -0.013169812
vn 0.99960852 -0.024685761 -0.01316981
vn 0.99960858 -0.024682777 -0.013170622
vn 0.99960864 -0.024682777 -0.013170622
vn 0.99960864 -0.024682777 -0.01317062
vn 0.9996078 -0.024749527 -0.013101302
vn 0.99960786 -0.024749527 -0.013101303
vn 0.9996078 -0.024749527 -0.013101301
vn 0.34883332 0.46803889 0.81194514
vn 0.34883335 0.46803889 0.81194514
vn 0.34883335 0.46803892 0.81194514
vn 0.30383605 -0.48412338 -0.8205536
vn 0.30383608 -0.48412338 -0.82055372
vn 0.30383608 -0.48412335 -0.8205536
vn 0.34962702 0.93684787 -0.0087783076
vn 0.34962705 0.93684787 -0.0087783085
vn 0.34962705 0.93684793 -0.0087783085
vn 0.32553455 -0.47685644 0.8164773
vn 0.32553458 -0.47685644 0.81647742
vn 0.32553455 -0.47685647 0.81647742
vn 0.30304408 -0.95297652 0.00019409652
vn 0.30304405 -0.95297652 0.00019409652
vn 0.021439085 -0.49642164 0.86781687
vn 0.046068158 0.50301176 0.86305106
vn 0.046905935 0.99888659 -0.0050585424
vn 0.023114011 0.49532616 -0.86839962
vn 0.24716036 0.48534694 0.83865982
vn 0.24716033 0.48534688 0.83865982
vn 0.24716033 0.48534691 0.83865982
vn -0.0015169897 -0.50411636 -0.86363435
vn -0.0023536205 -0.9999873 0.0044740522
vn -0.76448292 -0.64451301 0.012996522
vn -0.024634019 -0.99968517 0.0047704359
vn 0.20075858 -0.49642506 -0.84454614
vn 0.20075858 -0.49642503 -0.84454614
vn 0.20075859 -0.49642512 -0.8445462
vn 0.22314903 -0.48892 0.8433041
vn 0.24796414 0.96873957 -0.0075904657
vn 0.19995092 -0.97980446 0.001704352
vn 0.22476274 0.47785261 -0.84919888
vn 0.51619494 -0.43831921 -0.73581183
vn 0.00084405881 0.49600387 -0.86831999
vn 0.02379222 0.50368053 0.86356229
vn -0.023794008 -0.50368792 -0.86355799
vn 0.02463837 0.99968505 -0.0047658202
vn -0.00083636836 -0.49599469 0.86832517
vn 0.99961168 -0.024568688 -0.013148209
vn 0.55704814 0.83040631 -0.011074866
vn 0.5570482 0.83040631 -0.011074867
vn 0.53553742 -0.43185529 0.72574157
vn 0.53553736 -0.43185526 0.72574151
vn 0.51544118 -0.85691965 -0.0030258265
vn 0.51544112 -0.85691965 -0.0030258268
vn 0.51544112 -0.85691965 -0.0030258265
vn 0.53695959 0.40536904 -0.73983133
vn 0.53695953 0.40536901 -0.73983133
vn 0.53695953 0.40536907 -0.73983139
vn 0.5563578 0.41183648 0.72170407
vn 0.55635774 0.41183645 0.72170407
vn 0.99960881 -0.024759879 -0.013005261
vn 0.99960887 -0.024759883 -0.013005262
vn 0.99960881 -0.024759883 -0.013005261
vn 0.999605 -0.024776066 -0.013265382
vn 0.99960893 -0.024682825 -0.013145261
vn 0.99960893 -0.024682822 -0.013145261
vn 0.99960703 -0.024759801 -0.013144624
vn 0.99960887 -0.024664065 -0.013181227
vn 0.99960887 -0.024664069 -0.013181226
vn 0.99960893 -0.02466407 -0.013181228
vn 0.023780933 0.50367916 0.86356348
vn 0.023780931 0.50367916 0.86356348
vn 0.023780933 0.50367922 0.86356348
vn -0.74760205 0.34742293 -0.56602871
vn -0.74760211 0.34742293 -0.56602865
vn -0.73237205 0.35253277 0.5825392
vn -0.76393718 -0.31556031 -0.56286913
vn -0.76393718 -0.31556028 -0.56286919
vn -0.7487095 -0.31045401 0.58570677
vn -0.73182231 0.68146276 0.006677846
vn -0.023780456 -0.50368804 -0.86355835
vn 0.024635773 0.99968511 -0.0047685709
vn -0.00080005359 -0.49597591 0.8683359
vn -0.00080005365 -0.49597588 0.86833596
vn -0.00080005371 -0.49597594 0.86833596
vn -0.024635857 -0.99968511 0.0047644037
vn 0.00083728263 0.49600393 -0.86831999
vn -0.023768686 -0.50368601 -0.86355972
vn -0.023768686 -0.50368601 -0.86355978
vn 0.99960887 -0.024692835 -0.013129013
vn 0.024642428 0.99968499 -0.0047684396
vn -0.00083747605 -0.49599153 0.86832696
vn -0.00083747617 -0.49599156 0.86832696
vn -0.00083747611 -0.49599156 0.86832696
vn -0.024642564 -0.99968499 0.0047676777
vn 0.00084481383 0.49599388 -0.86832565
vn 0.00084481394 0.49599388 -0.86832571
vn 0.00084481394 0.49599391 -0.86832571
vn 0.023812739 0.50368547 0.86355889
vn -0.023742044 -0.50368994 -0.86355829
vn -0.023742042 -0.50368994 -0.86355823
vn -0.99960881 0.024721395 0.013079508
vn -0.99960881 0.024721391 0.013079506
vn 0.023807956 0.50369561 0.86355311
vn 0.023807958 0.50369555 0.86355311
vn 0.02380796 0.50369567 0.86355317
vn -0.02463368 -0.99968523 0.0047581908
vn -0.024633683 -0.99968529 0.0047581908
vn -0.024633681 -0.99968529 0.0047581908
vn 0.00081043818 0.49598813 -0.86832905
vn 0.00081043813 0.4959881 -0.86832899
vn 0.00081043807 0.4959881 -0.86832893
vn 0.024656132 0.99968469 -0.0047618109
vn -0.00084767252 -0.49600014 0.86832207
vn -0.99960577 0.024810933 0.013143545
vn -0.99960816 0.024715943 0.013140058
vn -0.99960613 0.024751384 0.013233508
vn -0.99960613 0.024751384 0.01323351
vn -0.99960607 0.024751384 0.013233508
vn -0.99960786 0.02471946 0.013157962
vn -0.99960786 0.024719458 0.013157963
vn -0.99960786 0.024719456 0.013157963
vn -0.99961019 0.024627397 0.013150359
vn -0.99961025 0.024627395 0.01315036
vn -0.99961019 0.024627393 0.013150359

g AK47_Body
f 1//1 2//2 3//3
f 4//4 5//5 6//6
f 7//7 5//8 4//9
f 5//10 8//10 6//10
f 9//11 8//12 2//13
f 8//14 7//15 3//16
f 10//3 1//1 3//3
f 11//5 12//5 4//4
f 12//17 7//7 4//9
f 13//18 12//18 11//18
f 13//19 14//20 10//20
f 7//15 15//21 13//22
f 1//1 9//23 2//2
f 9//24 1//25 6//6
f 1//25 4//4 6//6
f 7//7 16//26 5//8
f 5//10 16//10 8//10
f 9//27 6//28 8//28
f 3//16 2//21 8//14
f 8//14 16//21 7//15
f 10//3 14//3 1//1
f 4//4 1//25 11//5
f 1//25 14//5 11//5
f 12//17 15//29 7//7
f 13//18 15//18 12//18
f 13//30 11//31 14//32
f 13//22 10//21 3//16
f 3//16 7//15 13//22
f 17//33 18//34 19//35
f 20//36 21//37 18//38
f 22//39 23//40 21//41
f 24//42 25//43 23//44
f 26//10 24//10 22//10
f 25//45 27//46 28//21
f 27//47 19//48 28//49
f 25//18 28//18 18//18
f 17//33 20//50 18//34
f 20//36 22//5 21//37
f 22//51 24//52 23//53
f 24//42 26//54 25//43
f 22//10 20//10 17//10
f 17//10 27//10 22//10
f 27//10 26//10 22//10
f 25//45 26//55 27//46
f 27//56 17//57 19//58
f 28//18 19//18 18//18
f 18//18 21//18 23//18
f 23//18 25//18 18//18
f 29//59 30//60 31//61
f 32//62 33//63 30//64
f 34//65 35//66 33//67
f 36//68 37//69 35//70
f 36//10 34//10 29//10
f 37//71 38//72 39//73
f 38//74 31//75 39//76
f 35//77 37//78 39//79
f 29//59 32//80 30//60
f 32//62 34//5 33//63
f 34//65 36//81 35//66
f 36//68 40//82 37//69
f 34//10 32//10 29//10
f 29//10 38//10 40//10
f 40//10 36//10 29//10
f 37//71 40//21 38//72
f 38//74 29//83 31//75
f 39//79 31//18 35//77
f 31//18 30//84 35//77
f 30//84 33//85 35//77
f 41//86 42//87 43//88
f 42//89 44//90 45//90
f 45//91 46//92 47//93
f 47//94 48//95 49//96
f 50//21 51//97 52//21
f 49//98 50//99 53//100
f 50//101 43//102 53//103
f 47//104 54//105 55//5
f 52//106 56//107 57//108
f 41//109 58//110 59//111
f 44//21 60//112 46//113
f 41//114 52//115 57//116
f 46//113 51//97 48//21
f 44//117 58//117 61//117
f 62//118 63//119 56//120
f 60//121 64//122 51//123
f 58//124 63//125 61//126
f 51//127 65//128 52//129
f 61//130 62//131 60//131
f 57//132 66//133 58//134
f 67//10 68//10 69//10
f 45//135 70//136 42//137
f 53//5 54//105 49//138
f 43//139 70//136 67//140
f 47//5 71//5 45//5
f 43//139 69//5 53//5
f 68//5 72//5 73//5
f 54//141 74//142 55//143
f 71//144 75//145 70//146
f 69//147 73//148 54//149
f 55//18 76//18 71//18
f 67//150 75//151 77//151
f 72//152 78//153 79//154
f 74//155 80//156 76//156
f 77//157 81//157 82//158
f 68//159 82//159 83//160
f 74//5 72//5 79//5
f 76//161 81//162 75//162
f 78//5 84//5 85//5
f 81//163 86//164 87//165
f 83//166 84//167 72//168
f 79//18 86//18 80//18
f 82//169 87//170 88//171
f 82//172 85//173 83//174
f 41//175 59//176 42//177
f 42//178 59//179 44//180
f 45//91 44//181 46//92
f 47//182 46//182 48//183
f 50//21 48//21 51//97
f 49//98 48//184 50//99
f 50//101 41//185 43//102
f 47//104 49//138 54//105
f 52//106 65//186 56//107
f 41//114 57//116 58//21
f 44//21 61//21 60//21
f 41//21 50//21 52//21
f 46//113 60//112 51//97
f 44//187 59//188 58//187
f 63//119 66//189 56//120
f 56//120 65//190 62//118
f 65//190 64//191 62//118
f 60//121 62//192 64//122
f 58//124 66//193 63//125
f 51//127 64//194 65//128
f 61//130 63//195 62//131
f 57//132 56//196 66//133
f 67//10 77//10 68//10
f 45//135 71//197 70//136
f 53//5 69//5 54//5
f 43//139 42//137 70//136
f 47//5 55//5 71//5
f 43//139 67//140 69//5
f 68//5 83//5 72//5
f 54//198 73//199 74//200
f 71//145 76//146 75//144
f 69//201 68//202 73//203
f 55//18 74//18 76//18
f 67//151 70//151 75//150
f 72//204 84//205 78//206
f 74//5 79//5 80//5
f 77//207 75//207 81//207
f 68//208 77//208 82//209
f 74//5 73//5 72//5
f 76//210 80//211 81//211
f 85//5 88//5 86//5
f 88//5 87//5 86//5
f 86//5 78//5 85//5
f 81//163 80//212 86//164
f 83//213 85//214 84//214
f 79//18 78//18 86//18
f 82//169 81//215 87//170
f 82//172 88//216 85//173
f 89//217 90//218 91//219
f 92//220 93//221 94//222
f 92//220 91//10 95//223
f 96//224 97//225 98//226
f 89//217 99//227 100//228
f 101//229 94//230 96//231
f 102//232 91//3 90//3
f 96//18 98//18 103//18
f 100//18 102//18 90//18
f 99//26 104//26 105//26
f 100//18 105//18 101//18
f 92//220 106//10 89//10
f 101//5 104//5 92//5
f 103//233 97//234 93//235
f 103//236 95//237 102//232
f 89//217 100//228 90//218
f 95//223 93//221 92//220
f 93//221 97//10 94//222
f 92//220 89//10 91//10
f 96//224 94//238 97//225
f 89//217 106//239 99//227
f 101//229 92//240 94//230
f 102//232 95//237 91//3
f 103//18 102//18 101//18
f 101//18 96//18 103//18
f 100//18 101//18 102//18
f 99//26 106//26 104//26
f 100//18 99//18 105//18
f 92//220 104//10 106//10
f 101//5 105//5 104//5
f 103//233 98//241 97//234
f 103//236 93//3 95//237
f 107//242 108//243 109//243
f 110//10 111//10 108//10
f 112//244 113//244 114//245
f 115//5 111//5 116//5
f 114//21 117//21 107//21
f 116//246 110//246 112//247
f 109//248 118//249 115//250
f 119//251 120//251 121//252
f 122//253 123//254 120//255
f 124//256 125//257 123//258
f 125//259 126//260 127//261
f 124//262 112//263 128//264
f 126//265 129//266 127//267
f 130//268 121//269 129//270
f 121//18 123//18 127//18
f 130//271 109//272 119//10
f 126//273 112//263 114//274
f 124//262 115//275 116//276
f 130//271 114//274 107//277
f 122//278 109//272 115//275
f 107//242 117//279 108//243
f 111//10 118//10 108//10
f 108//10 117//10 113//10
f 113//10 110//10 108//10
f 112//280 110//281 113//280
f 115//5 118//5 111//5
f 114//21 113//21 117//21
f 116//282 111//282 110//283
f 109//248 108//284 118//249
f 119//285 122//286 120//287
f 122//253 124//288 123//254
f 124//256 128//289 125//257
f 125//259 128//290 126//260
f 124//262 116//276 112//263
f 126//265 130//21 129//266
f 130//291 119//292 121//291
f 127//18 129//18 121//18
f 121//18 120//18 123//18
f 123//18 125//18 127//18
f 130//271 107//277 109//272
f 126//273 128//264 112//263
f 124//262 122//278 115//275
f 130//271 126//273 114//274
f 122//278 119//10 109//272
f 131//18 132//18 133//18
f 134//293 135//294 136//295
f 137//296 134//296 138//297
f 139//298 140//299 141//300
f 133//301 134//302 142//303
f 137//10 143//10 139//10
f 141//304 144//305 131//304
f 135//18 145//18 146//18
f 138//21 147//306 143//307
f 140//21 148//21 144//21
f 144//21 135//21 132//21
f 134//308 149//309 138//308
f 140//310 147//311 150//312
f 151//313 152//314 145//314
f 136//315 153//316 149//317
f 147//318 151//319 150//320
f 136//321 146//322 154//323
f 149//10 152//10 147//10
f 148//324 151//325 145//324
f 154//326 146//326 153//326
f 152//327 146//328 145//329
f 155//330 156//331 157//332
f 158//333 159//333 160//334
f 161//10 162//10 163//10
f 164//335 165//336 166//337
f 167//338 168//339 165//340
f 168//341 169//342 170//18
f 166//343 142//344 137//345
f 171//5 141//346 157//347
f 168//5 142//5 165//5
f 172//348 141//349 131//350
f 166//5 139//5 171//5
f 172//5 133//5 168//5
f 173//351 174//352 175//353
f 176//354 177//355 178//354
f 179//356 180//356 181//356
f 182//357 183//358 184//359
f 173//360 176//361 182//18
f 181//362 174//363 185//364
f 184//365 186//366 179//367
f 174//5 177//5 175//5
f 183//368 178//369 187//368
f 183//5 188//5 186//5
f 186//370 189//371 180//372
f 174//373 189//374 190//373
f 191//375 192//376 193//376
f 194//377 195//378 196//379
f 197//26 198//26 199//26
f 200//26 201//26 202//26
f 203//380 204//380 205//381
f 206//382 207//383 208//384
f 205//26 209//26 204//26
f 159//385 210//386 211//387
f 212//388 198//389 213//390
f 214//391 204//392 215//393
f 216//394 217//395 155//395
f 218//396 210//397 219//397
f 220//398 221//399 222//399
f 223//400 209//401 224//402
f 216//403 225//404 226//405
f 227//406 195//407 228//408
f 222//409 229//410 230//411
f 223//412 231//413 232//414
f 170//415 233//416 234//417
f 214//418 235//419 236//420
f 208//26 237//26 163//26
f 218//421 238//422 239//423
f 155//424 202//425 200//426
f 240//427 241//428 242//429
f 243//26 244//26 245//26
f 220//430 246//431 247//432
f 240//433 248//433 249//433
f 227//434 250//435 243//436
f 200//437 251//438 252//439
f 253//440 254//441 255//441
f 256//26 231//26 257//26
f 258//442 246//443 259//444
f 260//445 248//446 261//445
f 262//437 263//438 264//439
f 170//447 251//448 265//449
f 266//450 267//451 253//452
f 268//380 269//380 262//381
f 258//453 237//454 270//454
f 193//455 271//456 272//457
f 273//458 274//459 275//460
f 156//461 201//462 276//463
f 242//464 192//465 193//465
f 219//26 195//26 196//26
f 277//466 278//467 274//468
f 160//469 279//470 280//470
f 266//471 281//472 282//473
f 259//26 279//26 280//26
f 283//394 284//395 268//395
f 285//474 201//474 286//475
f 287//476 288//477 281//478
f 287//479 229//480 230//480
f 273//481 289//481 194//399
f 161//482 279//483 290//482
f 272//484 291//485 292//484
f 264//486 293//487 256//488
f 285//412 294//413 295//414
f 197//489 288//489 296//490
f 245//491 278//492 297//491
f 161//388 298//389 162//390
f 299//493 300//493 260//494
f 236//26 294//26 169//26
f 234//495 301//496 302//497
f 156//498 303//499 203//429
f 255//500 304//501 212//501
f 159//502 305//503 160//504
f 302//400 225//401 191//402
f 162//26 238//26 306//26
f 230//505 307//506 206//507
f 283//508 209//509 308//510
f 299//511 291//512 309//511
f 178//513 310//514 187//513
f 188//10 311//10 189//10
f 177//18 312//18 178//18
f 190//515 313//516 177//516
f 187//517 314//518 188//517
f 189//519 315//520 190//521
f 137//522 316//523 317//524
f 139//525 318//526 141//527
f 133//5 316//5 142//5
f 137//5 319//5 139//525
f 131//528 318//529 320//530
f 131//5 321//5 133//5
f 167//5 322//531 323//532
f 324//533 325//534 326//535
f 158//536 327//536 324//536
f 164//537 326//537 328//537
f 323//532 327//538 329//5
f 167//539 328//540 330//541
f 158//5 326//5 331//5
f 332//542 184//543 333//544
f 330//545 334//545 322//546
f 326//10 335//10 328//10
f 327//547 333//548 324//549
f 322//18 332//18 327//18
f 330//550 335//551 336//552
f 332//553 173//554 182//555
f 335//21 185//556 336//557
f 325//558 184//558 179//559
f 334//560 185//561 173//561
f 325//21 181//21 335//21
f 131//18 144//18 132//18
f 134//562 132//562 135//563
f 137//564 142//565 134//566
f 139//298 143//567 140//568
f 133//569 132//570 134//571
f 137//10 138//10 143//10
f 141//305 140//304 144//305
f 135//18 148//18 145//18
f 138//21 149//21 147//21
f 140//310 150//312 148//572
f 144//21 148//21 135//21
f 134//293 136//295 149//573
f 140//574 143//307 147//306
f 136//315 154//316 153//316
f 147//575 152//576 151//577
f 136//321 135//578 146//322
f 149//10 153//10 152//10
f 148//579 150//580 151//581
f 152//327 153//582 146//328
f 157//583 172//584 240//583
f 172//585 261//586 240//587
f 329//588 158//589 268//590
f 158//591 157//332 156//331
f 268//592 158//593 283//594
f 268//595 262//596 329//596
f 205//597 224//598 283//599
f 283//594 158//593 203//600
f 203//601 205//602 283//602
f 203//600 158//593 156//603
f 157//604 240//604 242//604
f 242//605 193//606 191//607
f 242//608 191//608 216//609
f 200//610 286//611 155//612
f 286//613 156//613 155//613
f 157//614 242//615 216//614
f 157//332 216//616 155//330
f 171//617 157//618 253//619
f 157//620 158//621 160//622
f 253//619 157//618 266//623
f 158//624 331//625 273//626
f 331//627 277//628 273//629
f 253//630 255//631 171//632
f 230//633 287//633 266//634
f 266//623 157//618 222//635
f 222//636 230//637 266//637
f 222//638 157//639 220//640
f 158//641 273//642 194//642
f 194//643 196//644 159//645
f 196//646 219//647 159//648
f 220//649 157//620 160//622
f 280//650 259//651 220//652
f 158//653 194//653 159//654
f 160//655 280//655 220//656
f 171//657 255//658 212//659
f 171//657 212//659 166//660
f 212//659 213//661 166//660
f 277//662 331//663 297//664
f 331//663 164//10 297//664
f 166//665 213//666 197//667
f 245//10 297//10 164//10
f 243//10 245//10 164//10
f 164//10 166//10 162//10
f 166//665 197//667 208//10
f 296//10 287//10 230//10
f 219//10 196//10 227//10
f 218//10 219//10 227//10
f 218//10 227//10 306//10
f 227//10 243//10 306//10
f 197//10 296//10 206//10
f 296//10 230//10 206//10
f 306//10 243//10 164//10
f 162//10 306//10 164//10
f 197//10 206//10 208//10
f 208//10 163//10 166//665
f 166//665 163//10 162//10
f 259//668 280//10 161//669
f 258//670 259//668 161//669
f 258//670 161//669 163//671
f 164//335 167//672 165//336
f 167//338 323//673 168//339
f 323//18 329//18 264//18
f 329//18 262//18 264//18
f 260//674 261//675 172//676
f 299//18 260//674 168//677
f 260//674 172//676 168//677
f 323//18 264//18 256//18
f 323//18 256//18 257//18
f 292//18 299//18 168//18
f 168//341 323//678 169//342
f 323//678 257//18 236//18
f 223//18 224//18 205//18
f 191//679 193//680 272//681
f 302//682 191//679 272//681
f 302//682 272//681 234//683
f 272//681 292//18 234//683
f 257//18 223//18 214//18
f 223//18 205//18 214//18
f 234//683 292//18 168//18
f 170//684 234//685 168//685
f 257//18 214//18 236//18
f 236//18 169//342 323//678
f 286//18 200//18 252//686
f 285//687 286//18 252//686
f 285//687 252//686 169//688
f 252//18 170//18 169//18
f 166//5 165//5 142//5
f 171//5 139//5 141//346
f 168//689 133//690 142//690
f 172//691 157//347 141//346
f 166//5 137//5 139//5
f 172//348 131//350 133//5
f 173//351 185//692 174//352
f 176//5 175//5 177//5
f 179//356 186//356 180//356
f 182//357 176//693 183//358
f 173//360 175//694 176//361
f 181//362 180//695 174//363
f 184//365 183//696 186//366
f 174//373 190//373 177//5
f 183//5 176//5 178//5
f 183//368 187//368 188//5
f 186//5 188//5 189//5
f 174//5 180//372 189//371
f 191//697 225//698 192//697
f 194//699 289//700 195//699
f 197//26 213//26 198//26
f 200//26 286//26 201//26
f 203//701 303//702 204//703
f 206//704 307//705 207//706
f 205//26 224//26 209//26
f 159//707 219//708 210//709
f 212//710 304//711 198//712
f 214//391 205//713 204//392
f 216//714 226//715 217//716
f 218//717 239//717 210//718
f 220//719 247//720 221//721
f 223//722 232//723 209//724
f 216//725 191//726 225//726
f 227//727 196//728 195//729
f 222//730 221//731 229//732
f 223//733 257//734 231//735
f 170//415 265//736 233//416
f 214//737 215//738 235//739
f 208//26 207//26 237//26
f 218//740 306//741 238//742
f 155//743 217//744 202//745
f 240//427 249//3 241//428
f 243//26 250//26 244//26
f 220//746 259//747 246//748
f 240//749 261//750 248//751
f 227//752 228//753 250//753
f 200//754 202//755 251//756
f 253//757 267//758 254//759
f 256//26 293//26 231//26
f 258//760 270//468 246//761
f 260//762 300//763 248//762
f 262//754 269//755 263//756
f 170//447 252//764 251//448
f 266//450 282//765 267//451
f 268//701 284//702 269//703
f 258//766 163//767 237//767
f 193//768 192//769 271//770
f 273//771 277//772 274//773
f 156//725 286//726 201//726
f 242//774 241//775 192//774
f 219//776 210//776 195//776
f 277//466 297//777 278//467
f 160//778 305//779 279//780
f 266//781 287//782 281//783
f 259//26 246//26 279//26
f 283//714 308//715 284//716
f 285//784 295//784 201//784
f 287//785 296//786 288//787
f 287//788 281//789 229//789
f 273//481 275//399 289//481
f 161//790 280//791 279//791
f 272//792 271//793 291//794
f 264//795 263//796 293//797
f 285//733 169//734 294//735
f 197//798 199//799 288//800
f 245//801 244//802 278//803
f 161//710 290//711 298//712
f 299//412 309//414 300//413
f 236//26 235//26 294//26
f 234//804 233//805 301//805
f 156//806 276//806 303//807
f 255//808 254//809 304//809
f 159//502 211//810 305//503
f 302//722 301//723 225//724
f 162//26 298//26 238//26
f 230//811 229//812 307//813
f 283//814 224//815 209//816
f 299//817 292//817 291//817
f 178//818 312//819 310//819
f 188//10 314//10 311//10
f 177//18 313//18 312//18
f 190//820 315//820 313//821
f 187//518 310//517 314//517
f 189//519 311//822 315//520
f 137//5 142//5 316//5
f 139//525 319//5 318//526
f 133//5 321//5 316//5
f 137//522 317//524 319//823
f 131//824 141//527 318//526
f 131//528 320//530 321//825
f 167//539 330//541 322//5
f 324//533 333//826 325//534
f 158//5 329//5 327//5
f 164//5 331//5 326//5
f 323//532 322//531 327//538
f 167//5 164//5 328//5
f 158//5 324//5 326//5
f 332//827 182//828 184//828
f 330//545 336//546 334//545
f 326//10 325//10 335//10
f 327//547 332//829 333//548
f 322//18 334//18 332//18
f 330//550 328//830 335//551
f 332//831 334//832 173//832
f 335//833 181//833 185//834
f 325//835 333//544 184//543
f 334//836 336//557 185//556
f 325//21 179//21 181//21
f 337//837 338//838 339//839
f 340//840 341//841 338//842
f 342//843 343//844 341//845
f 344//846 345//847 343//848
f 337//849 346//850 342//851
f 346//852 347//853 345//854
f 348//855 339//856 347//857
f 345//858 347//859 338//860
f 337//837 340//861 338//838
f 340//840 342//5 341//841
f 342//843 344//862 343//844
f 344//846 346//863 345//847
f 342//851 340//864 337//849
f 337//849 348//865 346//850
f 346//850 344//10 342//851
f 346//852 348//21 347//853
f 348//855 337//866 339//856
f 347//859 339//867 338//860
f 338//860 341//18 343//868
f 343//868 345//858 338//860
f 349//869 350//870 351//871
f 352//5 353//5 350//5
f 354//872 355//872 353//873
f 356//874 357//874 355//875
f 358//10 356//10 354//10
f 357//21 359//21 360//21
f 359//876 351//877 360//878
f 357//879 360//880 350//881
f 349//869 352//882 350//870
f 352//5 354//5 353//5
f 354//872 356//883 355//872
f 356//874 358//875 357//874
f 354//10 352//10 349//10
f 349//10 359//10 354//10
f 359//10 358//10 354//10
f 357//21 358//21 359//21
f 359//876 349//884 351//877
f 360//880 351//18 350//881
f 350//881 353//885 355//886
f 355//886 357//879 350//881
f 361//887 362//888 363//889
f 364//890 365//891 362//892
f 366//893 367//894 365//895
f 367//896 368//897 369//898
f 370//10 366//10 361//10
f 368//899 371//900 369//901
f 372//902 363//903 371//904
f 367//18 369//18 371//18
f 361//887 364//905 362//888
f 364//890 366//906 365//891
f 366//907 370//907 367//907
f 367//908 370//909 368//908
f 366//10 364//10 361//10
f 361//10 372//10 368//10
f 368//10 370//10 361//10
f 368//899 372//910 371//900
f 372//902 361//911 363//903
f 371//18 363//18 367//18
f 363//18 362//18 367//18
f 362//18 365//18 367//18
f 373//912 374//913 375//914
f 375//915 376//916 377//917
f 376//918 378//919 377//920
f 379//921 373//922 378//10
f 377//923 373//924 375//925
f 376//926 380//926 379//927
f 381//928 382//929 383//930
f 384//931 385//932 374//933
f 379//921 381//928 384//934
f 376//916 385//935 386//936
f 387//937 382//937 388//937
f 385//935 388//938 386//936
f 386//939 382//939 380//940
f 387//941 389//18 390//18
f 391//942 390//943 389//944
f 387//945 392//946 383//947
f 383//930 391//948 381//928
f 381//949 389//950 385//951
f 373//912 384//952 374//913
f 375//915 374//953 376//916
f 376//918 379//954 378//919
f 379//921 384//934 373//922
f 377//955 378//956 373//956
f 376//926 386//957 380//926
f 381//928 380//10 382//929
f 384//931 381//958 385//932
f 379//921 380//10 381//928
f 376//916 374//953 385//935
f 387//937 383//959 382//937
f 385//935 387//941 388//938
f 386//939 388//940 382//939
f 387//941 385//935 389//18
f 391//942 392//960 390//943
f 387//945 390//961 392//946
f 383//930 392//10 391//948
f 381//949 391//962 389//950
f 393//963 394//964 395//963
f 396//965 397//966 394//967
f 398//968 399//969 397//970
f 400//971 401//972 399//973
f 402//974 400//975 398//976
f 402//977 403//977 401//978
f 404//979 395//980 403//981
f 394//18 399//18 403//18
f 393//718 396//717 394//982
f 396//965 398//983 397//966
f 398//968 400//984 399//969
f 400//971 402//985 401//972
f 398//976 396//986 402//974
f 396//986 393//987 404//988
f 402//974 396//986 404//988
f 402//989 404//990 403//991
f 404//992 393//993 395//993
f 403//18 395//18 394//18
f 394//18 397//18 399//18
f 399//18 401//18 403//18
f 405//994 406//995 407//26
f 408//996 409//18 410//997
f 409//998 411//999 410//1000
f 405//1001 412//21 413//21
f 414//1002 415//1003 416//1002
f 413//1004 417//1005 418//1006
f 419//1007 420//1008 421//1009
f 422//1010 423//1011 424//1012
f 425//1013 426//1014 427//1015
f 428//18 429//1016 430//1017
f 431//1018 432//1019 433//1020
f 434//1021 431//1022 435//1023
f 436//1024 437//1002 438//1025
f 421//1026 439//1027 440//1028
f 441//1029 430//1017 442//1030
f 424//1012 443//3 444//3
f 428//1031 426//1031 419//1032
f 427//1015 445//1033 446//1034
f 435//1035 447//1036 409//1037
f 447//1038 433//1020 411//1039
f 416//1002 448//1002 436//1024
f 439//1027 435//1040 408//996
f 419//1041 440//1028 429//1016
f 438//1025 449//1002 422//1010
f 432//1019 420//1042 425//1013
f 421//1043 450//1044 434//1045
f 451//1046 425//1013 452//1047
f 429//1016 453//1048 454//1049
f 455//1050 408//996 456//1051
f 411//1039 457//1052 458//1053
f 459//1054 446//1034 460//1055
f 461//1056 430//1017 462//1057
f 440//1028 455//1050 453//1048
f 433//1020 451//1046 457//1052
f 430//1017 454//1049 462//1057
f 452//1047 427//1015 459//1054
f 463//1058 464//1059 465//1060
f 410//1000 458//1061 466//1062
f 456//1051 410//997 466//18
f 467//1063 468//1064 464//1065
f 464//21 469//21 470//21
f 416//1066 466//18 414//18
f 466//1062 471//1067 414//1068
f 465//1060 470//1069 472//1070
f 437//1071 459//1054 449//1072
f 462//1057 422//1073 424//1074
f 457//1052 448//1075 415//1076
f 453//1048 436//1077 438//1078
f 444//18 462//1057 424//1074
f 449//1072 460//1055 423//1079
f 458//1053 415//1076 471//10
f 436//1077 456//1051 416//1066
f 454//1049 438//1078 422//1073
f 448//1075 452//1047 437//1071
f 469//18 473//1080 474//1081
f 475//1082 472//1070 443//1083
f 476//1084 465//1060 475//1082
f 468//1085 418//1006 473//1080
f 474//1086 470//1087 469//1088
f 446//1034 477//1089 476//1084
f 441//1090 445//1091 428//1092
f 446//1034 475//1082 460//1055
f 460//1055 443//1083 423//1079
f 474//1081 461//1056 444//18
f 473//18 442//18 461//18
f 444//1093 472//1094 474//1095
f 406//1096 478//1097 477//1098
f 417//1099 407//1100 441//1101
f 406//1102 479//1103 478//1104
f 407//1105 412//1106 405//1107
f 478//1108 467//1109 463//1058
f 405//994 480//1110 406//995
f 408//996 435//1040 409//18
f 409//998 447//1111 411//999
f 413//21 467//1112 405//1001
f 467//1112 479//21 480//1113
f 405//1001 467//1112 480//1113
f 414//1002 471//1003 415//1003
f 413//1004 412//18 417//1005
f 419//1007 426//1114 420//1008
f 422//1010 449//1002 423//1011
f 425//1013 420//1042 426//1014
f 428//18 419//1041 429//1016
f 431//1018 450//1115 432//1019
f 434//1021 450//1116 431//1022
f 436//1024 448//1002 437//1002
f 421//1026 434//18 439//1027
f 441//1029 428//18 430//1017
f 424//1012 423//1011 443//3
f 428//1031 445//1032 426//1031
f 427//1015 426//1014 445//1033
f 435//1035 431//1117 447//1036
f 447//1038 431//1018 433//1020
f 416//1002 415//1003 448//1002
f 439//1027 434//18 435//1040
f 419//1041 421//1026 440//1028
f 438//1025 437//1002 449//1002
f 432//1019 450//1115 420//1042
f 421//1118 420//1119 450//1119
f 451//1046 432//1019 425//1013
f 429//1016 440//1028 453//1048
f 455//1050 439//1027 408//996
f 411//1039 433//1020 457//1052
f 459//1054 427//1015 446//1034
f 461//1056 442//1030 430//1017
f 440//1028 439//1027 455//1050
f 433//1020 432//1019 451//1046
f 430//1017 429//1016 454//1049
f 452//1047 425//1013 427//1015
f 463//1058 467//1109 464//1059
f 410//1000 411//999 458//1061
f 456//1051 408//996 410//997
f 467//1120 413//1121 468//1122
f 464//21 468//21 469//21
f 416//1066 456//1051 466//18
f 466//1062 458//1061 471//1067
f 465//1060 464//1059 470//1069
f 437//1071 452//1047 459//1054
f 462//1057 454//1049 422//1073
f 457//1052 451//1046 448//1075
f 453//1048 455//1050 436//1077
f 444//18 461//1056 462//1057
f 449//1072 459//1054 460//1055
f 458//1053 457//1052 415//1076
f 436//1077 455//1050 456//1051
f 454//1049 453//1048 438//1078
f 448//1075 451//1046 452//1047
f 469//18 468//1085 473//1080
f 475//1082 465//1060 472//1070
f 476//1084 463//1058 465//1060
f 468//1085 413//1004 418//1006
f 474//1086 472//1123 470//1087
f 463//1058 476//1084 478//1108
f 476//1084 477//1089 478//1108
f 442//1030 418//1006 417//1005
f 417//1005 441//1029 442//1030
f 477//1124 441//1090 406//1125
f 406//1126 441//1126 407//1126
f 446//1034 445//1033 477//1089
f 441//1090 477//1124 445//1091
f 446//1034 476//1084 475//1082
f 460//1055 475//1082 443//1083
f 474//1081 473//1080 461//1056
f 473//1080 418//1006 442//1030
f 444//1127 443//1128 472//1127
f 406//1102 480//1102 479//1103
f 407//1105 417//1129 412//1106
f 478//1108 479//10 467//1109
f 481//1130 482//1131 483//1132
f 484//1133 485//1134 486//1135
f 487//1136 488//1137 482//1138
f 489//1139 490//1140 491//1140
f 492//1141 493//1142 494//1143
f 493//1144 491//1145 494//1146
f 495//1147 496//1148 497//1149
f 498//1150 497//1151 488//1152
f 496//1153 499//1154 500//1155
f 501//1156 502//1157 490//1158
f 503//1159 504//1160 505//1161
f 506//1162 505//1163 502//1164
f 507//1165 500//1166 499//1167
f 508//1168 507//1169 504//1170
f 509//1171 510//1172 511//1173
f 512//1174 513//1175 509//1171
f 514//1176 512//1174 515//1177
f 516//1178 515//1177 517//1179
f 518//1180 519//1181 520//1182
f 486//1135 516//1178 517//1179
f 508//1183 511//1184 521//1185
f 486//1186 522//1187 484//1187
f 486//1188 489//1189 493//1190
f 501//1191 517//1192 515//1193
f 515//1194 506//1195 501//1196
f 509//1197 506//1198 512//1199
f 508//1200 509//1201 511//1202
f 523//1203 483//1204 524//1205
f 510//1206 496//1206 500//1207
f 520//1208 524//1209 485//1210
f 485//1211 483//1212 516//1213
f 482//1214 516//1215 483//1216
f 525//1217 482//1218 488//1219
f 513//1220 488//1221 497//1221
f 496//1222 513//1223 497//1224
f 519//1225 523//1226 524//1227
f 526//1228 481//1130 527//1229
f 528//1230 529//1231 530//1232
f 531//1233 487//1136 526//1234
f 490//1140 532//1235 491//1140
f 533//1236 492//1141 494//1143
f 491//1145 533//1237 494//1146
f 534//1238 495//1147 535//1239
f 535//1240 498//1150 531//1241
f 499//1154 536//1242 534//1243
f 502//1157 537//1244 490//1158
f 504//1160 538//1245 505//1161
f 505//1163 539//1246 502//1164
f 540//1247 507//1165 499//1167
f 507//1169 541//1248 504//1170
f 542//18 540//1249 543//1250
f 544//1251 545//1252 546//18
f 547//1253 546//18 548//1254
f 547//1253 549//1255 550//1256
f 550//1256 551//1257 552//1258
f 553//1259 554//1260 518//1261
f 530//1232 551//1257 528//1230
f 541//1262 542//1263 543//1263
f 555//1264 530//1265 529//1266
f 530//1267 532//1268 552//1269
f 537//1270 552//1271 532//1272
f 550//1273 539//1274 547//1275
f 539//1276 544//1277 547//1278
f 541//1279 544//1280 538//1281
f 527//1282 523//1203 556//1283
f 545//1284 540//1285 534//1286
f 556//1287 553//1288 528//1289
f 527//1290 528//1291 551//1292
f 551//1293 526//1294 527//1295
f 548//1296 526//1297 549//1297
f 546//1298 531//1299 548//1300
f 546//1301 534//1302 535//1303
f 523//1226 554//1304 556//1305
f 481//1130 487//1306 482//1131
f 484//1133 520//1307 485//1134
f 487//1136 498//1308 488//1137
f 489//1139 501//1309 490//1140
f 492//1141 522//1310 493//1142
f 493//1144 489//1311 491//1145
f 495//1147 536//1312 496//1148
f 498//1150 495//1313 497//1151
f 496//1153 536//1242 499//1154
f 501//1156 506//1314 502//1157
f 503//1159 508//1315 504//1160
f 506//1162 503//1316 505//1163
f 507//1317 521//1318 500//1319
f 508//1320 521//1321 507//1322
f 521//10 511//1173 500//1323
f 511//1173 510//1172 500//1323
f 509//1171 513//1175 510//1172
f 512//1174 525//1324 513//1175
f 514//1176 525//1324 512//1174
f 516//1178 514//1176 515//1177
f 522//1325 492//1326 484//1327
f 492//1328 518//1329 484//1330
f 484//1331 518//1180 520//1182
f 486//1135 485//1134 516//1178
f 486//1332 493//1333 522//1334
f 486//1188 517//1335 489//1189
f 501//1191 489//1336 517//1192
f 515//1194 512//1337 506//1195
f 509//1197 503//1338 506//1198
f 508//1200 503//1339 509//1201
f 523//1203 481//1340 483//1204
f 520//1341 519//1342 524//1343
f 485//1211 524//1344 483//1212
f 482//1214 514//1345 516//1215
f 525//1346 514//1347 482//1348
f 513//1349 525//1350 488//1349
f 496//1222 510//1351 513//1223
f 519//1225 518//1352 523//1226
f 526//1228 487//1306 481//1130
f 528//1230 553//1353 529//1231
f 531//1233 498//1308 487//1136
f 490//1140 537//1140 532//1235
f 533//1236 555//1354 492//1141
f 491//1145 532//1355 533//1237
f 534//1238 536//1312 495//1147
f 535//1240 495//1313 498//1150
f 540//1356 499//1357 534//1358
f 502//1157 539//1359 537//1244
f 504//1160 541//1360 538//1245
f 505//1163 538//1361 539//1246
f 540//1362 542//1363 507//1363
f 507//1364 542//1365 541//1366
f 540//1249 545//1252 543//1250
f 544//1251 543//1250 545//1252
f 547//1253 544//1251 546//18
f 547//1253 548//1254 549//1255
f 550//1256 549//1255 551//1257
f 518//1367 492//1368 529//1369
f 492//1370 555//1371 529//1372
f 518//1261 529//1373 553//1259
f 530//1232 552//1258 551//1257
f 555//1374 533//1375 530//1374
f 530//1267 533//1376 532//1268
f 537//1270 550//1377 552//1271
f 550//1273 537//1378 539//1274
f 539//1276 538//1379 544//1277
f 541//1279 543//1380 544//1280
f 527//1282 481//1340 523//1203
f 556//1381 554//1382 553//1383
f 527//1290 556//1384 528//1291
f 551//1293 549//1385 526//1294
f 548//1386 531//1387 526//1388
f 546//1298 535//1389 531//1299
f 546//1301 545//1390 534//1302
f 523//1226 518//1352 554//1304
f 557//1391 558//5 559//1392
f 560//1393 561//1394 562//1395
f 563//1396 564//1397 565//3
f 566//5 567//5 558//5
f 568//1398 569//1399 566//1400
f 562//21 564//21 570//21
f 571//1401 572//1402 560//1403
f 571//3 573//3 574//1404
f 575//1405 566//1400 557//1406
f 576//1407 558//1408 577//1409
f 571//18 577//18 578//18
f 579//1410 561//1411 572//1412
f 568//21 565//1413 564//21
f 574//1404 570//1414 564//1397
f 558//5 561//5 578//5
f 563//1415 577//1416 574//1417
f 580//1418 557//1391 559//1392
f 581//1419 582//1420 583//1421
f 584//1422 563//1396 565//3
f 585//1423 586//1424 580//1418
f 587//1425 588//1426 586//1427
f 584//1428 581//1429 589//1430
f 590//1431 591//1432 583//1433
f 592//1434 591//1435 593//1436
f 586//1427 575//1405 557//1406
f 580//1437 576//1407 594//1438
f 595//1439 594//1440 591//1441
f 582//1442 596//1443 590//1444
f 565//1413 588//1445 584//1428
f 589//1434 593//1436 584//1422
f 582//1446 580//1418 595//1447
f 594//1448 563//1415 593//1449
f 557//1391 566//5 558//5
f 573//1450 560//1393 562//1395
f 560//1393 572//1451 561//1394
f 561//1394 567//1452 562//1395
f 567//1452 569//1453 562//1395
f 562//1395 570//10 573//1450
f 563//1396 574//1404 564//1397
f 566//5 569//5 567//5
f 568//1398 562//1454 569//1399
f 562//21 568//21 564//21
f 571//1401 579//1455 572//1402
f 571//3 560//3 573//3
f 575//1405 568//1398 566//1400
f 576//1407 559//1456 558//1408
f 578//18 579//18 571//18
f 571//18 574//18 577//18
f 577//18 558//18 578//18
f 579//1410 578//1411 561//1411
f 568//21 575//21 565//1413
f 574//1404 573//3 570//1414
f 558//5 567//5 561//5
f 563//1415 576//1457 577//1416
f 580//1418 586//1424 557//1391
f 590//1458 583//1421 582//1420
f 583//1421 592//1459 581//1419
f 592//1459 589//1460 581//1419
f 581//1419 587//1461 585//1462
f 585//1462 582//1420 581//1419
f 584//1422 593//1436 563//1396
f 585//1423 587//1463 586//1424
f 587//1425 581//1464 588//1426
f 584//1428 588//1445 581//1429
f 590//1431 596//1465 591//1432
f 592//1434 583//1434 591//1435
f 586//1427 588//1426 575//1405
f 580//1437 559//1456 576//1407
f 591//1441 596//1451 595//1439
f 595//1439 580//1466 594//1440
f 594//1440 593//1467 591//1441
f 582//1442 595//1468 596//1443
f 565//1413 575//21 588//1445
f 589//1434 592//1434 593//1436
f 582//1446 585//1423 580//1418
f 594//1448 576//1457 563//1415
f 597//1469 598//1470 599//1471
f 600//18 601//18 598//18
f 602//5 603//5 601//5
f 604//10 599//10 603//10
f 601//1472 599//1473 598//1474
f 600//1475 604//1476 602//1477
f 597//1469 600//1478 598//1470
f 600//18 602//18 601//18
f 602//5 604//5 603//5
f 604//10 597//10 599//10
f 601//1472 603//1479 599//1473
f 600//1475 597//1480 604//1476
f 605//1481 606//1481 607//1482
f 608//1483 606//1484 609//1485
f 610//1486 608//1487 611//1488
f 612//1489 613//1489 614//1489
f 612//1490 609//1491 605//1492
f 607//1493 608//1493 615//1493
f 616//1494 611//1495 613//1496
f 605//1497 609//1498 606//1499
f 609//1485 614//1500 608//1483
f 614//1500 613//1501 611//1502
f 608//1483 614//1500 611//1502
f 610//1486 615//1503 608//1487
f 612//1504 616//1505 613//1506
f 612//1490 614//1507 609//1491
f 607//1508 606//1509 608//1509
f 616//1510 610//1511 611//1512
f 617//21 618//21 619//21
f 618//18 620//1513 621//18
f 620//1514 622//1515 621//1516
f 623//1517 619//1518 622//1519
f 621//1520 619//1521 618//1522
f 624//1523 625//1524 626//1525
f 627//1526 625//1527 628//1528
f 629//1529 627//1530 630//1531
f 629//1532 625//1533 631//1534
f 630//1535 628//1536 624//1537
f 632//1538 624//1537 620//1513
f 617//1539 626//1540 629//1532
f 617//1541 630//1542 632//1543
f 620//1544 626//1545 623//1546
f 617//21 632//21 618//21
f 618//18 632//1538 620//1513
f 620//1514 623//1547 622//1515
f 623//1517 617//1539 619//1518
f 621//1520 622//1548 619//1521
f 624//1549 628//1549 625//1550
f 627//1526 631//1551 625//1527
f 629//1552 631//1553 627//1554
f 629//1532 626//1540 625//1533
f 630//1535 627//1555 628//1536
f 632//1538 630//1535 624//1537
f 617//1539 623//1517 626//1540
f 617//1541 629//1556 630//1542
f 620//1557 624//1557 626//1557
f 633//1558 634//1559 635//1560
f 635//5 636//5 637//5
f 638//10 639//10 640//10
f 637//3 641//1561 642//1562
f 643//1563 638//1564 644//1565
f 645//1566 646//1567 635//1568
f 642//1562 640//1569 647//1570
f 646//10 641//10 636//10
f 633//1571 637//5 648//1572
f 649//1573 650//1574 639//1575
f 648//1576 642//1562 651//1577
f 651//1577 647//1570 652//1578
f 653//21 654//21 655//1579
f 656//1580 657//1581 644//1582
f 652//1578 650//3 655//1583
f 647//1570 639//1569 650//3
f 644//1565 658//1584 645//1585
f 658//10 640//10 641//10
f 645//1586 634//1587 644//1588
f 659//1589 644//1565 657//1590
f 654//1591 656//26 660//1591
f 657//1592 653//1593 659//18
f 661//1594 633//1558 662//1595
f 663//1596 662//1597 664//1598
f 665//18 666//18 667//18
f 668//1599 664//1600 669//1601
f 666//1602 670//1603 671//1604
f 672//1605 673//1606 662//1607
f 667//1608 669//1601 674//1609
f 668//18 672//18 663//18
f 664//1598 633//1571 648//1572
f 675//1610 676//1611 665//1612
f 669//1601 648//1576 651//1577
f 674//1609 651//1577 652//1578
f 677//1613 678//21 670//1614
f 679//1615 660//1616 680//1617
f 675//1618 652//1578 655//1583
f 665//1608 674//1609 675//1618
f 681//1602 671//1604 673//1619
f 667//18 681//18 668//18
f 673//1620 661//1621 662//1622
f 671//1604 678//1623 682//1624
f 679//1625 654//1591 660//1591
f 677//10 682//10 678//10
f 633//1558 680//26 634//1559
f 635//5 646//5 636//5
f 638//10 649//10 639//10
f 637//3 636//1626 641//1561
f 643//1563 649//1627 638//1564
f 645//1566 658//1628 646//1567
f 642//1562 641//1561 640//1569
f 646//10 658//10 641//10
f 633//1571 635//5 637//5
f 649//1573 643//1629 650//1574
f 648//1576 637//3 642//1562
f 651//1577 642//1562 647//1570
f 655//1579 650//1574 653//21
f 650//1574 643//1629 653//21
f 643//1629 659//21 653//21
f 644//1630 634//1631 656//1632
f 634//1633 680//1617 656//1634
f 680//1617 660//1616 656//1634
f 652//1578 647//1570 650//3
f 647//1570 640//1569 639//1569
f 644//1565 638//1564 658//1584
f 658//10 638//10 640//10
f 645//1586 635//1635 634//1587
f 659//1589 643//1563 644//1565
f 654//1591 653//26 656//26
f 657//1592 656//1636 653//1593
f 661//1594 680//26 633//1558
f 663//1596 672//5 662//1597
f 665//18 676//18 666//18
f 668//1599 663//1637 664//1600
f 666//1602 676//1619 670//1603
f 672//1605 681//1638 673//1606
f 667//1608 668//1599 669//1601
f 668//18 681//18 672//18
f 664//1598 662//1597 633//1571
f 675//1610 670//1614 676//1611
f 669//1601 664//1600 648//1576
f 674//1609 669//1601 651//1577
f 670//1614 675//1610 677//1613
f 675//1610 655//1579 677//1613
f 655//1579 654//21 677//1613
f 680//1617 661//1639 679//1615
f 661//1640 671//1641 679//1642
f 671//1643 682//1644 679//1645
f 675//1618 674//1609 652//1578
f 665//1608 667//1608 674//1609
f 681//1602 666//1602 671//1604
f 667//18 666//18 681//18
f 673//1620 671//1646 661//1621
f 671//1604 670//1603 678//1623
f 679//1625 677//1625 654//1591
f 677//10 679//10 682//10
f 683//1647 684//1648 685//1649
f 686//1650 687//1651 688//1652
f 689//1653 690//1654 691//1655
f 684//3 692//3 685//3
f 693//26 689//26 694//26
f 695//5 696//5 697//5
f 684//1656 696//1656 686//1657
f 688//1658 695//1658 698//1659
f 684//1648 695//1660 697//1661
f 690//1662 699//1663 700//1663
f 701//1664 702//1665 699//1666
f 703//1667 704//1668 702//1669
f 693//1670 705//1671 706//1672
f 705//1673 707//1674 708//1675
f 708//1676 709//1677 710//1678
f 690//1654 705//1679 701//1680
f 701//1680 708//1681 703//1682
f 703//1682 710//1683 711//1684
f 700//1685 712//1686 693//1687
f 699//1688 707//1689 712//1686
f 702//1690 709//1691 707//1689
f 683//26 688//26 698//26
f 694//1692 713//1693 714//1694
f 715//3 690//3 700//3
f 685//3 716//3 717//3
f 688//1652 692//1695 686//1650
f 718//1696 689//1653 691//1655
f 693//1687 715//1697 700//1685
f 717//1698 683//1647 685//1649
f 694//1699 719//1700 715//1697
f 714//1701 717//1698 719//1700
f 720//1702 716//1703 692//1695
f 721//1704 718//1696 716//1703
f 719//3 691//3 715//3
f 717//3 718//3 719//3
f 722//1705 720//1706 683//1706
f 714//26 721//26 722//26
f 683//1647 698//1707 684//1648
f 686//1650 696//1708 687//1651
f 689//1653 706//1709 690//1654
f 684//3 686//3 692//3
f 693//26 706//26 689//26
f 695//5 687//5 696//5
f 684//1657 697//1657 696//1656
f 688//1658 687//1658 695//1658
f 684//1648 698//1707 695//1660
f 690//1710 701//1710 699//1711
f 701//1712 703//1713 702//1714
f 703//1715 711//1715 704//1716
f 693//1670 712//1671 705//1671
f 705//1717 712//1718 707//1718
f 708//1676 707//1719 709//1677
f 690//1654 706//1709 705//1679
f 701//1680 705//1679 708//1681
f 703//1682 708//1681 710//1683
f 700//1685 699//1688 712//1686
f 699//1688 702//1690 707//1689
f 702//1690 704//18 709//1691
f 683//26 720//26 688//26
f 694//1720 689//1721 713//1721
f 715//3 691//3 690//3
f 685//3 692//3 716//3
f 688//1652 720//1702 692//1695
f 718//1696 713//1722 689//1653
f 693//1687 694//1699 715//1697
f 717//1698 722//1723 683//1647
f 694//1699 714//1701 719//1700
f 714//1701 722//1723 717//1698
f 720//1702 721//1704 716//1703
f 721//1704 713//1722 718//1696
f 719//3 718//3 691//3
f 717//3 716//3 718//3
f 722//1724 721//1725 720//1725
f 714//26 713//26 721//26
f 723//1726 724//5 725//5
f 725//1727 726//1728 727//1729
f 728//1730 729//3 730//1731
f 731//1732 732//1732 733//1732
f 725//1727 729//1733 734//1734
f 728//1735 725//5 734//5
f 735//21 736//1736 730//21
f 735//1737 737//1738 738//1739
f 739//1740 724//1741 740//1742
f 741//1743 742//1744 743//1745
f 726//1746 744//1747 745//1748
f 746//1749 747//1749 739//1750
f 748//1751 749//1752 741//1753
f 745//1754 750//1755 751//1756
f 748//1757 747//1758 752//1759
f 746//1760 750//1761 753//1762
f 743//1763 754//1764 726//1765
f 740//1766 735//1767 727//1766
f 727//21 730//21 729//21
f 755//1768 728//1735 756//1769
f 757//1770 731//1770 733//1771
f 756//1772 730//1731 736//1773
f 757//1774 723//1726 755//1768
f 758//1775 759//1776 760//1777
f 731//1778 758//1779 761//1778
f 733//5 762//5 724//5
f 724//1780 758//1781 740//1782
f 763//1783 764//1784 765//1785
f 761//1786 760//1787 763//1788
f 732//1789 759//1790 762//1791
f 761//1792 766//1793 732//1794
f 763//1788 767//21 764//21
f 766//1795 768//1796 759//1797
f 765//1798 768//1799 769//1800
f 770//1801 764//1801 767//1802
f 759//1803 768//1804 770//1805
f 771//1806 772//5 773//5
f 774//1807 775//1808 776//1809
f 777//1810 778//1811 779//1812
f 780//1813 781//1813 773//1813
f 777//18 774//1807 782//18
f 782//5 771//1806 778//1814
f 736//1736 783//1815 779//1816
f 783//1817 737//1818 781//1819
f 784//18 785//18 786//18
f 742//1744 776//1820 775//1821
f 744//1747 787//1822 788//1823
f 747//1824 786//1825 789//1826
f 749//1752 790//1827 776//1828
f 791//1829 744//1830 788//1831
f 752//1832 789//1832 790//1833
f 786//1834 750//1835 791//1836
f 754//1764 775//1837 787//1838
f 783//1839 785//1840 784//1841
f 779//1816 784//1842 777//1843
f 778//1814 755//1768 756//1769
f 773//1844 737//1844 757//1845
f 736//1773 778//1811 756//1772
f 771//1806 757//1774 755//1768
f 792//1846 793//1847 794//1848
f 781//1849 792//1849 785//1849
f 794//5 773//5 772//5
f 785//1850 794//1851 772//1852
f 795//1853 796//1854 797//1855
f 798//1856 799//1856 792//1857
f 793//1858 780//1859 794//1860
f 800//1861 798//1862 780//1863
f 797//1864 801//1865 799//1866
f 802//1867 800//1868 793//1869
f 802//1870 795//1871 803//1872
f 804//1873 796//1874 795//1875
f 804//1876 802//1876 793//1877
f 723//1726 733//5 724//5
f 725//1727 748//1878 741//1879
f 725//1727 741//1879 743//1880
f 726//1728 745//1881 727//1729
f 725//1727 743//1880 726//1728
f 728//1730 734//3 729//3
f 731//1882 761//1883 732//1884
f 725//1727 727//1729 729//1733
f 728//1735 723//1726 725//5
f 735//21 738//21 736//1736
f 735//1885 731//1886 737//1885
f 727//1729 745//1881 751//1887
f 727//10 751//10 746//10
f 748//1878 725//1727 724//1741
f 739//1740 748//1878 724//1741
f 740//1742 727//1888 746//1889
f 746//1889 739//1740 740//1742
f 741//1743 749//1890 742//1744
f 726//1746 754//1891 744//1747
f 746//1892 753//1893 747//1893
f 748//1751 752//1894 749//1752
f 745//1754 744//1830 750//1755
f 748//1757 739//1895 747//1758
f 746//1896 751//1897 750//1898
f 743//1763 742//1899 754//1764
f 740//1900 731//1901 735//1902
f 727//21 735//21 730//21
f 755//1768 723//1726 728//1735
f 757//1903 737//1903 731//1903
f 756//1772 728//1730 730//1731
f 757//1774 733//5 723//1726
f 758//1775 762//1904 759//1776
f 731//1905 740//1905 758//1905
f 733//1906 732//1906 762//1906
f 724//1780 762//1907 758//1781
f 769//1908 766//1909 765//1910
f 766//1909 763//1911 765//1910
f 761//1786 758//1912 760//1787
f 732//1913 766//1914 759//1915
f 761//1792 763//1916 766//1793
f 763//1788 760//1787 767//21
f 766//1917 769//1918 768//1919
f 765//1920 770//1921 768//1922
f 770//1923 765//1924 764//1925
f 767//1926 760//1927 770//1928
f 760//1929 759//1803 770//1805
f 771//1806 774//5 772//5
f 784//1930 788//18 787//1931
f 784//1930 787//1931 774//1807
f 787//1931 775//1808 774//1807
f 776//1809 790//1932 774//1807
f 777//1810 782//3 778//1811
f 780//1813 798//1813 781//1813
f 777//18 784//1930 774//1807
f 782//5 774//5 771//1806
f 736//1736 738//21 783//1815
f 783//1933 738//1739 737//1738
f 772//1934 774//1807 790//1932
f 772//1934 790//1932 789//1935
f 791//18 788//18 784//1930
f 772//1934 789//1935 785//18
f 789//1935 786//18 785//18
f 786//18 791//18 784//18
f 742//1744 749//1890 776//1820
f 744//1747 754//1891 787//1822
f 747//1824 753//1936 786//1825
f 749//1752 752//1894 790//1827
f 791//1829 750//1755 744//1830
f 752//1759 747//1758 789//1937
f 786//1834 753//1938 750//1835
f 754//1764 742//1899 775//1837
f 783//1939 781//1939 785//1940
f 779//1816 783//1815 784//1842
f 778//1814 771//1806 755//1768
f 773//1941 781//1941 737//1941
f 736//1773 779//1812 778//1811
f 771//5 773//5 757//5
f 792//1846 799//1942 793//1847
f 781//1943 798//1944 792//1944
f 794//5 780//5 773//5
f 785//1945 792//1946 794//1947
f 797//1948 800//1949 795//1950
f 800//1949 803//1951 795//1950
f 798//1952 797//1952 799//1953
f 793//1954 800//1955 780//1956
f 800//1861 797//1957 798//1862
f 797//1864 796//21 801//1865
f 802//1958 803//1959 800//1959
f 802//1960 804//1961 795//1962
f 804//1963 801//1964 796//1963
f 793//1965 799//1965 804//1966
f 799//1967 801//1968 804//1969
f 805//1970 806//1971 807//1972
f 806//1973 808//1974 807//1975
f 809//1976 810//1977 808//1978
f 811//1979 812//1980 810//1981
f 811//1982 809//1983 813//1984
f 814//1985 815//1986 812//1987
f 815//1988 813//1989 805//1990
f 810//1991 812//1992 815//1993
f 805//1994 813//1995 806//1996
f 806//1973 809//1997 808//1974
f 809//1998 811//1998 810//1999
f 811//2000 814//2001 812//2002
f 809//1983 806//2003 813//1984
f 813//2004 816//2005 814//2006
f 814//2007 811//1982 813//1984
f 814//1985 816//2008 815//1986
f 815//2009 816//2010 813//2011
f 815//1993 805//2012 810//1991
f 805//2012 807//2013 810//1991
f 807//2013 808//2014 810//1991
f 817//2015 818//2016 819//2017
f 820//2018 821//2019 822//2020
f 823//5 824//5 825//5
f 826//2021 827//2022 828//2023
f 825//3 826//2024 829//2025
f 830//2026 831//2027 832//2028
f 832//26 833//26 823//26
f 829//2025 828//2029 834//2030
f 833//2031 826//2021 824//2032
f 835//2033 822//2020 818//2034
f 822//2035 819//2036 818//3
f 836//2037 837//2038 819//2036
f 838//2039 839//2040 837//2038
f 840//2041 834//2030 839//2040
f 820//26 841//26 842//26
f 843//2042 844//2042 841//2043
f 845//26 846//26 844//26
f 847//2044 823//2044 846//2045
f 835//2046 843//2047 820//2048
f 817//2049 845//2050 843//2051
f 848//2026 847//2027 845//2028
f 847//2052 830//2053 832//2054
f 821//2055 836//2037 822//2035
f 849//2056 838//2039 836//2037
f 850//3 840//2041 838//2039
f 851//3 829//2025 840//2041
f 842//2057 849//2058 821//2059
f 849//5 844//5 850//5
f 844//5 851//5 850//5
f 846//5 825//5 851//5
f 827//2060 834//2061 828//2062
f 834//2063 852//2064 839//2065
f 852//2064 837//2066 839//2065
f 848//2067 819//2068 837//2066
f 817//2015 835//2062 818//2016
f 820//2018 842//2019 821//2019
f 823//5 833//5 824//5
f 826//2021 831//2069 827//2022
f 825//3 824//3 826//2024
f 830//2026 827//2070 831//2027
f 832//26 831//26 833//26
f 829//2025 826//2024 828//2029
f 833//2031 831//2069 826//2021
f 835//2033 820//2018 822//2020
f 822//2035 836//2037 819//2036
f 836//2037 838//2039 837//2038
f 838//2039 840//2041 839//2040
f 840//2041 829//2025 834//2030
f 820//26 843//26 841//26
f 843//2042 845//2071 844//2042
f 845//26 847//26 846//26
f 847//2044 832//2045 823//2044
f 835//2046 817//2072 843//2047
f 817//2049 848//2073 845//2050
f 848//2026 852//2070 847//2027
f 847//2052 852//2074 830//2053
f 821//2055 849//2056 836//2037
f 849//2056 850//3 838//2039
f 850//3 851//3 840//2041
f 851//3 825//3 829//2025
f 842//2057 841//5 849//2058
f 849//5 841//5 844//5
f 844//5 846//5 851//5
f 846//5 823//5 825//5
f 827//2060 830//2075 834//2061
f 834//2076 830//2077 852//2078
f 852//2064 848//2067 837//2066
f 848//2079 817//2080 819//2080
f 853//2081 854//2082 855//2083
f 856//2084 857//2085 858//2086
f 859//2087 860//2088 861//2089
f 862//2090 860//2088 863//2091
f 864//2092 865//2093 866//2093
f 853//2081 867//2094 868//2095
f 869//2096 870//2097 857//2085
f 865//2098 871//2099 866//2100
f 866//2101 859//2087 872//2102
f 855//2103 854//2104 873//2105
f 874//2106 875//2107 876//2108
f 876//2109 877//2110 874//2111
f 878//2112 874//2113 879//2114
f 880//2115 881//2116 860//2088
f 858//2117 880//2118 882//2119
f 883//2120 884//2121 870//2097
f 885//2122 873//2105 886//2123
f 853//2124 862//2090 887//2125
f 878//2126 875//2127 888//18
f 867//2128 885//2122 889//2129
f 868//2130 889//2131 890//2132
f 891//2133 868//18 890//18
f 862//2090 878//2126 887//2125
f 873//2105 870//2097 886//2123
f 856//2134 882//2135 871//2136
f 887//2137 879//2138 854//2082
f 854//2104 892//2139 873//2105
f 871//18 893//18 859//2087
f 884//2140 881//2141 880//2142
f 876//2143 881//2144 883//2145
f 872//2102 864//2146 866//2101
f 872//2102 890//18 894//2147
f 894//2148 895//2149 864//2150
f 890//2151 896//2152 894//2153
f 895//2154 897//2155 865//2156
f 889//2129 897//2155 896//2157
f 865//2156 869//2096 856//2084
f 897//2155 886//2123 869//2096
f 891//2133 862//2090 853//2124
f 872//2102 861//2089 891//2133
f 898//2158 877//2159 899//2160
f 879//2161 898//2161 892//2161
f 874//2162 900//2163 879//2164
f 892//2165 899//2166 876//2166
f 853//2081 887//2137 854//2082
f 856//2084 869//2096 857//2085
f 859//2087 893//18 860//2088
f 862//2090 861//2089 860//2088
f 864//2167 895//2167 865//2168
f 853//2081 855//2083 867//2094
f 869//2096 886//2123 870//2097
f 865//2169 856//2170 871//2171
f 866//2101 871//18 859//2087
f 874//2172 888//2173 875//2173
f 876//2174 899//2175 877//2176
f 878//2112 888//2177 874//2113
f 875//2127 863//2091 860//2088
f 893//18 882//18 880//2115
f 875//2127 860//2088 881//2116
f 860//2088 893//18 880//2115
f 858//2117 884//2178 880//2118
f 884//2121 858//2086 857//2085
f 870//2097 892//2139 876//2179
f 884//2121 857//2085 870//2097
f 876//2179 883//2120 870//2097
f 885//2122 855//2103 873//2105
f 878//2126 863//2091 875//2127
f 867//2128 855//2103 885//2122
f 868//2130 867//2180 889//2131
f 891//2133 853//2124 868//18
f 862//2090 863//2091 878//2126
f 873//2105 892//2139 870//2097
f 856//2134 858//2181 882//2135
f 887//2182 878//2183 879//2182
f 854//2104 879//2184 892//2139
f 871//18 882//18 893//18
f 884//2140 883//2185 881//2141
f 876//2108 875//2107 881//2186
f 872//2102 894//2147 864//2146
f 872//2102 891//2133 890//18
f 894//2148 896//2187 895//2149
f 890//2151 889//2188 896//2152
f 895//2154 896//2157 897//2155
f 889//2129 885//2122 897//2155
f 865//2156 897//2155 869//2096
f 897//2155 885//2122 886//2123
f 891//2133 861//2089 862//2090
f 872//2102 859//2087 861//2089
f 898//2158 900//2189 877//2159
f 879//2190 900//2191 898//2192
f 874//2162 877//2193 900//2163
f 892//2194 898//2195 899//2195
f 901//21 902//21 903//21
f 904//2196 902//2197 905//2198
f 906//2199 907//2200 908//2201
f 909//2202 910//2203 911//2204
f 911//2205 905//2206 901//2207
f 903//2208 904//2209 906//2210
f 908//5 912//5 909//5
f 913//2211 909//18 914//18
f 915//2212 916//2212 917//2212
f 918//21 917//21 919//21
f 920//2213 918//2213 919//2214
f 921//2215 920//2216 913//2217
f 922//2218 913//2219 914//2220
f 918//10 921//10 923//10
f 923//2221 914//2222 916//2223
f 917//2224 903//18 919//18
f 914//18 911//2225 916//18
f 913//2211 906//2226 908//2227
f 917//2224 911//2225 901//2228
f 919//18 906//2226 920//18
f 901//21 905//21 902//21
f 905//2198 910//2229 904//2196
f 910//2229 912//2230 904//2196
f 912//2230 907//2231 904//2196
f 906//2199 904//2232 907//2200
f 909//2233 912//2234 910//2234
f 911//2212 910//2235 905//2236
f 903//2208 902//2237 904//2209
f 908//5 907//5 912//5
f 913//2211 908//2227 909//18
f 915//2212 923//2212 916//2212
f 918//21 915//21 917//21
f 920//2238 924//2239 918//2240
f 921//2241 924//2242 920//2243
f 922//2218 921//5 913//2219
f 923//10 915//10 918//10
f 918//10 924//10 921//10
f 921//10 922//10 923//10
f 923//2221 922//2244 914//2222
f 917//2224 901//2228 903//18
f 914//18 909//18 911//2225
f 913//2211 920//18 906//2226
f 917//2224 916//18 911//2225
f 919//18 903//18 906//2226
f 925//2245 926//2246 927//2247
f 928//2248 927//2249 929//2250
f 930//2251 931//2252 928//2253
f 931//2254 925//2255 928//2256
f 932//2257 933//2258 934//2259
f 935//2260 931//2261 936//2262
f 929//10 933//10 937//10
f 938//2263 937//2264 932//2265
f 927//2247 934//2266 933//21
f 939//2267 940//2268 925//2245
f 938//2263 928//2253 929//2269
f 926//2246 941//2270 942//2271
f 942//2272 943//2273 944//2274
f 930//2251 945//2275 936//2276
f 941//2277 945//2278 943//2279
f 946//2280 932//2257 934//2259
f 945//2281 935//2282 936//2283
f 946//2284 944//2285 947//2285
f 947//2286 938//2263 932//2265
f 934//2266 942//2271 946//2287
f 940//2268 948//2288 941//2270
f 938//2263 943//5 930//2251
f 925//2245 940//2268 926//2246
f 928//2248 925//2289 927//2249
f 930//2251 936//2276 931//2252
f 931//2254 939//2290 925//2255
f 932//2257 937//2291 933//2258
f 935//2260 939//2292 931//2261
f 929//10 927//10 933//10
f 938//2263 929//2269 937//2264
f 927//2247 926//2246 934//2266
f 939//2267 935//2293 940//2268
f 938//2263 930//2251 928//2253
f 926//2246 940//2268 941//2270
f 942//2272 941//2294 943//2273
f 930//2251 943//5 945//2275
f 941//2277 948//2295 945//2278
f 946//2280 947//2296 932//2257
f 945//2281 948//2297 935//2282
f 946//2284 942//2298 944//2285
f 947//2286 944//2299 938//2263
f 934//2266 926//2246 942//2271
f 940//2268 935//2293 948//2288
f 938//2263 944//2299 943//5
f 949//2300 950//2301 951//2302
f 952//21 953//21 950//21
f 951//2303 953//2304 954//2305
f 955//10 952//10 956//10
f 956//2306 957//2307 949//2308
f 954//2309 958//2310 955//2311
f 950//2312 959//2313 951//2314
f 960//21 961//21 962//2315
f 960//2316 951//2317 963//2318
f 962//18 964//18 965//18
f 966//2319 965//2320 959//2321
f 961//26 963//26 964//26
f 967//10 968//10 969//10
f 970//2322 971//2323 972//2324
f 973//5 974//5 975//5
f 976//2325 977//2326 978//2327
f 979//2328 980//2329 981//2330
f 982//2331 983//2332 984//2333
f 984//2334 985//2335 986//2336
f 987//2337 988//2338 982//2339
f 981//2330 973//2325 989//2340
f 990//10 991//10 992//2341
f 992//2341 977//2342 993//2343
f 994//2344 995//10 996//2345
f 974//2346 980//2347 997//2348
f 998//2349 969//2350 999//2351
f 978//2327 991//2352 998//2349
f 986//2353 1000//2354 1001//2355
f 1001//2356 1002//2357 970//2358
f 977//2342 1003//10 993//2343
f 982//2339 1004//2359 987//2337
f 1005//2360 997//2361 988//2362
f 983//2363 990//2364 985//2365
f 988//2366 1006//2367 983//2368
f 985//2369 992//2370 1000//2371
f 971//2372 993//2373 1003//2374
f 1000//2375 993//2376 1002//2377
f 976//2378 955//2379 1007//2380
f 976//2381 951//2382 954//2383
f 972//2384 949//2385 951//2386
f 1003//2387 949//2388 971//2388
f 1003//2389 955//2390 956//2389
f 987//5 1008//5 975//5
f 1009//2391 969//2350 1010//2392
f 1011//2393 1012//2394 1013//26
f 1014//2395 1015//2396 994//2397
f 1016//2398 1017//2399 1014//2400
f 1013//2401 1018//2402 1019//2403
f 1010//2404 1020//2405 1021//2406
f 994//2407 1018//2408 995//2407
f 1022//2409 1023//2409 967//2409
f 996//2410 1024//2411 1025//21
f 996//2412 1026//2412 1027//2413
f 1016//2414 1028//2415 1029//2416
f 1022//2417 1026//2418 1030//2419
f 967//2420 1020//2421 968//2420
f 1031//18 1032//18 1033//18
f 1034//2422 970//2322 972//2324
f 1035//5 1036//5 1037//5
f 1038//2423 1039//2424 1040//2425
f 1041//26 1042//26 1043//26
f 1044//2426 982//2331 984//2333
f 1045//2427 984//2334 986//2336
f 1046//2428 1047//2429 982//2339
f 1035//26 1043//26 1036//26
f 1048//18 1049//18 1033//18
f 1050//18 1038//18 1049//18
f 1051//18 1052//18 1053//18
f 1054//2430 1041//2431 1035//2432
f 1033//2433 1055//2434 1056//2435
f 1049//2436 1040//2425 1055//2434
f 1057//2437 986//2353 1001//2355
f 1058//2438 1001//2356 970//2358
f 1059//18 1038//18 1060//18
f 982//2339 1047//2429 1004//2359
f 1061//2439 1062//2440 1046//2439
f 1048//2441 1044//2442 1045//2443
f 1063//2444 1046//2445 1044//2446
f 1050//2447 1045//2448 1057//2449
f 1034//2450 1060//2451 1058//2452
f 1060//2453 1057//2454 1058//2455
f 964//21 1039//21 1064//21
f 1039//2456 951//2457 972//2456
f 972//2458 959//2459 1034//2460
f 959//2461 1059//2461 1034//2461
f 1059//21 964//21 1064//21
f 1008//5 1047//5 1037//5
f 1033//2433 1065//2462 1066//2463
f 1067//2464 1068//2465 1069//2466
f 1070//2467 1071//2468 1053//2469
f 1072//2470 1073//2471 1071//2472
f 1069//2473 1074//2474 1052//2475
f 1066//5 1075//5 1031//5
f 1074//2476 1053//2476 1052//2477
f 1076//2478 1077//2478 1032//2479
f 1051//21 1078//21 1067//21
f 1079//2480 1051//2481 1080//2482
f 1073//21 1081//21 1082//21
f 1083//2483 1080//2484 1077//2483
f 1075//2485 1032//2486 1031//2487
f 949//2300 957//2488 950//2301
f 950//21 957//21 952//21
f 952//21 958//21 953//21
f 951//2303 950//2489 953//2304
f 955//10 958//10 952//10
f 956//2306 952//2490 957//2307
f 954//2309 953//2491 958//2310
f 950//2312 966//2492 959//2313
f 962//2315 966//2493 950//2494
f 950//2494 960//21 962//2315
f 960//2316 950//2495 951//2317
f 962//18 961//18 964//18
f 966//2319 962//2496 965//2320
f 961//26 960//26 963//26
f 990//10 1006//2497 969//10
f 1006//2497 967//10 969//10
f 968//10 1010//10 969//10
f 970//2322 1002//2498 971//2323
f 1005//2499 987//2500 974//2501
f 987//5 975//5 974//5
f 975//5 989//5 973//5
f 976//2325 1007//2340 977//2326
f 979//2328 1084//2502 980//2329
f 982//2331 988//2503 983//2332
f 984//2334 983//2504 985//2335
f 987//2337 1005//2505 988//2338
f 981//2330 980//2329 973//2325
f 990//10 969//10 991//10
f 992//2341 991//10 977//2342
f 997//2348 980//2347 1014//2506
f 980//2347 1084//10 1016//10
f 980//2347 1016//10 1014//2506
f 1022//2507 967//10 1006//2497
f 1027//2508 1022//2507 1006//2497
f 997//2348 1014//2506 994//2344
f 1027//2508 1006//2497 994//2344
f 1006//2497 997//2348 994//2344
f 1013//10 1012//10 996//2345
f 996//2345 1027//2508 994//2344
f 995//10 1013//10 996//2345
f 974//2346 973//2509 980//2347
f 998//2349 991//2352 969//2350
f 978//2327 977//2326 991//2352
f 986//2353 985//2510 1000//2354
f 1001//2356 1000//2511 1002//2357
f 977//2342 1007//10 1003//10
f 1005//2512 974//2513 997//2514
f 983//2363 1006//2515 990//2364
f 988//2366 997//2516 1006//2367
f 985//2369 990//2517 992//2370
f 971//2372 1002//2518 993//2373
f 1000//2375 992//2519 993//2376
f 976//2520 954//2521 955//2522
f 976//2523 972//2524 951//2524
f 972//2384 971//2525 949//2385
f 1003//2526 956//2527 949//2526
f 1003//2528 1007//2380 955//2379
f 987//5 1004//5 1008//5
f 1009//2391 999//2351 969//2350
f 1011//2393 1085//2529 1012//2394
f 1014//2395 1017//2530 1015//2396
f 1016//2398 1029//2531 1017//2399
f 1013//2401 995//5 1018//2402
f 1010//2404 968//5 1020//2405
f 994//2532 1015//2533 1018//2532
f 1022//2534 1030//2535 1023//2534
f 996//2410 1012//2536 1024//2411
f 996//2412 1025//2537 1026//2412
f 1016//2414 1084//2538 1028//2415
f 1022//2417 1027//2539 1026//2418
f 967//2540 1023//2540 1020//2540
f 1032//18 1063//2541 1033//18
f 1063//2541 1048//18 1033//18
f 1033//18 1066//18 1031//18
f 1034//2422 1058//2542 970//2322
f 1037//2543 1047//2543 1054//2543
f 1047//5 1062//5 1054//5
f 1054//2544 1035//2545 1037//2544
f 1038//2423 1064//26 1039//2424
f 1041//26 1082//26 1042//26
f 1044//2426 1046//2546 982//2331
f 1045//2427 1044//2547 984//2334
f 1046//2428 1062//2505 1047//2429
f 1035//26 1041//26 1043//26
f 1048//18 1050//18 1049//18
f 1050//18 1060//18 1038//18
f 1063//2541 1032//18 1077//2548
f 1063//2541 1077//2548 1080//2549
f 1082//18 1041//18 1073//18
f 1041//2431 1061//2550 1071//18
f 1073//2551 1041//2552 1071//2552
f 1061//2550 1063//2541 1053//2553
f 1063//2541 1080//2549 1053//2553
f 1051//18 1067//18 1069//18
f 1080//2549 1051//2554 1053//2553
f 1053//2553 1071//18 1061//2550
f 1051//18 1069//18 1052//18
f 1054//2430 1061//2550 1041//2431
f 1033//2433 1049//2436 1055//2434
f 1049//2436 1038//2423 1040//2425
f 1057//2437 1045//2555 986//2353
f 1058//2438 1057//2556 1001//2356
f 1059//18 1064//18 1038//18
f 1061//2557 1054//2558 1062//2559
f 1048//2441 1063//2560 1044//2442
f 1063//2444 1061//2561 1046//2445
f 1050//2447 1048//2562 1045//2448
f 1034//2450 1059//2563 1060//2451
f 1060//2453 1050//2564 1057//2454
f 964//21 963//21 1039//21
f 1039//2565 963//2565 951//2566
f 972//2458 951//2567 959//2459
f 959//2568 965//2569 1059//2570
f 1059//21 965//21 964//21
f 1008//5 1004//5 1047//5
f 1033//2433 1056//2435 1065//2462
f 1067//2464 1086//2571 1068//2465
f 1070//2467 1072//2419 1071//2468
f 1072//2470 1087//2572 1073//2471
f 1069//2473 1088//2573 1074//2474
f 1066//5 1089//5 1075//5
f 1074//2574 1070//2575 1053//2574
f 1076//2576 1083//2576 1077//2576
f 1051//21 1090//21 1078//21
f 1079//2480 1090//2412 1051//2481
f 1073//21 1087//21 1081//21
f 1083//2483 1079//2484 1080//2484
f 1075//2577 1076//2578 1032//2578
f 1091//2579 1092//2580 1093//2581
f 1094//21 1095//21 1096//21
f 1093//2582 1094//2583 1097//2584
f 1098//2585 1096//3 1099//3
f 1097//10 1100//10 1098//10
f 1101//2586 1102//2586 1103//2587
f 1102//2588 1104//2588 1105//2589
f 1106//2590 1104//2591 1101//2592
f 1107//2593 1108//2594 1109//2595
f 1107//10 1105//10 1106//10
f 1110//2596 1091//2597 1111//2596
f 1095//2598 1110//2599 1112//2600
f 1112//2601 1111//2602 1113//2603
f 1096//3 1114//2604 1099//3
f 1115//2605 1113//2606 1114//2607
f 1102//2608 1116//2609 1103//2610
f 1102//2611 1117//2612 1118//2613
f 1118//2614 1119//2615 1116//2616
f 1120//2617 1108//2594 1121//2618
f 1117//18 1120//18 1119//18
f 1122//2619 1123//2620 1124//2621
f 1125//3 1126//3 1127//3
f 1123//2622 1103//2623 1124//5
f 1128//2624 1129//10 1130//2625
f 1131//2626 1132//2627 1123//2628
f 1131//21 1091//21 1093//21
f 1133//2629 1098//2630 1099//21
f 1125//2631 1097//2632 1098//2630
f 1134//2633 1093//2634 1097//2634
f 1135//2635 1107//2636 1136//2637
f 1136//5 1106//5 1132//5
f 1132//5 1101//5 1123//5
f 1128//2638 1137//2638 1129//2638
f 1127//5 1138//5 1139//5
f 1130//2639 1140//2640 1141//2641
f 1142//2642 1143//2643 1136//2644
f 1144//2645 1145//2646 1128//2647
f 1146//2648 1147//2649 1148//2650
f 1141//2651 1149//2652 1150//2653
f 1144//2654 1138//2655 1151//2656
f 1150//2657 1152//2657 1153//2657
f 1129//21 1154//21 1146//21
f 1153//2658 1155//2659 1142//2660
f 1148//5 1156//5 1130//5
f 1157//2661 1122//2662 1124//2663
f 1158//2664 1159//2665 1160//2666
f 1103//2623 1157//5 1124//5
f 1161//18 1162//18 1163//2667
f 1164//2668 1165//2669 1157//2670
f 1165//21 1091//2671 1122//2672
f 1133//2629 1114//2673 1159//2674
f 1159//2674 1113//21 1166//21
f 1166//21 1111//21 1165//21
f 1120//2675 1135//2635 1167//2676
f 1119//2677 1167//2678 1164//2677
f 1116//2679 1164//2679 1157//2679
f 1168//2680 1163//2681 1162//2682
f 1169//2683 1160//2684 1170//2685
f 1171//2686 1161//2686 1172//2687
f 1173//2688 1174//2689 1167//2690
f 1175//2643 1176//2643 1163//2643
f 1177//2691 1178//2692 1179//2693
f 1180//2647 1172//2647 1181//2647
f 1176//2694 1169//2695 1170//2694
f 1182//2696 1181//2697 1183//2698
f 1184//2699 1162//2700 1178//2701
f 1185//2702 1183//2703 1174//2704
f 1186//2705 1179//2706 1161//2707
f 1091//2580 1095//2581 1092//2579
f 1096//21 1100//21 1094//21
f 1094//21 1092//21 1095//21
f 1093//2582 1092//2708 1094//2583
f 1098//2585 1100//2709 1096//2585
f 1097//10 1094//10 1100//10
f 1101//2710 1104//2711 1102//2711
f 1109//5 1108//5 1105//5
f 1108//5 1102//5 1105//5
f 1106//2712 1105//2713 1104//2714
f 1107//2593 1121//2618 1108//2594
f 1107//10 1109//10 1105//10
f 1110//2597 1095//2596 1091//2596
f 1112//21 1115//21 1096//21
f 1096//2715 1095//2716 1112//2715
f 1112//2601 1110//2602 1111//2602
f 1096//2717 1115//2717 1114//2718
f 1115//2605 1112//2719 1113//2606
f 1102//2720 1118//2721 1116//2722
f 1102//2611 1108//2723 1117//2612
f 1108//5 1187//5 1117//5
f 1118//2614 1117//2724 1119//2615
f 1120//2617 1187//2725 1108//2594
f 1117//18 1187//18 1120//18
f 1122//2619 1131//2726 1123//2620
f 1125//3 1188//3 1126//3
f 1123//2622 1101//2727 1103//2623
f 1142//10 1136//2728 1153//2729
f 1136//2728 1132//2730 1153//2729
f 1134//2731 1125//10 1139//10
f 1125//10 1127//10 1139//10
f 1150//2732 1153//2729 1132//2730
f 1134//2731 1139//10 1144//10
f 1134//2731 1144//10 1128//2624
f 1150//2732 1132//2730 1141//2733
f 1132//2730 1134//2731 1141//2733
f 1141//2733 1134//2731 1128//2624
f 1146//10 1148//10 1130//2625
f 1130//2625 1141//2733 1128//2624
f 1129//10 1146//10 1130//2625
f 1131//2626 1134//2734 1132//2627
f 1131//2735 1122//2672 1091//2671
f 1133//2629 1125//2631 1098//2630
f 1125//21 1134//21 1097//21
f 1134//21 1131//21 1093//21
f 1135//2635 1121//2736 1107//2636
f 1136//5 1107//5 1106//5
f 1132//5 1106//5 1101//5
f 1128//2737 1145//2738 1137//2738
f 1127//5 1126//5 1138//5
f 1130//2694 1156//2739 1140//2694
f 1142//2642 1155//2642 1143//2643
f 1144//2645 1151//2740 1145//2646
f 1146//2648 1154//2648 1147//2649
f 1141//2651 1140//2741 1149//2652
f 1144//2654 1139//2742 1138//2655
f 1150//2743 1149//2744 1152//2745
f 1129//21 1137//21 1154//21
f 1153//2658 1152//2746 1155//2659
f 1148//5 1147//5 1156//5
f 1157//2661 1165//2747 1122//2662
f 1158//2664 1189//3 1159//2665
f 1103//2748 1116//2748 1157//2749
f 1164//2750 1167//18 1183//18
f 1167//18 1174//18 1183//18
f 1160//2751 1159//2752 1170//2753
f 1159//2752 1166//2754 1170//2753
f 1164//2750 1183//18 1181//18
f 1164//2750 1181//18 1172//2755
f 1176//2756 1170//2753 1166//2754
f 1163//2667 1176//2756 1166//2754
f 1166//2754 1164//2750 1172//2755
f 1161//18 1179//18 1178//18
f 1166//2754 1172//2755 1163//2667
f 1172//2755 1161//18 1163//2667
f 1161//18 1178//18 1162//18
f 1164//2668 1166//2757 1165//2669
f 1165//21 1111//21 1091//2671
f 1133//2629 1099//21 1114//2673
f 1159//2674 1114//2673 1113//21
f 1166//21 1113//21 1111//21
f 1120//2675 1121//2736 1135//2635
f 1119//2758 1120//2758 1167//2758
f 1116//5 1119//5 1164//5
f 1168//2737 1175//2738 1163//2738
f 1169//2683 1158//5 1160//2684
f 1171//2759 1186//2760 1161//2761
f 1173//2688 1185//2762 1174//2689
f 1175//2643 1190//2643 1176//2643
f 1177//2691 1184//2644 1178//2692
f 1180//2647 1171//2647 1172//2647
f 1176//2763 1190//2764 1169//2763
f 1182//2765 1180//2766 1181//2767
f 1184//2699 1168//21 1162//2700
f 1185//2702 1182//21 1183//2703
f 1186//2705 1177//5 1179//2706
f 1191//2768 1192//2769 1193//2770
f 1194//10 1195//10 1196//10
f 1197//2771 1198//2772 1199//2773
f 1192//18 1197//18 1199//18
f 1200//2774 1193//2775 1195//2776
f 1201//2777 1196//2778 1198//2779
f 1191//2768 1202//2780 1192//2769
f 1194//10 1200//10 1195//10
f 1197//2771 1201//2781 1198//2772
f 1192//18 1202//18 1197//18
f 1200//2774 1191//2782 1193//2775
f 1201//2777 1194//2783 1196//2778
f 1203//21 1204//21 1205//21
f 1206//2784 1207//2785 1204//2786
f 1208//2787 1209//2788 1207//2789
f 1205//2790 1210//2791 1203//2792
f 1207//3 1205//3 1204//3
f 1206//26 1211//26 1208//26
f 1212//2793 1213//2794 1214//2794
f 1209//3 1215//2795 1205//3
f 1211//26 1210//26 1216//26
f 1211//2796 1217//2797 1209//2788
f 1218//2798 1219//2799 1220//2800
f 1221//10 1219//10 1218//10
f 1222//2801 1214//2802 1223//2803
f 1216//2804 1218//5 1217//2797
f 1223//2805 1213//2805 1224//2806
f 1216//2807 1223//2808 1224//2809
f 1216//2804 1213//5 1221//5
f 1222//2810 1212//2810 1214//2811
f 1212//2812 1220//2813 1219//2814
f 1215//21 1222//21 1210//21
f 1203//21 1206//21 1204//21
f 1206//2784 1208//2815 1207//2785
f 1208//2787 1211//2796 1209//2788
f 1205//2790 1215//2816 1210//2791
f 1207//3 1209//3 1205//3
f 1206//26 1203//26 1211//26
f 1212//2817 1221//2818 1213//2818
f 1209//3 1217//2819 1215//2795
f 1211//26 1203//26 1210//26
f 1211//2796 1216//2804 1217//2797
f 1220//2800 1215//2795 1217//2819
f 1217//2819 1218//2798 1220//2800
f 1221//10 1212//10 1219//10
f 1223//2803 1210//2820 1222//2801
f 1216//2804 1221//5 1218//5
f 1223//2805 1214//2806 1213//2805
f 1216//2807 1210//2821 1223//2808
f 1216//2804 1224//5 1213//5
f 1212//2812 1222//2822 1220//2813
f 1215//21 1220//21 1222//21
f 1225//2823 1226//2824 1227//2825
f 1228//2826 1229//2827 1226//2828
f 1230//2829 1231//2830 1229//2831
f 1232//2832 1233//2833 1231//2834
f 1232//10 1230//10 1225//10
f 1233//21 1234//21 1235//21
f 1234//2835 1227//2836 1235//2835
f 1231//18 1233//18 1235//18
f 1225//2837 1228//2838 1226//2839
f 1228//2826 1230//2840 1229//2827
f 1230//2841 1232//2842 1231//2843
f 1232//2832 1236//2844 1233//2833
f 1230//10 1228//10 1225//10
f 1225//10 1234//10 1236//10
f 1236//10 1232//10 1225//10
f 1233//21 1236//21 1234//21
f 1234//2845 1225//2846 1227//2845
f 1235//18 1227//18 1231//18
f 1227//18 1226//18 1231//18
f 1226//18 1229//18 1231//18
f 1237//2847 1238//2848 1239//2849
f 1240//2850 1241//2851 1238//2852
f 1242//2853 1243//2854 1241//2854
f 1244//2855 1245//2856 1243//2856
f 1246//2857 1244//10 1242//10
f 1246//21 1247//21 1245//21
f 1248//2858 1239//2859 1247//2859
f 1245//18 1247//2860 1238//2861
f 1237//2847 1240//2862 1238//2848
f 1240//2850 1242//5 1241//2851
f 1242//2853 1244//2853 1243//2854
f 1244//2855 1246//2855 1245//2856
f 1242//10 1240//2863 1246//2857
f 1240//2863 1237//2864 1246//2857
f 1237//2864 1248//2865 1246//2857
f 1246//21 1248//21 1247//21
f 1248//2858 1237//2866 1239//2859
f 1247//2860 1239//2867 1238//2861
f 1238//2861 1241//18 1243//18
f 1243//18 1245//18 1238//2861
f 1249//2868 1250//2869 1251//2870
f 1252//2871 1253//2872 1250//2873
f 1254//2874 1255//2875 1253//2876
f 1256//2877 1257//2878 1255//2879
f 1249//2880 1258//2881 1254//2882
f 1258//2883 1259//2884 1257//2885
f 1260//2886 1251//2887 1259//2888
f 1255//18 1257//18 1259//18
f 1249//2868 1252//2889 1250//2869
f 1252//2871 1254//2890 1253//2872
f 1254//2874 1256//2891 1255//2875
f 1256//2877 1258//2892 1257//2878
f 1254//2882 1252//2893 1249//2880
f 1249//2880 1260//2894 1258//2881
f 1258//2895 1256//2896 1254//2895
f 1258//2883 1260//2897 1259//2884
f 1260//2886 1249//2898 1251//2887
f 1259//18 1251//18 1255//18
f 1251//18 1250//18 1255//18
f 1250//18 1253//18 1255//18
f 1261//2899 1262//2900 1263//2901
f 1263//18 1264//2902 1265//2903
f 1266//2904 1267//2905 1268//2906
f 1264//2907 1262//2908 1269//2909
f 1266//2910 1270//2911 1267//2912
f 1268//2913 1270//2914 1271//2915
f 1264//2916 1268//2917 1271//2918
f 1272//2919 1261//2920 1265//2921
f 1265//2922 1273//2923 1272//2924
f 1274//2925 1275//2926 1276//2927
f 1277//2928 1276//2929 1265//2930
f 1277//2931 1278//2932 1274//2931
f 1266//2933 1273//2934 1278//2935
f 1279//2936 1280//2937 1275//2938
f 1274//2939 1281//2940 1279//2941
f 1278//2942 1280//2943 1281//2944
f 1276//2945 1280//2946 1273//2947
f 1261//2899 1282//2948 1262//2900
f 1264//2902 1271//2949 1277//2950
f 1271//2949 1270//2951 1277//2950
f 1277//2950 1265//2903 1264//2902
f 1265//2903 1261//18 1263//18
f 1268//2906 1269//2952 1266//2904
f 1269//2952 1262//2953 1272//2954
f 1262//2953 1282//10 1272//2954
f 1272//2954 1266//2904 1269//2952
f 1264//2907 1263//2955 1262//2908
f 1266//2910 1277//2956 1270//2911
f 1268//2913 1267//2957 1270//2914
f 1264//2916 1269//2958 1268//2917
f 1272//2959 1282//2960 1261//2959
f 1265//2961 1276//2962 1273//2962
f 1274//2963 1279//2964 1275//2964
f 1277//2965 1274//2966 1276//2965
f 1277//2967 1266//2968 1278//2969
f 1266//2970 1272//2971 1273//2972
f 1279//2936 1281//2973 1280//2937
f 1274//2974 1278//2975 1281//2976
f 1278//2977 1273//2978 1280//2979
f 1276//2980 1275//2981 1280//2982
f 1283//2983 1284//2984 1285//2985
f 1284//18 1286//18 1287//18
f 1287//2986 1288//2987 1289//2988
f 1288//2989 1285//2990 1289//2991
f 1290//2992 1291//2993 1292//2994
f 1293//2995 1288//2996 1286//2997
f 1294//2998 1295//2999 1296//18
f 1294//3000 1297//3001 1298//3002
f 1298//3003 1292//3004 1295//3005
f 1292//3006 1299//3007 1295//3008
f 1290//3009 1299//3010 1291//3011
f 1289//2991 1290//2992 1300//3012
f 1294//2998 1301//18 1302//18
f 1296//18 1287//18 1294//2998
f 1285//2985 1296//3013 1290//3009
f 1301//3014 1303//3015 1302//3016
f 1294//3017 1303//3018 1300//3019
f 1300//3012 1304//3020 1289//2991
f 1289//3021 1301//3022 1287//3023
f 1283//2983 1293//3024 1284//2984
f 1284//18 1293//18 1286//18
f 1287//2986 1286//3025 1288//2987
f 1288//2989 1283//3026 1285//2990
f 1292//2994 1297//3027 1300//3012
f 1300//3012 1290//2992 1292//2994
f 1293//2995 1283//3028 1288//2996
f 1298//3029 1295//2999 1294//2998
f 1295//2999 1299//18 1296//18
f 1294//3000 1300//3030 1297//3001
f 1298//3003 1297//3031 1292//3004
f 1292//3006 1291//3032 1299//3007
f 1290//3009 1296//3013 1299//3010
f 1289//2991 1285//2990 1290//2992
f 1294//2998 1287//18 1301//18
f 1296//18 1284//18 1287//18
f 1285//2985 1284//2984 1296//3013
f 1301//3014 1304//3033 1303//3015
f 1294//3017 1302//3034 1303//3018
f 1300//3012 1303//10 1304//3020
f 1289//3021 1304//3035 1301//3022
f 1305//3036 1306//3037 1307//3038
f 1308//3039 1309//3040 1306//3041
f 1310//5 1311//5 1309//5
f 1311//3042 1305//3043 1307//3044
f 1312//3045 1313//3046 1314//3047
f 1308//3048 1315//3049 1310//3050
f 1311//3042 1313//10 1316//10
f 1309//5 1316//5 1312//5
f 1306//3041 1312//18 1314//18
f 1307//21 1314//21 1313//21
f 1305//3036 1308//3051 1306//3037
f 1308//3039 1310//18 1309//3040
f 1310//5 1315//5 1311//5
f 1311//3042 1315//3052 1305//3043
f 1312//3045 1316//3053 1313//3046
f 1308//3048 1305//26 1315//3049
f 1311//3042 1307//3044 1313//10
f 1309//5 1311//5 1316//5
f 1306//3041 1309//3040 1312//18
f 1307//21 1306//21 1314//21
f 1317//3054 1318//3054 1319//3055
f 1320//5 1321//5 1318//5
f 1322//3056 1323//3057 1321//3056
f 1324//3058 1325//3058 1323//3059
f 1326//3060 1324//10 1322//3061
f 1326//21 1327//21 1325//21
f 1328//3062 1319//3063 1327//3062
f 1318//18 1323//18 1327//18
f 1317//3064 1320//3065 1318//3065
f 1320//5 1322//5 1321//5
f 1322//3066 1324//3067 1323//3068
f 1324//3069 1326//3069 1325//3070
f 1322//3061 1320//3071 1326//3060
f 1320//3071 1317//3072 1326//3060
f 1317//3072 1328//3073 1326//3060
f 1326//21 1328//21 1327//21
f 1328//3074 1317//3075 1319//3076
f 1327//18 1319//18 1318//18
f 1318//18 1321//18 1323//18
f 1323//18 1325//18 1327//18
f 1329//3077 1330//3078 1331//3079
f 1332//3080 1333//3081 1334//3082
f 1335//3083 1336//3084 1333//3085
f 1337//3086 1329//10 1331//10
f 1333//3087 1338//3088 1334//3089
f 1339//3090 1340//3091 1341//3092
f 1341//3093 1342//3094 1343//3095
f 1344//3096 1331//3097 1330//3098
f 1345//3099 1340//3100 1337//3086
f 1339//3101 1344//3102 1330//3103
f 1336//3104 1346//3105 1338//3106
f 1332//3107 1347//3108 1335//3109
f 1334//3110 1348//3111 1349//3110
f 1349//3112 1332//3080 1334//3082
f 1341//3113 1350//3114 1344//3102
f 1343//3115 1349//3112 1350//3114
f 1350//3116 1337//3117 1344//3118
f 1349//3119 1345//3120 1350//3121
f 1346//3105 1348//3122 1338//3106
f 1348//3122 1342//3123 1345//3099
f 1351//3124 1346//3125 1332//3124
f 1343//3126 1352//3127 1351//3128
f 1329//3077 1339//3129 1330//3078
f 1332//3080 1335//18 1333//3081
f 1335//3083 1347//3130 1336//3084
f 1337//3086 1340//3100 1329//10
f 1333//3131 1336//3132 1338//3133
f 1339//3090 1329//3134 1340//3091
f 1341//3135 1340//3136 1342//3137
f 1344//3096 1337//3138 1331//3097
f 1345//3099 1342//3123 1340//3100
f 1339//3101 1341//3113 1344//3102
f 1336//3104 1347//3139 1346//3105
f 1332//3140 1346//3141 1347//3142
f 1334//3143 1338//3144 1348//3144
f 1349//3112 1351//18 1332//3080
f 1341//3113 1343//3115 1350//3114
f 1343//3115 1351//18 1349//3112
f 1350//3116 1345//3145 1337//3117
f 1349//3146 1348//3147 1345//3147
f 1346//3105 1352//3148 1348//3122
f 1348//3122 1352//3148 1342//3123
f 1351//3149 1352//3150 1346//3150
f 1343//3151 1342//3152 1352//3153
f 1353//3154 1354//3155 1355//3156
f 1356//3157 1357//3158 1354//3159
f 1358//3160 1359//3161 1357//3162
f 1360//3163 1361//3164 1359//3165
f 1360//10 1358//10 1353//10
f 1362//3166 1363//3167 1361//3168
f 1364//3169 1355//3170 1363//3171
f 1359//18 1361//18 1363//18
f 1353//3154 1356//3172 1354//3155
f 1356//3157 1358//5 1357//3158
f 1358//3160 1360//3173 1359//3161
f 1360//3163 1362//3174 1361//3164
f 1358//10 1356//10 1353//10
f 1353//10 1364//10 1362//10
f 1362//10 1360//10 1353//10
f 1362//3166 1364//3175 1363//3167
f 1364//3169 1353//3176 1355//3170
f 1363//18 1355//18 1359//18
f 1355//18 1354//18 1359//18
f 1354//18 1357//18 1359//18
f 1365//3177 1366//3178 1367//3179
f 1368//3180 1369//3181 1370//3182
f 1371//3183 1372//3184 1373//3185
f 1371//3186 1374//3187 1372//3188
f 1366//3189 1372//3190 1374//3191
f 1369//3192 1375//3192 1371//3192
f 1376//3193 1377//3194 1378//3195
f 1379//3196 1370//3182 1373//3197
f 1379//3198 1378//3199 1368//3200
f 1380//3201 1376//3202 1378//3203
f 1381//3204 1382//3205 1376//3206
f 1368//3207 1377//3208 1383//3209
f 1367//3210 1384//3211 1385//3212
f 1386//3213 1387//3214 1375//3215
f 1366//3216 1388//3217 1384//3218
f 1374//3219 1387//3220 1388//3219
f 1368//3221 1389//3222 1386//3223
f 1390//3224 1365//3177 1367//3179
f 1391//3225 1392//3226 1393//3227
f 1393//3228 1373//3229 1394//3230
f 1395//3231 1394//3232 1396//3233
f 1390//3234 1396//3235 1397//3236
f 1391//3237 1398//3238 1399//3239
f 1400//3240 1401//3240 1402//3240
f 1393//3227 1379//3196 1373//3197
f 1402//3241 1379//3242 1392//3243
f 1401//3244 1380//3244 1402//3245
f 1403//3246 1381//3247 1401//3248
f 1392//3249 1400//3250 1402//18
f 1367//3210 1404//3251 1390//3252
f 1405//3253 1399//3254 1398//3255
f 1390//3256 1406//3257 1395//3258
f 1395//3259 1405//3260 1398//3261
f 1407//3262 1392//3263 1399//3264
f 1365//3177 1408//3265 1366//3178
f 1368//3180 1386//3266 1369//3181
f 1408//3267 1365//3268 1372//3269
f 1365//3270 1373//3185 1372//3184
f 1370//3271 1369//3272 1371//3273
f 1373//3274 1370//3271 1371//3273
f 1371//3186 1375//3275 1374//3187
f 1366//3276 1408//3277 1372//3278
f 1369//3279 1386//3279 1375//3280
f 1376//3193 1382//3281 1377//3194
f 1379//3196 1368//3180 1370//3182
f 1379//3282 1380//3283 1378//3284
f 1380//3285 1381//3286 1376//3285
f 1381//3204 1409//3287 1382//3205
f 1368//3207 1378//10 1377//3208
f 1367//3210 1366//3288 1384//3211
f 1386//3289 1389//3290 1387//3291
f 1366//3292 1374//3293 1388//3294
f 1374//3295 1375//3296 1387//3297
f 1368//3221 1410//3298 1389//3222
f 1390//3224 1397//3299 1365//3177
f 1391//3225 1399//3300 1392//3226
f 1373//3301 1365//3302 1396//3303
f 1365//3304 1397//3305 1396//3304
f 1396//3303 1394//3306 1373//3301
f 1394//3307 1391//3308 1393//3309
f 1395//3231 1398//3310 1394//3232
f 1390//3311 1395//3312 1396//3312
f 1391//3313 1394//3314 1398//3313
f 1400//3315 1403//3315 1401//3316
f 1393//3227 1392//3226 1379//3196
f 1402//3317 1380//3318 1379//3319
f 1401//3320 1381//3321 1380//3322
f 1403//3246 1409//3323 1381//3247
f 1392//3249 1411//3324 1400//3250
f 1367//3210 1385//3212 1404//3251
f 1405//3325 1407//3326 1399//3327
f 1390//3328 1404//3329 1406//3330
f 1395//3331 1406//3331 1405//3332
f 1407//3262 1412//3333 1392//3263
f 1413//3334 1414//3335 1415//3336
f 1416//3337 1417//3338 1414//3339
f 1418//3340 1419//3341 1417//3342
f 1420//3343 1421//3344 1419//3345
f 1420//3346 1418//3347 1413//3348
f 1421//3349 1422//3350 1423//3351
f 1422//3352 1415//3353 1423//3354
f 1419//18 1421//18 1423//18
f 1413//3334 1416//3355 1414//3335
f 1416//3337 1418//5 1417//3338
f 1418//3340 1420//3356 1419//3341
f 1420//3343 1424//3357 1421//3344
f 1418//3347 1416//10 1413//3348
f 1413//3348 1422//10 1424//3358
f 1424//3358 1420//3346 1413//3348
f 1421//3349 1424//3349 1422//3350
f 1422//3352 1413//3359 1415//3353
f 1423//18 1415//18 1419//18
f 1415//18 1414//18 1419//18
f 1414//18 1417//18 1419//18
f 1425//3360 1426//3361 1427//3362
f 1426//3363 1428//3364 1429//3365
f 1428//3366 1430//3367 1429//3368
f 1431//3369 1432//3369 1430//3369
f 1431//3370 1428//3371 1425//3372
f 1433//3373 1434//3373 1432//3374
f 1434//18 1425//18 1427//18
f 1429//3375 1435//3376 1426//3377
f 1436//3378 1437//3379 1435//3380
f 1434//3381 1438//3382 1432//3383
f 1427//3384 1435//3385 1439//3386
f 1430//3387 1436//3388 1429//3389
f 1427//3390 1440//3391 1434//3392
f 1430//3393 1438//3394 1441//3395
f 1442//3396 1443//3397 1444//3398
f 1438//3399 1444//3400 1443//3401
f 1441//3402 1445//3403 1436//3404
f 1439//3405 1437//3406 1446//3407
f 1439//18 1444//18 1440//18
f 1438//3408 1442//3409 1441//3410
f 1425//3360 1447//3411 1426//3361
f 1426//3363 1447//3412 1428//3364
f 1428//3366 1431//3413 1430//3367
f 1431//3369 1433//3369 1432//3369
f 1428//3371 1447//3414 1425//3372
f 1425//3372 1448//3415 1431//3370
f 1448//3415 1433//3416 1431//3370
f 1433//3373 1448//3374 1434//3373
f 1434//18 1448//18 1425//18
f 1429//3375 1436//3417 1435//3376
f 1436//3378 1445//3418 1437//3379
f 1434//3381 1440//3419 1438//3382
f 1427//3384 1426//3420 1435//3385
f 1430//3387 1441//3421 1436//3388
f 1427//3390 1439//3422 1440//3391
f 1430//3393 1432//3423 1438//3394
f 1444//3398 1446//3424 1442//3396
f 1446//3424 1437//3425 1445//3426
f 1442//3396 1446//3424 1445//3426
f 1438//3399 1440//3427 1444//3400
f 1441//3402 1442//3428 1445//3403
f 1439//3405 1435//3429 1437//3406
f 1439//18 1446//18 1444//18
f 1438//3408 1443//3430 1442//3409
f 1449//3431 1450//3432 1451//3433
f 1452//3434 1449//18 1453//3435
f 1454//3436 1455//3437 1456//3438
f 1457//3439 1458//3440 1451//3441
f 1449//3442 1458//3443 1453//3444
f 1450//3445 1459//3446 1460//3446
f 1457//3447 1459//3448 1452//3448
f 1452//3434 1461//18 1449//18
f 1457//3439 1450//3449 1460//3450
f 1455//3451 1462//3452 1463//3453
f 1463//3454 1456//3455 1455//3456
f 1454//3457 1462//3458 1464//3459
f 1465//3460 1462//3458 1454//3457
f 1463//3454 1466//3461 1456//3455
f 1465//3462 1456//3463 1466//3464
f 1458//3465 1466//3466 1453//3467
f 1453//3435 1463//3454 1452//3434
f 1458//3440 1462//3458 1465//3460
f 1452//3468 1462//3468 1457//3469
f 1449//3431 1461//3470 1450//3432
f 1454//3436 1464//3437 1455//3437
f 1449//3442 1451//3471 1458//3443
f 1450//3445 1461//3472 1459//3446
f 1457//3473 1460//3474 1459//3475
f 1452//3434 1459//18 1461//18
f 1457//3439 1451//3441 1450//3449
f 1455//3451 1464//3476 1462//3452
f 1465//3462 1454//3477 1456//3463
f 1458//3478 1465//3479 1466//3480
f 1453//3435 1466//3461 1463//3454
f 1458//3440 1457//3439 1462//3458
f 1452//3468 1463//3469 1462//3468
f 1467//3481 1468//3482 1469//3483
f 1468//3484 1470//3485 1471//3486
f 1470//3487 1472//3488 1471//3489
f 1473//10 1469//10 1472//10
f 1474//3490 1475//3491 1476//3492
f 1477//18 1478//18 1470//3485
f 1472//10 1475//10 1479//10
f 1471//5 1479//5 1474//5
f 1468//3484 1474//18 1476//18
f 1469//21 1476//21 1475//21
f 1480//3493 1481//3494 1478//3495
f 1470//3496 1481//3497 1473//3498
f 1467//3499 1480//3500 1477//3501
f 1473//10 1482//10 1467//10
f 1467//3481 1477//3502 1468//3482
f 1468//3484 1477//18 1470//3485
f 1470//3487 1473//3503 1472//3488
f 1473//10 1467//10 1469//10
f 1474//3490 1479//3504 1475//3491
f 1477//18 1480//18 1478//18
f 1472//10 1469//10 1475//10
f 1471//5 1472//5 1479//5
f 1468//3484 1471//3486 1474//18
f 1469//21 1468//21 1476//21
f 1480//3493 1482//3505 1481//3494
f 1470//3496 1478//5 1481//3497
f 1467//3499 1482//21 1480//3500
f 1473//10 1481//10 1482//10
f 1483//3506 1484//3507 1485//3508
f 1486//3509 1487//3510 1488//3511
f 1489//3512 1490//3513 1487//3514
f 1491//3515 1485//3516 1492//3517
f 1490//3518 1493//3519 1494//3520
f 1495//3521 1491//3522 1486//3523
f 1486//3523 1496//3523 1489//3524
f 1488//3525 1485//3526 1484//3527
f 1490//3518 1491//3515 1492//3517
f 1484//3528 1486//3509 1488//3511
f 1494//3520 1497//3529 1498//3530
f 1488//3531 1493//3532 1492//3533
f 1490//3534 1499//3535 1487//3536
f 1487//3510 1500//18 1488//3511
f 1501//3537 1502//3538 1503//18
f 1499//18 1503//18 1500//18
f 1494//3539 1501//3540 1499//3541
f 1500//3542 1497//3543 1493//3544
f 1502//3545 1504//3546 1505//3547
f 1501//3548 1504//3549 1506//3550
f 1497//3551 1502//3552 1505//3553
f 1498//3530 1505//3554 1504//10
f 1483//3506 1495//3555 1484//3507
f 1486//3509 1489//18 1487//3510
f 1489//3512 1496//3556 1490//3513
f 1491//3515 1483//10 1485//3516
f 1490//3518 1492//3517 1493//3519
f 1495//3521 1483//3557 1491//3522
f 1486//3523 1491//3522 1496//3523
f 1488//3525 1492//3558 1485//3526
f 1490//3518 1496//3559 1491//3515
f 1484//3528 1495//3560 1486//3509
f 1494//3520 1493//3519 1497//3529
f 1488//3531 1500//3561 1493//3532
f 1490//3534 1494//3562 1499//3535
f 1487//3510 1499//18 1500//18
f 1501//3537 1506//3563 1502//3538
f 1499//18 1501//3537 1503//18
f 1494//3539 1498//3564 1501//3540
f 1500//3542 1503//3565 1497//3543
f 1502//3545 1506//3566 1504//3546
f 1501//3548 1498//3567 1504//3549
f 1497//3568 1503//3568 1502//3569
f 1498//3530 1497//3529 1505//3554
f 1507//3570 1508//3571 1509//3572
f 1510//3573 1511//3574 1512//3575
f 1513//3576 1509//3577 1514//3578
f 1515//3579 1516//3580 1517//3581
f 1517//3582 1518//3583 1510//3584
f 1519//3585 1520//3586 1508//3587
f 1521//3588 1522//3589 1520//3586
f 1523//3590 1524//3591 1522//3589
f 1525//3592 1511//3574 1524//3591
f 1511//3593 1526//3593 1527//3594
f 1511//3595 1528//3596 1524//3597
f 1516//3598 1526//3599 1518//3600
f 1522//3601 1528//3602 1529//3603
f 1520//3604 1530//3604 1508//3605
f 1509//3606 1530//3607 1514//3608
f 1522//3609 1531//3609 1520//3610
f 1532//3611 1533//3612 1534//3613
f 1535//3614 1536//3615 1537//3616
f 1513//3617 1538//3618 1532//3619
f 1539//3620 1515//3579 1540//3621
f 1541//3622 1540//3623 1536//3624
f 1534//18 1542//18 1543//3625
f 1543//3625 1544//3626 1545//3627
f 1545//3627 1546//3628 1547//3629
f 1547//3629 1535//3614 1537//3616
f 1535//3630 1526//3593 1541//3631
f 1528//3596 1535//3632 1546//3633
f 1526//3599 1539//3634 1541//3635
f 1529//3603 1546//3636 1544//3637
f 1530//3604 1542//3638 1533//3639
f 1538//3640 1530//3607 1533//3641
f 1531//3609 1544//3642 1542//3643
f 1548//3644 1549//3645 1550//3646
f 1551//3647 1552//3648 1553//3649
f 1554//3650 1555//3651 1556//3652
f 1557//3653 1558//3654 1559//3655
f 1560//3656 1556//3652 1561//3657
f 1562//3658 1563//3659 1564//3660
f 1565//3661 1566//3662 1567//3663
f 1564//3664 1560//3656 1561//3657
f 1568//3665 1557//3666 1569//3667
f 1570//3668 1571//3669 1572//3670
f 1573//3671 1572//3672 1574//3673
f 1552//3674 1567//3675 1553//3676
f 1575//3677 1576//3678 1571//3679
f 1577//3680 1578//3681 1579//3682
f 1580//3683 1579//3684 1581//3685
f 1554//3686 1582//3687 1583//3687
f 1584//3688 1585//3689 1563//3690
f 1560//3691 1586//3692 1554//3693
f 1563//3694 1587//3695 1560//3694
f 1588//3696 1581//3697 1566//3698
f 1559//3699 1558//3700 1589//3701
f 1579//3702 1590//3703 1581//3704
f 1566//3705 1590//3706 1575//3707
f 1553//3708 1570//3709 1573//3710
f 1567//3711 1575//3712 1570//3711
f 1576//3678 1591//10 1592//10
f 1593//3713 1573//3714 1558//3715
f 1549//3716 1594//3717 1584//3717
f 1593//3718 1568//3719 1595//3720
f 1596//3721 1559//3722 1549//3721
f 1551//3723 1595//3724 1569//3725
f 1597//3726 1507//3727 1598//3728
f 1582//3729 1598//3730 1583//3731
f 1592//10 1599//10 1600//10
f 1579//3732 1599//3733 1591//3733
f 1583//3734 1601//3735 1555//3736
f 1600//3737 1510//3738 1512//3739
f 1601//3740 1507//3741 1513//3742
f 1602//3743 1517//3744 1578//3745
f 1599//3746 1517//3747 1510//3748
f 1603//3749 1519//3749 1597//3750
f 1604//3751 1521//3752 1603//3753
f 1604//3754 1525//3755 1523//3756
f 1605//3757 1512//3758 1525//3759
f 1606//3760 1597//3761 1582//3762
f 1607//3763 1603//3764 1606//3760
f 1608//3765 1604//3766 1607//3763
f 1592//10 1605//3767 1608//3765
f 1586//3768 1606//3760 1582//3762
f 1609//3769 1607//3763 1606//3760
f 1610//3770 1608//3765 1607//3763
f 1611//10 1592//10 1608//3765
f 1587//10 1609//3769 1586//3768
f 1612//10 1610//3770 1609//3769
f 1613//10 1611//10 1610//3770
f 1614//10 1576//3678 1611//10
f 1594//3771 1615//3772 1585//3773
f 1616//3774 1617//3775 1615//3776
f 1618//3777 1619//3778 1617//3779
f 1574//3780 1619//3781 1589//3782
f 1585//3783 1612//3784 1587//3785
f 1615//3786 1613//3787 1612//3788
f 1619//3789 1613//3790 1617//3791
f 1572//3792 1614//3793 1619//3794
f 1620//3795 1548//3644 1550//3646
f 1621//3796 1551//3647 1622//3797
f 1555//3651 1623//3798 1556//3652
f 1624//18 1625//18 1626//18
f 1556//3652 1627//3799 1561//3657
f 1562//3658 1628//3800 1629//3801
f 1630//3802 1565//3661 1631//3803
f 1564//3804 1627//3805 1628//3806
f 1626//3807 1632//3808 1569//3809
f 1633//3810 1634//3811 1635//3812
f 1635//3813 1636//3814 1637//3815
f 1631//3816 1552//3674 1621//3817
f 1638//3818 1639//3819 1633//3820
f 1640//3821 1577//3680 1641//3822
f 1641//3823 1580//3683 1642//3824
f 1643//3825 1623//3826 1644//3826
f 1645//3827 1629//3828 1628//3827
f 1646//3829 1627//3830 1623//3829
f 1647//3831 1628//3832 1627//3833
f 1642//3834 1588//3696 1630//3835
f 1625//3836 1648//3837 1649//3838
f 1650//3839 1641//3840 1642//3841
f 1630//3842 1650//3843 1642//3844
f 1621//3845 1634//3846 1631//3847
f 1631//3848 1639//3849 1630//3850
f 1638//3818 1651//3851 1650//3852
f 1636//3853 1622//3854 1625//3855
f 1620//3856 1652//3857 1648//3858
f 1626//3859 1622//3860 1632//3861
f 1648//3862 1653//3863 1620//3862
f 1632//3864 1551//3723 1569//3725
f 1532//3865 1654//3866 1655//3867
f 1655//3868 1643//3869 1644//3868
f 1656//3870 1657//18 1651//3851
f 1657//3871 1641//3872 1651//3872
f 1601//3735 1644//3873 1555//3736
f 1658//3874 1536//3875 1657//3876
f 1601//3877 1532//3878 1655//3877
f 1540//3879 1602//3743 1640//3880
f 1657//3881 1540//3882 1640//3883
f 1534//3884 1659//3885 1654//3886
f 1543//3887 1660//3887 1659//3888
f 1660//3889 1547//3890 1661//3891
f 1661//3892 1537//3893 1658//3894
f 1654//3895 1662//3896 1643//3897
f 1662//3896 1660//3898 1663//3899
f 1660//3898 1664//3900 1663//3899
f 1661//3901 1656//3870 1664//3900
f 1646//3902 1662//3896 1665//3903
f 1665//3903 1663//3899 1666//3904
f 1666//3904 1664//3900 1667//3905
f 1667//3905 1656//3870 1638//3818
f 1647//3906 1665//3903 1668//3907
f 1668//3907 1666//3904 1669//3908
f 1669//3908 1667//3905 1670//3909
f 1670//3909 1638//3818 1633//3820
f 1652//3910 1671//3910 1672//3911
f 1672//3912 1673//3913 1674//3914
f 1674//3915 1675//3916 1649//3917
f 1675//3916 1637//3918 1649//3917
f 1645//3919 1668//3920 1671//3921
f 1671//3922 1669//3923 1673//3924
f 1669//3923 1675//3925 1673//3924
f 1670//3926 1635//3927 1675//3926
f 1507//3928 1519//3929 1508//3930
f 1510//3573 1518//3931 1511//3574
f 1513//3932 1507//3933 1509//3933
f 1515//3579 1676//3934 1516//3580
f 1517//3935 1516//3935 1518//3936
f 1519//3585 1521//3588 1520//3586
f 1521//3588 1523//3590 1522//3589
f 1523//3590 1525//3592 1524//3591
f 1525//3592 1512//3575 1511//3574
f 1511//3593 1518//3937 1526//3593
f 1511//3595 1527//3938 1528//3596
f 1516//3598 1676//3939 1526//3599
f 1522//3601 1524//3940 1528//3602
f 1520//3604 1531//3604 1530//3604
f 1509//3606 1508//3607 1530//3607
f 1522//3609 1529//3941 1531//3609
f 1532//3942 1538//3943 1533//3944
f 1535//3614 1541//3945 1536//3615
f 1513//3576 1514//3578 1538//3932
f 1539//3620 1676//3934 1515//3579
f 1541//3946 1539//3946 1540//3947
f 1534//18 1533//18 1542//18
f 1543//3625 1542//18 1544//3626
f 1545//3627 1544//3626 1546//3628
f 1547//3629 1546//3628 1535//3614
f 1535//3630 1527//3594 1526//3593
f 1528//3596 1527//3938 1535//3632
f 1526//3599 1676//3939 1539//3634
f 1529//3603 1528//3602 1546//3636
f 1530//3604 1531//3604 1542//3638
f 1538//3640 1514//3608 1530//3607
f 1531//3609 1529//3941 1544//3642
f 1548//3644 1596//3948 1549//3645
f 1593//3949 1551//3647 1553//3649
f 1554//3650 1583//3950 1555//3651
f 1557//3653 1568//3951 1558//3654
f 1560//3656 1554//3650 1556//3652
f 1562//3658 1584//3952 1563//3659
f 1565//3661 1588//3953 1566//3662
f 1564//3954 1563//3955 1560//3956
f 1596//3957 1548//3958 1557//3957
f 1548//3959 1569//3960 1557//3961
f 1569//3962 1595//3962 1568//3963
f 1570//3964 1575//3965 1571//3966
f 1573//3967 1570//3968 1572//3969
f 1552//3674 1565//3970 1567//3675
f 1575//3677 1590//3971 1576//3678
f 1577//3680 1602//3972 1578//3681
f 1580//3683 1577//3973 1579//3684
f 1562//3974 1550//3975 1584//3976
f 1550//3975 1549//3977 1584//3976
f 1554//3978 1586//3979 1582//3979
f 1584//3980 1594//3981 1585//3982
f 1560//3691 1587//3983 1586//3692
f 1563//3984 1585//3985 1587//3986
f 1588//3696 1580//3987 1581//3697
f 1573//3988 1574//3989 1558//3990
f 1574//3989 1589//3991 1558//3990
f 1589//3992 1618//3993 1559//3994
f 1618//3993 1616//3995 1559//3994
f 1616//3995 1594//3996 1559//3994
f 1579//3702 1591//3997 1590//3703
f 1566//3705 1581//3998 1590//3706
f 1553//3999 1567//4000 1570//4001
f 1567//4002 1566//4003 1575//4004
f 1576//3678 1590//3971 1591//10
f 1593//4005 1553//4006 1573//4007
f 1549//4008 1559//4009 1594//4010
f 1593//3718 1558//4011 1568//3719
f 1596//4012 1557//4013 1559//4014
f 1551//3723 1593//4015 1595//3724
f 1597//4016 1519//4017 1507//4018
f 1582//4019 1597//4020 1598//4021
f 1592//10 1591//10 1599//10
f 1579//4022 1578//4023 1599//4022
f 1583//4024 1598//4025 1601//4026
f 1600//4027 1599//4028 1510//4029
f 1601//4030 1598//4030 1507//4031
f 1602//3743 1515//4032 1517//3744
f 1599//4033 1578//4034 1517//4035
f 1603//3753 1521//3752 1519//4036
f 1604//3751 1523//4037 1521//3752
f 1604//4038 1605//4039 1525//4040
f 1605//4041 1600//4041 1512//4042
f 1606//3760 1603//3764 1597//3761
f 1607//3763 1604//3766 1603//3764
f 1608//3765 1605//3767 1604//3766
f 1592//10 1600//10 1605//3767
f 1586//3768 1609//3769 1606//3760
f 1609//3769 1610//3770 1607//3763
f 1610//3770 1611//10 1608//3765
f 1611//10 1576//3678 1592//10
f 1587//10 1612//10 1609//3769
f 1612//10 1613//10 1610//3770
f 1613//10 1614//10 1611//10
f 1614//10 1571//3679 1576//3678
f 1594//4043 1616//4044 1615//4045
f 1616//4046 1618//4047 1617//4048
f 1618//4049 1589//3782 1619//3781
f 1574//4050 1572//4050 1619//4051
f 1585//4052 1615//4052 1612//4053
f 1615//4054 1617//3791 1613//3790
f 1619//4055 1614//4056 1613//4057
f 1572//4058 1571//4059 1614//4060
f 1620//3795 1653//4061 1548//3644
f 1621//3796 1552//3648 1551//3647
f 1555//3651 1644//4062 1623//3798
f 1624//18 1648//18 1625//18
f 1556//3652 1623//3798 1627//3799
f 1562//3658 1564//3660 1628//3800
f 1630//3802 1588//3953 1565//3661
f 1564//3664 1561//3657 1627//3799
f 1569//4063 1548//4064 1624//4065
f 1548//4066 1653//4067 1624//4067
f 1624//4068 1626//4069 1569//4070
f 1633//4071 1639//4072 1634//4073
f 1635//4074 1634//4075 1636//4075
f 1631//3816 1565//3970 1552//3674
f 1638//3818 1650//3852 1639//3819
f 1640//3821 1602//3972 1577//3680
f 1641//3823 1577//3973 1580//3683
f 1620//4076 1550//3975 1629//4077
f 1550//3975 1562//3974 1629//4077
f 1643//4078 1646//3829 1623//3829
f 1645//4079 1652//4080 1629//4081
f 1646//3829 1647//4082 1627//3830
f 1647//4083 1645//4084 1628//4085
f 1642//3834 1580//3987 1588//3696
f 1672//4086 1674//4087 1648//4088
f 1674//4087 1649//4089 1648//4088
f 1648//4088 1652//4090 1672//4086
f 1649//4091 1637//4092 1625//4093
f 1637//4092 1636//4094 1625//4093
f 1650//3839 1651//4095 1641//3840
f 1630//3842 1639//4096 1650//3843
f 1621//4097 1636//4098 1634//4099
f 1631//4100 1634//4100 1639//4100
f 1638//3818 1656//3870 1651//3851
f 1636//4101 1621//4102 1622//4103
f 1620//4104 1629//4105 1652//4106
f 1626//3859 1625//4107 1622//3860
f 1648//4108 1624//4109 1653//4110
f 1632//3864 1622//4111 1551//3723
f 1532//4112 1534//4113 1654//4114
f 1655//4115 1654//4116 1643//4116
f 1656//3870 1658//4117 1657//18
f 1657//4118 1640//4119 1641//4120
f 1601//3873 1655//4121 1644//4121
f 1658//4122 1537//4123 1536//4122
f 1601//3740 1513//3742 1532//3741
f 1540//3879 1515//4032 1602//3743
f 1657//4124 1536//4125 1540//4126
f 1534//4127 1543//4128 1659//4129
f 1543//4130 1545//4131 1660//4132
f 1660//4133 1545//4134 1547//4134
f 1661//4135 1547//4136 1537//4137
f 1654//3895 1659//4138 1662//3896
f 1662//3896 1659//4138 1660//3898
f 1660//3898 1661//3901 1664//3900
f 1661//3901 1658//4117 1656//3870
f 1646//3902 1643//3897 1662//3896
f 1665//3903 1662//3896 1663//3899
f 1666//3904 1663//3899 1664//3900
f 1667//3905 1664//3900 1656//3870
f 1647//3906 1646//3902 1665//3903
f 1668//3907 1665//3903 1666//3904
f 1669//3908 1666//3904 1667//3905
f 1670//3909 1667//3905 1638//3818
f 1652//4139 1645//4140 1671//4140
f 1672//4141 1671//4142 1673//4142
f 1674//4143 1673//4144 1675//4145
f 1675//4146 1635//4147 1637//4148
f 1645//4149 1647//4149 1668//4150
f 1671//4151 1668//4152 1669//4151
f 1669//4153 1670//4154 1675//4155
f 1670//4156 1633//4157 1635//4158
f 1677//4159 1678//4160 1679//4161
f 1678//4162 1680//4163 1679//4164
f 1680//4165 1681//4166 1682//4167
f 1681//10 1677//10 1682//10
f 1680//4168 1677//4169 1679//4170
f 1678//4171 1681//4171 1683//4172
f 1677//4159 1684//21 1678//4160
f 1678//4162 1683//4173 1680//4163
f 1680//4165 1683//5 1681//4166
f 1681//10 1684//10 1677//10
f 1680//4168 1682//4174 1677//4169
f 1678//4171 1684//4171 1681//4171
f 1685//4175 1686//4176 1687//4177
f 1688//4178 1689//4179 1686//4180
f 1690//10 1691//10 1689//10
f 1692//4181 1693//4182 1691//4183
f 1694//21 1695//21 1685//21
f 1696//4184 1697//4185 1693//4186
f 1694//18 1687//18 1697//18
f 1689//5 1698//5 1686//5
f 1697//4187 1699//4188 1693//4189
f 1687//5 1698//5 1700//5
f 1691//4190 1701//4191 1689//5
f 1687//4192 1702//4193 1697//4187
f 1691//4194 1699//4195 1703//4196
f 1692//21 1704//21 1696//21
f 1690//4197 1705//4198 1706//4198
f 1694//21 1704//21 1707//21
f 1685//21 1705//21 1688//21
f 1690//21 1708//21 1692//21
f 1685//4175 1688//4199 1686//4176
f 1688//4178 1690//4200 1689//4179
f 1690//10 1692//10 1691//10
f 1692//4181 1696//4201 1693//4182
f 1694//21 1707//21 1695//21
f 1696//4184 1694//4202 1697//4185
f 1694//18 1685//18 1687//18
f 1689//5 1701//5 1698//5
f 1697//4187 1702//4193 1699//4188
f 1687//4203 1686//4204 1698//4205
f 1691//4190 1703//4206 1701//4191
f 1687//4192 1700//4207 1702//4193
f 1691//4208 1693//4189 1699//4188
f 1692//4209 1708//4209 1704//4209
f 1690//21 1688//21 1705//21
f 1694//21 1696//21 1704//21
f 1685//21 1695//21 1705//21
f 1690//21 1706//21 1708//21
f 1709//4210 1710//4211 1711//4212
f 1711//4213 1712//4214 1713//4215
f 1712//4216 1714//4217 1713//4218
f 1714//4219 1715//4219 1716//4220
f 1717//10 1715//10 1712//10
f 1715//4221 1718//4221 1716//4222
f 1719//4223 1709//4224 1718//4225
f 1711//18 1714//18 1718//18
f 1709//4226 1717//4227 1710//4228
f 1711//4213 1710//4229 1712//4214
f 1712//4230 1720//4231 1714//4232
f 1714//4233 1720//4234 1715//4235
f 1712//10 1710//10 1717//10
f 1717//10 1719//10 1715//10
f 1715//10 1720//10 1712//10
f 1715//4236 1719//4236 1718//4236
f 1719//4237 1717//4238 1709//4239
f 1718//18 1709//18 1711//18
f 1711//18 1713//18 1714//18
f 1714//18 1716//18 1718//18
f 1721//4240 1722//4241 1723//4242
f 1724//4243 1725//4244 1726//4245
f 1727//4246 1728//4247 1729//4248
f 1721//4249 1726//4250 1729//4251
f 1730//4252 1727//4253 1731//4254
f 1730//4255 1732//4256 1733//4257
f 1732//4258 1726//4259 1733//4260
f 1722//4261 1728//4262 1724//4263
f 1734//4264 1724//4265 1728//4266
f 1735//4267 1736//4268 1737//4269
f 1737//4270 1725//4271 1724//4272
f 1725//4273 1738//4274 1727//4275
f 1727//4276 1734//4277 1728//4278
f 1739//4279 1740//4280 1735//4281
f 1736//4282 1741//4283 1738//4284
f 1738//4285 1739//4286 1734//4287
f 1739//4288 1737//4289 1734//4290
f 1721//4240 1742//4291 1722//4241
f 1730//4292 1733//4293 1725//4244
f 1733//4293 1726//4245 1725//4244
f 1726//4245 1723//4294 1724//4243
f 1723//4294 1722//4295 1724//4243
f 1721//4296 1729//4248 1728//4247
f 1729//4248 1732//4297 1727//4246
f 1721//4296 1728//4247 1742//18
f 1732//4297 1731//18 1727//4246
f 1721//4249 1723//4298 1726//4250
f 1730//4252 1725//4299 1727//4253
f 1730//4255 1731//4300 1732//4256
f 1732//4258 1729//4301 1726//4259
f 1722//4302 1742//4303 1728//4304
f 1734//4305 1737//4306 1724//4305
f 1735//4307 1740//4308 1736//4309
f 1737//4310 1736//4311 1725//4312
f 1725//4313 1736//4314 1738//4315
f 1727//4316 1738//4317 1734//4318
f 1739//4279 1741//4319 1740//4280
f 1736//4320 1740//4321 1741//4321
f 1738//4322 1741//4323 1739//4324
f 1739//4325 1735//4326 1737//4326
f 1743//4327 1744//4328 1745//4329
f 1746//4330 1744//4331 1747//4332
f 1748//4333 1749//4334 1750//4335
f 1751//4336 1752//4337 1753//4338
f 1743//4339 1753//4340 1747//4341
f 1745//4342 1746//4343 1748//4344
f 1754//4345 1749//4346 1752//4347
f 1743//4348 1747//4349 1744//4350
f 1747//4332 1753//4351 1749//4352
f 1753//4351 1752//4353 1749//4352
f 1749//4352 1746//4330 1747//4332
f 1748//4333 1746//4354 1749//4334
f 1751//4355 1754//4356 1752//4357
f 1743//4339 1751//4358 1753//4340
f 1745//4342 1744//4359 1746//4343
f 1754//4345 1750//4360 1749//4346
f 1755//10 1756//10 1757//10
f 1758//18 1759//18 1760//18
f 1761//18 1762//18 1763//18
f 1764//3 1755//3 1757//3
f 1762//26 1765//26 1766//26
f 1767//5 1768//5 1769//5
f 1767//4361 1755//1657 1759//1656
f 1768//4362 1760//4362 1770//4363
f 1755//10 1768//10 1770//10
f 1771//4364 1761//1663 1772//4365
f 1773//4366 1774//4367 1771//4368
f 1775//4369 1776//4370 1773//4371
f 1777//4372 1765//4373 1778//4374
f 1779//1718 1780//1718 1777//4375
f 1781//4376 1782//4377 1779//4378
f 1761//18 1777//18 1778//18
f 1774//18 1779//4379 1777//18
f 1776//4380 1781//4381 1779//4379
f 1780//4382 1772//4383 1765//10
f 1782//10 1771//4384 1780//4382
f 1783//4385 1773//4386 1782//10
f 1760//26 1756//26 1770//26
f 1784//4387 1766//4388 1785//4388
f 1761//3 1786//3 1772//3
f 1787//3 1757//3 1788//3
f 1764//18 1760//18 1759//18
f 1789//18 1762//18 1784//18
f 1786//10 1765//10 1772//4383
f 1788//10 1756//10 1790//10
f 1791//10 1766//10 1786//10
f 1788//10 1785//10 1791//10
f 1787//18 1792//18 1764//18
f 1789//18 1793//18 1787//18
f 1763//3 1791//3 1786//3
f 1789//3 1788//3 1791//3
f 1792//4389 1790//4389 1756//4390
f 1793//26 1785//26 1790//26
f 1755//10 1770//10 1756//10
f 1758//18 1767//18 1759//18
f 1761//18 1778//18 1762//18
f 1764//3 1759//3 1755//3
f 1762//26 1778//26 1765//26
f 1767//5 1758//5 1768//5
f 1767//1657 1769//1656 1755//4361
f 1768//4362 1758//4363 1760//4362
f 1755//10 1769//10 1768//10
f 1771//4391 1774//4392 1761//4393
f 1773//4394 1776//4395 1774//4395
f 1775//4396 1794//4397 1776//4398
f 1777//4372 1780//4399 1765//4373
f 1779//1718 1782//4375 1780//1718
f 1781//4400 1783//4401 1782//4402
f 1761//18 1774//18 1777//18
f 1774//18 1776//4380 1779//4379
f 1776//4380 1794//18 1781//4381
f 1780//4382 1771//4384 1772//4383
f 1782//10 1773//4386 1771//4384
f 1783//4385 1775//4403 1773//4386
f 1760//26 1792//26 1756//26
f 1784//1721 1762//1721 1766//1720
f 1761//3 1763//3 1786//3
f 1787//3 1764//3 1757//3
f 1764//18 1792//18 1760//18
f 1789//18 1763//18 1762//18
f 1786//10 1766//10 1765//10
f 1788//10 1757//10 1756//10
f 1791//10 1785//10 1766//10
f 1788//10 1790//10 1785//10
f 1787//18 1793//18 1792//18
f 1789//18 1784//18 1793//18
f 1763//3 1789//3 1791//3
f 1789//3 1787//3 1788//3
f 1792//4404 1793//4405 1790//4404
f 1793//26 1784//26 1785//26
f 1795//4406 1796//4407 1797//4408
f 1798//4409 1799//4410 1796//4411
f 1800//4412 1801//4412 1799//4413
f 1802//4414 1803//4415 1801//4416
f 1802//4417 1800//4418 1795//4417
f 1804//21 1805//21 1803//21
f 1806//4419 1797//4420 1805//4421
f 1803//4422 1807//4423 1801//4424
f 1808//4425 1809//4426 1810//4427
f 1799//4428 1811//4429 1796//4430
f 1805//4431 1812//4432 1803//4433
f 1796//4430 1808//4434 1797//4435
f 1799//4436 1807//4437 1813//4438
f 1805//4439 1808//4440 1810//4441
f 1814//4442 1815//4443 1809//4444
f 1812//4445 1814//4446 1807//4446
f 1813//4447 1816//4448 1811//4449
f 1810//4450 1815//4451 1812//4452
f 1807//4453 1817//4453 1813//4453
f 1811//4454 1818//4455 1808//4456
f 1795//4457 1798//4458 1796//4458
f 1798//4409 1800//4459 1799//4410
f 1800//4460 1802//4461 1801//4462
f 1802//4463 1804//4464 1803//4465
f 1800//4466 1798//4467 1795//4468
f 1795//4469 1806//4470 1804//4471
f 1804//4471 1802//4472 1795//4469
f 1804//21 1806//21 1805//21
f 1806//4473 1795//4474 1797//4475
f 1803//4433 1812//4432 1807//4476
f 1808//4477 1818//4477 1809//4478
f 1799//4436 1813//4438 1811//4479
f 1805//4439 1810//4441 1812//4480
f 1796//4430 1811//4429 1808//4434
f 1799//4436 1801//4481 1807//4437
f 1805//4482 1797//4435 1808//4434
f 1809//4483 1818//4484 1814//4483
f 1818//4485 1816//4486 1814//4487
f 1816//4486 1817//4488 1814//4487
f 1812//4489 1815//4490 1814//4491
f 1813//4447 1817//4492 1816//4448
f 1810//4450 1809//21 1815//4451
f 1807//4493 1814//4494 1817//4494
f 1811//4495 1816//4496 1818//4495
f 1819//4497 1820//4498 1821//4499
f 1819//4500 1822//4501 1823//4502
f 1824//4503 1825//4504 1826//4505
f 1827//4506 1821//10 1828//10
f 1822//4507 1828//4508 1823//4509
f 1819//4510 1824//4511 1826//4512
f 1829//4513 1830//4514 1831//4515
f 1822//4501 1825//4516 1832//4517
f 1827//4506 1831//4515 1824//4518
f 1822//4519 1829//4520 1827//4521
f 1830//4522 1833//4523 1834//4524
f 1832//4525 1835//4526 1829//4527
f 1831//4528 1834//4529 1825//4530
f 1832//4517 1834//4531 1836//4532
f 1833//4533 1837//4534 1838//4535
f 1836//4532 1833//4536 1838//4537
f 1830//4514 1837//4538 1839//10
f 1836//4539 1837//4540 1835//4541
f 1840//4542 1841//4543 1842//4544
f 1828//4545 1840//4546 1823//4547
f 1823//4502 1842//4544 1819//4500
f 1828//10 1820//10 1843//10
f 1841//4548 1844//4549 1845//4550
f 1843//10 1845//4551 1846//4552
f 1842//4553 1845//4554 1820//4555
f 1843//4556 1847//4557 1840//4558
f 1844//4559 1848//4560 1849//4561
f 1846//4562 1848//4563 1847//4564
f 1841//4543 1848//4565 1850//4566
f 1845//4551 1849//4567 1846//4552
f 1819//4568 1842//4568 1820//4569
f 1819//4500 1826//4570 1822//4501
f 1824//4571 1831//4572 1825//4573
f 1827//4506 1824//4518 1821//10
f 1822//4507 1827//4574 1828//4508
f 1819//4510 1821//4575 1824//4511
f 1829//4513 1835//4576 1830//4514
f 1822//4501 1826//4570 1825//4516
f 1827//4506 1829//4513 1831//4515
f 1822//4577 1832//4578 1829//4579
f 1830//4522 1839//4580 1833//4523
f 1832//4525 1836//4581 1835//4526
f 1831//4528 1830//4582 1834//4529
f 1832//4517 1825//4516 1834//4531
f 1833//4583 1839//4584 1837//4584
f 1836//4532 1834//4531 1833//4536
f 1830//4514 1835//4576 1837//4538
f 1836//4539 1838//4585 1837//4540
f 1840//4542 1847//4586 1841//4543
f 1828//4587 1843//4588 1840//4587
f 1823//4502 1840//4542 1842//4544
f 1828//10 1821//10 1820//10
f 1841//4548 1850//4589 1844//4549
f 1843//10 1820//10 1845//4551
f 1842//4553 1841//4590 1845//4554
f 1843//4556 1846//4591 1847//4557
f 1844//4559 1850//4592 1848//4560
f 1846//4562 1849//4562 1848//4563
f 1841//4543 1847//4586 1848//4565
f 1845//4551 1844//4593 1849//4567
f 1851//4594 1852//4595 1853//4596
f 1854//4597 1855//4598 1856//4598
f 1856//4599 1857//4600 1858//4601
f 1853//4602 1859//4603 1854//4604
f 1858//21 1860//21 1861//21
f 1853//4605 1852//4606 1862//4607
f 1863//4608 1852//4609 1864//4610
f 1865//4611 1866//4612 1863//4613
f 1867//4614 1868//4615 1869//4616
f 1869//4617 1870//4618 1865//4619
f 1855//4620 1870//4620 1868//4621
f 1857//4600 1868//4622 1871//4623
f 1859//4624 1866//4625 1870//4626
f 1860//21 1871//21 1872//21
f 1873//4627 1874//4628 1856//4629
f 1851//4630 1853//4631 1875//4632
f 1876//4633 1858//4634 1861//10
f 1874//4635 1854//4636 1856//4637
f 1877//4638 1871//4639 1867//4614
f 1876//4640 1878//4641 1879//4642
f 1872//4643 1880//4644 1881//4645
f 1860//4646 1881//4645 1882//4647
f 1860//4646 1878//4641 1861//4648
f 1873//4649 1883//4650 1884//4651
f 1876//4652 1885//4653 1886//4654
f 1875//4655 1887//4656 1888//4657
f 1884//4658 1889//4659 1874//4660
f 1886//4661 1890//4662 1873//4663
f 1891//4664 1889//4665 1892//4666
f 1875//4667 1893//4668 1894//4669
f 1895//4670 1892//4671 1887//4672
f 1851//4594 1864//4673 1852//4595
f 1854//4674 1859//4675 1855//4674
f 1856//4599 1855//4676 1857//4600
f 1853//4677 1862//4678 1859//4679
f 1858//21 1857//21 1860//21
f 1863//4608 1866//4680 1852//4609
f 1865//4611 1870//4681 1866//4612
f 1869//4616 1896//18 1867//4614
f 1867//4614 1871//4639 1868//4615
f 1869//4617 1868//4682 1870//4618
f 1855//4683 1859//4684 1870//4683
f 1857//4600 1855//4676 1868//4622
f 1859//4685 1862//4686 1866//4687
f 1860//21 1857//21 1871//21
f 1866//4688 1862//4689 1852//4690
f 1858//4634 1886//4691 1856//4629
f 1886//4691 1873//4627 1856//4629
f 1873//4627 1884//4692 1874//4628
f 1854//4693 1891//4694 1853//4631
f 1891//4694 1895//4695 1853//4631
f 1875//4632 1894//4696 1851//4630
f 1895//4695 1875//4632 1853//4631
f 1876//4633 1886//4691 1858//4634
f 1874//4635 1891//4697 1854//4636
f 1877//4638 1872//4698 1871//4639
f 1876//4640 1861//4648 1878//4641
f 1872//4643 1877//4699 1880//4644
f 1860//4646 1872//4643 1881//4645
f 1860//4646 1882//4647 1878//4641
f 1873//4649 1890//4700 1883//4650
f 1876//4652 1897//4701 1885//4653
f 1875//4655 1895//4702 1887//4656
f 1884//4703 1883//4704 1889//4705
f 1886//4706 1885//4707 1890//4708
f 1891//4709 1874//4710 1889//4711
f 1875//4667 1888//4712 1893//4668
f 1895//4713 1891//4714 1892//4713
f 1865//4715 1863//4716 1898//4716 1899//4717
f 1869//4718 1865//4715 1899//4717 1900//4719
f 1896//4720 1869//4718 1900//4719 1901//4721
f 1851//4722 1894//4723 1902//4723 1903//4724
f 1877//4725 1867//4725 1904//4725 1905//4725
f 1867//4726 1896//4726 1906//4726 1904//4726
f 1907//4727 1908//4728 1909//4728
f 1907//18 1910//18 1911//4729
f 1912//4730 1913//4731 1914//4732
f 1915//4733 1916//4734 1917//4735
f 1911//4736 1916//4737 1907//4738
f 1909//4739 1915//4739 1910//4740
f 1914//4741 1918//4742 1919//4743
f 1912//4744 1919//4745 1920//4746
f 1921//4747 1922//4748 1918//4749
f 1923//4750 1922//4751 1924//4752
f 1911//4753 1925//4754 1917//4755
f 1926//4756 1925//4757 1927//4758
f 1928//4759 1929//4760 1930//4761
f 1928//4762 1931//4763 1932//4764
f 1910//4765 1933//4766 1928//4767
f 1910//18 1930//4761 1911//4729
f 1915//4733 1926//4756 1933//4768
f 1934//4769 1935//4770 1936//4771
f 1916//4772 1934//4773 1936//4774
f 1909//4775 1934//4776 1937//4777
f 1907//4778 1936//4779 1935//4780
f 1938//4781 1939//4782 1925//4783
f 1927//4758 1939//4784 1940//4785
f 1932//4786 1941//4787 1929//4760
f 1931//4788 1942//4789 1932//4790
f 1943//4791 1924//4752 1939//4782
f 1921//4792 1944//4793 1924//4794
f 1942//4795 1920//4746 1941//4787
f 1945//4796 1912//4730 1942//4789
f 1941//4787 1923//4797 1943//4798
f 1945//4799 1921//4747 1946//4800
f 1929//4760 1943//4798 1938//4801
f 1931//4802 1940//4785 1945//4799
f 1930//4761 1938//4801 1911//4729
f 1933//4768 1927//4758 1931//4802
f 1946//4800 1918//4749 1913//4803
f 1920//4746 1947//4804 1923//4797
f 1919//4805 1922//4806 1947//4807
f 1944//4808 1948//4809 1949//4810
f 1939//4811 1950//4812 1940//4813
f 1924//4752 1949//4814 1939//4782
f 1940//4815 1951//4816 1921//4817
f 1952//10 1953//10 1954//10
f 1951//4818 1952//4819 1954//4820
f 1950//4821 1948//4822 1952//4823
f 1944//4824 1954//4825 1953//4826
f 1907//4827 1935//4828 1908//4829
f 1907//18 1909//18 1910//18
f 1912//4730 1946//4830 1913//4731
f 1915//4733 1937//4831 1916//4734
f 1911//4736 1917//4832 1916//4737
f 1909//4739 1937//4740 1915//4739
f 1914//4741 1913//4833 1918//4742
f 1912//4744 1914//4834 1919//4745
f 1921//4747 1924//4835 1922//4748
f 1923//4750 1947//4836 1922//4751
f 1911//4753 1938//4837 1925//4754
f 1926//4756 1917//4735 1925//4757
f 1928//4759 1932//4786 1929//4760
f 1928//4762 1933//4838 1931//4763
f 1910//4839 1915//4840 1933//4840
f 1910//18 1928//4759 1930//4761
f 1915//4733 1917//4735 1926//4756
f 1934//4769 1908//4841 1935//4770
f 1916//4842 1937//4843 1934//4844
f 1909//4775 1908//4845 1934//4776
f 1907//4778 1916//4846 1936//4779
f 1938//4781 1943//4791 1939//4782
f 1927//4758 1925//4757 1939//4784
f 1932//4786 1942//4795 1941//4787
f 1931//4788 1945//4796 1942//4789
f 1943//4791 1923//4750 1924//4752
f 1921//4792 1951//4847 1944//4793
f 1942//4795 1912//4744 1920//4746
f 1945//4796 1946//4830 1912//4730
f 1941//4787 1920//4746 1923//4797
f 1945//4799 1940//4785 1921//4747
f 1929//4760 1941//4787 1943//4798
f 1931//4802 1927//4758 1940//4785
f 1930//4761 1929//4760 1938//4801
f 1933//4768 1926//4756 1927//4758
f 1946//4800 1921//4747 1918//4749
f 1920//18 1919//18 1947//18
f 1919//4805 1918//4848 1922//4806
f 1944//4849 1953//4850 1948//4849
f 1939//4811 1949//4851 1950//4812
f 1924//4752 1944//4852 1949//4814
f 1940//4815 1950//4853 1951//4816
f 1952//4854 1948//4855 1953//4855
f 1951//4816 1950//4853 1952//4856
f 1950//4857 1949//4858 1948//4859
f 1944//4860 1951//4861 1954//4862
f 1955//4863 1956//4864 1957//4865
f 1956//4866 1958//4867 1959//4868
f 1959//10 1960//10 1961//10
f 1961//4869 1962//4870 1963//4870
f 1964//4871 1965//4872 1955//4873
f 1962//4874 1966//4875 1963//4876
f 1964//18 1957//18 1966//18
f 1959//5 1967//4877 1956//5
f 1966//4878 1968//4879 1963//5
f 1957//4880 1967//4877 1969//4881
f 1961//5 1970//5 1959//5
f 1966//4878 1969//4882 1971//4883
f 1961//4884 1968//4879 1972//4885
f 1960//21 1973//4886 1962//4887
f 1958//4888 1974//4888 1975//4889
f 1964//4871 1973//4886 1976//4890
f 1955//21 1974//21 1977//21
f 1958//21 1978//21 1960//21
f 1955//4863 1977//4891 1956//4864
f 1956//4866 1977//4892 1958//4867
f 1959//10 1958//10 1960//10
f 1961//4893 1960//4893 1962//4894
f 1964//4871 1976//4890 1965//4872
f 1962//4874 1964//4895 1966//4875
f 1964//18 1955//18 1957//18
f 1959//5 1970//5 1967//4877
f 1966//4878 1971//4883 1968//4879
f 1957//4880 1956//5 1967//4877
f 1961//4884 1972//4885 1970//4896
f 1966//4897 1957//4897 1969//4897
f 1961//4884 1963//5 1968//4879
f 1960//21 1978//21 1973//4886
f 1958//21 1977//21 1974//21
f 1964//4871 1962//4887 1973//4886
f 1955//21 1965//21 1974//21
f 1958//21 1975//21 1978//21
f 1979//21 1980//21 1981//21
f 1982//18 1983//18 1984//18
f 1985//5 1986//5 1983//4898
f 1987//4899 1981//4900 1988//4901
f 1983//4902 1989//4903 1984//4904
f 1990//4905 1987//4906 1991//4907
f 1982//4908 1992//4909 1985//4908
f 1984//4910 1993//4911 1994//4912
f 1992//10 1989//10 1986//10
f 1995//18 1984//18 1994//18
f 1980//18 1991//18 1996//18
f 1991//18 1994//18 1996//18
f 1980//4913 1988//4914 1981//4915
f 1994//18 1997//18 1996//18
f 1995//4916 1998//4917 1982//4908
f 1991//4907 1999//4918 1995//4916
f 1989//10 1999//10 1993//10
f 1999//10 1988//4901 1993//10
f 2000//4919 2001//4920 1997//4921
f 1996//4922 2001//4923 1988//4924
f 1993//4925 2000//4926 1994//4927
f 1988//4901 2002//10 1993//10
f 1979//21 1990//21 1980//21
f 1982//18 1985//18 1983//18
f 1985//5 1992//4928 1986//5
f 1987//4899 1979//10 1981//4900
f 1983//4902 1986//4929 1989//4903
f 1990//4905 1979//4930 1987//4906
f 1982//4908 1998//4917 1992//4909
f 1984//4910 1989//4931 1993//4911
f 1992//10 1998//10 1989//10
f 1995//18 1982//18 1984//18
f 1980//18 1990//18 1991//18
f 1991//18 1995//18 1994//18
f 1980//4913 1996//4932 1988//4914
f 1994//18 2000//18 1997//18
f 1995//4916 1999//4918 1998//4917
f 1991//4907 1987//4906 1999//4918
f 1989//10 1998//10 1999//10
f 1999//10 1987//4899 1988//4901
f 2000//4919 2002//4921 2001//4920
f 1996//4922 1997//4933 2001//4923
f 1993//4925 2002//5 2000//4926
f 1988//4901 2001//10 2002//10
f 2003//4934 2004//4935 2005//4936
f 2006//4937 2007//5 2008//4938
f 2004//4939 2009//4940 2010//10
f 2010//4941 2011//4942 2004//4943
f 2010//4944 2009//4945 2012//4946
f 2009//4947 2013//4948 2014//4949
f 2013//4950 2012//4951 2014//4952
f 2015//4953 2016//4954 2005//4936
f 2017//4955 2006//4937 2008//4938
f 2018//18 2019//18 2020//18
f 2021//4956 2020//4956 2019//4957
f 2020//4958 2017//4959 2008//4960
f 2018//4961 2016//4962 2015//4963
f 2012//4951 2016//4964 2022//4965
f 2011//4966 2006//4967 2004//4935
f 2006//4967 2005//4936 2004//4935
f 2005//4936 2013//4968 2003//4934
f 2006//4937 2011//5 2007//5
f 2004//4939 2003//4969 2009//4940
f 2010//4941 2007//4970 2011//4942
f 2014//4971 2012//4972 2009//4973
f 2012//4974 2008//4975 2010//4976
f 2008//4977 2007//4978 2010//4979
f 2009//4980 2003//4981 2013//4982
f 2013//4950 2005//4983 2012//4951
f 2005//4936 2006//4967 2019//4984
f 2006//4967 2021//4985 2019//4984
f 2019//4984 2015//4953 2005//4936
f 2017//4955 2021//5 2006//4937
f 2018//18 2015//18 2019//18
f 2021//4956 2017//4986 2020//4956
f 2008//4987 2012//4988 2020//4989
f 2012//4990 2022//4991 2018//4992
f 2020//4993 2012//4994 2018//4995
f 2018//4996 2022//4997 2016//4998
f 2012//4951 2005//4983 2016//4964
f 2023//4999 2024//5000 2025//5000
f 2026//5001 2027//5002 2028//5003
f 2027//5004 2029//10 2030//10
f 2030//5005 2031//5006 2032//5007
f 2025//5008 2026//5009 2028//5010
f 2031//5011 2033//5012 2032//5013
f 2034//5014 2035//5015 2036//5016
f 2037//5017 2038//5018 2039//5019
f 2040//5020 2041//5021 2042//5022
f 2038//5023 2043//5024 2044//5025
f 2045//5026 2046//5027 2043//5028
f 2047//5029 2048//5030 2049//5031
f 2050//5 2042//5 2051//5
f 2052//5032 2037//5017 2039//5019
f 2044//5025 2053//5033 2034//5034
f 2042//5022 2047//5035 2054//5036
f 2036//5016 2055//5037 2056//5038
f 2057//5039 2058//5040 2059//5041
f 2060//5042 2061//5043 2057//5044
f 2051//5045 2054//5036 2062//5046
f 2043//5047 2035//5048 2053//5049
f 2054//5050 2063//5051 2062//5052
f 2064//26 2040//5053 2050//26
f 2065//5054 2048//5030 2041//5055
f 2066//5056 2065//5057 2040//5053
f 2047//5058 2067//5059 2054//5050
f 2068//5060 2069//5060 2067//5061
f 2049//5031 2031//5062 2034//5063
f 2070//5064 2071//5065 2072//5065
f 2073//5066 2074//5067 2026//5068
f 2039//5019 2073//5069 2066//5056
f 2049//5070 2036//5016 2067//5071
f 2075//5072 2076//5073 2077//5074
f 2066//5075 2076//5076 2039//5077
f 2039//5078 2078//5079 2052//5080
f 2052//5080 2079//5081 2080//5082
f 2081//5083 2082//5084 2071//5085
f 2064//5086 2077//5087 2066//5088
f 2063//5089 2083//5090 2084//5091
f 2072//5092 2050//5093 2085//5094
f 2086//5095 2063//5051 2084//5096
f 2087//5097 2062//5046 2086//5
f 2037//21 2088//5098 2046//5027
f 2046//5099 2055//5100 2035//5048
f 2056//5038 2059//5101 2089//5102
f 2060//5103 2052//5032 2080//5104
f 2085//5105 2051//5045 2087//5097
f 2090//5106 2087//5097 2091//5107
f 2092//5108 2080//5104 2093//5109
f 2089//5102 2058//5110 2094//5111
f 2091//5107 2086//5 2095//5
f 2095//5112 2084//5096 2096//5113
f 2090//5114 2072//5114 2085//5115
f 2084//5116 2097//5117 2096//5118
f 2098//5119 2071//5085 2099//5120
f 2080//5082 2100//5121 2093//5122
f 2072//5123 2082//5124 2064//5124
f 2101//5125 2057//5044 2088//5098
f 2088//5126 2059//5041 2055//5100
f 2102//5127 2033//5128 2103//5129
f 2029//5130 2074//5131 2104//5132
f 2029//5133 2104//5134 2105//5135
f 2106//5136 2094//5111 2107//5137
f 2108//5138 2078//5139 2109//5140
f 2108//5138 2100//5141 2079//5142
f 2110//5143 2089//5102 2106//5136
f 2108//5144 2109//5144 2106//5145
f 2097//5146 2083//5147 2081//5148
f 2069//18 2075//18 2111//18
f 2112//5149 2113//5150 2114//5150
f 2115//5151 2116//5152 2117//5153
f 2112//5154 2118//18 2119//5155
f 2120//5156 2121//5157 2122//5158
f 2116//5159 2112//5160 2117//5161
f 2119//5162 2120//5163 2122//5164
f 2123//5165 2124//5166 2125//5167
f 2126//5168 2127//5169 2128//5170
f 2129//5171 2130//5172 2131//5173
f 2132//5174 2126//5175 2133//5176
f 2134//5177 2135//5178 2132//5179
f 2136//18 2137//5180 2129//18
f 2131//5 2138//5 2139//5
f 2128//5170 2140//5181 2141//5182
f 2142//5183 2133//5176 2124//5184
f 2136//5185 2131//5173 2143//5186
f 2144//5187 2125//5167 2145//5188
f 2058//5040 2146//5189 2147//5190
f 2061//5043 2148//5191 2146//5192
f 2143//5186 2139//5193 2149//5194
f 2123//5195 2132//5196 2142//5197
f 2150//5198 2143//5199 2149//5200
f 2130//5201 2151//26 2138//26
f 2137//5180 2152//18 2129//18
f 2152//5202 2153//5203 2130//5201
f 2154//5204 2136//5205 2143//5199
f 2155//5206 2125//5207 2154//5208
f 2120//5209 2156//18 2157//5210
f 2158//21 2070//21 2159//21
f 2116//5211 2160//5212 2161//5213
f 2153//5203 2126//5168 2128//5170
f 2125//5167 2157//5214 2154//5215
f 2162//5216 2163//5217 2164//5218
f 2165//5219 2153//5220 2128//5221
f 2166//5222 2128//5223 2141//5224
f 2167//5225 2141//5224 2168//5226
f 2169//5227 2170//5228 2158//5229
f 2164//5230 2151//5230 2153//5230
f 2171//5231 2150//5232 2172//5233
f 2138//5234 2159//5235 2173//5236
f 2172//5237 2149//5200 2174//5238
f 2149//5194 2175//5239 2174//5240
f 2176//5241 2127//5242 2134//5177
f 2144//5243 2134//5244 2123//5195
f 2147//5245 2145//5188 2177//5246
f 2141//5182 2148//5247 2168//5248
f 2139//5193 2173//5249 2175//5239
f 2175//5239 2090//5106 2091//5107
f 2168//5248 2092//5108 2093//5109
f 2058//5110 2177//5246 2094//5111
f 2174//5240 2091//5107 2095//5
f 2095//5112 2172//5237 2174//5238
f 2090//5250 2159//5251 2070//5252
f 2097//5117 2172//5253 2096//5118
f 2158//5229 2098//5119 2099//5120
f 2100//5121 2168//5226 2093//5122
f 2169//5254 2159//5254 2151//5254
f 2146//5192 2140//5255 2176//5241
f 2147//5190 2176//5256 2144//5243
f 2156//5257 2118//5257 2178//5258
f 2160//5259 2179//5260 2180//5261
f 2181//5262 2179//5263 2121//5263
f 2094//5111 2182//5264 2107//5137
f 2166//5265 2183//5266 2184//5267
f 2183//5266 2100//5141 2185//5268
f 2177//5246 2186//5269 2182//5264
f 2182//5 2186//5 2184//5
f 2170//5270 2187//5271 2171//5272
f 2188//5273 2162//5274 2155//5275
f 2025//5276 2189//5277 2023//5276
f 2189//5278 2102//5279 2023//5280
f 2026//5001 2074//5281 2027//5002
f 2030//10 2032//5282 2027//5004
f 2032//5282 2033//5283 2027//5004
f 2033//5283 2189//5284 2025//5285
f 2025//5285 2028//5286 2033//5283
f 2028//5286 2027//5004 2033//5283
f 2030//5005 2190//5287 2031//5006
f 2025//5008 2024//5288 2026//5009
f 2031//5011 2103//5289 2033//5012
f 2034//5014 2053//5290 2035//5015
f 2037//5017 2045//5291 2038//5018
f 2040//5292 2065//5293 2041//5294
f 2038//5023 2045//10 2043//5024
f 2045//5026 2037//21 2046//5027
f 2047//5029 2041//5055 2048//5030
f 2050//5 2040//5020 2042//5022
f 2052//5032 2101//5295 2037//5017
f 2044//5025 2043//5024 2053//5033
f 2042//5022 2041//5021 2047//5035
f 2036//5016 2035//5015 2055//5037
f 2057//5039 2061//5296 2058//5040
f 2060//5042 2092//21 2061//5043
f 2051//5045 2042//5022 2054//5036
f 2043//5047 2046//5099 2035//5048
f 2054//5050 2067//5059 2063//5051
f 2064//26 2066//5056 2040//5053
f 2065//5054 2073//5066 2048//5030
f 2066//5056 2073//5069 2065//5057
f 2047//5058 2049//5297 2067//5059
f 2191//5298 2063//5299 2069//5300
f 2063//5301 2067//5302 2069//5303
f 2036//5016 2056//5038 2068//5304
f 2056//5038 2110//5143 2068//5304
f 2036//5305 2068//5306 2067//5307
f 2049//5031 2048//5030 2102//10
f 2048//5030 2023//5308 2102//10
f 2105//5309 2044//5025 2034//5034
f 2190//5310 2105//5309 2034//5034
f 2049//5031 2102//10 2103//10
f 2031//5311 2190//5310 2034//5034
f 2049//5031 2103//10 2031//5062
f 2070//21 2099//21 2071//21
f 2023//5308 2048//5030 2024//5312
f 2048//5030 2073//5066 2024//5312
f 2073//5066 2038//5023 2074//5067
f 2038//5023 2044//5025 2104//5313
f 2074//5067 2038//5023 2104//5313
f 2044//5025 2105//5309 2104//5313
f 2026//5068 2024//5312 2073//5066
f 2039//5019 2038//5018 2073//5069
f 2049//5070 2034//5014 2036//5016
f 2077//5314 2082//5084 2111//5315
f 2082//5084 2192//5316 2111//5315
f 2109//5140 2078//5139 2075//5317
f 2078//5139 2076//5318 2075//5317
f 2077//5319 2111//5320 2075//5321
f 2066//5075 2077//5322 2076//5076
f 2039//5078 2076//5323 2078//5079
f 2052//5080 2078//5079 2079//5081
f 2081//5083 2192//5316 2082//5084
f 2064//5324 2082//5325 2077//5326
f 2063//5089 2191//5327 2083//5090
f 2072//5093 2064//5094 2050//5092
f 2086//5095 2062//5052 2063//5051
f 2087//5097 2051//5045 2062//5046
f 2037//21 2101//5125 2088//5098
f 2046//5099 2088//5126 2055//5100
f 2056//5038 2055//5037 2059//5101
f 2060//5103 2101//5295 2052//5032
f 2085//5105 2050//5328 2051//5045
f 2090//5106 2085//5105 2087//5097
f 2092//5108 2060//5103 2080//5104
f 2089//5102 2059//5101 2058//5110
f 2091//5107 2087//5097 2086//5
f 2095//5112 2086//5095 2084//5096
f 2090//5114 2070//5115 2072//5114
f 2084//5329 2083//5330 2097//5330
f 2098//5119 2081//5083 2071//5085
f 2080//5082 2079//5081 2100//5121
f 2072//21 2071//21 2082//21
f 2101//5125 2060//5042 2057//5044
f 2088//5126 2057//5039 2059//5041
f 2102//5127 2189//5331 2033//5128
f 2029//5332 2027//5333 2074//5333
f 2105//5334 2190//5335 2030//5336
f 2030//5337 2029//5337 2105//5338
f 2106//5136 2089//5102 2094//5111
f 2108//5138 2079//5142 2078//5139
f 2108//5138 2185//5268 2100//5141
f 2110//5143 2056//5038 2089//5102
f 2075//5 2068//5 2110//5
f 2106//5339 2107//5340 2185//5341
f 2075//5342 2110//5343 2109//5342
f 2110//5344 2106//5345 2109//5346
f 2185//5347 2108//5348 2106//5349
f 2083//5147 2191//5271 2081//5148
f 2191//5350 2069//21 2192//5351
f 2081//5352 2191//5350 2192//5351
f 2069//21 2111//21 2192//5351
f 2081//21 2098//21 2097//21
f 2069//18 2068//18 2075//18
f 2178//5353 2118//5353 2114//5353
f 2118//5354 2112//5355 2114//5354
f 2115//5151 2160//5356 2116//5152
f 2119//5155 2122//5357 2115//5358
f 2122//5357 2121//5359 2115//5358
f 2121//5359 2179//18 2115//5358
f 2115//5358 2117//5360 2119//5155
f 2117//5360 2112//5154 2119//5155
f 2120//5156 2193//5361 2121//5157
f 2116//5362 2113//5362 2112//5362
f 2119//5162 2156//5363 2120//5163
f 2123//5165 2142//5364 2124//5166
f 2126//5168 2135//5365 2127//5169
f 2129//5366 2152//5367 2130//5368
f 2132//5174 2135//18 2126//5175
f 2134//5177 2127//5242 2135//5178
f 2136//18 2157//5210 2137//5180
f 2131//5173 2130//5172 2138//5
f 2128//5170 2127//5169 2140//5181
f 2142//5183 2132//5174 2133//5176
f 2136//5185 2129//5171 2131//5173
f 2144//5187 2123//5165 2125//5167
f 2058//5040 2061//5296 2146//5189
f 2061//5043 2092//21 2148//5191
f 2143//5186 2131//5173 2139//5193
f 2123//5195 2134//5244 2132//5196
f 2150//5198 2154//5204 2143//5199
f 2130//5201 2153//5203 2151//26
f 2137//5180 2161//5213 2152//18
f 2152//5202 2161//5369 2153//5203
f 2154//5204 2157//5370 2136//5205
f 2154//5371 2150//5372 2188//5373
f 2150//5374 2194//5375 2188//5376
f 2186//5269 2145//5188 2155//5377
f 2145//5188 2125//5167 2155//5377
f 2154//5378 2188//5379 2155//5380
f 2124//5184 2133//5176 2181//5381
f 2124//5184 2181//5381 2193//5382
f 2114//5383 2137//5180 2178//5384
f 2137//5180 2157//5210 2178//5384
f 2124//5184 2193//5382 2120//5209
f 2156//18 2178//5384 2157//5210
f 2124//5184 2120//5209 2157//5210
f 2158//21 2099//21 2070//21
f 2161//5213 2137//5180 2113//5385
f 2137//5180 2114//5383 2113//5385
f 2133//5176 2126//5175 2180//5386
f 2126//5175 2161//5213 2160//5212
f 2180//5386 2181//5381 2133//5176
f 2160//5212 2180//5386 2126//5175
f 2161//5213 2113//5385 2116//5211
f 2153//5203 2161//5369 2126//5168
f 2125//5167 2124//5166 2157//5214
f 2187//5387 2169//5227 2163//5388
f 2169//5227 2164//5389 2163//5388
f 2165//5390 2166//5265 2162//5391
f 2166//5265 2184//5267 2162//5391
f 2165//5392 2162//5393 2164//5394
f 2165//5219 2164//5395 2153//5220
f 2166//5222 2165//5396 2128//5223
f 2167//5225 2166//5222 2141//5224
f 2169//5227 2187//5387 2170//5228
f 2164//5397 2169//5398 2151//5399
f 2171//5231 2194//5400 2150//5232
f 2138//5234 2151//5401 2159//5235
f 2172//5237 2150//5198 2149//5200
f 2149//5194 2139//5193 2175//5239
f 2176//5241 2140//5255 2127//5242
f 2144//5243 2176//5256 2134//5244
f 2147//5245 2144//5187 2145//5188
f 2141//5182 2140//5181 2148//5247
f 2139//5193 2138//5 2173//5249
f 2175//5239 2173//5249 2090//5106
f 2168//5248 2148//5247 2092//5108
f 2058//5110 2147//5245 2177//5246
f 2174//5240 2175//5239 2091//5107
f 2095//5112 2096//5113 2172//5237
f 2090//5402 2173//5403 2159//5404
f 2097//5405 2171//5406 2172//5407
f 2158//5229 2170//5228 2098//5119
f 2100//5121 2167//5225 2168//5226
f 2169//21 2158//21 2159//21
f 2146//5192 2148//5191 2140//5255
f 2147//5190 2146//5189 2176//5256
f 2156//5408 2119//5409 2118//5409
f 2160//5410 2115//5411 2179//5412
f 2121//5413 2193//5414 2181//5415
f 2181//5416 2180//5417 2179//5418
f 2094//5111 2177//5246 2182//5264
f 2166//5265 2167//5419 2183//5266
f 2183//5266 2167//5419 2100//5141
f 2177//5246 2145//5188 2186//5269
f 2186//5 2155//5 2184//5
f 2155//5 2162//5 2184//5
f 2184//5 2183//5 2182//5
f 2183//5 2185//5 2182//5
f 2185//5341 2107//5340 2182//5420
f 2188//5421 2194//5422 2163//5423
f 2194//5422 2171//5424 2187//5425
f 2163//5423 2194//5422 2187//5425
f 2171//5272 2097//5426 2170//5270
f 2097//21 2098//21 2170//21
f 2188//5273 2163//5427 2162//5274
f 2195//5 2196//5 2197//5
f 2198//10 2199//10 2200//10
f 2197//3 2200//5428 2201//5429
f 2202//5430 2198//5431 2203//5432
f 2201//5429 2199//5433 2204//3
f 2205//10 2200//10 2196//10
f 2205//10 2206//10 2198//10
f 2207//5434 2208//5435 2209//5436
f 2210//5437 2211//5438 2208//5439
f 2208//5 2211//5 2212//5
f 2213//21 2204//21 2199//21
f 2203//18 2204//18 2202//18
f 2206//21 2214//21 2198//21
f 2210//21 2215//21 2206//21
f 2215//18 2216//18 2214//18
f 2217//5440 2218//5441 2219//5442
f 2220//5443 2221//5444 2222//5445
f 2222//5446 2219//5447 2223//5448
f 2221//5449 2224//5450 2225//5432
f 2220//5451 2223//5448 2226//3
f 2222//5445 2227//18 2217//18
f 2221//5444 2228//18 2227//18
f 2229//5452 2207//5434 2209//5436
f 2228//5453 2230//5454 2229//5455
f 2231//5456 2218//5441 2228//5457
f 2226//5458 2232//5459 2220//21
f 2226//10 2225//10 2224//10
f 2221//21 2233//21 2234//21
f 2233//21 2230//21 2234//21
f 2235//10 2233//10 2236//10
f 2237//10 2233//10 2238//10
f 2239//5460 2215//5460 2240//5461
f 2231//5456 2219//5442 2218//5441
f 2241//5 2197//5 2242//5
f 2195//5 2205//5 2196//5
f 2198//10 2213//10 2199//10
f 2197//3 2196//3 2200//5428
f 2202//5430 2213//26 2198//5431
f 2201//5429 2200//5428 2199//5433
f 2205//10 2198//10 2200//10
f 2205//10 2211//10 2206//10
f 2207//5434 2210//5462 2208//5435
f 2210//5437 2206//5463 2211//5438
f 2211//5 2205//5 2195//5
f 2195//5 2241//5 2211//5
f 2241//5 2212//5 2211//5
f 2212//5 2209//5 2208//5
f 2213//21 2202//21 2204//21
f 2203//18 2201//18 2204//18
f 2206//21 2215//21 2214//21
f 2210//21 2240//21 2215//21
f 2215//18 2243//18 2216//18
f 2217//5440 2227//5 2218//5441
f 2220//5443 2232//5464 2221//5444
f 2222//5446 2217//5465 2219//5447
f 2221//5449 2232//5466 2224//5450
f 2220//5451 2222//5446 2223//5448
f 2222//5445 2221//5444 2227//18
f 2221//5444 2234//18 2228//18
f 2229//5452 2230//26 2207//5434
f 2228//5453 2234//5467 2230//5454
f 2218//5441 2227//5 2228//5457
f 2228//5457 2229//5468 2212//5469
f 2229//5 2209//5 2212//5
f 2212//5469 2231//5456 2228//5457
f 2226//5458 2224//5470 2232//5459
f 2226//10 2223//10 2225//10
f 2221//21 2236//21 2233//21
f 2233//21 2244//21 2230//21
f 2235//10 2238//10 2233//10
f 2237//5471 2244//5472 2233//5473
f 2239//18 2243//18 2215//18
f 2231//5456 2245//5474 2219//5442
f 2241//5 2195//5 2197//5
f 2246//5475 2247//5476 2248//5477
f 2249//5478 2248//5479 2247//5480
f 2250//5481 2251//5482 2252//5483
f 2253//5484 2254//5485 2255//5486
f 2256//5487 2254//5488 2247//5489
f 2250//5490 2248//5491 2249//5492
f 2252//5493 2257//5494 2253//5495
f 2246//5496 2256//5497 2247//5498
f 2247//5480 2254//5499 2249//5478
f 2254//5499 2257//5500 2251//5501
f 2249//5478 2254//5499 2251//5501
f 2250//5481 2249//5502 2251//5482
f 2253//5484 2257//5503 2254//5485
f 2256//5504 2255//5505 2254//5506
f 2250//5507 2246//5508 2248//5509
f 2252//5510 2251//5511 2257//5512
f 2258//5513 2259//5514 2260//141
f 2261//5515 2262//5516 2259//5517
f 2263//10 2264//10 2262//10
f 2264//5518 2265//5519 2266//5520
f 2258//5521 2267//5522 2268//5522
f 2265//5523 2269//5524 2266//5523
f 2269//5525 2258//5526 2260//5527
f 2262//5528 2270//5529 2259//5530
f 2269//5531 2271//5532 2266//5533
f 2260//5534 2270//5 2272//5535
f 2264//5536 2273//5537 2262//5
f 2260//5 2274//5 2269//5
f 2264//5 2271//5 2275//5
f 2276//5538 2277//5539 2265//5540
f 2263//5541 2278//5542 2279//5543
f 2280//5544 2277//5545 2267//5545
f 2258//21 2278//21 2261//21
f 2263//5546 2281//5547 2276//5538
f 2258//5513 2261//5548 2259//5514
f 2261//5515 2263//5549 2262//5516
f 2263//10 2276//10 2264//10
f 2264//5550 2276//5551 2265//5550
f 2258//21 2280//21 2267//21
f 2265//5552 2280//5552 2269//5553
f 2269//5525 2280//5554 2258//5526
f 2262//5528 2273//5 2270//5529
f 2269//5 2274//5 2271//5
f 2260//5 2259//5 2270//5
f 2264//5536 2275//5555 2273//5537
f 2260//5534 2272//5535 2274//5556
f 2264//5557 2266//5533 2271//5532
f 2276//5538 2281//5547 2277//5539
f 2263//5558 2261//5559 2278//5558
f 2280//5560 2265//5540 2277//5539
f 2258//21 2268//21 2278//21
f 2263//21 2279//21 2281//21
f 2282//5561 2283//5562 2284//5563
f 2285//5564 2286//5565 2283//5566
f 2287//5567 2288//5568 2286//5568
f 2289//5569 2290//5570 2288//5571
f 2291//5572 2292//5573 2293//5574
f 2291//5575 2294//5576 2290//5577
f 2293//5578 2284//5579 2294//5579
f 2288//5 2290//5 2294//5
f 2295//5580 2296//5581 2297//5582
f 2282//5583 2298//5584 2285//5585
f 2289//5586 2296//10 2295//10
f 2293//5578 2297//5587 2282//5588
f 2291//5589 2295//5590 2299//5591
f 2287//5592 2298//5593 2296//5594
f 2282//5561 2285//5595 2283//5562
f 2285//5564 2287//5596 2286//5565
f 2287//5567 2289//5586 2288//5568
f 2289//5569 2291//5597 2290//5570
f 2291//5598 2299//5599 2292//5599
f 2291//5575 2293//5600 2294//5576
f 2293//5578 2282//5588 2284//5579
f 2294//5 2284//5 2286//5
f 2284//5 2283//5 2286//5
f 2286//5 2288//5 2294//5
f 2296//5601 2298//5602 2297//5601
f 2297//5582 2292//5603 2295//5580
f 2292//5604 2299//5605 2295//5604
f 2282//5606 2297//5607 2298//5608
f 2289//5586 2287//5567 2296//10
f 2293//5578 2292//5609 2297//5587
f 2291//5610 2289//5611 2295//5612
f 2287//5613 2285//5613 2298//5614
f 2300//5615 2301//5616 2302//5616
f 2303//5617 2304//5617 2301//5617
f 2305//5618 2306//5619 2304//5620
f 2307//5621 2308//5622 2306//5623
f 2307//5624 2305//5625 2300//5626
f 2309//5627 2310//5628 2308//5627
f 2310//5629 2300//5630 2302//5631
f 2306//18 2308//18 2310//18
f 2300//5632 2303//5633 2301//5634
f 2303//5617 2305//5617 2304//5617
f 2305//5618 2307//5635 2306//5619
f 2307//5621 2309//5636 2308//5622
f 2305//5625 2303//5637 2300//5626
f 2300//5626 2311//5638 2309//5639
f 2309//5639 2307//5624 2300//5626
f 2309//5628 2311//5627 2310//5627
f 2310//5629 2311//5640 2300//5630
f 2310//18 2302//18 2306//18
f 2302//18 2301//18 2306//18
f 2301//18 2304//18 2306//18
f 2312//5641 2313//5642 2314//5642
f 2315//5643 2316//5644 2317//5644
f 2318//21 2319//21 2320//21
f 2320//5645 2321//5645 2322//5645
f 2323//21 2324//21 2312//21
f 2318//5646 2313//5647 2315//5648
f 2323//5649 2321//5650 2325//5651
f 2326//5652 2327//5653 2328//5652
f 2325//5654 2329//5655 2330//5656
f 2324//10 2316//10 2313//10
f 2319//5657 2317//5658 2326//5657
f 2321//18 2326//18 2329//18
f 2325//5659 2331//5660 2324//5661
f 2332//5662 2333//5663 2334//5664
f 2326//5 2332//5 2329//5
f 2331//5665 2334//5666 2335//5667
f 2316//5 2327//5 2317//5
f 2329//5 2334//5 2330//5
f 2316//5668 2335//5669 2336//5670
f 2337//5 2338//5 2339//5
f 2335//10 2340//10 2336//10
f 2328//5671 2341//5672 2337//5671
f 2332//18 2337//18 2339//18
f 2335//5673 2333//5673 2342//5674
f 2336//5675 2341//5675 2327//5675
f 2338//5676 2343//5677 2344//5678
f 2342//5679 2344//5680 2345//5681
f 2340//5 2346//5 2341//5
f 2339//5682 2344//5683 2333//5682
f 2342//5 2347//5 2340//5
f 2337//5684 2346//5685 2348//5684
f 2349//5686 2350//5686 2351//5687
f 2345//10 2352//10 2347//10
f 2346//5688 2349//5689 2348//5690
f 2348//18 2351//18 2338//18
f 2344//5691 2353//5692 2345//5693
f 2347//5694 2354//5695 2346//5696
f 2355//5697 2356//5697 2357//5698
f 2343//5699 2358//5700 2353//5701
f 2354//5702 2359//5703 2360//5704
f 2343//5705 2350//5706 2355//5707
f 2353//21 2359//21 2352//21
f 2354//21 2361//5708 2349//5709
f 2362//5710 2363//5 2356//5
f 2358//5711 2364//5712 2359//5713
f 2361//5714 2365//5715 2362//5716
f 2350//5717 2362//5718 2356//5719
f 2355//5720 2366//5720 2358//5721
f 2359//5722 2365//5722 2360//5723
f 2363//5724 2367//5725 2368//5726
f 2366//5727 2368//5728 2369//5728
f 2364//5 2370//5729 2365//5730
f 2356//5 2368//5 2357//5
f 2366//5731 2371//5732 2364//5733
f 2362//5710 2370//5729 2372//5734
f 2373//5735 2374//5 2375//5736
f 2371//18 2373//18 2376//18
f 2370//5737 2377//5738 2372//5737
f 2372//10 2378//10 2363//10
f 2369//88 2367//5739 2373//5740
f 2370//5741 2376//5741 2379//5741
f 2376//5 2380//5 2379//5
f 2378//5 2374//5 2367//5
f 2373//5735 2381//5742 2376//5743
f 2377//5 2380//5 2382//5
f 2378//5744 2382//5745 2383//5746
f 2384//5747 2385//5748 2386//5749
f 2387//5750 2388//5751 2385//5752
f 2389//5753 2390//5754 2388//5755
f 2391//5756 2392//5757 2390//5758
f 2389//5759 2393//5760 2391//5761
f 2394//5762 2395//5763 2392//5764
f 2395//5765 2384//5766 2386//5766
f 2390//5767 2396//5768 2397//5769
f 2396//5770 2312//5771 2397//5772
f 2388//5773 2398//5774 2385//5775
f 2395//5 2396//5 2392//5
f 2386//5776 2398//5774 2399//5777
f 2390//5 2400//5778 2388//5773
f 2386//5 2401//5 2395//5
f 2400//5779 2318//5780 2398//5781
f 2396//5782 2322//5783 2323//5784
f 2397//5785 2314//5786 2400//10
f 2399//5787 2318//5788 2320//5789
f 2401//5790 2320//5791 2322//5792
f 2375//5793 2402//5794 2381//5795
f 2403//5796 2404//5797 2405//5798
f 2380//5799 2406//5800 2382//5801
f 2382//5802 2407//5803 2383//5804
f 2374//5805 2408//5806 2375//5807
f 2381//5808 2403//5809 2380//5810
f 2383//5811 2409//5812 2374//5813
f 2410//5814 2411//5815 2412//5816
f 2384//5817 2413//5818 2410//5819
f 2394//5820 2393//5821 2414//5822
f 2387//5823 2415//5824 2389//5825
f 2394//5826 2413//5827 2416//5828
f 2387//5829 2410//5830 2412//5831
f 2417//5832 2418//5833 2419//5833
f 2413//5834 2420//5834 2410//5835
f 2393//5836 2421//5837 2414//5838
f 2415//5839 2411//5840 2417//5841
f 2414//5842 2422//5843 2413//5844
f 2393//10 2417//10 2423//10
f 2424//5845 2425//5846 2426//10
f 2409//5847 2426//5848 2427//5849
f 2402//5850 2428//5851 2404//5852
f 2403//5853 2424//5854 2406//5855
f 2406//5856 2426//5857 2407//5858
f 2409//5859 2428//5860 2408//5861
f 2423//5862 2419//5863 2429//5864
f 2427//5865 2429//5866 2428//5867
f 2404//5868 2418//5869 2405//5870
f 2426//5871 2430//5872 2427//5873
f 2428//18 2419//18 2404//18
f 2405//5874 2431//5875 2424//5876
f 2420//5877 2418//5878 2411//5879
f 2422//5880 2431//5881 2420//5881
f 2422//5882 2430//5883 2425//5884
f 2423//5885 2430//5886 2421//5887
f 2312//21 2324//21 2313//21
f 2315//5888 2313//5888 2316//5889
f 2318//5646 2315//5648 2319//5890
f 2320//21 2319//21 2321//21
f 2323//5649 2325//5651 2324//5891
f 2318//21 2314//21 2313//21
f 2323//21 2322//21 2321//21
f 2326//5 2317//5 2327//5
f 2325//578 2321//5892 2329//5893
f 2324//10 2331//10 2316//10
f 2319//5894 2315//5895 2317//5896
f 2321//18 2319//18 2326//18
f 2325//5659 2330//5661 2331//5661
f 2332//5662 2339//5664 2333//5663
f 2326//5 2328//5 2332//5
f 2331//5 2330//5 2334//5
f 2316//5 2336//5 2327//5
f 2329//5 2332//5 2334//5
f 2316//5 2331//5 2335//5
f 2337//5 2348//5 2338//5
f 2335//10 2342//10 2340//10
f 2328//5671 2327//5671 2341//5672
f 2332//18 2328//18 2337//18
f 2335//5897 2334//5898 2333//5897
f 2336//5675 2340//5675 2341//5675
f 2338//5676 2351//5899 2343//5677
f 2342//5900 2333//5900 2344//5900
f 2340//5 2347//5 2346//5
f 2339//5901 2338//5902 2344//5901
f 2342//5 2345//5 2347//5
f 2337//5 2341//5 2346//5
f 2349//5709 2361//5708 2350//5903
f 2345//10 2353//10 2352//10
f 2346//5688 2354//5904 2349//5689
f 2348//18 2349//18 2351//18
f 2344//5691 2343//5905 2353//5692
f 2347//5694 2352//5906 2354//5695
f 2355//5907 2350//5908 2356//5909
f 2343//5705 2355//5707 2358//5910
f 2354//5911 2352//5912 2359//5912
f 2343//5913 2351//5913 2350//5913
f 2353//5701 2358//5700 2359//21
f 2354//5702 2360//5704 2361//5914
f 2362//5710 2372//5734 2363//5
f 2358//5711 2366//5915 2364//5712
f 2361//5916 2360//5917 2365//5918
f 2350//5717 2361//5919 2362//5718
f 2355//5920 2357//5921 2366//5922
f 2359//5923 2364//5924 2365//5924
f 2363//5925 2378//5926 2367//5926
f 2366//5 2357//5 2368//5
f 2364//5 2371//5 2370//5729
f 2356//5 2363//5 2368//5
f 2366//5 2369//5 2371//5
f 2362//5710 2365//5730 2370//5729
f 2373//5927 2367//5928 2374//5928
f 2371//18 2369//18 2373//18
f 2370//5737 2379//566 2377//5738
f 2372//10 2377//10 2378//10
f 2369//5929 2368//5930 2367//5931
f 2370//5741 2371//5741 2376//5741
f 2376//5 2381//5 2380//5
f 2378//5744 2383//5746 2374//5932
f 2373//5735 2375//5736 2381//5742
f 2377//5 2379//5 2380//5
f 2378//5 2377//5 2382//5
f 2384//5747 2387//5933 2385//5748
f 2387//5750 2389//5934 2388//5751
f 2389//5753 2391//5935 2390//5754
f 2391//5756 2394//5936 2392//5757
f 2389//5759 2415//5937 2393//5760
f 2394//5762 2416//5938 2395//5763
f 2395//5765 2416//5939 2384//5766
f 2390//5767 2392//5 2396//5768
f 2396//5770 2323//5940 2312//5771
f 2388//5773 2400//5778 2398//5774
f 2395//5941 2401//5941 2396//5942
f 2386//5776 2385//5775 2398//5774
f 2390//5 2397//5 2400//5
f 2386//5776 2399//5777 2401//5
f 2400//5779 2314//5943 2318//5780
f 2396//5782 2401//5944 2322//5783
f 2397//5785 2312//5945 2314//5786
f 2399//5787 2398//5946 2318//5788
f 2401//5790 2399//5947 2320//5791
f 2375//5793 2408//5948 2402//5794
f 2403//5796 2402//5949 2404//5797
f 2380//5799 2403//5950 2406//5800
f 2382//5802 2406//5951 2407//5803
f 2374//5805 2409//5952 2408//5806
f 2381//5808 2402//5953 2403//5809
f 2383//5811 2407//5954 2409//5812
f 2410//5814 2420//5955 2411//5815
f 2384//5817 2416//5956 2413//5818
f 2394//5820 2391//5957 2393//5821
f 2387//5823 2412//5958 2415//5824
f 2394//5826 2414//5959 2413//5827
f 2387//5829 2384//5960 2410//5830
f 2417//5961 2411//5962 2418//5963
f 2413//5834 2422//5835 2420//5834
f 2393//5836 2423//5964 2421//5837
f 2415//5839 2412//5965 2411//5840
f 2414//5842 2421//5966 2422//5843
f 2393//10 2415//10 2417//10
f 2424//5845 2431//5967 2425//5846
f 2409//5847 2407//5968 2426//5848
f 2402//5850 2408//5969 2428//5851
f 2403//5853 2405//5970 2424//5854
f 2406//5856 2424//5971 2426//5857
f 2409//5859 2427//5972 2428//5860
f 2423//5973 2417//5974 2419//5975
f 2427//5865 2430//5976 2429//5866
f 2404//5868 2419//5977 2418//5869
f 2426//5871 2425//5978 2430//5872
f 2428//18 2429//18 2419//18
f 2405//5874 2418//5979 2431//5875
f 2420//5877 2431//5980 2418//5878
f 2422//5981 2425//5982 2431//5983
f 2422//5882 2421//5984 2430//5883
f 2423//5885 2429//5985 2430//5886

g Ak47_Magazine
f 2432//5986 2433//5987 2434//5988
f 2435//5989 2436//5990 2437//5991
f 2438//5992 2439//5993 2440//5994
f 2441//5995 2442//5996 2443//5997
f 2433//5998 2444//5999 2434//6000
f 2437//5991 2445//6001 2441//5995
f 2446//6002 2447//6003 2448//6004
f 2449//6005 2448//6006 2444//6007
f 2443//5997 2450//6008 2451//6009
f 2452//6010 2453//6011 2454//6010
f 2455//6012 2456//6013 2457//6014
f 2458//6015 2452//6016 2459//6017
f 2439//6018 2460//6019 2461//6020
f 2462//6021 2463//6022 2464//6023
f 2465//6024 2466//6025 2467//6026
f 2468//6027 2469//6028 2470//6029
f 2471//6030 2472//6031 2473//6032
f 2474//6033 2475//6034 2476//6035
f 2477//6036 2478//6037 2479//6038
f 2480//6039 2481//6040 2482//6041
f 2481//6042 2479//6043 2482//6044
f 2483//6045 2484//6046 2480//6047
f 2462//6021 2480//6048 2485//6049
f 2482//6050 2486//6051 2487//6052
f 2485//6049 2482//6050 2487//6052
f 2479//6053 2488//6054 2486//6051
f 2473//6055 2453//6056 2489//6057
f 2470//6029 2464//6058 2490//6059
f 2465//6060 2469//6061 2491//6062
f 2474//6033 2472//6063 2492//6064
f 2432//6065 2493//6066 2494//6067
f 2495//6068 2496//6069 2497//6070
f 2498//6071 2499//6072 2496//6069
f 2500//6073 2501//6074 2499//6072
f 2502//6075 2501//6076 2440//6077
f 2503//6078 2504//6079 2505//6080
f 2506//6081 2456//6082 2507//6083
f 2508//6084 2460//6085 2435//5989
f 2509//6086 2466//6087 2510//6088
f 2511//6089 2475//6090 2512//6091
f 2513//6092 2514//6093 2515//6093
f 2513//6094 2516//6095 2517//6096
f 2518//6097 2519//6098 2508//6099
f 2467//6100 2520//6101 2521//6102
f 2465//6024 2521//6103 2484//6104
f 2522//6105 2477//6106 2481//6107
f 2484//6104 2522//6105 2481//6107
f 2523//6108 2524//6109 2477//6106
f 2512//6091 2492//6110 2471//6111
f 2510//6088 2491//6112 2468//6027
f 2476//6113 2525//6114 2506//6115
f 2467//6026 2526//6116 2508//6084
f 2524//6109 2512//6091 2471//6111
f 2512//6117 2516//6118 2511//6119
f 2495//6068 2527//6120 2528//6121
f 2488//6054 2473//6055 2489//6057
f 2478//6122 2471//6123 2473//6123
f 2529//6124 2459//6017 2447//6125
f 2451//6009 2455//6126 2457//6014
f 2514//6127 2530//6128 2531//6129
f 2520//6130 2532//6131 2533//6132
f 2532//6131 2531//6129 2533//6132
f 2520//6130 2519//6133 2534//6134
f 2530//6128 2516//6135 2535//6136
f 2522//6137 2531//6138 2523//6137
f 2508//6139 2536//6140 2467//6141
f 2537//6142 2535//6143 2512//6144
f 2538//6145 2534//6146 2518//6147
f 2521//6148 2533//6149 2522//6150
f 2515//6151 2532//6152 2538//6153
f 2523//6154 2530//6155 2537//6156
f 2447//6125 2539//6157 2540//6158
f 2528//6159 2455//6160 2450//6161
f 2541//6162 2506//6163 2542//6164
f 2509//6165 2543//6166 2461//6167
f 2490//6168 2544//6169 2470//6170
f 2542//6171 2507//6172 2545//6173
f 2438//6174 2500//6175 2436//6176
f 2500//6177 2445//6178 2436//6179
f 2498//6180 2442//6181 2445//6182
f 2546//6183 2547//6184 2455//6160
f 2495//6185 2450//6186 2442//6187
f 2548//6188 2494//6067 2463//6189
f 2549//6190 2550//6191 2474//6033
f 2551//6192 2552//6192 2490//6193
f 2549//6190 2476//6035 2541//6194
f 2470//6195 2553//6196 2468//6197
f 2554//6198 2461//6199 2555//6200
f 2459//6017 2556//6201 2539//6157
f 2556//6202 2454//6203 2557//6204
f 2444//6007 2558//6205 2559//6206
f 2448//6004 2540//6207 2558//6208
f 2434//6000 2559//6209 2560//6210
f 2440//5994 2554//6211 2502//6212
f 2561//6213 2434//5988 2560//6214
f 2562//6215 2527//6216 2497//6217
f 2563//6218 2564//6219 2565//6220
f 2566//6221 2497//6222 2496//6223
f 2567//6224 2496//6225 2499//6224
f 2501//6226 2567//6227 2499//6228
f 2568//6229 2565//6220 2527//6230
f 2528//6121 2565//6231 2546//6232
f 2546//6232 2564//6233 2503//10
f 2557//6234 2550//6235 2569//6236
f 2493//6237 2490//6238 2494//6239
f 2529//6240 2489//6057 2458//6241
f 2490//6238 2463//6242 2494//6239
f 2489//6057 2570//6243 2458//6241
f 2486//6051 2529//6240 2446//6244
f 2433//6245 2487//6052 2449//6246
f 2487//6052 2446//6244 2449//6246
f 2548//6247 2485//6049 2433//6245
f 2483//6248 2464//6023 2469//6249
f 2454//6250 2472//6251 2550//6235
f 2509//6165 2571//6252 2572//6253
f 2545//6254 2503//6255 2505//6256
f 2513//6257 2457//6014 2511//6089
f 2435//5989 2573//6258 2438//6259
f 2507//6260 2547//6261 2503//6262
f 2461//6263 2526//6264 2509//6265
f 2457//6014 2525//6266 2511//6089
f 2515//6267 2451//6009 2513//6257
f 2518//6268 2441//5995 2538//6269
f 2538//6269 2443//5997 2515//6267
f 2508//6084 2437//5991 2518//6268
f 2468//6270 2571//6252 2510//6271
f 2461//6272 2574//6273 2555//6274
f 2575//6275 2576//6276 2577//6277
f 2578//6278 2579//6279 2580//6280
f 2581//6281 2582//6282 2583//6282
f 2584//6283 2585//6284 2586//6285
f 2587//6286 2575//6287 2577//6288
f 2580//6280 2586//6285 2578//6278
f 2588//6289 2589//6290 2590//6291
f 2590//6292 2591//6293 2587//6294
f 2592//6295 2593//6296 2585//6284
f 2594//6297 2595//6298 2596//6299
f 2597//6300 2598//6301 2599//6302
f 2595//6303 2600//6304 2601//6305
f 2602//6306 2581//6307 2603//6307
f 2604//6308 2605//6309 2606//6310
f 2607//6311 2608//6312 2609//6313
f 2610//6314 2611//6315 2612//6316
f 2613//6317 2614//6318 2615//6318
f 2616//6319 2617//6320 2618//6321
f 2619//6322 2620//6323 2621//6324
f 2622//6325 2623//6326 2624//6327
f 2621//6328 2623//6329 2625//6330
f 2624//6331 2626//6332 2622//6333
f 2622//6334 2604//6308 2627//6335
f 2628//6336 2625//6337 2629//6338
f 2627//6335 2625//6337 2622//6334
f 2630//6339 2621//6340 2628//6336
f 2594//6341 2615//6342 2631//6343
f 2632//6344 2612//6316 2633//6345
f 2608//6346 2610//6347 2626//6348
f 2617//6349 2613//6350 2634//6351
f 2576//6352 2493//6066 2561//6353
f 2635//6354 2636//6355 2637//6356
f 2637//6356 2638//6357 2639//6358
f 2639//6358 2640//6359 2583//6360
f 2640//6361 2502//6075 2583//6362
f 2504//6079 2641//6363 2505//6080
f 2597//6364 2642//6365 2643//6366
f 2602//6367 2644//6368 2579//6279
f 2607//6369 2645//6370 2646//6371
f 2616//6372 2647//6373 2648//6374
f 2649//6375 2650//6376 2651//6377
f 2652//6378 2647//6379 2650//6380
f 2653//6381 2654//6382 2644//6383
f 2655//6384 2609//6385 2656//6386
f 2656//6387 2608//6312 2624//6388
f 2620//6389 2657//6390 2623//6391
f 2624//6388 2657//6390 2656//6387
f 2658//6392 2659//6393 2620//6389
f 2660//6394 2648//6374 2614//6395
f 2661//6396 2646//6371 2611//6315
f 2662//6397 2618//6398 2642//6397
f 2663//6399 2609//6313 2644//6368
f 2658//6392 2648//6374 2664//6400
f 2665//6401 2648//6402 2647//6403
f 2666//6404 2635//6354 2667//6405
f 2630//6339 2615//6342 2619//6406
f 2619//6407 2614//6408 2658//6409
f 2601//6410 2668//6411 2588//6412
f 2669//6413 2598//6301 2593//6296
f 2670//6414 2649//6415 2671//6416
f 2655//6417 2672//6418 2673//6419
f 2671//6416 2672//6418 2674//6420
f 2655//6417 2653//6421 2675//6422
f 2670//6414 2665//6423 2652//6424
f 2671//6425 2657//6426 2659//6427
f 2675//6428 2644//6429 2609//6430
f 2676//6431 2664//6432 2648//6143
f 2673//6433 2677//6434 2654//6435
f 2674//6436 2656//6437 2657//6438
f 2672//6439 2651//6440 2677//6441
f 2670//6442 2659//6442 2664//6443
f 2539//6157 2588//6412 2540//6158
f 2598//6444 2667//6445 2593//6446
f 2642//6447 2541//6162 2542//6164
f 2678//6448 2645//6449 2603//6450
f 2679//6451 2633//6452 2612//6453
f 2643//6454 2542//6171 2545//6173
f 2639//6455 2582//6456 2578//6457
f 2586//6458 2639//6459 2578//6460
f 2585//6461 2637//6462 2586//6463
f 2680//6464 2681//6465 2598//6444
f 2593//6466 2635//6467 2585//6468
f 2606//6469 2682//6470 2576//6352
f 2549//6471 2634//6351 2569//6472
f 2633//6473 2683//6474 2551//6475
f 2618//6321 2549//6190 2541//6194
f 2684//6476 2612//6477 2611//6478
f 2603//6479 2554//6198 2555//6200
f 2556//6201 2601//6410 2539//6157
f 2596//6480 2556//6202 2557//6204
f 2558//6205 2587//6294 2559//6206
f 2540//6207 2590//6291 2558//6208
f 2559//6209 2577//6288 2560//6210
f 2554//6211 2583//6282 2502//6212
f 2577//6277 2561//6213 2560//6214
f 2666//6481 2562//6215 2685//6482
f 2686//6483 2563//6218 2687//6484
f 2685//6485 2566//6221 2636//6486
f 2636//6487 2567//6224 2638//6488
f 2567//6227 2640//6489 2638//6490
f 2687//6484 2568//6229 2666//6491
f 2687//6492 2667//6405 2681//6493
f 2686//6494 2681//6493 2641//6495
f 2634//6496 2557//6234 2569//6236
f 2493//6237 2633//6497 2551//6498
f 2668//6499 2631//6343 2630//6339
f 2605//6500 2633//6497 2682//6501
f 2688//6502 2631//6343 2600//6503
f 2668//6499 2628//6336 2589//6504
f 2575//6505 2629//6338 2627//6335
f 2589//6506 2629//6338 2591//6507
f 2627//6335 2606//6310 2575//6505
f 2626//6508 2632//6509 2604//6308
f 2613//6510 2596//6511 2634//6496
f 2645//6449 2689//6512 2646//6513
f 2641//6514 2545//6254 2505//6256
f 2650//6515 2599//6302 2669//6413
f 2690//6516 2579//6279 2582//6517
f 2680//6518 2643//6519 2641//6520
f 2663//6521 2603//6522 2645//6523
f 2662//6524 2599//6302 2647//6373
f 2651//6525 2669//6413 2592//6295
f 2654//6526 2584//6283 2580//6280
f 2677//6527 2592//6295 2584//6283
f 2580//6280 2644//6368 2654//6526
f 2689//6512 2611//6528 2646//6513
f 2574//6273 2603//6529 2555//6274
f 2432//5986 2548//6530 2433//5987
f 2435//5989 2438//6259 2436//5990
f 2438//5992 2573//6531 2439//5993
f 2441//5995 2445//6001 2442//5996
f 2433//5998 2449//6532 2444//5999
f 2437//5991 2436//5990 2445//6001
f 2446//6002 2529//6533 2447//6003
f 2449//6005 2446//6534 2448//6006
f 2443//5997 2442//5996 2450//6008
f 2452//6535 2570//6536 2453//6536
f 2455//6012 2547//6537 2456//6013
f 2458//6015 2570//6538 2452//6016
f 2439//6539 2573//6540 2460//6541
f 2462//6021 2548//6247 2463//6022
f 2465//6024 2491//6542 2466//6025
f 2468//6027 2491//6112 2469//6028
f 2471//6543 2492//6544 2472//6545
f 2474//6033 2492//6064 2475//6034
f 2477//6546 2524//6547 2478//6548
f 2480//6549 2484//6550 2481//6551
f 2481//6552 2477//6553 2479//6554
f 2483//6555 2465//6556 2484//6557
f 2462//6021 2483//6248 2480//6048
f 2482//6050 2479//6053 2486//6051
f 2485//6049 2480//6048 2482//6050
f 2479//6053 2478//6558 2488//6054
f 2473//6055 2472//6559 2453//6056
f 2470//6029 2469//6028 2464//6058
f 2465//6560 2483//6561 2469//6562
f 2474//6033 2550//6191 2472//6063
f 2432//6065 2561//6353 2493//6066
f 2495//6068 2498//6071 2496//6069
f 2498//6071 2500//6073 2499//6072
f 2500//6073 2440//6563 2501//6074
f 2502//6075 2691//6564 2501//6076
f 2503//6078 2564//6565 2504//6079
f 2506//6566 2525//6567 2456//6568
f 2508//6084 2526//6116 2460//6085
f 2509//6569 2526//6570 2466//6571
f 2511//6089 2525//6266 2475//6090
f 2513//6092 2517//6572 2514//6093
f 2513//6573 2511//6573 2516//6574
f 2518//6097 2534//6575 2519//6098
f 2467//6100 2536//6100 2520//6101
f 2465//6024 2467//6026 2521//6103
f 2522//6105 2523//6108 2477//6106
f 2484//6104 2521//6103 2522//6105
f 2523//6108 2537//6576 2524//6109
f 2512//6091 2475//6090 2492//6110
f 2510//6088 2466//6087 2491//6112
f 2476//6577 2475//6578 2525//6577
f 2467//6026 2466//6025 2526//6116
f 2524//6109 2537//6576 2512//6091
f 2512//6117 2535//6579 2516//6118
f 2495//6068 2497//6070 2527//6120
f 2488//6054 2478//6558 2473//6055
f 2478//6580 2524//6581 2471//6582
f 2529//6124 2458//6015 2459//6017
f 2451//6009 2450//6008 2455//6126
f 2514//6127 2517//6583 2530//6128
f 2520//6130 2534//6134 2532//6131
f 2532//6131 2514//6127 2531//6129
f 2520//6130 2536//6584 2519//6133
f 2530//6128 2517//6583 2516//6135
f 2522//6585 2533//6586 2531//6585
f 2508//6139 2519//6587 2536//6140
f 2537//6142 2530//6588 2535//6143
f 2538//6145 2532//6589 2534//6146
f 2521//6148 2520//6590 2533//6149
f 2515//6151 2514//6591 2532//6152
f 2523//6154 2531//6154 2530//6155
f 2447//6125 2459//6017 2539//6157
f 2528//6159 2546//6183 2455//6160
f 2541//6162 2476//6163 2506//6163
f 2509//6165 2572//6253 2543//6166
f 2490//6168 2552//6592 2544//6169
f 2542//6593 2506//6594 2507//6172
f 2438//6174 2440//6595 2500//6175
f 2500//6177 2498//6596 2445//6178
f 2498//6180 2495//6597 2442//6181
f 2546//6183 2503//6598 2547//6184
f 2495//6185 2528//6599 2450//6186
f 2548//6188 2432//6065 2494//6067
f 2549//6471 2569//6472 2550//6600
f 2551//6601 2683//6602 2552//6603
f 2549//6190 2474//6033 2476//6035
f 2470//6604 2544//6605 2553//6606
f 2554//6607 2439//6608 2461//6609
f 2459//6017 2452//6016 2556//6201
f 2556//6610 2452//6611 2454//6610
f 2444//6007 2448//6006 2558//6205
f 2448//6004 2447//6003 2540//6207
f 2434//6000 2444//5999 2559//6209
f 2440//5994 2439//5993 2554//6211
f 2561//6213 2432//5986 2434//5988
f 2562//6215 2568//6612 2527//6216
f 2563//6218 2504//6613 2564//6219
f 2566//6221 2562//6614 2497//6222
f 2567//6224 2566//6615 2496//6225
f 2501//6226 2691//6616 2567//6227
f 2568//6229 2563//6218 2565//6220
f 2528//6121 2527//6120 2565//6231
f 2546//6232 2565//6231 2564//6233
f 2557//6234 2454//6250 2550//6235
f 2493//6237 2551//6498 2490//6238
f 2529//6240 2488//6054 2489//6057
f 2490//6238 2464//6617 2463//6242
f 2489//6057 2453//6056 2570//6243
f 2486//6051 2488//6054 2529//6240
f 2433//6245 2485//6049 2487//6052
f 2487//6052 2486//6051 2446//6244
f 2548//6247 2462//6021 2485//6049
f 2483//6248 2462//6021 2464//6023
f 2454//6250 2453//6618 2472//6251
f 2509//6165 2510//6271 2571//6252
f 2545//6619 2507//6620 2503//6619
f 2513//6257 2451//6009 2457//6014
f 2435//5989 2460//6085 2573//6258
f 2507//6621 2456//6622 2547//6621
f 2461//6263 2460//6623 2526//6264
f 2457//6014 2456//6013 2525//6266
f 2515//6267 2443//5997 2451//6009
f 2518//6268 2437//5991 2441//5995
f 2538//6269 2441//5995 2443//5997
f 2508//6084 2435//5989 2437//5991
f 2468//6270 2553//6624 2571//6252
f 2461//6272 2543//6625 2574//6273
f 2575//6275 2606//6626 2576//6276
f 2578//6278 2582//6517 2579//6279
f 2581//6281 2690//6627 2582//6282
f 2584//6283 2592//6295 2585//6284
f 2587//6286 2591//6628 2575//6287
f 2580//6280 2584//6283 2586//6285
f 2588//6289 2668//6629 2589//6290
f 2590//6292 2589//6630 2591//6293
f 2592//6295 2669//6413 2593//6296
f 2594//6631 2688//6632 2595//6632
f 2597//6300 2680//18 2598//6301
f 2595//6633 2688//6634 2600//6635
f 2602//6636 2690//6637 2581//6637
f 2604//6308 2632//6509 2605//6309
f 2607//6311 2661//6638 2608//6312
f 2610//6314 2661//6396 2611//6315
f 2613//6639 2660//6640 2614//6641
f 2616//6319 2660//6642 2617//6320
f 2619//6643 2658//6644 2620//6645
f 2622//6646 2625//6647 2623//6648
f 2621//6649 2620//6650 2623//6651
f 2624//6652 2608//6653 2626//6653
f 2622//6334 2626//6508 2604//6308
f 2628//6336 2621//6340 2625//6337
f 2627//6335 2629//6338 2625//6337
f 2630//6339 2619//6406 2621//6340
f 2594//6341 2613//6654 2615//6342
f 2632//6344 2610//6314 2612//6316
f 2608//6655 2661//6656 2610//6657
f 2617//6349 2660//6658 2613//6350
f 2576//6352 2682//6470 2493//6066
f 2635//6354 2685//6659 2636//6355
f 2637//6356 2636//6355 2638//6357
f 2639//6358 2638//6357 2640//6359
f 2640//6361 2691//6564 2502//6075
f 2504//6079 2686//6660 2641//6363
f 2597//6365 2662//6366 2642//6364
f 2602//6367 2663//6399 2644//6368
f 2607//6661 2663//6662 2645//6662
f 2616//6372 2662//6524 2647//6373
f 2649//6375 2652//6663 2650//6376
f 2652//6664 2665//6665 2647//6666
f 2653//6381 2673//6667 2654//6382
f 2655//6384 2675//6668 2609//6385
f 2656//6387 2609//6313 2608//6312
f 2620//6389 2659//6393 2657//6390
f 2624//6388 2623//6391 2657//6390
f 2658//6392 2664//6400 2659//6393
f 2660//6394 2616//6372 2648//6374
f 2661//6396 2607//6369 2646//6371
f 2662//6669 2616//6670 2618//6669
f 2663//6399 2607//6311 2609//6313
f 2658//6392 2614//6395 2648//6374
f 2665//6401 2676//6671 2648//6402
f 2666//6404 2685//6659 2635//6354
f 2630//6339 2631//6343 2615//6342
f 2619//6672 2615//6673 2614//6674
f 2601//6410 2600//6675 2668//6411
f 2669//6413 2599//6302 2598//6301
f 2670//6414 2652//6424 2649//6415
f 2655//6417 2674//6420 2672//6418
f 2671//6416 2649//6415 2672//6418
f 2655//6417 2673//6419 2653//6421
f 2670//6414 2676//6676 2665//6423
f 2671//6677 2674//6677 2657//6678
f 2675//6428 2653//6679 2644//6429
f 2676//6431 2670//6680 2664//6432
f 2673//6433 2672//6681 2677//6434
f 2674//6436 2655//6682 2656//6437
f 2672//6683 2649//6683 2651//6684
f 2670//6685 2671//6686 2659//6687
f 2539//6157 2601//6410 2588//6412
f 2598//6444 2681//6465 2667//6445
f 2642//6447 2618//6688 2541//6162
f 2678//6448 2692//6689 2645//6449
f 2679//6451 2693//6690 2633//6452
f 2643//6691 2642//6692 2542//6693
f 2639//6455 2583//6694 2582//6456
f 2586//6458 2637//6695 2639//6459
f 2585//6461 2635//6696 2637//6462
f 2680//6464 2641//6697 2681//6465
f 2593//6466 2667//6698 2635//6467
f 2606//6469 2605//6699 2682//6470
f 2549//6471 2617//6349 2634//6351
f 2633//6700 2693//6701 2683//6700
f 2618//6321 2617//6320 2549//6190
f 2684//6702 2679//6702 2612//6703
f 2603//6704 2581//6705 2554//6706
f 2556//6201 2595//6707 2601//6410
f 2596//6708 2595//6708 2556//6709
f 2558//6205 2590//6292 2587//6294
f 2540//6207 2588//6289 2590//6291
f 2559//6209 2587//6286 2577//6288
f 2554//6211 2581//6281 2583//6282
f 2577//6277 2576//6276 2561//6213
f 2666//6481 2568//6612 2562//6215
f 2686//6483 2504//6613 2563//6218
f 2685//6485 2562//6614 2566//6221
f 2636//6487 2566//6615 2567//6224
f 2567//6227 2691//6616 2640//6489
f 2687//6484 2563//6218 2568//6229
f 2687//6492 2666//6404 2667//6405
f 2686//6494 2687//6492 2681//6493
f 2634//6496 2596//6511 2557//6234
f 2493//6237 2682//6501 2633//6497
f 2668//6499 2600//6503 2631//6343
f 2605//6500 2632//6710 2633//6497
f 2688//6502 2594//6341 2631//6343
f 2668//6499 2630//6339 2628//6336
f 2575//6505 2591//6507 2629//6338
f 2589//6506 2628//6336 2629//6338
f 2627//6335 2604//6308 2606//6310
f 2626//6508 2610//18 2632//6509
f 2613//6510 2594//6711 2596//6511
f 2645//6449 2692//6689 2689//6512
f 2641//6712 2643//6713 2545//6714
f 2650//6515 2647//6373 2599//6302
f 2690//6516 2602//6367 2579//6279
f 2680//6715 2597//6716 2643//6717
f 2663//6521 2602//6718 2603//6522
f 2662//6524 2597//6300 2599//6302
f 2651//6525 2650//6515 2669//6413
f 2654//6526 2677//6527 2584//6283
f 2677//6527 2651//6525 2592//6295
f 2580//6280 2579//6279 2644//6368
f 2689//6512 2684//6719 2611//6528
f 2574//6273 2678//6720 2603//6529
f 2694//6721 2695//6722 2696//6723
f 2697//6724 2698//6725 2699//6725
f 2700//6726 2694//6727 2701//6728
f 2702//6729 2703//6730 2704//6731
f 2705//6732 2694//6733 2698//6734
f 2706//6735 2707//6736 2708//6737
f 2698//6738 2696//6739 2699//6740
f 2697//6741 2696//6742 2704//6743
f 2704//6744 2705//6745 2697//6746
f 2700//6747 2708//6748 2695//6749
f 2701//6750 2707//6751 2709//6752
f 2695//6753 2708//6754 2702//6755
f 2694//6721 2700//6756 2695//6722
f 2697//6757 2705//6758 2698//6759
f 2694//6727 2703//6760 2701//6728
f 2701//6761 2709//6761 2706//6762
f 2706//6763 2700//6726 2701//6728
f 2702//6729 2701//6764 2703//6730
f 2705//6732 2703//6765 2694//6733
f 2706//6766 2709//6766 2707//6767
f 2698//6768 2694//6769 2696//6770
f 2697//6771 2699//6772 2696//6773
f 2704//6774 2703//6775 2705//6774
f 2700//6776 2706//6777 2708//6778
f 2701//6779 2702//6780 2707//6781
f 2708//6782 2707//6782 2702//6782
f 2702//6783 2704//6743 2696//6742
f 2696//6742 2695//6784 2702//6783

g AK47_Bullet
f 2710//6785 2711//6786 2712//6787
f 2711//6788 2713//6789 2714//6790
f 2715//6791 2716//6792 2717//6793
f 2718//6794 2714//6795 2719//6796
f 2712//6797 2714//6798 2720//6799
f 2717//6800 2721//6801 2710//6800
f 2715//6802 2719//6802 2722//6802
f 2723//6803 2724//6804 2725//6805
f 2716//6806 2726//6807 2721//6808
f 2722//6809 2727//6810 2728//6811
f 2711//6812 2726//6813 2723//6812
f 2722//6814 2729//6815 2716//6816
f 2714//6817 2727//6818 2719//6819
f 2730//6820 2731//6821 2724//6822
f 2728//6823 2730//6824 2729//6825
f 2713//6826 2732//6827 2727//6828
f 2723//6829 2733//6830 2713//6831
f 2729//6832 2724//6832 2726//6833
f 2728//6834 2732//6835 2734//6836
f 2735//6837 2736//6838 2737//6839
f 2734//6840 2738//6841 2735//6840
f 2725//6842 2731//6843 2736//6844
f 2734//6845 2737//6845 2730//6846
f 2733//6847 2738//6848 2732//6849
f 2725//6850 2739//6851 2733//6852
f 2740//6853 2741//6854 2742//6855
f 2743//6856 2744//6857 2741//6858
f 2744//6859 2745//6860 2746//6861
f 2746//6862 2747//6863 2748//6864
f 2749//6865 2750//6866 2751//6867
f 2748//6868 2752//6869 2753//6870
f 2752//6871 2742//6872 2753//6873
f 2753//6874 2754//6875 2755//6876
f 2756//6877 2757//6878 2758//6879
f 2752//6880 2759//6881 2760//6882
f 2740//6883 2750//6884 2743//6885
f 2749//6886 2761//6887 2745//6888
f 2752//6889 2756//6890 2740//6891
f 2745//6892 2759//6893 2747//6894
f 2757//6895 2762//6896 2763//6897
f 2761//6898 2764//6899 2759//6900
f 2751//6901 2765//6902 2766//6903
f 2759//6904 2757//6905 2760//6906
f 2751//6907 2767//6908 2761//6909
f 2750//6910 2758//6911 2765//6912
f 2763//6913 2720//6914 2768//6913
f 2766//6915 2769//6916 2767//6917
f 2758//6918 2770//6918 2765//6919
f 2757//6920 2768//6921 2758//6922
f 2767//6923 2762//6924 2764//6925
f 2766//6926 2770//6927 2771//6928
f 2769//6929 2710//6930 2762//6929
f 2771//6931 2718//6932 2715//6933
f 2763//6934 2710//6935 2712//6936
f 2771//6937 2717//6938 2769//6937
f 2768//6939 2718//6940 2770//6941
f 2772//6942 2773//6943 2774//6942
f 2746//6944 2775//6944 2776//6945
f 2744//6946 2772//6947 2741//6948
f 2753//6949 2775//6950 2748//6949
f 2742//6951 2772//6952 2754//6953
f 2744//6954 2776//6955 2777//6956
f 2774//6957 2778//6958 2779//6959
f 2755//6960 2780//6961 2775//6962
f 2776//6963 2773//6964 2777//6965
f 2754//6966 2774//6967 2779//6968
f 2755//6969 2779//6970 2781//6971
f 2775//6972 2782//6973 2776//6974
f 2783//6975 2784//6976 2785//6976
f 2779//6959 2783//6977 2781//6978
f 2780//6979 2786//6980 2782//6981
f 2774//6957 2787//6982 2788//6983
f 2780//6984 2783//6977 2785//6985
f 2782//6981 2787//6982 2773//6986
f 2789//6987 2790//6988 2791//6989
f 2786//6990 2789//6991 2787//6992
f 2778//6993 2792//6994 2793//6994
f 2783//6995 2793//6996 2794//6997
f 2785//6998 2795//6999 2786//7000
f 2788//7001 2789//7002 2792//7003
f 2791//7004 2796//7005 2797//7006
f 2793//7007 2797//7008 2798//7009
f 2794//7010 2798//7009 2799//7011
f 2795//7012 2800//7013 2790//6988
f 2789//6987 2797//7008 2792//7014
f 2794//7010 2800//7013 2784//7015
f 2801//7016 2802//7017 2803//7018
f 2800//7019 2804//7020 2805//7021
f 2791//7022 2806//7023 2807//7024
f 2797//7025 2801//7026 2798//7026
f 2798//7027 2804//7028 2799//7029
f 2790//7030 2805//7031 2806//7032
f 2804//7033 2803//7034 2808//7035
f 2806//7036 2809//7037 2810//7038
f 2807//7039 2802//7040 2796//7041
f 2804//7042 2809//7043 2805//7044
f 2807//7045 2810//7046 2811//7047
f 2710//6785 2721//7048 2711//6786
f 2711//6788 2723//7049 2713//6789
f 2715//6791 2722//7050 2716//6792
f 2718//6794 2720//7051 2714//6795
f 2712//6797 2711//7052 2714//6798
f 2717//7053 2716//7053 2721//7054
f 2715//7055 2718//7056 2719//7055
f 2723//6803 2726//7057 2724//6804
f 2716//7058 2729//7059 2726//7060
f 2722//6809 2719//7061 2727//6810
f 2711//7062 2721//7063 2726//7062
f 2722//6814 2728//7064 2729//6815
f 2714//7065 2713//7066 2727//7067
f 2730//6820 2737//7068 2731//6821
f 2728//6823 2734//7069 2730//6824
f 2713//6826 2733//7070 2732//6827
f 2723//7071 2725//7072 2733//7073
f 2729//7074 2730//7075 2724//7076
f 2728//6834 2727//7077 2732//6835
f 2735//7078 2738//7079 2739//7080
f 2739//7081 2736//7082 2735//7083
f 2736//7084 2731//7085 2737//7086
f 2734//7087 2732//7088 2738//7089
f 2725//7090 2724//7091 2731//7092
f 2734//7093 2735//7094 2737//7095
f 2733//7096 2739//7097 2738//7098
f 2725//7099 2736//7100 2739//7100
f 2740//6853 2743//7101 2741//6854
f 2743//6856 2749//7102 2744//6857
f 2744//6859 2749//7103 2745//6860
f 2746//6862 2745//7104 2747//6863
f 2749//7105 2743//7106 2750//7107
f 2748//6868 2747//7108 2752//6869
f 2752//6871 2740//7109 2742//6872
f 2753//6874 2742//7110 2754//6875
f 2756//6877 2760//7111 2757//6878
f 2752//7112 2747//7113 2759//7114
f 2740//6883 2756//7115 2750//6884
f 2749//6886 2751//7116 2761//6887
f 2752//6889 2760//7117 2756//6890
f 2745//6892 2761//7118 2759//6893
f 2757//7119 2764//7119 2762//7119
f 2761//6898 2767//7120 2764//6899
f 2751//6901 2750//7121 2765//6902
f 2759//6904 2764//7122 2757//6905
f 2751//6907 2766//7123 2767//6908
f 2750//6910 2756//7124 2758//6911
f 2763//6934 2712//6936 2720//7125
f 2766//7126 2771//7127 2769//7126
f 2758//7128 2768//7128 2770//7129
f 2757//7130 2763//7131 2768//7132
f 2767//7133 2769//7134 2762//7135
f 2766//7136 2765//7137 2770//7136
f 2769//7138 2717//7139 2710//7140
f 2771//7141 2770//6941 2718//6940
f 2763//7142 2762//7143 2710//7142
f 2771//6931 2715//6933 2717//7144
f 2768//7145 2720//7146 2718//7147
f 2772//7148 2777//7149 2773//7150
f 2746//7151 2748//7152 2775//7151
f 2744//6946 2777//7153 2772//6947
f 2753//7154 2755//7154 2775//7155
f 2742//6951 2741//7156 2772//6952
f 2744//6954 2746//7157 2776//6955
f 2774//6957 2788//6983 2778//6958
f 2755//6960 2781//7158 2780//6961
f 2776//6963 2782//7159 2773//6964
f 2754//7160 2772//7161 2774//7162
f 2755//6969 2754//7163 2779//6970
f 2775//6972 2780//7164 2782//6973
f 2783//7165 2794//7165 2784//7166
f 2779//6959 2778//6958 2783//6977
f 2780//6984 2785//6985 2786//7167
f 2774//6957 2773//6986 2787//6982
f 2780//6984 2781//6978 2783//6977
f 2782//6981 2786//6980 2787//6982
f 2789//6987 2795//7012 2790//6988
f 2786//6990 2795//7168 2789//6991
f 2778//7169 2788//7170 2792//7171
f 2783//6995 2778//7172 2793//6996
f 2785//7173 2784//7174 2795//7175
f 2788//7001 2787//7176 2789//7002
f 2791//7177 2807//7178 2796//7177
f 2793//7007 2792//7014 2797//7008
f 2794//7010 2793//7007 2798//7009
f 2795//7012 2784//7015 2800//7013
f 2789//6987 2791//6989 2797//7008
f 2794//7010 2799//7011 2800//7013
f 2801//7179 2796//7179 2802//7180
f 2800//7181 2799//7182 2804//7183
f 2791//7184 2790//7185 2806//7186
f 2797//7187 2796//7188 2801//7189
f 2798//7027 2801//7190 2804//7028
f 2790//7030 2800//7191 2805//7031
f 2804//7192 2801//7016 2803//7018
f 2806//7036 2805//7193 2809//7037
f 2807//7194 2811//7195 2802//7196
f 2804//7197 2808//7198 2809//7199
f 2807//7200 2806//7201 2810//7202
