# Barrett M82A1 sniper only
# Converted to a single-file OBJ; other weapons removed.
v  25.929535 -0.79727173 -66.918457
v  26.462395 -0.79727173 -66.778313
v  25.929535 -0.79727173 -66.778313
v  26.462395 -0.47584534 -67.140724
v  26.462395 0 -67.140724
v  26.462395 0 -66.77832
v  25.929535 0 -66.77832
v  25.929535 -0.47584534 -67.140724
v  26.462395 0.79727554 -66.77832
v  25.929535 0.79727554 -66.918457
v  25.929535 0.79727554 -66.77832
v  26.462395 0.47584915 -67.140732
v  26.462395 0.79727554 -66.918457
v  25.929535 0.47584915 -67.140732
v  26.462395 -0.79727173 -66.918457
v  25.929535 0 -67.140724
v  27.871452 0.31919479 -73.089691
v  27.560257 0.31919479 -73.034683
v  27.617027 0.31919479 -72.925987
v  27.9683 0.021320343 -72.947388
v  27.661438 -0.31919098 -73.39827
v  27.9683 -0.021316528 -72.947395
v  27.560257 -0.31919098 -73.034691
v  27.871452 -0.31919098 -73.089691
v  27.617027 -0.31919098 -72.925995
v  27.696999 -0.021316528 -72.772835
v  27.696999 0.021320343 -72.772842
v  27.661438 0.31919479 -73.398262
v  -7.625824 -1.4678802 -63.828911
v  -6.9963608 -1.0379448 -64.749313
v  -7.2286911 -1.4678764 -63.737698
v  -7.3935089 -1.0379486 -64.840523
v  -6.9001389 0 -65.168335
v  -7.8105698 -0.82539368 -63.024452
v  -7.625824 -1.1672859 -63.828907
v  -7.9543762 0 -62.398277
v  -7.4610062 -1.0379448 -62.726086
v  -7.5572586 0 -62.307068
v  -7.8581543 -1.0379448 -62.817299
v  -7.0479279 -0.82539368 -64.543068
v  -7.2326889 -1.1672859 -63.738621
v  -7.4939651 0 -62.600952
v  -7.4174423 -0.82539368 -62.934166
v  -7.4410782 -0.82539368 -64.633362
v  -7.8871002 0 -62.691238
v  -7.364563 0 -64.966576
v  -7.2972717 0 -65.259544
v  -6.971405 0 -64.876289
v  47.313202 -0.16526794 -67.667686
v  46.972939 -0.35990143 -67.667686
v  46.972939 -0.16526794 -67.667686
v  47.313202 -0.35990143 -67.667686
v  46.972939 -0.35990143 -67.174095
v  46.582657 -0.076564789 -67.174088
v  46.972939 0.0053787231 -67.174095
v  46.582657 0.0053787231 -67.174095
v  46.582657 -0.17002487 -67.667679
v  46.582657 -0.076564789 -67.667679
v  46.582657 -0.17002487 -67.174088
v  47.313202 0.0053787231 -67.174095
v  47.313202 -0.16526794 -67.174095
v  45.76799 -0.055763245 -67.174088
v  46.972939 -0.16526794 -67.174095
v  45.433327 0.0053787231 -67.174095
v  45.433327 -0.055767059 -67.174095
v  45.76799 -0.17002487 -67.667679
v  45.76799 -0.055763245 -67.667679
v  45.76799 -0.17002487 -67.174088
v  46.582657 0.0053787231 -67.667686
v  45.76799 0.0053787231 -67.667686
v  47.313202 -0.35990143 -67.174095
v  46.972939 0.0053787231 -67.667686
v  47.313202 0.0053787231 -67.667686
v  45.433327 0.0053787231 -67.667686
v  45.433327 -0.055767059 -67.667686
v  46.972939 0.37066269 -67.667686
v  47.313202 0.17602921 -67.667679
v  46.972939 0.17602921 -67.667679
v  46.972939 0.37066269 -67.174095
v  47.313202 0.37066269 -67.667686
v  46.582657 0.08732605 -67.174088
v  46.972939 0.17602921 -67.174088
v  46.582657 0.18078613 -67.667679
v  46.582657 0.08732605 -67.667679
v  46.582657 0.18078613 -67.174088
v  47.313202 0.17602921 -67.174088
v  45.76799 0.066524506 -67.174088
v  45.76799 0.0053787231 -67.174095
v  45.76799 0.18078613 -67.667679
v  45.76799 0.18078613 -67.174088
v  45.76799 0.066524506 -67.667679
v  47.313202 0.37066269 -67.174095
v  45.433327 0.06652832 -67.174095
v  45.433327 0.06652832 -67.667686
v  27.555412 2.0623016 -70.04541
v  27.555412 1.458271 -68.587143
v  27.555412 -1.4582634 -68.587135
v  27.555412 -2.0622978 -70.045403
v  27.555412 -1.4582634 -71.50367
v  27.555412 3.8146973e-06 -72.107712
v  27.555412 1.458271 -71.503677
v  27.555412 3.8146973e-06 -67.983116
v  -3.0334015 0.79388046 -66.775871
v  -3.0334015 -0.66926956 -66.562668
v  -3.0334015 0.66926193 -66.562668
v  -3.0334015 -0.79388809 -66.775864
v  46.652504 -0.66926193 -66.562668
v  46.652504 -0.79388046 -66.775856
v  46.652504 0.66926956 -66.562668
v  46.652504 0.79388809 -66.775864
v  46.652504 -0.66926193 -66.087082
v  -3.0334015 0.66926193 -66.087082
v  -3.0334015 -0.66926956 -66.087082
v  46.652504 0.66926956 -66.087082
v  18.908409 -0.79727554 -66.918457
v  19.441277 -0.79727554 -66.77832
v  18.908409 -0.79727554 -66.77832
v  19.441277 -0.47584915 -67.140724
v  19.441277 0 -67.140724
v  19.441277 0 -66.77832
v  18.908409 0 -66.77832
v  18.908409 -0.47584915 -67.140724
v  19.441277 0.79727554 -66.77832
v  18.908409 0.79727554 -66.918465
v  18.908409 0.79727554 -66.77832
v  19.441277 0.47584915 -67.140724
v  19.441277 0.79727554 -66.918465
v  18.908409 0.47584915 -67.140724
v  19.441277 -0.79727554 -66.918457
v  18.908409 0 -67.140724
v  28.150986 1.5007057 -62.493137
v  27.916649 1.9021072 -62.65979
v  27.916649 1.6264458 -62.770077
v  26.487183 1.5467339 -61.815357
v  27.916649 1.2492294 -61.939247
v  26.487183 1.2492294 -61.93924
v  26.487183 1.6264458 -62.770077
v  28.150986 1.6651917 -62.09684
v  28.150986 1.3749695 -62.216187
v  28.150986 1.7836494 -62.378315
v  30.641357 1.5007057 -62.493134
v  30.407036 1.9021072 -62.659798
v  30.407036 1.6264458 -62.770077
v  28.977547 1.5467339 -61.815357
v  30.407036 1.2492294 -61.939247
v  28.977547 1.2492294 -61.939247
v  28.977547 1.6264458 -62.770077
v  30.641357 1.6651917 -62.09684
v  30.641357 1.3749657 -62.216187
v  30.64138 1.7836494 -62.378315
v  33.131744 1.5007095 -62.493126
v  32.8974 1.9021072 -62.659798
v  32.8974 1.6264458 -62.770077
v  31.467934 1.5467339 -61.815357
v  32.8974 1.2492294 -61.939247
v  31.467934 1.2492294 -61.939247
v  31.467934 1.6264458 -62.770077
v  33.131744 1.6651917 -62.09684
v  33.131744 1.3749695 -62.216187
v  33.131744 1.7836494 -62.378315
v  35.622131 1.5007095 -62.493126
v  35.387787 1.9021072 -62.659798
v  35.387787 1.6264458 -62.770077
v  33.958305 1.5467339 -61.815353
v  35.387787 1.2492294 -61.939247
v  33.958305 1.2492294 -61.939247
v  33.958305 1.6264458 -62.770077
v  35.622131 1.6651917 -62.09684
v  35.622131 1.3749695 -62.216187
v  35.622131 1.7836494 -62.378315
v  38.112503 1.5007095 -62.493126
v  37.878159 1.9021072 -62.659798
v  37.878159 1.6264458 -62.770077
v  36.448692 1.5467339 -61.815353
v  37.878159 1.2492294 -61.939247
v  36.448692 1.2492294 -61.939247
v  36.448692 1.6264458 -62.770077
v  38.112503 1.6651955 -62.096832
v  38.112503 1.3749695 -62.216187
v  38.112503 1.7836494 -62.378315
v  40.60289 1.5007095 -62.493134
v  40.368546 1.9021072 -62.659798
v  40.368546 1.6264496 -62.770073
v  38.939079 1.5467339 -61.815353
v  40.368546 1.2492294 -61.939247
v  38.939079 1.2492294 -61.939247
v  38.939079 1.6264458 -62.770077
v  40.60289 1.6651955 -62.096832
v  40.60289 1.3749695 -62.216187
v  40.60289 1.7836533 -62.378315
v  43.093254 1.5007095 -62.493134
v  42.858917 1.9021072 -62.659798
v  42.858917 1.6264496 -62.770073
v  41.429451 1.5467339 -61.815353
v  42.858917 1.2492294 -61.939247
v  41.429451 1.2492294 -61.939247
v  41.429451 1.6264496 -62.770073
v  43.093254 1.6651955 -62.096828
v  43.093254 1.3749695 -62.216187
v  43.093254 1.7836533 -62.378315
v  45.583649 1.5007095 -62.493134
v  45.349304 1.9021072 -62.659798
v  45.349304 1.6264496 -62.770073
v  43.919815 1.5467377 -61.815353
v  45.349304 1.2492294 -61.939247
v  43.919815 1.2492294 -61.939247
v  43.919815 1.6264496 -62.770073
v  45.583649 1.6651955 -62.096828
v  45.583649 1.3749695 -62.216187
v  45.583649 1.7836533 -62.378315
v  -28.49585 -7.6293945e-06 -63.00782
v  -6.0963669 1.778511 -63.00782
v  -6.0963669 -3.8146973e-06 -63.007816
v  48.811569 3.8146973e-06 -61.21909
v  16.673378 1.2958031 -61.21909
v  16.673378 0 -61.219086
v  48.811569 3.8146973e-06 -63.007809
v  48.811569 1.9451332 -62.762035
v  -7.2155991 1.9451294 -62.762035
v  -28.49585 1.2957954 -61.219097
v  -7.2155991 1.2957993 -61.219093
v  -28.49585 1.7785072 -63.007824
v  -28.49585 1.9451256 -62.762035
v  -28.49585 -7.6293945e-06 -61.219101
v  16.673378 1.1044312 -59.824425
v  16.319084 1.3444252 -59.839546
v  16.319084 1.1044312 -59.824425
v  16.319084 0 -61.219086
v  -7.2155991 -3.8146973e-06 -61.219097
v  18.676071 0 -63.007812
v  19.030388 1.7785149 -63.007816
v  19.030388 0 -63.007812
v  48.811569 1.7785187 -63.007812
v  48.811569 1.2958069 -61.219093
v  37.878159 1.5467339 -61.815353
v  16.319084 1.2958031 -61.21909
v  16.319084 1.5357933 -61.234219
v  16.673378 0 -59.824425
v  16.319084 0 -59.824425
v  16.673378 1.3444252 -59.839546
v  16.673378 1.5357933 -61.234219
v  38.704735 1.3749695 -62.216187
v  38.704735 1.7836494 -62.378315
v  38.704735 1.6651955 -62.096832
v  31.233574 1.6651917 -62.09684
v  36.214348 1.7836494 -62.378315
v  36.448692 1.9021072 -62.659798
v  31.233597 1.5007057 -62.493134
v  31.467934 1.9021072 -62.659798
v  31.233597 1.7836494 -62.378315
v  28.743202 1.5007057 -62.493134
v  28.977547 1.9021072 -62.659798
v  28.743202 1.7836494 -62.378315
v  28.743202 1.3749695 -62.216187
v  28.743202 1.6651917 -62.09684
v  43.685493 1.5007095 -62.493134
v  43.919815 1.9021072 -62.659798
v  43.685493 1.7836533 -62.378315
v  26.252838 1.5007057 -62.493137
v  26.487183 1.9021072 -62.65979
v  26.252838 1.7836494 -62.378315
v  38.704735 1.5007095 -62.493126
v  38.939079 1.9021072 -62.659798
v  41.195107 1.6651955 -62.096832
v  31.233597 1.3749657 -62.216187
v  33.723961 1.3749695 -62.216187
v  33.723961 1.7836494 -62.378315
v  33.723961 1.6651917 -62.09684
v  26.252838 1.6651917 -62.09684
v  36.214348 1.6651917 -62.09684
v  41.195107 1.3749695 -62.216187
v  41.195107 1.7836533 -62.378315
v  26.252838 1.3749695 -62.216187
v  36.214348 1.3749695 -62.216187
v  43.685493 1.3749695 -62.216187
v  43.685493 1.6651955 -62.096828
v  33.723961 1.5007095 -62.493126
v  33.958305 1.9021072 -62.659798
v  36.214348 1.5007095 -62.493126
v  41.195107 1.5007095 -62.493134
v  41.429451 1.9021072 -62.659798
v  16.319084 1.9451294 -62.762039
v  18.676071 1.7785149 -63.007816
v  -6.0963669 0.83774185 -61.196964
v  -6.0963669 -3.8146973e-06 -61.196964
v  18.676071 0.83774567 -61.196968
v  16.673378 1.9451294 -62.762039
v  28.150986 -1.5007057 -62.493137
v  27.916649 -1.9021034 -62.659794
v  28.150986 -1.7836456 -62.378311
v  27.916649 -1.2492256 -61.939243
v  26.487183 -1.5467339 -61.815357
v  26.487183 -1.2492294 -61.939247
v  26.487183 -1.6264458 -62.770077
v  27.916649 -1.6264458 -62.770077
v  28.150986 -1.6651917 -62.09684
v  27.916649 -1.5467339 -61.815357
v  28.150986 -1.3749657 -62.21619
v  30.641357 -1.5007057 -62.493137
v  30.407036 -1.9021034 -62.659794
v  30.64138 -1.7836456 -62.378311
v  30.407036 -1.2492256 -61.939243
v  28.977547 -1.5467339 -61.815357
v  28.977547 -1.2492256 -61.939243
v  28.977547 -1.626442 -62.770073
v  30.407036 -1.626442 -62.770073
v  30.641357 -1.6651878 -62.096836
v  30.407036 -1.5467339 -61.815357
v  30.641357 -1.3749657 -62.21619
v  33.131744 -1.5007057 -62.493137
v  32.8974 -1.9021034 -62.659794
v  33.131744 -1.7836456 -62.378319
v  32.8974 -1.2492256 -61.939243
v  31.467934 -1.5467339 -61.815357
v  31.467934 -1.2492256 -61.939243
v  31.467934 -1.626442 -62.770073
v  32.8974 -1.626442 -62.770073
v  33.131744 -1.6651878 -62.096836
v  32.8974 -1.5467339 -61.815357
v  33.131744 -1.3749657 -62.21619
v  35.622131 -1.5007057 -62.49313
v  35.387787 -1.9021034 -62.659794
v  35.622131 -1.7836456 -62.378319
v  35.387787 -1.2492256 -61.939243
v  33.958305 -1.5467339 -61.815353
v  33.958305 -1.2492256 -61.939243
v  33.958305 -1.626442 -62.770073
v  35.387787 -1.626442 -62.770073
v  35.622131 -1.6651878 -62.096836
v  35.387787 -1.5467339 -61.815353
v  35.622131 -1.3749657 -62.21619
v  38.112503 -1.5007019 -62.493126
v  37.878159 -1.9021034 -62.659794
v  38.112503 -1.7836456 -62.378319
v  37.878159 -1.2492256 -61.939243
v  36.448692 -1.5467339 -61.815353
v  36.448692 -1.2492256 -61.939243
v  36.448692 -1.626442 -62.770073
v  37.878159 -1.626442 -62.770073
v  38.112503 -1.6651878 -62.096836
v  37.878159 -1.54673 -61.815353
v  38.112503 -1.3749657 -62.21619
v  40.60289 -1.5007019 -62.493126
v  40.368546 -1.9021034 -62.659794
v  40.60289 -1.7836456 -62.378319
v  40.368546 -1.2492256 -61.939243
v  38.939079 -1.54673 -61.815353
v  38.939079 -1.2492256 -61.939243
v  38.939079 -1.626442 -62.770073
v  40.368546 -1.626442 -62.770081
v  40.60289 -1.6651878 -62.096836
v  40.368546 -1.54673 -61.815353
v  40.60289 -1.3749657 -62.21619
v  43.093254 -1.5007019 -62.493126
v  42.858917 -1.9021034 -62.659794
v  43.093254 -1.7836456 -62.378319
v  42.858917 -1.2492256 -61.939243
v  41.429451 -1.54673 -61.815353
v  41.429451 -1.2492256 -61.939243
v  41.429451 -1.626442 -62.770081
v  42.858917 -1.626442 -62.770081
v  43.093254 -1.6651878 -62.096836
v  42.858917 -1.54673 -61.815353
v  43.093254 -1.3749657 -62.21619
v  45.583649 -1.5007019 -62.493134
v  45.349304 -1.9021034 -62.659794
v  45.583649 -1.7836456 -62.378319
v  45.349304 -1.2492256 -61.939243
v  43.919815 -1.54673 -61.815353
v  43.919815 -1.2492256 -61.939243
v  43.919815 -1.626442 -62.770081
v  45.349304 -1.626442 -62.770081
v  45.583649 -1.6651878 -62.096836
v  45.349304 -1.54673 -61.815353
v  45.583649 -1.3749657 -62.216187
v  -6.0963669 -1.7785187 -63.00782
v  16.673378 -1.2958031 -61.21909
v  48.811569 -1.9451256 -62.762028
v  48.811569 -1.778511 -63.007812
v  -28.49585 -1.2958107 -61.219097
v  -7.2155991 -1.9451332 -62.762035
v  -7.2155991 -1.2958069 -61.219093
v  -28.49585 -1.7785225 -63.007824
v  -28.49585 -1.945137 -62.762039
v  16.319084 -1.3444252 -59.83955
v  16.673378 -1.1044312 -59.824425
v  16.319084 -1.1044312 -59.824425
v  19.030388 -1.7785149 -63.007816
v  48.811569 -1.2957993 -61.219093
v  16.319084 -1.2958031 -61.21909
v  16.673378 -1.3444252 -59.83955
v  16.319084 -1.5357971 -61.234215
v  16.673378 -1.5357971 -61.234215
v  38.704735 -1.7836456 -62.378319
v  38.704735 -1.3749657 -62.21619
v  38.704735 -1.6651878 -62.096836
v  31.233574 -1.6651878 -62.096836
v  36.448692 -1.9021034 -62.659794
v  31.467934 -1.9021034 -62.659794
v  31.233597 -1.5007057 -62.493137
v  31.233597 -1.7836456 -62.378311
v  28.977547 -1.9021034 -62.659794
v  28.743202 -1.5007057 -62.493137
v  28.743202 -1.7836456 -62.378311
v  28.743202 -1.3749657 -62.21619
v  28.743202 -1.6651917 -62.09684
v  43.919815 -1.9021034 -62.659794
v  43.685493 -1.5007019 -62.493126
v  43.685493 -1.7836456 -62.378319
v  26.487183 -1.9021034 -62.659794
v  26.252838 -1.5007057 -62.493137
v  26.252838 -1.7836456 -62.378311
v  38.939079 -1.9021034 -62.659794
v  38.704735 -1.5007019 -62.493126
v  41.195107 -1.6651878 -62.096836
v  31.233597 -1.3749657 -62.21619
v  33.723961 -1.7836456 -62.378319
v  33.723961 -1.3749657 -62.21619
v  33.723961 -1.6651878 -62.096836
v  26.252838 -1.6651917 -62.09684
v  36.214348 -1.6651878 -62.096836
v  41.195107 -1.7836456 -62.378319
v  41.195107 -1.3749657 -62.21619
v  26.252838 -1.3749657 -62.21619
v  36.214348 -1.7836456 -62.378319
v  36.214348 -1.3749657 -62.21619
v  43.685493 -1.3749657 -62.21619
v  43.685493 -1.6651878 -62.096836
v  33.958305 -1.9021034 -62.659794
v  33.723961 -1.5007057 -62.493137
v  36.214348 -1.5007057 -62.49313
v  41.429451 -1.9021034 -62.659794
v  41.195107 -1.5007019 -62.493126
v  16.319084 -1.9451294 -62.762032
v  18.676071 -1.7785149 -63.007816
v  -6.0963669 -0.83774948 -61.196964
v  18.676071 -0.83774567 -61.19696
v  16.673378 -1.9451294 -62.762032
v  27.916649 1.5467339 -61.815357
v  30.407036 1.5467339 -61.815357
v  32.8974 1.5467339 -61.815353
v  35.387787 1.5467339 -61.815353
v  40.368546 1.5467339 -61.815353
v  42.858917 1.5467377 -61.815353
v  45.349304 1.5467377 -61.815353
v  18.676071 0 -61.196968
v  -3.0425644 0.74233246 -67.163254
v  -3.0425644 1.0159569 -65.726822
v  -3.0425644 0.74233246 -65.726822
v  -3.0425644 1.0159607 -67.163254
v  -4.478981 1.0159569 -65.726822
v  -4.478981 0.74233246 -65.726822
v  -4.0475006 0.74233246 -68.161079
v  -3.0425644 1.0159607 -68.161079
v  -3.0425644 0.74233246 -68.161079
v  -4.478981 1.0159607 -67.163254
v  -4.478981 0.74233246 -67.163254
v  -4.0475006 1.0159607 -68.161079
v  -4.478981 0 -67.163261
v  -4.478981 0 -65.726822
v  -3.0425644 0 -65.726822
v  -3.0425644 0 -67.163261
v  -3.0425644 -1.0159569 -65.726822
v  -3.0425644 -0.74232864 -67.163254
v  -3.0425644 -0.74232864 -65.726822
v  -4.478981 -1.0159569 -65.726822
v  -3.0425644 -1.0159569 -67.163254
v  -4.478981 -0.74232864 -65.726822
v  -3.0425644 -1.0159569 -68.161079
v  -4.0475006 -0.74232864 -68.161079
v  -3.0425644 -0.74232864 -68.161079
v  -4.478981 -1.0159569 -67.163254
v  -4.478981 -0.74232864 -67.163254
v  -4.0475006 -1.0159569 -68.161079
v  -5.6373444 0 -65.228889
v  -5.9256363 1.0379486 -64.711418
v  -5.530838 1.0379486 -64.812355
v  -5.6685028 1.4678764 -63.705826
v  -5.2737198 1.4678764 -63.806763
v  -5.411377 1.0379448 -62.70023
v  -5.0165939 1.0379448 -62.80117
v  -5.3048782 0 -62.283699
v  -4.9100952 0 -62.384644
v  -5.9576569 0 -64.836731
v  -5.872963 0.82539368 -64.505493
v  -5.3793488 0 -62.574928
v  -5.6685028 1.1672859 -63.705822
v  -5.464035 0.82539368 -62.906158
v  -5.0732346 0.82539368 -63.006081
v  -5.4821548 0.82539368 -64.605415
v  -4.988533 0 -62.67485
v  -5.2777023 1.1672859 -63.805744
v  -5.5668488 0 -64.936653
v  -6.0321121 0 -65.127953
v  37.338852 -0.79727173 -66.77832
v  37.871712 -0.79727173 -66.918457
v  37.871712 -0.79727173 -66.77832
v  37.871712 -0.47584534 -67.140724
v  37.871712 3.8146973e-06 -67.140724
v  37.871712 3.8146973e-06 -66.77832
v  37.338852 3.8146973e-06 -66.77832
v  37.338852 -0.47584534 -67.140724
v  37.338852 -0.79727173 -66.918457
v  37.338852 0.79727554 -66.778313
v  37.871712 0.79727554 -66.918457
v  37.338852 0.79727554 -66.918457
v  37.871712 0.47584915 -67.140717
v  37.871712 0.79727554 -66.778313
v  37.338852 0.47584915 -67.140717
v  37.338852 3.8146973e-06 -67.140724
v  41.727043 -0.79727173 -66.778313
v  42.259933 -0.79727173 -66.918457
v  42.259933 -0.79727173 -66.778313
v  42.259933 -0.47584534 -67.140724
v  42.259933 3.8146973e-06 -67.140717
v  42.259933 3.8146973e-06 -66.77832
v  41.727043 3.8146973e-06 -66.77832
v  41.727043 -0.47584534 -67.140724
v  41.727043 -0.79727173 -66.918457
v  42.259933 0.79727936 -66.778313
v  41.727043 0.79727936 -66.918449
v  41.727043 0.79727554 -66.778313
v  42.259933 0.47585297 -67.140717
v  42.259933 0.79727936 -66.918449
v  41.727043 0.47584915 -67.140717
v  41.727043 3.8146973e-06 -67.140724
v  -0.39965057 -0.79727554 -66.918472
v  0.1332016 -0.79727554 -66.778328
v  -0.39965057 -0.79727554 -66.778328
v  0.1332016 -0.47584915 -67.140732
v  0.1332016 0 -67.140724
v  0.1332016 -3.8146973e-06 -66.77832
v  -0.39965057 -3.8146973e-06 -66.77832
v  -0.39965057 -0.47584915 -67.140732
v  0.1332016 0.79727173 -66.778328
v  -0.39965057 0.79727173 -66.918465
v  -0.39965057 0.79727173 -66.778328
v  0.1332016 0.47584534 -67.140732
v  0.1332016 0.79727173 -66.918465
v  -0.39965057 0.47584534 -67.140732
v  0.1332016 -0.79727554 -66.918465
v  -0.39965057 0 -67.140724
v  4.5156021 -1.398468 -69.526634
v  4.3378754 -1.2958565 -70.52108
v  4.3378754 -1.2958565 -69.526634
v  4.5156021 -1.6036873 -69.526634
v  4.5156021 -1.398468 -70.52108
v  4.3378754 -1.7062988 -69.526634
v  4.5156021 -1.6036873 -70.52108
v  4.160141 -1.6036873 -69.526634
v  4.3378754 -1.7062988 -70.52108
v  4.160141 -1.6036873 -70.521072
v  4.160141 -1.398468 -69.526634
v  4.160141 -1.398468 -70.52108
v  8.6721191 -1.0637169 -69.667404
v  8.6721191 -1.7796898 -70.383377
v  8.6721191 -1.7796936 -69.667404
v  11.58532 -1.0637169 -69.667412
v  8.6721191 -1.0637169 -70.383377
v  11.58532 -1.7796898 -69.667404
v  11.58532 -1.0637169 -70.383385
v  11.58532 -1.7796898 -70.383377
v  35.583557 -0.79727173 -66.77832
v  36.116447 -0.79727173 -66.918457
v  36.116447 -0.79727173 -66.77832
v  36.116447 -0.47584534 -67.140724
v  36.116447 3.8146973e-06 -67.140724
v  36.116447 3.8146973e-06 -66.77832
v  35.583557 3.8146973e-06 -66.77832
v  35.583557 -0.47584534 -67.140724
v  35.583557 -0.79727173 -66.918457
v  35.583557 0.79727554 -66.778313
v  36.116447 0.79727554 -66.918457
v  35.583557 0.79727554 -66.918457
v  36.116447 0.47584915 -67.140717
v  36.116447 0.79727554 -66.778313
v  35.583557 0.47584915 -67.140717
v  35.583557 3.8146973e-06 -67.140724
v  -3.7373199 -1.4678764 -63.831791
v  -3.1078568 -1.0379448 -64.752205
v  -3.3401871 -1.4678764 -63.740589
v  -3.5050049 -1.0379448 -64.843407
v  -3.0116425 0 -65.171227
v  -3.9220734 -0.82539368 -63.027344
v  -3.7373199 -1.1672859 -63.831799
v  -4.0658798 0 -62.401161
v  -3.5725174 -1.0379448 -62.728977
v  -3.6687393 0 -62.309959
v  -3.9696579 -1.0379448 -62.820187
v  -3.1594238 -0.82539368 -64.545959
v  -3.3441925 -1.1672859 -63.741512
v  -3.6054688 0 -62.603844
v  -3.5289536 -0.82539368 -62.93705
v  -3.5525818 -0.82539368 -64.636246
v  -3.9986038 0 -62.69413
v  -3.476059 0 -64.969467
v  -3.4087524 0 -65.262436
v  -3.082901 0 -64.879181
v  -3.6784592 -1.0282097 -68.050583
v  -3.0359879 -1.8165016 -67.679657
v  -3.6784592 -1.8165016 -68.050591
v  -3.0359879 -1.0282097 -66.93779
v  -3.0359879 -1.8165016 -66.93779
v  -3.6784592 -1.8165016 -66.566864
v  -3.6784592 -1.0282097 -66.566856
v  -4.3209381 -1.8165016 -66.937798
v  -4.3209381 -1.0282059 -67.679649
v  -4.3209381 -1.0282097 -66.93779
v  -4.3209381 -1.8165016 -67.679657
v  -3.0359879 -1.0282097 -67.679649
v  -2.0242462 0.53613281 -58.706207
v  -1.5971909 -0.53614044 -58.121956
v  -1.5971909 0.53613281 -58.121956
v  -2.0242462 -0.53614044 -58.7062
v  -1.0732269 -0.53614044 -58.255577
v  -0.85280609 -0.53614044 -58.7062
v  -1.0732269 0.53613281 -58.255585
v  -1.0732269 -0.53614044 -56.268745
v  -0.75035858 -0.53614235 -55.505684
v  -1.5971909 -0.53614044 -55.951897
v  -0.85280609 0.53613281 -58.706207
v  -1.0732269 0.53613281 -56.268753
v  -1.5971909 0.53613281 -55.951904
v  -0.58733368 0.53613281 -55.817024
v  0.30229187 -0.53614044 -55.6241
v  -0.58733368 -0.53614044 -55.817017
v  -0.75035858 0.53613281 -55.505684
v  0.30229187 0.53613281 -55.624107
v  1.4262543 -0.53614044 -55.689255
v  0.30575562 -0.53614044 -55.272675
v  0.30575562 0.53613281 -55.272682
v  1.4262543 0.53613281 -55.689255
v  2.5593262 0.53613281 -55.829109
v  2.3619461 0.53613281 -56.119873
v  1.495636 0.53613472 -55.344727
v  1.495636 -0.53614235 -55.344727
v  2.3619461 -0.53614044 -56.119865
v  2.7416687 0.53613281 -56.404221
v  2.7416687 -0.53614044 -56.404221
v  2.5593262 -0.53614044 -55.829102
v  2.9390793 0.53613281 -56.113449
v  2.9390793 -0.53614044 -56.113449
v  11.009659 -0.79727554 -66.918457
v  11.542519 -0.79727554 -66.77832
v  11.009659 -0.79727554 -66.77832
v  11.542519 -0.47584915 -67.140724
v  11.542519 0 -67.140732
v  11.542519 0 -66.77832
v  11.009659 0 -66.77832
v  11.009659 -0.47584915 -67.140724
v  11.542519 0.79727554 -66.77832
v  11.009659 0.79727173 -66.918465
v  11.009659 0.79727554 -66.77832
v  11.542519 0.47584915 -67.140724
v  11.542519 0.79727173 -66.918465
v  11.009659 0.47584534 -67.140732
v  11.542519 -0.79727554 -66.918457
v  11.009659 0 -67.140732
v  1.3556061 -0.79727554 -66.918465
v  1.8884659 -0.79727554 -66.778328
v  1.3556061 -0.79727554 -66.778328
v  1.8884659 -0.47584915 -67.140732
v  1.8884659 0 -67.140724
v  1.8884659 0 -66.77832
v  1.3556061 0 -66.77832
v  1.3556061 -0.47584915 -67.140732
v  1.8884659 0.79727173 -66.778328
v  1.3556061 0.79727173 -66.918465
v  1.3556061 0.79727173 -66.778328
v  1.8884659 0.47584534 -67.140732
v  1.8884659 0.79727173 -66.918465
v  1.3556061 0.47584534 -67.140732
v  1.8884659 -0.79727554 -66.918465
v  1.3556061 0 -67.140724
v  -4.3263779 0 -65.236694
v  -4.6146545 1.0379486 -64.719223
v  -4.2198868 1.0379486 -64.82016
v  -4.3575287 1.4678802 -63.713623
v  -3.9627609 1.4678802 -63.814568
v  -4.1004105 1.0379448 -62.708031
v  -3.7056427 1.0379486 -62.808968
v  -3.9939041 0 -62.291504
v  -3.5991364 0 -62.392441
v  -4.646698 0 -64.844536
v  -4.5620041 0.82539368 -64.513298
v  -4.0683823 0 -62.582726
v  -4.3575287 1.1672859 -63.713627
v  -4.1530762 0.82539368 -62.913963
v  -3.7622757 0.82539368 -63.013885
v  -4.1712036 0.82539368 -64.61322
v  -3.6775818 0 -62.682648
v  -3.9667206 1.1672859 -63.813549
v  -4.2558975 0 -64.944458
v  -4.7211533 0 -65.135757
v  2.9360352 0.62005997 -54.770267
v  3.1740875 -0.62005997 -56.383442
v  2.9360352 -0.62005806 -54.770264
v  3.2320175 -0.62005806 -54.724632
v  3.9064941 -0.62005997 -56.395348
v  3.2320175 0.62005997 -54.724636
v  3.1740875 0.62005806 -56.383453
v  3.8931961 0.62005615 -57.213821
v  3.9064941 0.62005615 -56.395355
v  3.1607971 -0.62006378 -57.20192
v  3.8931961 -0.62006378 -57.213821
v  3.1607971 0.62005615 -57.20192
v  9.4648666 1.2958527 -70.521072
v  9.642601 1.3984642 -69.526634
v  9.4648666 1.2958527 -69.526634
v  9.642601 1.3984642 -70.521072
v  9.642601 1.6036835 -69.526634
v  9.642601 1.6036835 -70.52108
v  9.4648666 1.706295 -69.526634
v  9.4648666 1.706295 -70.521072
v  9.2871399 1.6036835 -69.526634
v  9.2871399 1.6036835 -70.52108
v  9.2871399 1.3984642 -69.526634
v  9.2871399 1.3984642 -70.52108
v  34.705925 -0.79727173 -66.918457
v  35.238808 -0.79727173 -66.77832
v  34.705925 -0.79727173 -66.77832
v  35.238808 -0.47584534 -67.140724
v  35.238808 3.8146973e-06 -67.140724
v  35.238808 3.8146973e-06 -66.77832
v  34.705925 3.8146973e-06 -66.77832
v  34.705925 -0.47584534 -67.140724
v  35.238808 0.79727554 -66.778313
v  34.705925 0.79727554 -66.918457
v  34.705925 0.79727554 -66.778313
v  35.238808 0.47584915 -67.140717
v  35.238808 0.79727554 -66.918457
v  34.705925 0.47584915 -67.140717
v  35.238808 -0.79727173 -66.918457
v  34.705925 3.8146973e-06 -67.140724
v  27.592606 0.59197998 -72.971771
v  27.70607 -0.59197617 -72.906265
v  27.592606 -0.59197617 -72.971764
v  27.70607 0.59197998 -72.906265
v  27.70607 -0.59197617 -72.775261
v  27.70607 0.59197998 -72.775269
v  27.592606 -0.59197617 -72.709763
v  27.592606 0.59197998 -72.709763
v  27.479164 -0.59197617 -72.775261
v  27.479164 0.59197998 -72.906265
v  27.479164 0.59197998 -72.775269
v  27.479164 -0.59197617 -72.906265
v  46.662201 -0.58650589 -67.171555
v  46.662201 -0.80269623 -65.735123
v  46.662201 -0.58650589 -65.735123
v  46.662201 -0.80269623 -67.171562
v  48.098648 -0.80269623 -65.735123
v  48.098648 -0.58650589 -65.735123
v  47.667152 -0.58650589 -67.942566
v  46.662201 -0.80269623 -67.942574
v  46.662201 -0.58650589 -67.942566
v  48.098648 -0.80269623 -67.171562
v  48.098648 -0.58650589 -67.171555
v  47.667152 -0.80269623 -67.942574
v  46.662201 3.8146973e-06 -67.171562
v  48.098648 3.8146973e-06 -67.171562
v  48.098648 3.8146973e-06 -65.735123
v  46.662201 3.8146973e-06 -65.735123
v  46.662201 0.80270004 -65.735123
v  46.662201 0.5865097 -67.171562
v  46.662201 0.5865097 -65.735123
v  48.098648 0.80270004 -65.735123
v  46.662201 0.80270004 -67.171555
v  48.098648 0.5865097 -65.735123
v  46.662201 0.80270004 -67.942566
v  47.667152 0.5865097 -67.942574
v  46.662201 0.5865097 -67.942574
v  48.098648 0.80270004 -67.171555
v  48.098648 0.5865097 -67.171562
v  47.667152 0.80270004 -67.942566
v  25.400482 1.8289795 -76.547089
v  25.33503 3.8146973e-06 -77.423111
v  24.969337 3.8146973e-06 -77.170036
v  26.441322 -2.5865555 -75.043159
v  25.766159 -1.8289719 -76.800171
v  26.807014 -2.5865555 -75.296242
v  27.482178 -1.8289719 -73.539246
v  27.847855 -1.8289719 -73.79232
v  27.482178 1.8289795 -73.539238
v  28.278976 3.8146973e-06 -73.169373
v  27.847855 1.8289795 -73.79232
v  26.441322 2.5865631 -75.043167
v  25.766159 1.8289795 -76.800171
v  25.400482 -1.8289719 -76.547089
v  27.913307 3.8146973e-06 -72.91629
v  26.806992 2.5865631 -75.296242
v  25.051895 -0.79727173 -66.77832
v  25.584763 -0.79727173 -66.918457
v  25.584763 -0.79727173 -66.77832
v  25.584763 -0.47584534 -67.140724
v  25.584763 0 -67.140724
v  25.584763 0 -66.77832
v  25.051895 0 -66.77832
v  25.051895 -0.47584534 -67.140724
v  25.051895 -0.79727173 -66.918457
v  25.051895 0.79727554 -66.77832
v  25.584763 0.79727554 -66.918457
v  25.051895 0.79727554 -66.918457
v  25.584763 0.47584915 -67.140732
v  25.584763 0.79727554 -66.77832
v  25.051895 0.47584915 -67.140732
v  25.051895 0 -67.140724
v  17.153122 -0.79727554 -66.77832
v  17.686005 -0.79727554 -66.918457
v  17.686005 -0.79727554 -66.77832
v  17.686005 -0.47584915 -67.140724
v  17.686005 0 -67.140724
v  17.686005 0 -66.77832
v  17.153122 0 -66.77832
v  17.153122 -0.47584915 -67.140724
v  17.153122 -0.79727554 -66.918457
v  17.153122 0.79727554 -66.77832
v  17.686005 0.79727554 -66.918465
v  17.153122 0.79727554 -66.918465
v  17.686005 0.47584915 -67.140724
v  17.686005 0.79727554 -66.77832
v  17.153122 0.47584915 -67.140724
v  17.153122 0 -67.140724
v  88.713608 -0.86126328 -63.509457
v  88.713608 1.5258789e-05 -63.349632
v  88.713608 1.5258789e-05 -63.012192
v  88.713608 0.56906128 -63.678177
v  87.970062 7.6293945e-06 -63.34964
v  87.706688 0.56906128 -63.678177
v  88.713608 0.86129379 -63.509457
v  88.713608 0.56906128 -64.335258
v  88.713608 0.86129379 -64.503975
v  88.713608 -0.86126328 -64.503975
v  88.713608 1.5258789e-05 -64.663795
v  88.713608 -0.56903458 -64.335251
v  88.713608 1.5258789e-05 -65.001228
v  88.713608 -0.56903458 -63.678173
v  87.970062 7.6293945e-06 -64.663795
v  87.706688 -0.56903458 -63.678173
v  87.706688 0.56906128 -64.335258
v  87.706688 -0.56903458 -64.335251
v  87.571434 -0.86126709 -63.50946
v  87.571434 0.86128998 -63.50946
v  87.571434 -0.86126328 -64.503975
v  87.970062 7.6293945e-06 -65.001236
v  87.571434 0.86129379 -64.503975
v  87.970062 7.6293945e-06 -63.012199
v  -25.861862 0.66339302 -56.239357
v  -25.56414 -0.66341019 -56.067459
v  -25.861862 -0.66340637 -56.239349
v  -25.56414 0.66339302 -55.723679
v  -25.56414 -0.66341019 -55.723679
v  -25.861862 -0.66341019 -55.551788
v  -26.159592 0.66339302 -55.723679
v  -26.159592 -0.66341019 -55.723679
v  -25.56414 0.66339302 -56.067459
v  -26.159592 -0.66341019 -56.067459
v  -25.861862 0.66339302 -55.551788
v  -26.159592 0.66339302 -56.067459
v  14.520218 -0.79727554 -66.918457
v  15.053078 -0.79727554 -66.77832
v  14.520218 -0.79727554 -66.77832
v  15.053078 -0.47584915 -67.140724
v  15.053078 0 -67.140724
v  15.053078 0 -66.77832
v  14.520218 0 -66.77832
v  14.520218 -0.47584915 -67.140724
v  15.053078 0.79727554 -66.77832
v  14.520218 0.79727554 -66.918465
v  14.520218 0.79727554 -66.77832
v  15.053078 0.47584915 -67.140724
v  15.053078 0.79727554 -66.918465
v  14.520218 0.47584915 -67.140724
v  15.053078 -0.79727554 -66.918457
v  14.520218 0 -67.140724
v  -0.186203 1.1190033 -59.905815
v  0.0091705322 -1.1190109 -59.793015
v  -0.186203 -1.1190109 -59.905815
v  0.0091705322 1.1190033 -59.567406
v  0.0091705322 -1.1190109 -59.567406
v  -0.186203 -1.1190109 -59.454605
v  -0.186203 1.1190033 -59.454597
v  -0.38157654 -1.1190109 -59.567406
v  -0.38157654 1.1190033 -59.793007
v  -0.38157654 1.1190033 -59.567406
v  -0.38157654 -1.1190109 -59.793015
v  0.0091705322 1.1190033 -59.793007
v  9.642601 -1.398468 -69.526634
v  9.4648666 -1.2958565 -70.521072
v  9.4648666 -1.2958565 -69.526627
v  9.642601 -1.6036873 -69.526627
v  9.642601 -1.398468 -70.52108
v  9.4648666 -1.7062988 -69.526634
v  9.642601 -1.6036873 -70.521072
v  9.2871399 -1.6036873 -69.526627
v  9.4648666 -1.7062988 -70.52108
v  9.2871399 -1.6036873 -70.521072
v  9.2871399 -1.398468 -70.521072
v  9.2871399 -1.398468 -69.526634
v  -6.8637543 0 -65.241898
v  -7.1520462 1.0379448 -64.724426
v  -6.7572784 1.0379486 -64.825363
v  -6.8949203 1.4678764 -63.71883
v  -6.5001526 1.4678764 -63.819771
v  -6.6377945 1.0379448 -62.713238
v  -6.2430267 1.0379486 -62.814171
v  -6.5312958 0 -62.296707
v  -6.1365204 0 -62.397644
v  -7.1840897 0 -64.849739
v  -7.0993958 0.82539368 -64.518501
v  -6.605751 0 -62.587929
v  -6.8949203 1.1672859 -63.71883
v  -6.6904449 0.82539368 -62.919167
v  -6.2996674 0.82539368 -63.019089
v  -6.7085953 0.82539368 -64.618423
v  -6.2149734 0 -62.687851
v  -6.5041199 1.1672859 -63.818752
v  -6.7932892 0 -64.949661
v  -7.2585373 0 -65.140961
v  39.094116 -0.79727173 -66.918457
v  39.627007 -0.79727173 -66.77832
v  39.094116 -0.79727173 -66.77832
v  39.627007 -0.47584534 -67.140724
v  39.627007 3.8146973e-06 -67.140724
v  39.627007 3.8146973e-06 -66.77832
v  39.094116 3.8146973e-06 -66.77832
v  39.094116 -0.47584534 -67.140724
v  39.627007 0.79727554 -66.778313
v  39.094116 0.79727936 -66.918449
v  39.094116 0.79727936 -66.778313
v  39.627007 0.47585297 -67.140717
v  39.627007 0.79727936 -66.918449
v  39.094116 0.47585297 -67.140717
v  39.627007 -0.79727173 -66.918457
v  39.094116 3.8146973e-06 -67.140724
v  15.39785 -0.79727554 -66.918457
v  15.930717 -0.79727554 -66.77832
v  15.39785 -0.79727554 -66.77832
v  15.930717 -0.47584915 -67.140724
v  15.930717 0 -67.140724
v  15.930717 0 -66.77832
v  15.39785 0 -66.77832
v  15.39785 -0.47584915 -67.140724
v  15.930717 0.79727554 -66.77832
v  15.39785 0.79727554 -66.918465
v  15.39785 0.79727554 -66.77832
v  15.930717 0.47584915 -67.140724
v  15.930717 0.79727554 -66.918465
v  15.39785 0.47584915 -67.140724
v  15.930717 -0.79727554 -66.918457
v  15.39785 0 -67.140724
v  44.35997 -0.79727173 -66.778313
v  44.892838 -0.79727173 -66.918457
v  44.892838 -0.79727173 -66.778313
v  44.892838 -0.47584152 -67.140717
v  44.892838 3.8146973e-06 -67.140717
v  44.892838 3.8146973e-06 -66.77832
v  44.35997 3.8146973e-06 -66.77832
v  44.35997 -0.47584534 -67.140717
v  44.35997 -0.79727173 -66.918457
v  44.35997 0.79727936 -66.778313
v  44.892838 0.79727936 -66.918449
v  44.35997 0.79727936 -66.918449
v  44.892838 0.47585297 -67.140717
v  44.892838 0.79727936 -66.778313
v  44.35997 0.47585297 -67.140717
v  44.35997 3.8146973e-06 -67.140717
v  3.6929321 -1.4044418 -67.665176
v  4.2035675 -1.913578 -67.370361
v  3.6929321 -1.913578 -67.665169
v  4.2035675 -1.4044418 -66.780739
v  4.2035675 -1.913578 -66.780739
v  3.6929321 -1.4044418 -66.485931
v  3.6929321 -1.913578 -66.485924
v  3.1822968 -1.913578 -66.780739
v  3.1822968 -1.4044418 -66.780739
v  3.1822968 -1.4044418 -67.370361
v  3.1822968 -1.913578 -67.370361
v  4.2035675 -1.4044418 -67.370361
v  2.2348709 -1.461441 -70.043594
v  5.1577759 -1.0333939 -69.010201
v  2.2348709 -1.0333939 -69.010201
v  2.2348709 -3.8146973e-06 -68.582153
v  5.1577759 0 -68.582153
v  2.2348709 1.0333939 -69.010201
v  5.1577759 1.0333939 -69.010201
v  2.2348709 1.4614372 -70.043594
v  5.1577759 1.4614372 -70.043594
v  2.2348709 1.0333939 -71.076988
v  5.1577759 0 -71.505035
v  2.2348709 0 -71.505035
v  5.1577759 1.0333939 -71.076988
v  5.1577759 -1.461441 -70.043594
v  2.2348709 -1.0333939 -71.076988
v  5.1577759 -1.0333939 -71.076988
v  32.950653 -0.79727173 -66.77832
v  33.483521 -0.79727173 -66.918457
v  33.483521 -0.79727173 -66.77832
v  33.483521 -0.47584534 -67.140724
v  33.483521 3.8146973e-06 -67.140724
v  33.483521 3.8146973e-06 -66.77832
v  32.950653 3.8146973e-06 -66.77832
v  32.950653 -0.47584534 -67.140724
v  32.950653 -0.79727173 -66.918457
v  32.950653 0.79727554 -66.778313
v  33.483521 0.79727554 -66.918457
v  32.950653 0.79727554 -66.918457
v  33.483521 0.47584915 -67.140717
v  33.483521 0.79727554 -66.778313
v  32.950653 0.47584915 -67.140717
v  32.950653 3.8146973e-06 -67.140724
v  40.849411 -0.79727173 -66.778313
v  41.382271 -0.79727173 -66.918457
v  41.382271 -0.79727173 -66.778313
v  41.382271 -0.47584534 -67.140724
v  41.382271 3.8146973e-06 -67.140724
v  41.382271 3.8146973e-06 -66.77832
v  40.849411 3.8146973e-06 -66.77832
v  40.849411 -0.47584534 -67.140724
v  40.849411 -0.79727173 -66.918457
v  40.849411 0.79727554 -66.778313
v  41.382271 0.79727936 -66.918449
v  40.849411 0.79727936 -66.918449
v  41.382271 0.47584915 -67.140717
v  41.382271 0.79727554 -66.778313
v  40.849411 0.47585297 -67.140717
v  40.849411 3.8146973e-06 -67.140724
v  -4.324234 0.68444824 -58.527718
v  -7.2379456 -0.68445969 -61.279087
v  -4.324234 -0.68445969 -58.527714
v  2.6845856 -1.0464897 -61.279087
v  2.6845856 1.0464821 -58.52771
v  2.6845856 -1.0464897 -58.527706
v  -3.6958923 1.0464821 -58.527714
v  -3.6958923 -1.0464935 -58.527718
v  -6.6096115 -1.0464935 -61.279091
v  -6.6096344 1.0464821 -61.279087
v  2.6845856 1.0464859 -61.279083
v  -7.2379456 0.68444824 -61.279091
v  10.131996 -0.79727554 -66.918457
v  10.664886 -0.79727554 -66.77832
v  10.131996 -0.79727554 -66.77832
v  10.664886 -0.47584915 -67.140724
v  10.664886 0 -67.140732
v  10.664886 0 -66.77832
v  10.131996 0 -66.77832
v  10.131996 -0.47584915 -67.140724
v  10.664886 0.79727554 -66.77832
v  10.131996 0.79727173 -66.918465
v  10.131996 0.79727173 -66.77832
v  10.664886 0.47584534 -67.140732
v  10.664886 0.79727173 -66.918465
v  10.131996 0.47584534 -67.140732
v  10.664886 -0.79727554 -66.918457
v  10.131996 0 -67.140732
v  -3.0325928 -0.79727554 -66.918472
v  -2.4997177 -0.79727554 -66.778328
v  -3.0325928 -0.79727554 -66.778328
v  -2.4997177 -0.47584915 -67.140732
v  -2.4997177 -3.8146973e-06 -67.140724
v  -2.4997177 -3.8146973e-06 -66.77832
v  -3.0325928 -3.8146973e-06 -66.77832
v  -3.0325928 -0.47584915 -67.140732
v  -2.4997177 0.79727173 -66.778328
v  -3.0325928 0.79727173 -66.918472
v  -3.0325928 0.79727173 -66.778328
v  -2.4997177 0.47584534 -67.140732
v  -2.4997177 0.79727173 -66.918465
v  -3.0325928 0.47584534 -67.140732
v  -2.4997177 -0.79727554 -66.918472
v  -3.0325928 -3.8146973e-06 -67.140724
v  8.6721039 1.7796898 -70.383377
v  8.6721039 1.0637169 -69.667404
v  8.6721039 1.7796898 -69.667404
v  8.6721039 1.0637169 -70.383377
v  11.58532 1.0637169 -69.667412
v  11.58532 1.0637169 -70.383385
v  11.58532 1.7796898 -69.667404
v  11.58532 1.7796898 -70.383377
v  0.47797394 -0.79727554 -66.778328
v  1.0108414 -0.79727554 -66.918465
v  1.0108414 -0.79727554 -66.778328
v  1.0108414 -0.47584915 -67.140732
v  1.0108414 0 -67.140724
v  1.0108414 0 -66.77832
v  0.47797394 0 -66.77832
v  0.47797394 -0.47584915 -67.140732
v  0.47797394 -0.79727554 -66.918465
v  0.47797394 0.79727173 -66.778328
v  1.0108414 0.79727173 -66.918465
v  0.47797394 0.79727173 -66.918465
v  1.0108414 0.47584534 -67.140732
v  1.0108414 0.79727173 -66.778328
v  0.47797394 0.47584534 -67.140732
v  0.47797394 0 -67.140724
v  46.115242 -0.79727173 -66.778313
v  46.648102 -0.79727173 -66.918457
v  46.648102 -0.79727173 -66.778313
v  46.648102 -0.47584152 -67.140717
v  46.648102 3.8146973e-06 -67.140717
v  46.648102 3.8146973e-06 -66.778313
v  46.115242 3.8146973e-06 -66.77832
v  46.115242 -0.47584152 -67.140717
v  46.115242 -0.79727173 -66.918457
v  46.648102 0.79727936 -66.778313
v  46.115242 0.79727936 -66.918449
v  46.115242 0.79727936 -66.778313
v  46.648102 0.47585297 -67.140717
v  46.648102 0.79727936 -66.918449
v  46.115242 0.47585297 -67.140717
v  46.115242 3.8146973e-06 -67.140717
v  10.937332 -1.398468 -69.526634
v  10.759605 -1.2958565 -70.521072
v  10.759605 -1.2958565 -69.526627
v  10.937332 -1.6036873 -69.526627
v  10.937332 -1.398468 -70.52108
v  10.759605 -1.7062988 -69.526634
v  10.937332 -1.6036873 -70.521072
v  10.581894 -1.6036873 -69.526627
v  10.759605 -1.7062988 -70.52108
v  10.581894 -1.6036873 -70.521072
v  10.581894 -1.398468 -69.526634
v  10.581894 -1.398468 -70.52108
v  80.70826 -1.2296181 -63.212543
v  80.396675 -1.0497284 -64.793556
v  80.396675 -1.0497284 -63.21254
v  80.70826 -1.5893974 -63.212543
v  80.70826 -1.2296181 -64.793556
v  80.396675 -1.7692871 -63.21254
v  80.70826 -1.5893974 -64.793556
v  80.085098 -1.5893974 -63.212543
v  80.396675 -1.7692871 -64.793556
v  80.085098 -1.5893974 -64.793556
v  80.085098 -1.2296181 -63.212543
v  80.085098 -1.2296181 -64.793556
v  16.275482 -0.79727554 -66.918457
v  16.80835 -0.79727554 -66.77832
v  16.275482 -0.79727554 -66.77832
v  16.80835 -0.47584915 -67.140724
v  16.80835 0 -67.140724
v  16.80835 0 -66.77832
v  16.275482 0 -66.77832
v  16.275482 -0.47584915 -67.140724
v  16.80835 0.79727554 -66.77832
v  16.275482 0.79727554 -66.918465
v  16.275482 0.79727554 -66.77832
v  16.80835 0.47584915 -67.140724
v  16.80835 0.79727554 -66.918465
v  16.275482 0.47584915 -67.140724
v  16.80835 -0.79727554 -66.918457
v  16.275482 0 -67.140724
v  0.20999146 1.01548 -71.06089
v  -0.68464661 1.4361038 -70.045418
v  0.20999146 1.4361038 -70.045418
v  0.20999146 0 -71.481514
v  -0.68464661 -1.01548 -71.06089
v  -0.68464661 0 -71.481514
v  0.20999146 -3.8146973e-06 -68.609306
v  -0.68464661 -1.01548 -69.02993
v  0.20999146 -1.01548 -69.02993
v  0.20999146 1.01548 -69.02993
v  -0.68464661 1.01548 -69.02993
v  -0.68464661 1.01548 -71.06089
v  0.20999146 -1.4361076 -70.04541
v  0.20999146 -1.01548 -71.06089
v  -0.68464661 -1.4361076 -70.04541
v  -0.68464661 -3.8146973e-06 -68.609306
v  -5.692749 -3.8146973e-06 -68.104546
v  -6.2314148 -1.3724022 -68.673012
v  -5.692749 -1.3724022 -68.673012
v  -6.2314148 1.9408607 -70.04541
v  -6.2314148 1.0611267 -71.106544
v  -6.2314148 1.5006599 -70.04541
v  -5.692749 1.3723946 -68.673019
v  -6.2314148 1.3723946 -68.673019
v  -5.692749 1.3723946 -71.417809
v  -6.2314148 -3.8146973e-06 -71.986275
v  -6.2314148 1.3723946 -71.417809
v  -5.692749 -1.9408684 -70.04541
v  -6.2314148 -1.3724022 -71.417809
v  -5.692749 -1.3724022 -71.417809
v  -6.2314148 -1.9408684 -70.04541
v  -6.2314148 -3.8146973e-06 -68.104546
v  -5.692749 1.9408607 -70.04541
v  -5.692749 -3.8146973e-06 -71.986275
v  -6.2314148 -1.5006676 -70.04541
v  -5.6559448 -1.0611305 -68.984283
v  -5.6559448 -1.5006676 -70.04541
v  -6.2314148 -3.8146973e-06 -71.546074
v  -6.2314148 -3.8146973e-06 -68.544746
v  -6.2314148 -1.0611343 -68.984283
v  -6.2314148 1.0611267 -68.984283
v  -6.2314148 -1.0611343 -71.106544
v  -5.6559448 -3.8146973e-06 -68.544746
v  -5.6559448 1.5006599 -70.04541
v  -5.6559448 -1.0611343 -71.106544
v  -5.6559448 -3.8146973e-06 -71.546074
v  -5.6559448 1.0611267 -68.984283
v  -5.6559448 1.0611267 -71.106544
v  -4.2095413 -1.3724022 -71.417809
v  -4.2095413 -3.8146973e-06 -71.986275
v  -4.2095413 1.9408607 -70.04541
v  -4.2095413 -3.8146973e-06 -68.104546
v  -4.2095413 -1.3724022 -68.673012
v  -4.2095413 -1.9408684 -70.04541
v  -4.2095413 1.3723946 -71.417809
v  -4.2095413 1.3723946 -68.673012
v  0.49626923 -1.2352943 -70.04541
v  13.01545 -0.87348175 -70.918892
v  13.01545 -1.2352905 -70.04541
v  0.49626923 -0.87348557 -70.9189
v  13.01545 0 -71.280708
v  0.49626923 0 -71.280701
v  13.01545 0.87348557 -70.9189
v  0.49626923 1.2352905 -70.045418
v  13.01545 1.2352943 -70.04541
v  13.01545 0.87348557 -69.171928
v  0.49626923 0.87348175 -69.171928
v  13.01545 0 -68.81012
v  0.49626923 -3.8146973e-06 -68.81012
v  13.01545 -0.87348175 -69.171928
v  0.49626923 -0.87348557 -69.171936
v  19.633766 2.4880905 -70.04541
v  19.633766 1.759346 -71.804756
v  19.633766 -1.7593422 -71.804756
v  26.031403 3.8146973e-06 -72.533493
v  26.031403 -1.7593422 -71.804749
v  19.633766 -1.7593422 -68.286072
v  19.633766 3.8146973e-06 -67.55732
v  19.633766 -2.4880867 -70.04541
v  19.633766 3.8146973e-06 -72.533501
v  19.633766 1.759346 -68.286064
v  26.031403 -1.7593422 -68.286064
v  26.031403 3.8146973e-06 -67.557327
v  26.031403 2.4880905 -70.04541
v  26.031403 -2.4880867 -70.045403
v  26.031403 1.759346 -68.286064
v  26.031403 1.7593498 -71.804756
v  0.49626923 0.87348175 -70.9189
v  -0.95304108 -1.5706711 -70.045418
v  -0.95304108 1.11063 -68.934784
v  -0.95304108 -3.8146973e-06 -68.474747
v  -0.95304108 1.5706673 -70.045418
v  -0.95304108 -1.1106339 -71.156044
v  -0.95304108 0 -71.616081
v  -0.95304108 -1.1106339 -68.934784
v  -0.95304108 1.11063 -71.156044
v  -1.1700287 -1.4678764 -63.810986
v  -0.54055786 -1.0379448 -64.7314
v  -0.77289581 -1.4678764 -63.719776
v  -0.93769836 -1.0379448 -64.822601
v  -0.44433594 0 -65.150414
v  -1.3547745 -0.82539368 -63.006531
v  -1.1700287 -1.1672821 -63.810982
v  -1.4985809 0 -62.380356
v  -1.0052185 -1.0379448 -62.708164
v  -1.1014633 0 -62.289146
v  -1.4023438 -1.0379448 -62.799374
v  -0.59213257 -0.82539368 -64.525146
v  -0.77688599 -1.1672821 -63.720695
v  -1.4312897 0 -62.673325
v  -0.9616394 -0.82539368 -62.916245
v  -0.9852829 -0.82539368 -64.61544
v  -0.90875244 0 -64.948654
v  -0.84147644 0 -65.241623
v  -0.51560211 0 -64.858368
v  -1.0381699 0 -62.583031
v  20.663681 -0.79727173 -66.918457
v  21.196571 -0.79727554 -66.77832
v  20.663681 -0.79727554 -66.77832
v  21.196571 -0.47584534 -67.140724
v  21.196571 0 -67.140724
v  21.196571 0 -66.77832
v  20.663681 0 -66.77832
v  20.663681 -0.47584534 -67.140724
v  21.196571 0.79727554 -66.778328
v  20.663681 0.79727554 -66.918465
v  20.663681 0.79727554 -66.778328
v  21.196571 0.47584915 -67.140732
v  21.196571 0.79727554 -66.918465
v  20.663681 0.47584915 -67.140724
v  21.196571 -0.79727173 -66.918457
v  20.663681 0 -67.140724
v  0.3347702 0.68867493 -67.690941
v  -0.65221405 0.52781677 -67.690941
v  -0.65221405 0.68867493 -67.690941
v  -3.2565765 0.52781677 -67.690941
v  -3.2565765 0.68867493 -67.690941
v  0.3347702 0.52781677 -67.147469
v  -0.65221405 0.68867493 -67.147469
v  -0.65221405 0.52781677 -67.147469
v  0.3347702 0.68867493 -67.147469
v  -3.9030838 0.52781677 -67.147469
v  -3.9030838 0.68867493 -67.690941
v  -3.9030838 0.52781677 -67.690941
v  0.3347702 0.52781677 -67.690933
v  -3.2565765 0.68867493 -67.147469
v  -3.2565765 0.52781677 -67.147469
v  -0.65221405 0 -67.690933
v  -0.65221405 0.52781677 -67.152077
v  -0.65221405 0 -67.152069
v  -0.65221405 0 -67.147461
v  0.3347702 0 -67.690933
v  0.3347702 0 -67.147461
v  -3.9030838 0 -67.147469
v  -3.9030838 0 -67.690941
v  -3.2565765 0 -67.147469
v  -3.9030838 0.68867874 -67.147469
v  -3.2565765 0.52781677 -67.152077
v  -3.2565765 0 -67.152077
v  -3.2565765 0 -67.690941
v  -0.65221405 -0.52781677 -67.147461
v  0.008895874 -0.68867874 -67.147461
v  0.3347702 -0.32552338 -67.147461
v  -3.2565765 -0.52781677 -67.690941
v  -0.65221405 -0.68867874 -67.690933
v  -3.2565765 -0.68867493 -67.690933
v  -3.9030838 -0.68867493 -67.690941
v  -3.9030838 -0.52781677 -67.147469
v  -3.9030838 -0.52781677 -67.690941
v  -0.65221405 -0.52781677 -67.690933
v  0.008895874 -0.68867874 -67.690933
v  -3.2565765 -0.68867493 -67.147461
v  -0.65221405 -0.68867493 -67.147461
v  -3.2565765 -0.52781677 -67.147469
v  -0.65221405 -0.52781677 -67.152069
v  0.3347702 -0.32552338 -67.690933
v  -3.9030838 -0.68867493 -67.147469
v  -3.2565765 -0.52781677 -67.152077
v  32.073021 -0.79727173 -66.918457
v  32.605881 -0.79727173 -66.77832
v  32.073021 -0.79727173 -66.77832
v  32.605881 -0.47584534 -67.140724
v  32.605881 3.8146973e-06 -67.140724
v  32.605881 3.8146973e-06 -66.77832
v  32.073021 0 -66.77832
v  32.073021 -0.47584534 -67.140724
v  32.605881 0.79727554 -66.778313
v  32.073021 0.79727554 -66.918457
v  32.073021 0.79727554 -66.778313
v  32.605881 0.47584915 -67.140717
v  32.605881 0.79727554 -66.918457
v  32.073021 0.47584915 -67.140717
v  32.605881 -0.79727173 -66.918457
v  32.073021 3.8146973e-06 -67.140724
v  23.296608 -0.79727173 -66.918457
v  23.829475 -0.79727554 -66.77832
v  23.296608 -0.79727554 -66.77832
v  23.829475 -0.47584534 -67.140724
v  23.829475 0 -67.140724
v  23.829475 0 -66.77832
v  23.296608 0 -66.77832
v  23.296608 -0.47584534 -67.140724
v  23.829475 0.79727554 -66.77832
v  23.296608 0.79727554 -66.918457
v  23.296608 0.79727554 -66.77832
v  23.829475 0.47584915 -67.140732
v  23.829475 0.79727554 -66.918457
v  23.296608 0.47584915 -67.140732
v  23.829475 -0.79727173 -66.918457
v  23.296608 0 -67.140724
v  7.4990997 -0.79727554 -66.918472
v  8.0319595 -0.79727554 -66.77832
v  7.4990997 -0.79727554 -66.77832
v  8.0319595 -0.47584915 -67.140724
v  8.0319595 0 -67.140724
v  8.0319595 0 -66.77832
v  7.4990997 0 -66.77832
v  7.4990997 -0.47584915 -67.140724
v  8.0319595 0.79727173 -66.77832
v  7.4990997 0.79727173 -66.918465
v  7.4990997 0.79727173 -66.778328
v  8.0319595 0.47584534 -67.140732
v  8.0319595 0.79727173 -66.918465
v  7.4990997 0.47584534 -67.140732
v  8.0319595 -0.79727554 -66.918472
v  7.4990997 0 -67.140724
v  6.761673 -1.131424 -72.078163
v  7.7415161 -0.56571198 -69.815315
v  6.761673 -1.131424 -69.815315
v  7.7415161 -0.56571198 -72.078163
v  7.7415161 0.56571198 -69.815315
v  7.7415161 0.56571198 -72.078156
v  6.761673 1.131424 -69.815308
v  6.761673 1.131424 -72.078156
v  5.7818451 0.56571198 -69.815308
v  6.761673 -1.6454124 -72.114967
v  8.1866302 -0.82270432 -72.114975
v  5.7818451 0.56571198 -72.078156
v  5.7818451 -0.56571198 -69.815315
v  5.7818451 -0.56571198 -72.078163
v  5.3367081 -0.82270432 -72.114967
v  6.761673 -1.6454124 -73.115959
v  6.761673 1.6454124 -72.114967
v  5.3367081 0.82270432 -72.114967
v  8.1866302 0.82270432 -72.114967
v  6.761673 1.6454124 -73.115959
v  8.1866302 0.82270432 -73.115959
v  5.3367081 0.82270432 -73.115959
v  5.3367081 -0.82270432 -73.115959
v  8.1866302 -0.82270432 -73.115967
v  39.971771 -0.79727173 -66.918457
v  40.504639 -0.79727173 -66.77832
v  39.971771 -0.79727173 -66.77832
v  40.504639 -0.47584534 -67.140724
v  40.504639 3.8146973e-06 -67.140724
v  40.504639 3.8146973e-06 -66.77832
v  39.971771 3.8146973e-06 -66.77832
v  39.971771 -0.47584534 -67.140724
v  40.504639 0.79727554 -66.778313
v  39.971771 0.79727936 -66.918449
v  39.971771 0.79727554 -66.778313
v  40.504639 0.47585297 -67.140717
v  40.504639 0.79727936 -66.918449
v  39.971771 0.47585297 -67.140717
v  40.504639 -0.79727173 -66.918457
v  39.971771 3.8146973e-06 -67.140724
v  -6.20784 -0.31919479 -72.454079
v  -5.8966446 -0.31919479 -72.399071
v  -5.9534073 -0.31919479 -72.290375
v  -6.3046875 -0.021320343 -72.311775
v  -5.997818 0.31919098 -72.762642
v  -6.3046875 0.021316528 -72.311768
v  -5.8966446 0.31919098 -72.399071
v  -6.20784 0.31919098 -72.454071
v  -5.9534073 0.31919098 -72.290367
v  -6.0333862 0.021316528 -72.137215
v  -6.0333862 -0.021320343 -72.137215
v  -5.997818 -0.31919479 -72.76265
v  -28.969276 -7.6293945e-06 -60.447754
v  -28.785751 1.2628288 -58.981171
v  -28.785751 -7.6293945e-06 -58.981171
v  -30.202904 1.2628288 -58.838097
v  -28.695366 1.1007042 -57.532528
v  -30.63929 1.4716301 -61.67384
v  -28.948639 1.4716301 -63.059315
v  -31.089462 1.4716301 -62.889034
v  -30.693405 0.88709259 -60.285004
v  -30.935867 -7.6293945e-06 -61.644478
v  -30.693405 -7.6293945e-06 -60.284996
v  -29.069916 1.4716301 -64.280136
v  -31.210732 1.4716301 -64.109863
v  -30.935867 0.88709259 -61.644478
v  -31.388115 -7.6293945e-06 -62.865273
v  -31.509399 0.88709259 -64.086105
v  -30.885025 -7.6293945e-06 -65.140907
v  -31.509399 -7.6293945e-06 -64.086098
v  -30.766762 1.4716301 -64.385132
v  -31.388115 0.88709259 -62.86528
v  -28.795921 -7.6293945e-06 -65.447563
v  -28.795921 0.88709259 -65.447563
v  -28.868439 1.4716301 -64.663773
v  -28.695366 -7.6293945e-06 -57.532524
v  -28.560478 0.96352005 -56.637592
v  -28.560478 -7.6293945e-06 -56.637581
v  -30.499474 -7.6293945e-06 -58.808151
v  -30.633209 0.51616669 -57.410133
v  -30.499474 0.67829132 -58.808151
v  -29.938759 -7.6293945e-06 -54.981743
v  -28.618584 0.24938011 -54.638535
v  -29.938759 0.2493782 -54.981747
v  -30.833893 -7.6293945e-06 -56.067696
v  -30.833893 0.37898064 -56.067696
v  -28.492226 0.83391571 -55.502884
v  -28.256523 -9.5367432e-06 -54.97197
v  -28.492226 -7.6293945e-06 -55.502876
v  -28.469986 0.83391571 -54.775383
v  -28.256523 0.83391762 -54.971977
v  -29.655861 0.83391762 -55.083672
v  -30.33773 1.1007042 -57.428799
v  -30.633209 -7.6293945e-06 -57.410126
v  -29.017761 -7.6293945e-06 -61.834351
v  -29.017761 1.4716301 -61.834347
v  -28.948639 -7.6293945e-06 -63.059319
v  -28.969276 1.4716301 -60.447758
v  -30.396591 1.4716301 -60.313023
v  -30.885025 0.88709259 -65.140907
v  -30.529831 0.96351814 -56.143921
v  -28.785751 -1.2628441 -58.981174
v  -28.695366 -1.1007233 -57.532532
v  -30.202904 -1.2628441 -58.8381
v  -30.63929 -1.4716454 -61.673832
v  -28.948639 -1.4716454 -63.059315
v  -29.017761 -1.4716454 -61.834347
v  -30.693405 -0.88710785 -60.284996
v  -31.089462 -1.4716454 -62.889027
v  -29.069916 -1.4716454 -64.280144
v  -30.935867 -0.88710785 -61.644478
v  -31.509399 -0.88710785 -64.086098
v  -30.766762 -1.4716454 -64.385124
v  -31.210732 -1.4716454 -64.109856
v  -31.388115 -0.88710785 -62.865273
v  -28.868439 -1.4716454 -64.66378
v  -29.069916 -7.6293945e-06 -64.280136
v  -28.795921 -0.88710785 -65.447563
v  -28.560455 -0.96353531 -56.637585
v  -30.633209 -0.51618576 -57.41013
v  -30.499474 -0.67830658 -58.808159
v  -28.618584 -0.24939728 -54.638535
v  -29.938759 -0.24939728 -54.981743
v  -30.833893 -0.3789978 -56.067696
v  -28.492226 -0.83393478 -55.50288
v  -28.469986 -0.83393478 -54.775379
v  -28.256523 -0.83393288 -54.971973
v  -29.655861 -0.83393288 -55.083668
v  -30.529831 -0.96353531 -56.143917
v  -30.33773 -1.1007195 -57.428795
v  -28.969276 -1.4716454 -60.44775
v  -30.396591 -1.4716454 -60.313015
v  -30.885025 -0.88710785 -65.1409
v  -28.618584 -9.5367432e-06 -54.638535
v  38.216484 -0.79727173 -66.918457
v  38.749367 -0.79727173 -66.77832
v  38.216484 -0.79727173 -66.77832
v  38.749367 -0.47584534 -67.140724
v  38.749367 3.8146973e-06 -67.140724
v  38.749367 3.8146973e-06 -66.77832
v  38.216484 3.8146973e-06 -66.77832
v  38.216484 -0.47584534 -67.140724
v  38.749367 0.79727936 -66.778313
v  38.216484 0.79727936 -66.918449
v  38.216484 0.79727936 -66.778313
v  38.749367 0.47585297 -67.140717
v  38.749367 0.79727936 -66.918449
v  38.216484 0.47584915 -67.140717
v  38.749367 -0.79727173 -66.918457
v  38.216484 3.8146973e-06 -67.140724
v  27.480217 0.49573898 -73.084206
v  27.060585 -0.49573898 -72.563263
v  27.060585 0.49573898 -72.563263
v  27.480217 -0.49573898 -73.084206
v  27.876411 -0.49573898 -72.563263
v  27.876411 -0.49573898 -73.084206
v  27.876411 0.49573898 -72.563263
v  27.060585 0.4957428 -72.386269
v  27.876411 0.49573898 -73.084206
v  27.876411 -0.49573898 -72.386269
v  27.060585 -0.49573898 -72.386269
v  27.876411 0.4957428 -72.386269
v  -2.4614944 -1.4678764 -63.835697
v  -1.832016 -1.0379448 -64.756104
v  -2.0643539 -1.4678764 -63.744488
v  -2.2291489 -1.0379448 -64.847313
v  -1.7357864 0 -65.175125
v  -2.6462173 -0.82539368 -63.031242
v  -2.4614944 -1.1672859 -63.835697
v  -2.7900314 0 -62.405067
v  -2.296669 -1.0379448 -62.732876
v  -2.3929138 0 -62.313858
v  -2.6938095 -1.0379448 -62.824085
v  -1.8835831 -0.82539368 -64.549858
v  -2.0683365 -1.1672859 -63.745411
v  -2.3296204 0 -62.607742
v  -2.2530975 -0.82539368 -62.940956
v  -2.2767334 -0.82539368 -64.640144
v  -2.7227554 0 -62.698029
v  -2.2002106 0 -64.973366
v  -2.1329269 0 -65.266335
v  -1.8070755 0 -64.88308
v  88.060532 0.66879272 -64.346497
v  86.96167 2.8058128 -65.533371
v  86.96167 2.8058128 -62.480061
v  81.259377 2.805809 -62.480061
v  82.387924 7.6293945e-06 -62.480064
v  82.387924 7.6293945e-06 -65.533379
v  81.259377 2.8058128 -65.533379
v  84.003983 2.8058128 -62.644299
v  81.088844 2.5264015 -62.480061
v  81.818771 1.1068802 -64.574722
v  81.884003 0.98004913 -63.335869
v  84.003983 2.8058128 -65.369141
v  87.649582 0.78638458 -64.380051
v  88.013458 1.1444092e-05 -65.369141
v  88.013458 7.6293945e-06 -64.816605
v  85.49527 0.66904831 -63.626148
v  85.509239 0.63884735 -64.419571
v  84.506523 2.8058128 -65.369141
v  82.846809 7.6293945e-06 -62.644302
v  81.548477 2.8058128 -62.644299
v  86.715134 2.8058128 -62.644299
v  85.804855 7.6293945e-06 -62.644302
v  84.5065 2.8058128 -62.644299
v  82.846809 7.6293945e-06 -65.369141
v  85.302307 7.6293945e-06 -65.369141
v  82.543159 0.65623093 -64.389297
v  81.548477 2.8058128 -65.369141
v  86.715134 2.8058128 -65.369148
v  85.804855 7.6293945e-06 -65.369141
v  85.302307 7.6293945e-06 -62.644302
v  85.001373 0.65035248 -63.634277
v  87.711853 0.65180969 -63.520149
v  88.013458 7.6293945e-06 -62.644302
v  88.013458 7.6293945e-06 -63.182037
v  86.96167 -2.8057938 -62.480057
v  88.060532 -0.66877747 -64.346497
v  88.070053 -0.6502533 -63.468773
v  81.259377 -2.8057938 -62.480057
v  81.259377 -2.8057938 -65.533379
v  81.088867 -2.5263863 -65.533379
v  86.715134 -2.8057938 -62.644295
v  86.715134 -2.8057938 -65.369141
v  81.088844 -2.5263863 -62.480061
v  81.818771 -1.1068611 -64.574722
v  86.96167 -2.8057938 -65.533379
v  84.506523 -2.8057938 -65.369141
v  84.003983 -2.8057938 -65.369141
v  87.649582 -0.78636551 -64.380051
v  85.509239 -0.63882828 -64.419571
v  85.49527 -0.66902924 -63.626144
v  84.003983 -2.8057938 -62.644295
v  81.548477 -2.8057938 -62.644295
v  84.506523 -2.8057938 -62.644295
v  81.548477 -2.8057938 -65.369141
v  82.543159 -0.65621567 -64.389297
v  82.569229 -0.59987259 -63.546001
v  85.001373 -0.6503334 -63.634274
v  84.99501 -0.66407394 -64.456085
v  87.711853 -0.65179062 -63.520145
v  88.404419 7.6293945e-06 -62.480064
v  88.070053 0.65027237 -63.468773
v  88.404419 7.6293945e-06 -63.16317
v  88.404419 7.6293945e-06 -65.533379
v  88.404419 7.6293945e-06 -64.790604
v  81.088844 2.5264015 -65.533379
v  82.387924 7.6293945e-06 -65.119995
v  82.387924 7.6293945e-06 -62.667786
v  85.804855 7.6293945e-06 -63.268944
v  85.804855 7.6293945e-06 -64.769264
v  82.569229 0.59988785 -63.546001
v  82.846809 7.6293945e-06 -63.227837
v  82.846809 7.6293945e-06 -64.782494
v  84.99501 0.66409302 -64.456085
v  85.302307 7.6293945e-06 -64.797569
v  85.302307 7.6293945e-06 -63.253265
v  81.884003 -0.98003387 -63.335869
v  3.988533 -0.79727554 -66.918472
v  4.5214081 -0.79727554 -66.778328
v  3.988533 -0.79727554 -66.778328
v  4.5214081 -0.47584915 -67.140732
v  4.5214081 0 -67.140724
v  4.5214081 0 -66.77832
v  3.988533 0 -66.77832
v  3.988533 -0.47584915 -67.140732
v  4.5214081 -0.79727554 -66.918472
v  4.5214081 0.79727173 -66.778328
v  3.988533 0.79727173 -66.918465
v  3.988533 0.79727173 -66.778328
v  4.5214081 0.47584534 -67.140732
v  4.5214081 0.79727173 -66.918465
v  3.988533 0.47584534 -67.140732
v  3.988533 0 -67.140724
v  -2.154953 -0.79727554 -66.918472
v  -1.6220551 -0.79727554 -66.778328
v  -2.154953 -0.79727554 -66.778328
v  -1.6220551 -0.47584915 -67.140732
v  -1.6220551 -3.8146973e-06 -67.140724
v  -1.6220551 -3.8146973e-06 -66.77832
v  -2.154953 -3.8146973e-06 -66.77832
v  -2.154953 -0.47584915 -67.140732
v  -2.154953 0.79727173 -66.778328
v  -1.6220551 0.79727173 -66.918465
v  -2.154953 0.79727173 -66.918465
v  -1.6220551 0.47584534 -67.140732
v  -1.6220551 0.79727173 -66.778328
v  -2.154953 0.47584534 -67.140732
v  -1.6220551 -0.79727554 -66.918472
v  -2.154953 -3.8146973e-06 -67.140724
v  22.418968 -0.79727173 -66.918457
v  22.951836 -0.79727554 -66.77832
v  22.418968 -0.79727554 -66.77832
v  22.951836 -0.47584534 -67.140724
v  22.951836 0 -67.140724
v  22.951836 0 -66.77832
v  22.418968 0 -66.77832
v  22.418968 -0.47584534 -67.140724
v  22.951836 0.79727554 -66.77832
v  22.418968 0.79727554 -66.918465
v  22.418968 0.79727554 -66.778328
v  22.951836 0.47584915 -67.140732
v  22.951836 0.79727554 -66.918457
v  22.418968 0.47584915 -67.140732
v  22.951836 -0.79727173 -66.918457
v  22.418968 0 -67.140724
v  3.1109009 -0.79727554 -66.918472
v  3.6437683 -0.79727554 -66.778328
v  3.1109009 -0.79727554 -66.778328
v  3.6437683 -0.47584915 -67.140732
v  3.6437683 0 -67.140724
v  3.6437683 0 -66.77832
v  3.1109009 0 -66.77832
v  3.1109009 -0.47584915 -67.140732
v  3.6437683 0.79727173 -66.778328
v  3.1109009 0.79727173 -66.918465
v  3.1109009 0.79727173 -66.778328
v  3.6437683 0.47584534 -67.140732
v  3.6437683 0.79727173 -66.918465
v  3.1109009 0.47584534 -67.140732
v  3.6437683 -0.79727554 -66.918472
v  3.1109009 0 -67.140724
v  3.2208557 -1.398468 -69.526634
v  3.0431442 -1.2958565 -70.52108
v  3.0431442 -1.2958565 -69.526634
v  3.2208557 -1.6036873 -69.526634
v  3.2208557 -1.398468 -70.52108
v  3.0431442 -1.7062988 -69.526634
v  3.2208557 -1.6036873 -70.52108
v  2.8654175 -1.6036873 -69.526634
v  3.0431442 -1.7062988 -70.52108
v  2.8654175 -1.6036873 -70.52108
v  2.8654175 -1.398468 -69.526634
v  2.8654175 -1.398468 -70.52108
v  -8.2148819 0 -65.23381
v  -8.5031509 1.0379486 -64.716331
v  -8.1083755 1.0379448 -64.817276
v  -8.2460251 1.4678764 -63.710739
v  -7.851265 1.4678802 -63.811676
v  -7.9889145 1.0379448 -62.705151
v  -7.5941391 1.0379448 -62.806084
v  -7.8823929 0 -62.288612
v  -7.4876328 0 -62.389557
v  -8.535202 0 -64.841644
v  -8.4505081 0.82539368 -64.510414
v  -7.956871 0 -62.579842
v  -8.2460251 1.1672859 -63.710735
v  -8.0415802 0.82539368 -62.911072
v  -7.8552399 1.1672859 -63.810658
v  -7.6507721 0.82539368 -63.010994
v  -8.0597 0.82539368 -64.610336
v  -7.5660858 0 -62.679764
v  -8.1443939 0 -64.941566
v  -8.6096497 0 -65.132866
v  13.642563 -0.79727554 -66.918457
v  14.175446 -0.79727554 -66.77832
v  13.642563 -0.79727554 -66.77832
v  14.175446 -0.47584915 -67.140724
v  14.175446 0 -67.140724
v  14.175446 0 -66.77832
v  13.642563 0 -66.77832
v  13.642563 -0.47584915 -67.140724
v  14.175446 0.79727554 -66.77832
v  13.642563 0.79727554 -66.918465
v  13.642563 0.79727554 -66.77832
v  14.175446 0.47584915 -67.140724
v  14.175446 0.79727554 -66.918465
v  13.642563 0.47584915 -67.140724
v  14.175446 -0.79727554 -66.918457
v  13.642563 0 -67.140724
v  28.150986 1.5715828 -65.168884
v  27.916649 1.2072144 -65.340652
v  28.150986 1.3216515 -65.058853
v  26.487183 1.8256149 -64.615501
v  27.916649 1.5505257 -64.495247
v  26.487183 1.5505257 -64.495247
v  27.916649 1.4445686 -65.445587
v  26.487183 1.2072144 -65.340652
v  27.916649 1.8256149 -64.615501
v  28.150986 1.4360886 -64.777046
v  28.150986 1.6986008 -64.892189
v  30.64138 1.5715866 -65.168884
v  30.407036 1.2072144 -65.340652
v  30.64138 1.3216515 -65.058853
v  28.977547 1.8256149 -64.615501
v  30.407036 1.5505257 -64.495247
v  28.977547 1.5505257 -64.495247
v  30.407036 1.4445686 -65.445587
v  28.977547 1.2072144 -65.340652
v  30.407036 1.8256149 -64.615501
v  30.64138 1.4360886 -64.777046
v  30.64138 1.6986008 -64.892189
v  33.131744 1.5715866 -65.168884
v  32.8974 1.2072144 -65.340652
v  33.131744 1.3216515 -65.058846
v  31.467934 1.8256149 -64.615501
v  32.8974 1.5505257 -64.495239
v  31.467934 1.5505257 -64.495239
v  32.8974 1.4445724 -65.44558
v  31.467934 1.2072144 -65.340652
v  32.8974 1.8256149 -64.615501
v  33.131744 1.4360886 -64.777046
v  33.131744 1.6986008 -64.892189
v  35.622131 1.5715866 -65.168884
v  35.387787 1.2072144 -65.340652
v  35.622131 1.3216515 -65.058846
v  33.958305 1.8256149 -64.615501
v  35.387787 1.5505257 -64.495239
v  33.958305 1.5505257 -64.495239
v  35.387787 1.4445724 -65.44558
v  33.958305 1.2072144 -65.340652
v  35.387787 1.8256149 -64.615501
v  35.622131 1.4360886 -64.777046
v  35.622131 1.6986008 -64.892189
v  38.112503 1.5715866 -65.168884
v  37.878181 1.2072144 -65.340652
v  38.112503 1.3216515 -65.058846
v  36.448692 1.8256149 -64.615501
v  37.878181 1.5505257 -64.495239
v  36.448692 1.5505257 -64.495239
v  36.448715 1.4445724 -65.44558
v  36.448692 1.2072144 -65.340652
v  37.878181 1.8256149 -64.615501
v  38.112503 1.4360886 -64.777046
v  38.112503 1.6986008 -64.892197
v  38.112503 1.6210976 -65.061028
v  40.60289 1.5715866 -65.168892
v  40.368546 1.2072144 -65.340652
v  40.60289 1.3216515 -65.058846
v  38.939079 1.8256149 -64.615501
v  40.368546 1.5505257 -64.495239
v  38.939079 1.5505257 -64.495239
v  40.368546 1.4445724 -65.44558
v  38.939079 1.2072144 -65.340652
v  40.368546 1.8256149 -64.615501
v  40.60289 1.4360886 -64.777046
v  40.60289 1.6986008 -64.892197
v  43.093277 1.5715866 -65.168892
v  42.858917 1.2072144 -65.340652
v  43.093277 1.3216515 -65.058846
v  41.429451 1.8256149 -64.615501
v  42.858917 1.5505257 -64.495239
v  41.429451 1.5505257 -64.495239
v  42.858917 1.4445724 -65.445587
v  41.429451 1.2072144 -65.340652
v  42.858917 1.8256149 -64.615501
v  43.093277 1.4360924 -64.777046
v  43.093277 1.6986008 -64.892197
v  43.093277 1.6210976 -65.061028
v  45.583649 1.5715866 -65.168892
v  45.349304 1.2072182 -65.340652
v  45.583649 1.3216553 -65.058846
v  43.919838 1.8256149 -64.615501
v  45.349304 1.5505257 -64.495239
v  43.919838 1.5505257 -64.495239
v  43.919838 1.4445724 -65.445587
v  43.919838 1.2072144 -65.340652
v  45.349304 1.8256149 -64.615501
v  45.583649 1.4360924 -64.777046
v  45.583649 1.6986008 -64.892197
v  48.83857 1.7744827 -63.889015
v  48.83857 2.1591034 -62.748474
v  48.83857 1.7744827 -62.748474
v  -6.5251083 2.1590958 -63.889023
v  -29.168953 2.1590919 -62.748486
v  -6.5251083 2.1590958 -62.748482
v  48.266228 2.1591034 -62.748474
v  48.266228 1.7744827 -62.748474
v  -29.168953 0.91576004 -66.165154
v  48.83857 1.1142616 -66.165146
v  48.83857 0.91576767 -66.165146
v  -29.168953 1.7744713 -63.889027
v  -29.168953 1.114254 -66.165154
v  33.958305 1.4445724 -65.44558
v  48.83857 3.8146973e-06 -63.889011
v  -29.168953 -7.6293945e-06 -62.748482
v  -29.168953 1.7744713 -62.748486
v  38.704735 1.3216515 -65.058846
v  38.704735 1.5715866 -65.168892
v  38.704735 1.6494675 -64.999229
v  31.233597 1.4360886 -64.777046
v  31.233597 1.6986008 -64.892189
v  31.233597 1.5715866 -65.168884
v  31.467934 1.4445724 -65.44558
v  28.743202 1.5715866 -65.168884
v  28.977547 1.4445686 -65.445587
v  28.743202 1.6986008 -64.892189
v  28.743202 1.3216515 -65.058853
v  38.704735 1.4360886 -64.777046
v  38.704735 1.6986008 -64.892197
v  43.685493 1.5715866 -65.168892
v  26.252838 1.5715828 -65.168892
v  26.487183 1.4445686 -65.445587
v  38.939079 1.4445724 -65.44558
v  41.195107 1.4360886 -64.777046
v  41.195107 1.6986008 -64.892197
v  31.233597 1.3216515 -65.058846
v  33.723961 1.6986008 -64.892189
v  33.723961 1.3216515 -65.058846
v  33.723961 1.5715866 -65.168884
v  26.252838 1.4360886 -64.777046
v  26.252838 1.698597 -64.892197
v  33.723961 1.4360886 -64.777046
v  36.214348 1.4360886 -64.777046
v  36.214348 1.6986008 -64.892189
v  41.195107 1.3216515 -65.058846
v  41.195107 1.5715866 -65.168892
v  26.252838 1.3216515 -65.058853
v  28.743202 1.4360886 -64.777046
v  36.214348 1.3216515 -65.058846
v  36.214348 1.5715866 -65.168884
v  43.685493 1.3216515 -65.058846
v  43.685493 1.6494675 -64.999229
v  43.685493 1.4360924 -64.777046
v  43.685493 1.6986008 -64.892197
v  41.429451 1.4445724 -65.44558
v  -29.168953 2.1590919 -63.889027
v  48.83857 2.1591034 -63.889015
v  -29.168953 -7.6293945e-06 -63.889023
v  -29.168953 -7.6293945e-06 -66.165154
v  48.83857 3.8146973e-06 -66.165146
v  48.83857 3.8146973e-06 -62.74847
v  48.266228 3.8146973e-06 -62.74847
v  -3.9970474 1.7744751 -62.748482
v  -6.5251083 1.7744751 -62.748482
v  -6.5251083 -3.8146973e-06 -62.748478
v  48.266228 2.1591034 -63.889015
v  17.612091 2.1590996 -62.748478
v  27.916649 -1.2072144 -65.340652
v  28.150986 -1.5715828 -65.168892
v  28.150986 -1.3216476 -65.058846
v  26.487183 -1.5505219 -64.495239
v  27.916649 -1.8256111 -64.615509
v  26.487183 -1.8256111 -64.615509
v  26.487183 -1.2072144 -65.340652
v  27.916649 -1.4445686 -65.445587
v  28.150986 -1.4360847 -64.777046
v  27.916649 -1.5505219 -64.495239
v  28.150986 -1.698597 -64.892197
v  30.407036 -1.2072105 -65.340652
v  30.64138 -1.5715828 -65.168884
v  30.64138 -1.3216476 -65.058846
v  30.407036 -1.5505219 -64.495239
v  28.977547 -1.8256111 -64.615509
v  28.977547 -1.5505219 -64.495239
v  28.977547 -1.2072105 -65.340652
v  30.407036 -1.4445686 -65.445587
v  30.64138 -1.4360847 -64.777046
v  30.407036 -1.8256111 -64.615509
v  30.64138 -1.698597 -64.892189
v  32.8974 -1.2072105 -65.340652
v  33.131744 -1.5715828 -65.168884
v  33.131744 -1.3216476 -65.058846
v  32.8974 -1.5505219 -64.495247
v  31.467934 -1.8256111 -64.615501
v  31.467934 -1.5505219 -64.495247
v  31.467934 -1.2072105 -65.340652
v  32.8974 -1.4445686 -65.44558
v  33.131744 -1.4360847 -64.777054
v  32.8974 -1.8256111 -64.615501
v  33.131744 -1.698597 -64.892189
v  35.387787 -1.2072105 -65.340652
v  35.622131 -1.571579 -65.168884
v  35.622131 -1.3216476 -65.058853
v  35.387787 -1.5505219 -64.495247
v  33.958305 -1.8256111 -64.615501
v  33.958305 -1.5505219 -64.495247
v  33.958305 -1.2072105 -65.340652
v  35.387787 -1.4445648 -65.44558
v  35.622131 -1.4360847 -64.777054
v  35.387787 -1.8256111 -64.615501
v  35.622131 -1.698597 -64.892189
v  37.878181 -1.2072105 -65.340652
v  38.112503 -1.571579 -65.168884
v  38.112503 -1.3216476 -65.058846
v  37.878181 -1.5505219 -64.495247
v  36.448692 -1.8256111 -64.615501
v  36.448692 -1.5505219 -64.495247
v  36.448715 -1.4445648 -65.44558
v  37.878181 -1.4445648 -65.44558
v  38.112503 -1.4360847 -64.777054
v  37.878181 -1.8256111 -64.615501
v  38.112503 -1.6210938 -65.061028
v  38.112503 -1.6985931 -64.892189
v  40.368546 -1.2072105 -65.340652
v  40.60289 -1.571579 -65.168884
v  40.60289 -1.3216476 -65.058846
v  40.368546 -1.5505219 -64.495247
v  38.939079 -1.8256111 -64.615501
v  38.939079 -1.5505219 -64.495247
v  38.939079 -1.2072105 -65.340652
v  40.368546 -1.4445648 -65.44558
v  40.60289 -1.4360847 -64.777046
v  40.368546 -1.8256111 -64.615494
v  40.60289 -1.6985931 -64.892189
v  42.858917 -1.2072105 -65.340645
v  43.093277 -1.571579 -65.168884
v  43.093277 -1.3216476 -65.058846
v  42.858917 -1.5505219 -64.495247
v  41.429451 -1.8256073 -64.615494
v  41.429451 -1.5505219 -64.495247
v  41.429451 -1.2072105 -65.340652
v  42.858917 -1.4445648 -65.44558
v  43.093277 -1.4360847 -64.777046
v  42.858917 -1.8256073 -64.615494
v  43.093277 -1.6210938 -65.061028
v  43.093277 -1.6985931 -64.892189
v  45.349304 -1.2072105 -65.340645
v  45.583649 -1.571579 -65.168884
v  45.583649 -1.3216476 -65.058846
v  45.349304 -1.5505219 -64.495239
v  43.919838 -1.8256073 -64.615494
v  43.919838 -1.5505219 -64.495247
v  43.919838 -1.4445648 -65.44558
v  45.349327 -1.4445648 -65.445587
v  45.583649 -1.4360847 -64.777039
v  45.349304 -1.8256073 -64.615494
v  45.583649 -1.6985931 -64.892189
v  48.83857 -2.1590958 -62.748474
v  48.83857 -1.7744751 -63.889015
v  48.83857 -1.7744751 -62.748474
v  -29.168953 -2.1591072 -62.748486
v  -6.5251083 -2.1591034 -63.889023
v  -6.5251083 -2.1591034 -62.748482
v  48.266228 -2.1590958 -62.748474
v  48.266228 -1.7744751 -62.748474
v  48.83857 -1.114254 -66.165146
v  -29.168953 -0.91577148 -66.165154
v  48.83857 -0.91576004 -66.165146
v  -29.168953 -1.7744865 -63.889027
v  -29.168953 -1.1142654 -66.165154
v  -29.168953 -2.1591072 -63.889027
v  -29.168953 -1.7744865 -62.748486
v  38.704735 -1.6494637 -64.999222
v  38.704735 -1.3216476 -65.058846
v  38.704735 -1.4360847 -64.777054
v  31.233597 -1.4360847 -64.777046
v  31.233597 -1.5715828 -65.168884
v  31.233597 -1.3216476 -65.058846
v  28.743202 -1.5715828 -65.168884
v  28.743202 -1.3216476 -65.058846
v  28.743202 -1.698597 -64.892189
v  28.743202 -1.4360847 -64.777046
v  43.685493 -1.571579 -65.168884
v  43.919838 -1.2072105 -65.340645
v  43.685493 -1.3216476 -65.058846
v  26.252838 -1.5715828 -65.1689
v  26.252838 -1.3216476 -65.058846
v  48.266228 -2.1590958 -63.889015
v  38.704735 -1.571579 -65.168884
v  41.195107 -1.4360847 -64.777046
v  31.233597 -1.698597 -64.892189
v  33.723961 -1.698597 -64.892189
v  33.723961 -1.3216476 -65.058846
v  33.723961 -1.4360847 -64.777054
v  26.252838 -1.4360847 -64.777046
v  36.214348 -1.4360847 -64.777054
v  41.195107 -1.6985931 -64.892189
v  41.195107 -1.3216476 -65.058846
v  26.252838 -1.698597 -64.892197
v  36.214348 -1.698597 -64.892189
v  36.214348 -1.3216476 -65.058853
v  43.685493 -1.6494637 -64.999222
v  43.685493 -1.4360847 -64.777046
v  33.723961 -1.5715828 -65.168884
v  36.214348 -1.5715828 -65.168884
v  36.448692 -1.2072105 -65.340652
v  41.195107 -1.571579 -65.168884
v  48.83857 -2.1590958 -63.889015
v  -6.5251083 -1.7744827 -62.748482
v  -3.9970474 2.1590958 -63.773972
v  17.612091 1.7744789 -62.748478
v  -3.5326385 1.9987183 -64.238396
v  1.8610611 1.901268 -64.450691
v  -3.9970474 2.1590958 -62.748482
v  -3.9970474 1.7276077 -63.773972
v  17.612091 1.6948318 -64.900398
v  17.612091 1.3389053 -64.735794
v  17.612091 1.7703934 -64.735794
v  1.2639999 1.5672302 -64.238396
v  1.2639999 1.9987183 -64.238396
v  -3.8820114 1.7276077 -63.889023
v  -3.5326385 1.5672302 -64.238396
v  4.1199417 1.5325813 -65.253845
v  17.258636 1.1010971 -65.253845
v  17.258636 1.5325851 -65.253845
v  17.612091 2.1590996 -63.889019
v  17.612091 1.7276115 -62.748478
v  1.8610611 1.46978 -64.450684
v  17.612091 1.2633438 -64.900398
v  -3.8820114 2.1590958 -63.889023
v  17.612091 1.7276115 -63.889011
v  4.1199417 1.1010933 -65.253845
v  37.878181 1.4445724 -65.44558
v  45.349327 1.4445724 -65.445587
v  26.487183 -1.4445686 -65.44558
v  28.977547 -1.4445686 -65.445587
v  31.467934 -1.4445686 -65.445587
v  33.958305 -1.4445686 -65.44558
v  38.939079 -1.4445648 -65.44558
v  41.429451 -1.4445648 -65.44558
v  38.704735 -1.698597 -64.892189
v  43.685493 -1.6985931 -64.892189
v  -3.9970474 1.7276077 -62.748482
v  47.332123 0.9360733 -67.749466
v  47.618256 -0.9360733 -67.584274
v  47.332123 -0.9360733 -67.749466
v  47.618256 0.9360733 -67.253891
v  47.618256 -0.9360733 -67.253891
v  47.332123 -0.93606949 -67.088699
v  47.046021 0.9360733 -67.253891
v  47.046021 -0.9360733 -67.253891
v  47.046021 -0.9360733 -67.584274
v  47.618256 0.9360733 -67.584274
v  47.332123 0.9360733 -67.088699
v  47.046021 0.9360733 -67.584274
v  11.352554 0.82710266 -67.620918
v  11.352554 1.210556 -66.488091
v  11.352554 0.82710266 -66.488091
v  11.352554 1.210556 -67.620918
v  8.931427 1.210556 -66.488083
v  8.931427 0.82710266 -66.488091
v  8.931427 0.82710266 -67.620918
v  8.931427 0 -66.488083
v  8.931427 1.210556 -67.620911
v  8.931427 0 -69.87822
v  8.931427 0 -67.620911
v  11.352554 0 -66.488083
v  11.352554 0 -67.620911
v  11.352554 0.82710266 -69.878227
v  11.352554 0 -69.878227
v  8.931427 0.82710266 -69.878227
v  11.352554 -1.210556 -66.488083
v  11.352554 -0.82710648 -67.620911
v  11.352554 -0.82710648 -66.488083
v  8.931427 -1.210556 -66.488083
v  11.352554 -1.210556 -67.620911
v  8.931427 -0.82710648 -66.488083
v  8.931427 -0.82710648 -67.620911
v  8.931427 -1.210556 -67.620911
v  11.352554 -0.82710648 -69.87822
v  8.931427 -0.82710648 -69.87822
v  29.440094 -0.79727173 -66.778313
v  29.972961 -0.79727173 -66.918457
v  29.972961 -0.79727173 -66.778313
v  29.972961 -0.47584534 -67.140724
v  29.972961 0 -67.140724
v  29.972961 0 -66.77832
v  29.440094 0 -66.77832
v  29.440094 -0.47584534 -67.140724
v  29.440094 -0.79727173 -66.918457
v  29.440094 0.79727554 -66.778313
v  29.972961 0.79727554 -66.918457
v  29.440094 0.79727554 -66.918457
v  29.972961 0.47584915 -67.140717
v  29.972961 0.79727554 -66.778313
v  29.440094 0.47584915 -67.140717
v  29.440094 0 -67.140724
v  10.179749 -1.4044418 -67.665176
v  10.690399 -1.913578 -67.370361
v  10.179749 -1.9135742 -67.665169
v  10.690399 -1.4044418 -67.370361
v  10.690399 -1.9135742 -66.780731
v  10.690399 -1.4044418 -66.780739
v  10.179749 -1.9135742 -66.485924
v  10.179749 -1.4044418 -66.485931
v  9.6691284 -1.913578 -66.780739
v  9.6691284 -1.4044418 -67.370361
v  9.6691284 -1.4044418 -66.780739
v  9.6691284 -1.913578 -67.370361
v  -6.2747116 -1.4678764 -63.836998
v  -5.645256 -1.0379448 -64.757408
v  -5.8775711 -1.4678764 -63.745792
v  -6.0423889 -1.0379448 -64.84861
v  -5.5490112 0 -65.17643
v  -6.4594574 -0.82539368 -63.032547
v  -6.2747116 -1.1672859 -63.837002
v  -6.6032715 0 -62.406364
v  -6.1099091 -1.0379448 -62.73418
v  -6.2061386 0 -62.315155
v  -6.5070496 -1.0379448 -62.825386
v  -5.6968231 -0.82539368 -64.551163
v  -5.8815765 -1.1672859 -63.746716
v  -6.1428604 0 -62.609047
v  -6.0663376 -0.82539368 -62.942253
v  -6.0899582 -0.82539368 -64.641449
v  -6.5359955 0 -62.699333
v  -6.0134277 0 -64.97467
v  -5.9461441 0 -65.267632
v  -5.6203003 0 -64.884384
v  30.317726 -0.79727173 -66.778313
v  30.850594 -0.79727173 -66.918457
v  30.850594 -0.79727173 -66.778313
v  30.850594 -0.47584534 -67.140724
v  30.850594 0 -67.140724
v  30.850594 0 -66.77832
v  30.317726 0 -66.77832
v  30.317726 -0.47584534 -67.140724
v  30.317726 -0.79727173 -66.918457
v  30.850594 0.79727554 -66.778313
v  30.317726 0.79727554 -66.918457
v  30.317726 0.79727554 -66.778313
v  30.850594 0.47584915 -67.140717
v  30.850594 0.79727554 -66.918457
v  30.317726 0.47584915 -67.140717
v  30.317726 0 -67.140724
v  10.759605 1.2958527 -70.52108
v  10.937332 1.3984642 -69.526634
v  10.759605 1.2958527 -69.526634
v  10.937332 1.3984642 -70.521072
v  10.937332 1.6036835 -69.526634
v  10.937332 1.6036835 -70.52108
v  10.759605 1.706295 -69.526627
v  10.759605 1.706295 -70.521072
v  10.581871 1.6036835 -69.526634
v  10.581894 1.3984642 -70.521072
v  10.581871 1.3984642 -69.526634
v  10.581894 1.6036835 -70.52108
v  -5.9289932 -0.59197998 -72.336151
v  -6.0424652 0.59197617 -72.270645
v  -5.9289932 0.59197235 -72.336151
v  -6.0424652 -0.59197998 -72.270645
v  -6.0424652 0.59197617 -72.139648
v  -5.9289932 -0.59197998 -72.07415
v  -5.9289932 0.59197235 -72.07415
v  -5.8155518 -0.59197998 -72.139648
v  -5.8155518 0.59197617 -72.139648
v  -6.0424652 -0.59197998 -72.139648
v  -5.8155518 0.59197617 -72.270645
v  -5.8155518 -0.59197998 -72.270645
v  -1.8513641 1.1097565 -58.573059
v  -3.7123184 1.1097565 -58.573059
v  -3.7123184 1.1097565 -57.731056
v  -1.5283356 -3.8146973e-06 -58.250034
v  -1.5283356 1.1097565 -57.731056
v  -1.5283356 -3.8146973e-06 -57.73106
v  -8.4016647 -5.7220459e-06 -51.880463
v  -8.4634705 0.68407631 -51.789337
v  -8.4016647 0.68407631 -51.880463
v  -4.5499268 0.68407822 -58.573063
v  -4.5499268 -3.8146973e-06 -57.731052
v  -4.5499268 0.68407822 -57.73106
v  -1.5283356 1.1097565 -55.959946
v  -1.5283356 -3.8146973e-06 -55.959949
v  -3.172287 1.1097546 -54.582878
v  -5.689064 1.1097546 -54.645584
v  -2.3764038 1.1097546 -54.502106
v  -2.7257004 1.1097565 -53.90168
v  -6.5027847 -5.7220459e-06 -54.680828
v  -6.8600082 0.68407822 -54.154018
v  -6.5027847 0.68407631 -54.680828
v  -4.8447495 1.1097565 -55.890732
v  -2.4147263 1.1097565 -55.885124
v  -6.4752808 -3.8146973e-06 -54.721409
v  -6.4752808 0.68407822 -54.721409
v  -1.9686203 0.51865578 -54.110138
v  -2.143898 -3.8146973e-06 -53.794697
v  -1.9686203 -3.8146973e-06 -54.110134
v  -2.143898 0.51865578 -53.794701
v  -2.3764038 -5.7220459e-06 -54.502102
v  -8.4634705 -5.7220459e-06 -51.789337
v  -8.5552826 0.68407631 -51.132301
v  -3.9313202 0.51865387 -50.737923
v  -4.2159653 -3.8146973e-06 -50.21896
v  -3.9313202 -3.8146973e-06 -50.737926
v  -4.2935257 -3.8146973e-06 -51.206593
v  -4.8947678 1.1097546 -50.397202
v  -4.2935257 1.1097546 -51.206589
v  -4.8947372 -3.8146973e-06 -50.397205
v  -4.2159653 0.51865387 -50.218964
v  -4.2330933 0.66915131 -51.310448
v  -2.7257004 -3.8146973e-06 -53.901684
v  -4.7978134 1.1097565 -55.959946
v  -7.7965164 1.1097546 -50.979927
v  -8.5552826 -5.7220459e-06 -51.132301
v  -7.6983337 1.1097546 -51.682404
v  -1.5729828 0.66915321 -55.883179
v  -2.3495102 -3.8146973e-06 -54.548351
v  -1.5729828 -3.8146973e-06 -55.883175
v  -5.6354523 0.68407822 -55.959949
v  -5.6811066 0.68407822 -55.89259
v  -6.1218796 1.1097546 -54.007294
v  -6.9246445 0.68407631 -54.058712
v  -6.055687 1.1097546 -54.104927
v  -5.6354523 -3.8146973e-06 -55.959949
v  -1.8513641 -3.8146973e-06 -58.573063
v  -4.5499268 -3.8146973e-06 -58.573055
v  -7.6350327 1.1097546 -51.775764
v  -5.0138397 1.1097546 -51.417236
v  -3.6013565 1.1097546 -53.845291
v  -2.788887 0.66915321 -53.793068
v  -4.2330933 -5.7220459e-06 -51.310452
v  -2.788887 -3.8146973e-06 -53.793064
v  -6.8600082 -3.8146973e-06 -54.154018
v  -6.9246445 -5.7220459e-06 -54.058712
v  -2.3495102 0.66915321 -54.548355
v  -5.6607819 1.1097546 -54.687286
v  -2.7257462 1.1097565 -53.901604
v  -4.2934494 1.1097546 -51.206673
v  -2.3763657 1.1097565 -54.502182
v  -1.5283813 1.1097565 -55.959869
v  -3.7123184 -1.1097641 -57.731056
v  -1.8513641 -1.1097641 -58.573059
v  -1.5283356 -1.1097641 -57.731056
v  -8.4634705 -0.68408775 -51.789337
v  -8.4016647 -0.68408775 -51.880463
v  -4.5499268 -0.68408585 -58.573055
v  -4.5499268 -0.68408585 -57.731052
v  -1.5283356 -1.1097641 -55.959953
v  -5.689064 -1.1097641 -54.645584
v  -5.6607819 -1.1097641 -54.687286
v  -3.172287 -1.1097641 -54.582878
v  -2.7257004 -1.1097641 -53.90168
v  -2.3764038 -1.1097641 -54.502106
v  -6.8600082 -0.68408775 -54.154022
v  -6.5027847 -0.68408775 -54.680832
v  -4.8447495 -1.1097641 -55.890732
v  -2.4147263 -1.1097641 -55.885124
v  -6.4752808 -0.68408775 -54.721413
v  -1.9686203 -0.51866531 -54.110134
v  -2.143898 -0.51866341 -53.794704
v  -8.5552826 -0.68408775 -51.132301
v  -3.9313202 -0.51866531 -50.737926
v  -4.2935257 -1.1097641 -51.206589
v  -4.8947372 -1.1097641 -50.397209
v  -4.2159653 -0.51866531 -50.21896
v  -4.2934494 -1.1097641 -51.206673
v  -4.2330933 -0.66916275 -51.310452
v  -7.7965164 -1.1097641 -50.979927
v  -7.6983337 -1.1097641 -51.682411
v  -1.5729828 -0.66916275 -55.883183
v  -3.7123184 -1.1097641 -58.573059
v  -4.7978134 -1.1097641 -55.959946
v  -5.6354523 -0.68408966 -55.959953
v  -6.1218796 -1.109766 -54.007294
v  -6.055687 -1.109766 -54.104927
v  -7.6350327 -1.109766 -51.775764
v  -6.9246445 -0.68408775 -54.058723
v  -5.0138397 -1.1097641 -51.417244
v  -3.6013565 -1.1097641 -53.845291
v  -2.788887 -0.66916275 -53.793064
v  -5.6811066 -0.68408585 -55.892593
v  -5.6811066 -3.8146973e-06 -55.89259
v  -2.3763657 -1.1097641 -54.502182
v  -2.3495102 -0.66916275 -54.548351
v  -1.5283813 -1.1097641 -55.959869
v  -2.7257462 -1.1097641 -53.901604
v  -1.5283356 1.1097565 -58.250031
v  -1.5283356 -1.1097641 -58.250031
v  3.0431442 1.2958527 -70.52108
v  3.2208557 1.3984642 -69.526634
v  3.0431442 1.2958527 -69.526634
v  3.2208557 1.3984642 -70.52108
v  3.2208557 1.6036835 -69.526634
v  3.2208557 1.6036835 -70.52108
v  3.0431442 1.706295 -69.526634
v  3.0431442 1.706295 -70.52108
v  2.8654175 1.6036835 -69.526634
v  2.8654175 1.6036835 -70.52108
v  2.8654175 1.3984642 -69.526634
v  2.8654175 1.3984642 -70.52108
v  19.146721 -0.88738632 -63.224751
v  18.282104 0 -62.712418
v  18.282104 -0.88738632 -63.224751
v  19.146721 0 -62.712418
v  18.282104 0.88738632 -63.224751
v  19.146721 0.88738632 -63.224751
v  18.282104 0.88738632 -64.24942
v  19.146721 0 -64.761749
v  18.282104 0 -64.761749
v  19.146721 -0.88738632 -64.24942
v  19.146721 0 -64.395676
v  19.146721 -0.57035828 -64.066376
v  18.282104 -0.88738632 -64.24942
v  18.282104 0 -64.486176
v  18.282104 0.64873505 -64.111626
v  18.282104 -0.64873505 -63.362534
v  12.493774 -0.64873505 -64.111626
v  18.282104 -0.64873505 -64.111626
v  18.282104 0 -62.987984
v  18.282104 0.64873505 -63.362534
v  12.493774 0.64873505 -63.362534
v  12.493774 0.64873505 -64.111626
v  12.493774 0 -64.486176
v  12.493774 0 -62.987984
v  12.493774 -0.64873505 -63.362534
v  18.760139 -0.57035828 -63.407784
v  19.146721 -0.57035828 -63.407784
v  19.146721 0 -63.078491
v  19.146721 0.88738632 -64.24942
v  19.146721 0.57035828 -63.407784
v  19.146721 0.57035828 -64.066376
v  18.760139 -0.57035828 -64.066376
v  18.760139 0 -63.886093
v  18.760139 -0.12904739 -63.811588
v  18.760139 0.57035828 -64.066376
v  18.760139 0 -64.395676
v  18.760139 0.57035828 -63.407784
v  18.760139 0 -63.078491
v  18.760139 0.12904739 -63.811581
v  15.007416 0 -63.886093
v  18.760139 0.12904739 -63.662571
v  18.760139 0 -63.588074
v  18.760139 -0.12904739 -63.662579
v  15.007416 -0.12904739 -63.662579
v  15.007416 0.12904739 -63.811588
v  15.007416 0.12904739 -63.662579
v  15.007416 -0.12904739 -63.811588
v  15.007416 0 -63.588074
v  2.2332458 -0.79727554 -66.918472
v  2.7661285 -0.79727554 -66.778328
v  2.2332458 -0.79727554 -66.778328
v  2.7661285 -0.47584915 -67.140732
v  2.7661285 0 -67.140724
v  2.7661285 0 -66.77832
v  2.2332458 0 -66.77832
v  2.2332458 -0.47584915 -67.140732
v  2.7661285 0.79727173 -66.778328
v  2.2332458 0.79727173 -66.918465
v  2.2332458 0.79727173 -66.778328
v  2.7661285 0.47584534 -67.140732
v  2.7661285 0.79727173 -66.918465
v  2.2332458 0.47584534 -67.140732
v  2.7661285 -0.79727554 -66.918472
v  2.2332458 0 -67.140724
v  -2.5403214 -0.89437103 -60.776688
v  -1.937355 -1.2753944 -60.42857
v  -2.5403214 -1.2753944 -60.776691
v  -1.937355 -0.89437103 -60.428574
v  -1.937355 -1.2753944 -59.732334
v  -1.937355 -0.89437103 -59.73233
v  -2.5403214 -1.2753944 -59.384212
v  -2.5403214 -0.89437103 -59.384216
v  -3.1432724 -1.2753944 -59.732334
v  -3.1432724 -0.89437103 -59.73233
v  -3.1432724 -1.2753944 -60.42857
v  -3.1432724 -0.89437103 -60.428566
v  43.482338 -0.79727173 -66.918457
v  44.015198 -0.79727173 -66.778313
v  43.482338 -0.79727173 -66.778313
v  44.015198 -0.47584534 -67.140717
v  44.015198 3.8146973e-06 -67.140717
v  44.015198 3.8146973e-06 -66.77832
v  43.482338 3.8146973e-06 -66.77832
v  43.482338 -0.47584534 -67.140717
v  43.482338 0.79727936 -66.778313
v  44.015198 0.79727936 -66.918449
v  43.482338 0.79727936 -66.918449
v  44.015198 0.47585297 -67.140717
v  44.015198 0.79727936 -66.778313
v  43.482338 0.47585297 -67.140717
v  44.015198 -0.79727173 -66.918457
v  43.482338 3.8146973e-06 -67.140717
v  0.045623779 0.31171799 -58.693211
v  0.11725616 -0.31172562 -57.941792
v  0.11725616 0.31171799 -57.941792
v  0.045623779 -0.31172562 -58.693218
v  0.6964798 -0.31172562 -57.941792
v  0.86177063 -0.31172562 -58.631222
v  0.6964798 0.31171799 -57.941792
v  0.37347412 -0.31172562 -57.047741
v  0.86177063 0.31171799 -58.631222
v  0.76535034 0.31171799 -57.129017
v  0.83573914 0.31171799 -56.327991
v  1.0953598 0.31171799 -56.445087
v  0.37347412 0.31171799 -57.047733
v  0.76535034 -0.31172562 -57.129017
v  1.4213943 -0.31172562 -56.106716
v  1.0953598 -0.31172562 -56.445087
v  0.83573914 -0.31172562 -56.327999
v  1.2292786 0.31171799 -55.993755
v  1.2292786 -0.31172562 -55.993755
v  1.4213943 0.31171799 -56.106716
v  3.6731033 1.4098091 -67.4366
v  3.9906006 -1.4826813 -67.253296
v  3.6731033 -1.4826813 -67.4366
v  3.9906006 1.4098091 -67.253296
v  3.9906006 -1.4826813 -66.886681
v  3.9906006 1.4098091 -66.886688
v  3.6731033 -1.4826813 -66.703377
v  3.6731033 1.4098091 -66.703384
v  3.3556061 -1.4826813 -66.886681
v  3.3556061 1.4098091 -67.253296
v  3.3556061 -1.4826813 -67.253296
v  3.3556061 1.4098091 -66.886688
v  -5.8166046 -0.4957428 -72.448586
v  -5.3969803 0.49573898 -71.927643
v  -5.3969803 -0.4957428 -71.927643
v  -5.8166046 0.49573898 -72.448593
v  -6.2127914 0.49573898 -71.927643
v  -6.2127914 0.49573898 -72.448593
v  -6.2127914 -0.4957428 -71.927643
v  -5.3969803 0.49573898 -71.750656
v  -5.3969803 -0.4957428 -71.750656
v  -6.2127914 -0.4957428 -72.448586
v  -6.2127914 0.49573898 -71.750656
v  -6.2127914 -0.4957428 -71.750656
v  8.6634216 -1.461441 -70.043594
v  11.586288 -1.0333939 -69.010201
v  8.6634216 -1.0333939 -69.010201
v  11.586288 0 -68.582153
v  8.6634216 0 -68.582153
v  8.6634216 1.0333939 -69.010201
v  11.586288 1.0333939 -69.010201
v  8.6634216 1.461441 -70.043594
v  11.586288 1.461441 -70.043594
v  8.6634216 1.0333939 -71.076988
v  11.586288 1.0333939 -71.076988
v  8.6634216 0 -71.505028
v  11.586288 -1.0333939 -71.076988
v  8.6634216 -1.0333939 -71.076988
v  11.586288 -1.461441 -70.043594
v  11.586288 0 -71.505035
v  17.249603 -0.80946732 -65.864441
v  17.837921 -1.5571747 -64.28019
v  17.249603 -1.5571747 -64.28019
v  17.837921 -0.80946732 -65.864441
v  17.837921 1.5571747 -64.28019
v  17.837921 -1.7258759 -62.691048
v  17.249603 1.7258759 -62.691048
v  17.249603 -1.7258759 -62.691048
v  14.27652 0.80946732 -65.864441
v  14.449936 1.4698868 -64.28019
v  14.449936 1.5571747 -64.28019
v  17.837921 -1.7258759 -63.922745
v  17.837921 1.7258759 -62.691048
v  17.249603 -1.7258759 -63.922745
v  14.449936 1.6291313 -63.922741
v  14.449936 1.7258759 -63.922745
v  14.449936 -1.7258797 -63.922745
v  15.820847 -1.7258797 -62.691048
v  14.449936 -1.7258759 -62.691048
v  17.249603 1.5571747 -64.28019
v  17.249603 0.81383514 -63.922745
v  17.249603 1.7258759 -63.922745
v  15.631721 -0.80946732 -65.864441
v  17.249603 0.80946732 -65.864433
v  14.449936 1.7258759 -62.691048
v  15.820847 1.5571747 -64.28019
v  14.449936 -1.5571785 -64.28019
v  15.820847 -1.5571785 -64.28019
v  17.837921 0.80946732 -65.864433
v  17.837921 1.7258759 -63.922745
v  15.820847 1.7258759 -62.691048
v  15.820847 0.81383514 -63.922745
v  15.820847 1.7258759 -63.922745
v  17.249603 0.81383514 -62.691048
v  17.249603 0.64513397 -64.28019
v  15.820847 -1.7258797 -63.922745
v  15.820847 0.64513397 -64.28019
v  14.27652 -0.80946732 -65.864441
v  14.449936 -1.4698868 -64.28019
v  14.27652 -0.76409149 -65.864433
v  14.449936 -1.6291313 -63.922749
v  14.27652 0.76409149 -65.864441
v  14.449936 1.6291313 -62.691051
v  14.449936 -1.6291313 -62.691051
v  15.631721 0.80946732 -65.864433
v  -0.69419861 0.76409149 -65.864433
v  -0.69419861 -1.4698906 -64.28019
v  -0.69419861 1.469883 -64.28019
v  -0.69419861 -0.76409531 -65.864441
v  -0.69419861 1.6291275 -62.691055
v  -0.69419861 1.6291275 -63.922752
v  -0.69419861 -1.6291351 -62.691055
v  -0.69419861 -1.6291351 -63.922752
v  15.820847 0.81383514 -62.691048
v  2.216713 -1.0637207 -69.667404
v  2.216713 -1.7796936 -70.383377
v  2.216713 -1.7796936 -69.667404
v  5.1299286 -1.0637169 -69.667404
v  2.216713 -1.0637207 -70.383385
v  5.1299286 -1.7796936 -69.667404
v  5.1299286 -1.0637169 -70.383377
v  5.1299286 -1.7796936 -70.383377
v  33.828285 -0.79727173 -66.918457
v  34.361153 -0.79727173 -66.77832
v  33.828285 -0.79727173 -66.77832
v  34.361153 -0.47584534 -67.140724
v  34.361153 3.8146973e-06 -67.140724
v  34.361153 3.8146973e-06 -66.77832
v  33.828285 3.8146973e-06 -66.77832
v  33.828285 -0.47584534 -67.140724
v  34.361153 0.79727554 -66.778313
v  33.828285 0.79727554 -66.918457
v  33.828285 0.79727554 -66.778313
v  34.361153 0.47584915 -67.140717
v  34.361153 0.79727554 -66.918457
v  33.828285 0.47584915 -67.140717
v  34.361153 -0.79727173 -66.918457
v  33.828285 3.8146973e-06 -67.140724
v  9.254364 -0.79727554 -66.77832
v  9.7872314 -0.79727554 -66.918457
v  9.7872314 -0.79727554 -66.77832
v  9.7872314 -0.47584915 -67.140724
v  9.7872314 0 -67.140724
v  9.7872314 0 -66.77832
v  9.254364 0 -66.77832
v  9.254364 -0.47584915 -67.140724
v  9.254364 -0.79727554 -66.918472
v  9.7872314 0.79727173 -66.77832
v  9.254364 0.79727173 -66.918465
v  9.254364 0.79727173 -66.77832
v  9.7872314 0.47584534 -67.140732
v  9.7872314 0.79727173 -66.918465
v  9.254364 0.47584534 -67.140732
v  9.254364 0 -67.140724
v  3.7501831 1.2671032 -56.232658
v  2.9223938 1.6906929 -56.047054
v  2.9223938 1.2671032 -56.047043
v  3.8346405 1.6906967 -61.787548
v  2.9441833 1.9725533 -62.442181
v  2.9441833 1.6906967 -61.787548
v  18.997635 1.2671051 -61.787544
v  17.845848 1.6906967 -59.393295
v  17.845848 1.2671051 -59.393303
v  2.6346817 1.6906967 -61.787548
v  2.6346817 1.6906948 -55.982536
v  16.584526 1.2671051 -59.110474
v  15.531403 1.6906967 -58.874329
v  3.7501831 1.6906929 -56.232662
v  16.507912 1.6906967 -61.787544
v  2.6346817 -3.8146973e-06 -61.787548
v  2.6346817 0.69341278 -62.442184
v  2.6346817 -3.8146973e-06 -62.442181
v  2.6346817 0.75693893 -61.787548
v  2.6346817 -3.8146973e-06 -55.98254
v  2.6346817 0.75693893 -55.98254
v  2.6346817 1.2671013 -55.98254
v  3.8346405 1.9725533 -62.442181
v  2.6346817 1.2671051 -61.787548
v  3.7501831 0.75693893 -56.232662
v  2.9223938 0.75693893 -56.047047
v  16.507912 0.75693893 -61.787544
v  16.507912 1.2664337 -62.442184
v  16.507912 0.69341278 -62.442184
v  3.8346405 1.2671051 -61.787544
v  16.507912 1.2671051 -61.787544
v  3.8346405 -3.8146973e-06 -61.787548
v  3.8346405 0.69341278 -62.442184
v  3.8346405 0.75693893 -61.787548
v  2.6346817 1.9725533 -62.442181
v  2.9223938 -3.8146973e-06 -56.047047
v  3.8346405 1.3922806 -62.442184
v  3.8346405 -3.8146973e-06 -57.115345
v  3.8346405 0.75693893 -57.115337
v  3.1363068 -3.8146973e-06 -57.115345
v  3.1363068 0.75693893 -57.115337
v  16.507912 1.9725533 -62.442181
v  2.6346817 1.3922806 -62.442184
v  2.9441833 1.3922806 -62.442184
v  18.997635 1.9725571 -62.442181
v  18.997635 1.2664337 -62.442184
v  2.9441833 0.69341278 -62.442184
v  2.9441833 -3.8146973e-06 -62.442181
v  3.8346405 -3.8146973e-06 -62.442181
v  16.507912 0 -61.787544
v  16.507912 0 -62.442177
v  18.997635 1.6906967 -61.787544
v  2.9223938 -1.6907005 -56.047047
v  3.7501831 -1.2671089 -56.232662
v  2.9223938 -1.2671089 -56.047047
v  2.9441833 -1.9725571 -62.442177
v  3.8346405 -1.6907005 -61.787548
v  2.9441833 -1.6907005 -61.787548
v  17.845848 -1.6906967 -59.393295
v  18.997635 -1.2671089 -61.787544
v  17.845848 -1.2671051 -59.393299
v  2.6346817 -1.6907005 -61.787548
v  16.584526 -1.2671089 -59.110477
v  15.531403 -1.6906967 -58.874332
v  16.507912 -1.6907005 -61.787544
v  18.997635 -1.6906967 -61.787544
v  2.6346817 -0.69342041 -62.442184
v  2.6346817 -0.75694656 -61.787548
v  2.6346817 -0.75694656 -55.98254
v  2.6346817 -1.2671089 -55.98254
v  2.6346817 -1.6907005 -55.98254
v  3.8346405 -1.9725571 -62.442177
v  2.6346817 -1.2671089 -61.787548
v  3.7501831 -0.75694275 -56.232658
v  2.9223938 -0.75694656 -56.047054
v  16.507912 -0.75694275 -61.787544
v  16.507912 -1.2664375 -62.442181
v  16.507912 -1.2671089 -61.787548
v  3.8346405 -1.2671089 -61.787548
v  3.8346405 -0.69342041 -62.442184
v  3.8346405 -0.75694275 -61.787544
v  2.6346817 -1.9725571 -62.442177
v  3.7501831 -1.6907005 -56.232662
v  3.8346405 -0.75694656 -57.115341
v  3.1363068 -0.75694656 -57.115345
v  16.507912 -1.9725571 -62.442184
v  3.8346405 -1.3922882 -62.442184
v  2.6346817 -1.3922882 -62.442184
v  2.9441833 -1.3922882 -62.442184
v  18.997635 -1.9725571 -62.442184
v  18.997635 -1.2664375 -62.442181
v  2.9441833 -0.69342041 -62.442184
v  16.507912 -0.6934166 -62.442181
v  -1.7590866 0 -65.215889
v  -2.047348 1.0379486 -64.69841
v  -1.6525803 1.0379486 -64.799355
v  -1.7902222 1.4678802 -63.692818
v  -1.3954544 1.4678802 -63.793755
v  -1.5331192 1.0379486 -62.687218
v  -1.1383362 1.0379486 -62.788162
v  -1.4266205 0 -62.270691
v  -1.0318375 0 -62.371635
v  -2.0793915 0 -64.823723
v  -1.9946976 0.82539368 -64.492493
v  -1.5010757 0 -62.56192
v  -1.7902222 1.1672859 -63.692822
v  -1.5857697 0.82539749 -62.89315
v  -1.1949692 0.82539749 -62.993073
v  -1.6038971 0.82539368 -64.592415
v  -1.1102753 0 -62.661842
v  -1.3994446 1.1672859 -63.792744
v  -1.688591 0 -64.923645
v  -2.1538544 0 -65.114952
v  -1.9267502 -0.26544189 -67.631599
v  -2.1144409 -0.18769455 -67.492455
v  -2.1144409 -0.18769455 -67.631599
v  -2.1144409 0.18769455 -67.492462
v  -2.2477951 0.18769455 -67.631607
v  -2.2477951 0.18769455 -67.492455
v  -2.1921921 0 -67.631599
v  -2.2477951 -0.18769455 -67.631599
v  -2.2558365 0 -67.631599
v  -2.1144409 0.18769455 -67.631607
v  -2.1921921 0 -67.492455
v  -2.2477951 -0.18769455 -67.492455
v  -2.2558365 0 -67.492455
v  -1.9267502 0.26544189 -67.631599
v  -1.9267502 0.26544189 -67.492455
v  -1.7390442 0.18769455 -67.631607
v  -1.6613083 0 -67.492455
v  -1.6613083 0 -67.631599
v  -1.7390442 -0.18769455 -67.492455
v  -1.8346863 0 -67.492546
v  -1.8616638 -0.065090179 -67.492546
v  -1.7390442 -0.18769455 -67.631599
v  -1.9267502 -0.26544189 -67.492455
v  -1.9918365 -0.065090179 -67.631607
v  -1.9267502 -0.09205246 -67.631599
v  -1.8616638 -0.065090179 -67.631607
v  -1.8346863 0 -67.631599
v  -1.8616638 0.065090179 -67.631599
v  -1.9267502 0.09205246 -67.631599
v  -2.0187912 0 -67.631599
v  -1.9918365 0.065090179 -67.631599
v  -1.7390442 0.18769455 -67.492462
v  -1.9267502 0.092048645 -67.492546
v  -2.0187912 0 -67.492546
v  -1.9267502 -0.09205246 -67.492538
v  -1.8616638 0.065090179 -67.492546
v  -1.9918365 0.065090179 -67.492546
v  -1.9918365 -0.065090179 -67.492546
v  4.8661728 -0.79727554 -66.918472
v  5.3990326 -0.79727554 -66.778328
v  4.8661728 -0.79727554 -66.778328
v  5.3990326 -0.47584915 -67.140732
v  5.3990326 0 -67.140724
v  5.3990326 0 -66.77832
v  4.8661728 0 -66.77832
v  4.8661728 -0.47584915 -67.140732
v  4.8661728 0.79727173 -66.778328
v  5.3990326 0.79727173 -66.918465
v  4.8661728 0.79727173 -66.918465
v  5.3990326 0.47584534 -67.140732
v  5.3990326 0.79727173 -66.778328
v  4.8661728 0.47584534 -67.140732
v  5.3990326 -0.79727554 -66.918472
v  4.8661728 0 -67.140724
v  19.786049 -0.79727554 -66.77832
v  20.318909 -0.79727554 -66.918457
v  20.318909 -0.79727554 -66.77832
v  20.318909 -0.47584534 -67.140724
v  20.318909 0 -67.140724
v  20.318909 0 -66.77832
v  19.786049 0 -66.77832
v  19.786049 -0.47584915 -67.140724
v  19.786049 -0.79727554 -66.918457
v  19.786049 0.79727554 -66.77832
v  20.318909 0.79727554 -66.918465
v  19.786049 0.79727554 -66.918465
v  20.318909 0.47584915 -67.140724
v  20.318909 0.79727554 -66.77832
v  19.786049 0.47584915 -67.140724
v  19.786049 0 -67.140724
v  42.604698 -0.79727173 -66.778313
v  43.137566 -0.79727173 -66.918457
v  43.137566 -0.79727173 -66.778313
v  43.137566 -0.47584534 -67.140717
v  43.137566 3.8146973e-06 -67.140717
v  43.137566 3.8146973e-06 -66.77832
v  42.604675 3.8146973e-06 -66.77832
v  42.604698 -0.47584534 -67.140724
v  42.604698 -0.79727173 -66.918457
v  42.604675 0.79727936 -66.778313
v  43.137566 0.79727936 -66.918449
v  42.604675 0.79727936 -66.918449
v  43.137566 0.47585297 -67.140717
v  43.137566 0.79727936 -66.778313
v  42.604675 0.47585297 -67.140717
v  42.604675 3.8146973e-06 -67.140717
v  -18.537674 0.78997612 -54.939285
v  -17.276306 0.78997612 -55.260384
v  -17.528519 0.78997421 -56.887955
v  -28.419083 -7.6293945e-06 -57.127983
v  -19.016617 0.45032883 -58.429359
v  -19.016617 -7.6293945e-06 -58.429359
v  -23.923607 0.78997421 -55.851604
v  -25.36087 0.78997612 -55.610256
v  -25.857773 0.78997421 -55.323376
v  -17.650299 -7.6293945e-06 -61.579414
v  -18.786026 -5.7220459e-06 -54.599182
v  -18.014229 0.37711143 -54.306721
v  -18.786026 0.37711143 -54.599178
v  -17.14679 0.37710953 -56.844059
v  -16.963928 -7.6293945e-06 -55.664093
v  -17.14679 -7.6293945e-06 -56.844063
v  -17.754433 0.78997612 -54.642479
v  -17.28363 0.78997612 -55.154716
v  -17.017914 -7.6293945e-06 -54.886894
v  -17.368217 0.37711143 -54.374363
v  -17.368217 -5.7220459e-06 -54.374367
v  -16.890182 0.78997803 -61.558029
v  -15.662346 0.78997803 -61.523491
v  -15.267403 -3.8146973e-06 -61.512383
v  -18.014229 -5.7220459e-06 -54.306725
v  -16.963928 0.37710953 -55.664089
v  -15.267403 0.37710953 -61.512383
v  -18.526924 0.78997803 -57.784554
v  -19.45253 0.78997612 -56.415276
v  -20.209541 -7.6293945e-06 -55.339844
v  -20.209541 0.37710953 -55.33984
v  -28.328461 0.78997421 -56.427944
v  -28.043686 0.37710953 -54.228245
v  -28.043686 -7.6293945e-06 -54.228241
v  -28.083321 0.78997421 -54.534443
v  -19.97171 0.78997612 -55.685402
v  -17.624435 0.78997612 -54.65609
v  -17.017914 0.37710953 -54.88689
v  -25.857773 0.78997421 -56.47089
v  -24.000412 0.78997421 -56.501598
v  -22.281227 0.78997612 -56.539978
v  -22.018959 0.78997421 -56.735733
v  -20.446312 0.78997803 -56.989029
v  -19.949425 0.78997421 -57.275909
v  -22.018959 -7.6293945e-06 -56.735733
v  -21.942162 0.78997612 -56.085739
v  -22.242821 -7.6293945e-06 -56.214981
v  -22.242821 0.78997612 -56.214973
v  -21.718315 -7.6293945e-06 -56.606491
v  -21.718315 0.78997421 -56.606491
v  -23.69976 0.78997421 -56.372356
v  -23.661362 -7.6293945e-06 -56.047363
v  -23.661362 0.78997612 -56.047356
v  -24.224266 -7.6293945e-06 -55.980843
v  -24.224266 0.78997421 -55.980846
v  -24.262665 0.78997421 -56.305836
v  -24.000412 -7.6293945e-06 -56.501595
v  -21.679909 0.78997612 -56.281494
v  -21.942162 -7.6293945e-06 -56.085747
v  -22.281227 -7.6293945e-06 -56.539978
v  -24.262665 -7.6293945e-06 -56.30584
v  -23.923607 -7.6293945e-06 -55.851601
v  -21.679909 -7.6293945e-06 -56.281502
v  -23.69976 -7.6293945e-06 -56.372353
v  -26.354645 0.78997421 -56.184017
v  -25.857773 0.52661896 -56.470894
v  -19.45253 0.52661896 -56.989037
v  -19.45253 0.78997803 -56.989029
v  -20.255486 0.78997612 -56.305099
v  -20.446312 0.52661896 -56.415276
v  -20.446312 0.78997612 -56.415276
v  -26.354645 0.78997612 -55.610256
v  -26.354645 0.52661896 -56.184013
v  -19.949425 0.52661896 -57.275909
v  -19.949425 0.78997612 -56.128395
v  -20.255486 0.52661896 -56.305107
v  -25.857773 0.52661896 -55.32338
v  -19.45253 0.52661896 -56.439713
v  -19.45253 0.52661896 -56.415276
v  -25.551712 0.52661896 -56.294189
v  -25.551712 0.78997421 -56.294186
v  -19.45253 0.78997612 -56.439705
v  -25.36087 0.52661896 -56.184013
v  -25.36087 0.78997421 -56.184017
v  -19.480446 0.52661896 -56.399162
v  -19.480446 0.78997612 -56.399155
v  -26.354645 0.52661896 -55.610252
v  -20.446312 0.52661896 -56.989037
v  -25.36087 0.52661896 -55.610252
v  -19.949425 0.52661896 -56.128395
v  -17.276306 -0.78998947 -55.260387
v  -18.537674 -0.78998947 -54.939281
v  -17.528519 -0.78998947 -56.887959
v  -19.016617 -0.45034027 -58.429359
v  -25.36087 -0.78999138 -55.610256
v  -24.224266 -0.78998947 -55.980839
v  -23.923607 -0.78998947 -55.851597
v  -18.014229 -0.37712479 -54.306721
v  -18.786026 -0.37712288 -54.599178
v  -17.14679 -0.37712479 -56.844059
v  -17.28363 -0.78998947 -55.15472
v  -17.754433 -0.78998947 -54.642483
v  -17.368217 -0.37712288 -54.374363
v  -16.890152 -0.78998947 -61.558033
v  -16.963928 -0.37712479 -55.664089
v  -15.267403 -0.37712479 -61.512383
v  -18.526924 -0.78998947 -57.784557
v  -19.480446 -0.78998947 -56.399158
v  -19.45253 -0.78998947 -56.415279
v  -20.209541 -0.37712479 -55.33984
v  -28.328461 -0.78998947 -56.42794
v  -28.419083 -0.45034409 -57.127983
v  -28.043686 -0.37712479 -54.228245
v  -28.083321 -0.78999138 -54.534439
v  -19.97171 -0.78998947 -55.685406
v  -15.662346 -0.78998947 -61.523495
v  -17.017914 -0.37712479 -54.88689
v  -17.624435 -0.78998947 -54.656094
v  -22.281227 -0.78998947 -56.539974
v  -24.000412 -0.78998947 -56.501591
v  -25.857773 -0.78998947 -56.47089
v  -19.949425 -0.78998947 -57.275913
v  -20.446312 -0.78998947 -56.989033
v  -22.018959 -0.78998947 -56.735729
v  -21.942162 -0.78998947 -56.085743
v  -22.242821 -0.78998947 -56.214977
v  -21.718315 -0.78998947 -56.606487
v  -23.69976 -0.78998947 -56.372349
v  -23.661362 -0.78998947 -56.047359
v  -24.262665 -0.78998947 -56.305836
v  -21.679909 -0.78998947 -56.281498
v  -25.857773 -0.52663422 -56.470894
v  -26.354645 -0.78998947 -56.184013
v  -19.45253 -0.52663422 -56.989037
v  -19.45253 -0.78998947 -56.989033
v  -20.446312 -0.52663422 -56.415276
v  -20.255486 -0.78998947 -56.305096
v  -20.446312 -0.78998947 -56.415272
v  -26.354645 -0.52663422 -56.184013
v  -26.354645 -0.78999138 -55.61026
v  -19.949425 -0.52663422 -57.275909
v  -20.255486 -0.52663422 -56.305099
v  -19.949425 -0.78998947 -56.128391
v  -25.857773 -0.52663422 -55.323372
v  -25.857773 -0.78999329 -55.32338
v  -19.45253 -0.52663422 -56.439713
v  -19.45253 -0.78998947 -56.439709
v  -25.551712 -0.52663422 -56.294189
v  -25.551712 -0.78998947 -56.294186
v  -25.36087 -0.52663422 -56.184013
v  -25.36087 -0.78998947 -56.18401
v  -19.480446 -0.52663422 -56.399162
v  -26.354645 -0.52663612 -55.610252
v  -20.446312 -0.52663422 -56.989037
v  -25.36087 -0.52663612 -55.610252
v  -28.419083 0.45032501 -57.127983
v  -17.650299 0.45032883 -61.579411
v  -17.650299 -0.45034027 -61.579414
v  -19.949425 -0.52663422 -56.128395
v  -19.45253 -0.52663422 -56.415276
v  12.764923 -0.79727554 -66.918457
v  13.297791 -0.79727554 -66.77832
v  12.764923 -0.79727554 -66.77832
v  13.297791 -0.47584915 -67.140724
v  13.297791 0 -67.140724
v  13.297791 0 -66.77832
v  12.764923 0 -66.77832
v  12.764923 -0.47584915 -67.140724
v  13.297791 0.79727554 -66.77832
v  12.764923 0.79727554 -66.918465
v  12.764923 0.79727554 -66.77832
v  13.297791 0.47584915 -67.140724
v  13.297791 0.79727554 -66.918465
v  12.764923 0.47584915 -67.140724
v  13.297791 -0.79727554 -66.918457
v  12.764923 0 -67.140724
v  28.562462 -0.79727173 -66.778313
v  29.095322 -0.79727173 -66.918457
v  29.095322 -0.79727173 -66.778313
v  29.095322 -0.47584534 -67.140724
v  29.095322 0 -67.140724
v  29.095322 0 -66.77832
v  28.562462 0 -66.77832
v  28.562462 -0.47584534 -67.140724
v  28.562462 -0.79727173 -66.918457
v  28.562462 0.79727554 -66.778313
v  29.095322 0.79727554 -66.918457
v  28.562462 0.79727554 -66.918457
v  29.095322 0.47584915 -67.140717
v  29.095322 0.79727554 -66.778313
v  28.562462 0.47584915 -67.140717
v  28.562462 0 -67.140724
v  21.541313 -0.79727173 -66.918457
v  22.074203 -0.79727554 -66.77832
v  21.541313 -0.79727554 -66.77832
v  22.074203 -0.47584534 -67.140724
v  22.074203 0 -67.140724
v  22.074203 0 -66.77832
v  21.541313 0 -66.77832
v  21.541313 -0.47584534 -67.140724
v  22.074203 0.79727554 -66.778328
v  21.541313 0.79727554 -66.918465
v  21.541313 0.79727554 -66.778328
v  22.074203 0.47584915 -67.140732
v  22.074203 0.79727554 -66.918465
v  21.541313 0.47584915 -67.140732
v  22.074203 -0.79727173 -66.918457
v  21.541313 0 -67.140724
v  11.887291 -0.79727554 -66.77832
v  12.420158 -0.79727554 -66.918457
v  12.420158 -0.79727554 -66.77832
v  12.420158 -0.47584915 -67.140724
v  12.420158 0 -67.140724
v  12.420158 0 -66.77832
v  11.887291 0 -66.77832
v  11.887291 -0.47584915 -67.140724
v  11.887291 -0.79727554 -66.918457
v  11.887291 0.79727554 -66.77832
v  12.420158 0.79727173 -66.918465
v  11.887291 0.79727173 -66.918465
v  12.420158 0.47584915 -67.140724
v  12.420158 0.79727554 -66.77832
v  11.887291 0.47584915 -67.140724
v  11.887291 0 -67.140732
v  24.17424 -0.79727173 -66.918457
v  24.707108 -0.79727173 -66.77832
v  24.17424 -0.79727173 -66.77832
v  24.707108 -0.47584534 -67.140724
v  24.707108 0 -67.140724
v  24.707108 0 -66.77832
v  24.17424 0 -66.77832
v  24.17424 -0.47584534 -67.140724
v  24.17424 0.79727554 -66.77832
v  24.707108 0.79727554 -66.918457
v  24.17424 0.79727554 -66.918457
v  24.707108 0.47584915 -67.140732
v  24.707108 0.79727554 -66.77832
v  24.17424 0.47584915 -67.140732
v  24.707108 -0.79727173 -66.918457
v  24.17424 0 -67.140724
v  8.3767395 -0.79727554 -66.77832
v  8.9095917 -0.79727554 -66.918472
v  8.9095917 -0.79727554 -66.77832
v  8.9095917 -0.47584915 -67.140724
v  8.9095917 0 -67.140724
v  8.9095917 0 -66.77832
v  8.3767395 0 -66.77832
v  8.3767395 -0.47584915 -67.140724
v  8.3767395 -0.79727554 -66.918472
v  8.3767395 0.79727173 -66.77832
v  8.9095917 0.79727173 -66.918465
v  8.3767395 0.79727173 -66.918465
v  8.9095917 0.47584534 -67.140732
v  8.9095917 0.79727173 -66.77832
v  8.3767395 0.47584534 -67.140732
v  8.3767395 0 -67.140724
v  4.3378754 1.2958527 -70.52108
v  4.5156021 1.3984642 -69.526634
v  4.3378754 1.2958527 -69.526634
v  4.5156021 1.3984642 -70.52108
v  4.5156021 1.6036835 -69.526634
v  4.5156021 1.6036835 -70.52108
v  4.3378754 1.706295 -69.526634
v  4.3378754 1.706295 -70.52108
v  4.160141 1.6036835 -69.526634
v  4.160141 1.6036835 -70.52108
v  4.160141 1.3984642 -69.526634
v  4.160141 1.3984642 -70.52108
v  -4.0346527 1.1190033 -60.977036
v  -3.8392868 -1.1190109 -60.864235
v  -4.0346527 -1.1190109 -60.977036
v  -3.8392868 1.1190033 -60.638626
v  -3.8392868 -1.1190109 -60.638626
v  -4.0346527 -1.1190109 -60.525826
v  -4.0346527 1.1190033 -60.525826
v  -4.2300262 -1.1190109 -60.638626
v  -4.2300262 1.1190033 -60.864235
v  -4.2300262 1.1190033 -60.638626
v  -4.2300262 -1.1190109 -60.864235
v  -3.8392868 1.1190033 -60.864227
v  -3.6915054 1.0978165 -67.646187
v  -3.4053726 -1.0978165 -67.481003
v  -3.6915054 -1.0978127 -67.646194
v  -3.4053726 1.0978165 -67.480995
v  -3.4053726 -1.0978127 -67.15062
v  -3.4053726 1.0978165 -67.15062
v  -3.6915054 -1.0978127 -66.985428
v  -3.6915054 1.0978165 -66.985428
v  -3.9776077 -1.0978127 -67.15062
v  -3.9776077 1.0978165 -67.15062
v  -3.9776077 -1.0978127 -67.481003
v  -3.9776077 1.0978165 -67.480995
v  45.237602 -0.79727173 -66.918457
v  45.77047 -0.79727173 -66.778313
v  45.237602 -0.79727173 -66.778313
v  45.77047 -0.47584152 -67.140717
v  45.77047 3.8146973e-06 -67.140717
v  45.77047 3.8146973e-06 -66.77832
v  45.237602 3.8146973e-06 -66.77832
v  45.237602 -0.47584152 -67.140717
v  45.237602 0.79727936 -66.778313
v  45.77047 0.79727936 -66.918449
v  45.237602 0.79727936 -66.918449
v  45.77047 0.47585297 -67.140717
v  45.77047 0.79727936 -66.778313
v  45.237602 0.47585297 -67.140717
v  45.77047 -0.79727173 -66.918457
v  45.237602 3.8146973e-06 -67.140717
v  25.604698 -1.7593422 -68.286064
v  25.713425 -2.5865555 -70.045403
v  25.713425 -1.8289719 -68.216431
v  27.4758 1.8289795 -71.874382
v  27.920502 3.8146973e-06 -72.631966
v  27.4758 3.8146973e-06 -72.631966
v  25.604698 3.8146973e-06 -67.557327
v  25.713425 1.8289795 -68.216431
v  25.604698 1.759346 -68.286064
v  25.604698 1.7593498 -71.804756
v  25.713425 2.5865631 -70.04541
v  25.713425 1.8289795 -71.874382
v  25.604698 3.8146973e-06 -72.533501
v  25.713425 -1.8289719 -71.874382
v  25.604698 -1.7593422 -71.804749
v  25.713425 3.8146973e-06 -67.458855
v  25.604698 2.4880905 -70.04541
v  25.713425 3.8146973e-06 -72.631973
v  25.604698 -2.4880867 -70.045403
v  27.920502 -1.8289719 -68.216438
v  27.920502 3.8146973e-06 -67.983116
v  27.920502 3.8146973e-06 -67.458855
v  27.4758 -1.8289719 -71.874382
v  27.920502 -2.5865555 -70.045403
v  27.4758 -2.5865555 -70.045403
v  27.4758 -1.8289719 -68.216431
v  27.4758 3.8146973e-06 -67.458855
v  27.920502 1.8289795 -68.216431
v  27.4758 1.8289795 -68.216431
v  27.4758 2.5865631 -70.04541
v  27.920502 1.8289795 -71.874382
v  27.920502 -1.8289719 -71.874382
v  27.920502 2.5865631 -70.04541
v  27.445091 -1.4582634 -68.587135
v  27.445091 3.8146973e-06 -67.983116
v  27.920502 1.458271 -68.587143
v  27.920502 2.0623016 -70.04541
v  27.920502 3.8146973e-06 -72.107712
v  27.920502 -1.4582634 -71.50367
v  27.920502 -2.062294 -70.045403
v  27.920502 -1.4582634 -68.587135
v  27.920502 1.458271 -71.503677
v  27.445091 2.0623016 -70.04541
v  27.445091 3.8146973e-06 -72.107712
v  27.445091 -1.4582634 -71.50367
v  27.445091 -2.0622978 -70.045403
v  27.445091 1.458271 -68.587143
v  27.445091 1.458271 -71.503677
v  31.195366 -0.79727173 -66.778313
v  31.728249 -0.79727173 -66.918457
v  31.728249 -0.79727173 -66.77832
v  31.728249 -0.47584534 -67.140724
v  31.728249 3.8146973e-06 -67.140724
v  31.728249 0 -66.77832
v  31.195366 0 -66.77832
v  31.195366 -0.47584534 -67.140724
v  31.195366 -0.79727173 -66.918457
v  31.195366 0.79727554 -66.778313
v  31.728249 0.79727554 -66.918457
v  31.195366 0.79727554 -66.918457
v  31.728249 0.47584915 -67.140717
v  31.728249 0.79727554 -66.778313
v  31.195366 0.47584915 -67.140717
v  31.195366 0 -67.140724
v  -6.3677979 -3.8146973e-06 -72.158516
v  -6.4485855 -1.3724022 -72.885483
v  -6.061058 -1.3724022 -72.637123
v  -5.3205032 1.9408607 -73.792572
v  -6.4485855 1.3723946 -72.885483
v  -6.061058 1.3723946 -72.637115
v  -4.5799561 1.3723946 -74.948021
v  -4.6607361 -3.8146973e-06 -75.674988
v  -4.9674835 1.3723946 -75.196388
v  -5.3205032 -1.9408684 -73.792572
v  -4.9674835 -1.3724022 -75.196388
v  -4.5799561 -1.3724022 -74.948021
v  -5.7080307 -1.9408684 -74.040939
v  -6.7553177 -3.8146973e-06 -72.406883
v  -5.7080307 1.9408607 -74.040939
v  -4.2732162 -3.8146973e-06 -75.426628
v  16.559845 1.8160095 -64.237663
v  15.941101 0.61240768 -63.034061
v  15.941101 1.8160057 -63.034065
v  16.559845 0.61240768 -64.237671
v  16.628273 0.61240768 -63.034061
v  17.247017 0.61240768 -64.237671
v  16.628273 1.8160057 -63.034065
v  17.247017 2.1067238 -64.237663
v  17.247017 1.8160095 -64.237663
v  16.865608 2.1067238 -63.499165
v  16.178444 2.7061424 -63.499157
v  16.178444 2.1067238 -63.499165
v  16.559845 2.1067238 -64.237663
v  16.865608 2.7061424 -63.499157
v  16.559845 2.7061424 -64.237671
v  17.289581 2.7061424 -65.614723
v  17.67868 3.110405 -65.614723
v  17.67868 2.7061424 -65.614723
v  17.526657 2.1067238 -64.765373
v  17.837189 2.7061424 -65.351349
v  17.526657 2.7061424 -64.765381
v  17.289581 3.110405 -65.614723
v  17.67868 4.2780952 -65.614723
v  17.289604 2.1067238 -65.614723
v  17.67868 2.1067238 -65.614716
v  16.839493 2.7061424 -64.765381
v  16.839493 2.1067238 -64.765373
v  17.247017 2.7061424 -64.237671
v  17.526657 3.110405 -64.765381
v  17.105751 4.2780952 -64.765381
v  17.105751 3.110405 -64.765381
v  17.837189 3.110405 -65.351349
v  17.526657 4.2780952 -64.765381
v  16.964165 3.110405 -65.000633
v  17.837189 4.2780952 -65.351357
v  17.289581 4.2780952 -65.614723
v  16.964165 4.2780952 -65.000633
v  17.837189 2.1067238 -65.351349
v  5.3255005 1.201088 -71.05864
v  5.3255005 0 -69.108871
v  5.3255005 1.201088 -69.108871
v  8.2210236 0 -71.05864
v  8.2210236 1.201088 -69.108871
v  8.2210236 0 -69.108871
v  5.5721664 1.4477654 -71.058632
v  5.5721664 1.4477654 -69.108864
v  7.9743576 1.4477654 -69.108864
v  8.2210236 1.201088 -71.05864
v  7.9743576 1.4477654 -71.058632
v  5.7983704 1.0052147 -71.531525
v  7.7784805 0.97488403 -71.531517
v  7.7481384 1.0052147 -71.531525
v  5.7983704 1.0052147 -68.635986
v  5.7680511 0.97488403 -71.531517
v  7.7784805 0.97488403 -68.635986
v  5.7983704 0 -68.635986
v  5.3255005 0 -71.05864
v  5.7680511 0.97488403 -68.635986
v  7.7481384 1.0052147 -68.635986
v  7.7481384 0 -68.635986
v  5.3255005 -1.201088 -71.05864
v  5.3255005 -1.201088 -69.108871
v  8.2210236 -1.201088 -69.108871
v  5.5721664 -1.4477654 -71.05864
v  5.5721664 -1.4477654 -69.108871
v  8.2210236 -1.201088 -71.05864
v  7.9743576 -1.4477654 -69.108871
v  7.9743576 -1.4477654 -71.05864
v  7.7481384 -1.0052147 -71.531517
v  5.7680511 -0.97488403 -71.531525
v  5.7983704 -1.0052147 -71.531517
v  5.7983704 -1.0052147 -68.635986
v  5.7680511 -0.97488403 -68.635986
v  7.7784805 -0.97488403 -71.531525
v  7.7784805 -0.97488403 -68.635986
v  7.7481384 -1.0052147 -68.635986
v  5.7983704 0 -71.531525
v  7.7481384 0 -71.531525
v  18.030777 -0.79727554 -66.918457
v  18.563644 -0.79727554 -66.77832
v  18.030777 -0.79727554 -66.77832
v  18.563644 -0.47584915 -67.140724
v  18.563644 0 -67.140724
v  18.563644 0 -66.77832
v  18.030777 0 -66.77832
v  18.030777 -0.47584915 -67.140724
v  18.563644 0.79727554 -66.77832
v  18.030754 0.79727554 -66.918465
v  18.030754 0.79727554 -66.77832
v  18.563644 0.47584915 -67.140724
v  18.563644 0.79727554 -66.918465
v  18.030777 0.47584915 -67.140724
v  18.563644 -0.79727554 -66.918457
v  18.030777 0 -67.140724
v  -6.021553 -1.0233231 -63.855003
v  0.46769714 -0.51166153 -62.968777
v  -6.021553 -0.51166153 -62.968777
v  -6.021553 0.51165771 -62.968781
v  0.46769714 0.51165771 -62.968781
v  -6.021553 1.0233154 -63.855003
v  0.46769714 1.0233154 -63.855003
v  -6.021553 0.51165771 -64.741219
v  0.46769714 -1.0233231 -63.855003
v  0.46769714 0.51165771 -64.741219
v  -6.021553 -0.51166153 -64.741226
v  0.46769714 -0.51166153 -64.741226
v  -1.2772903 -0.79727554 -66.778328
v  -0.74443054 -0.79727554 -66.918472
v  -0.74443054 -0.79727554 -66.778328
v  -0.74443054 -0.47584915 -67.140732
v  -0.74443054 -3.8146973e-06 -67.140724
v  -0.74443054 -3.8146973e-06 -66.77832
v  -1.2772903 -3.8146973e-06 -66.77832
v  -1.2772903 -0.47584915 -67.140732
v  -1.2772903 -0.79727554 -66.918472
v  -1.2772903 0.79727173 -66.778328
v  -0.74443054 0.79727173 -66.918465
v  -1.2772903 0.79727173 -66.918465
v  -0.74443054 0.47584534 -67.140732
v  -0.74443054 0.79727173 -66.778328
v  -1.2772903 0.47584534 -67.140732
v  -1.2772903 -3.8146973e-06 -67.140724
v  2.216713 1.7796898 -70.383385
v  2.216713 1.0637169 -69.667404
v  2.216713 1.7796898 -69.667412
v  2.216713 1.0637169 -70.383385
v  5.1299286 1.0637169 -69.667404
v  5.1299286 1.0637169 -70.383377
v  5.1299286 1.7796898 -69.667404
v  5.1299286 1.7796898 -70.383377
v  6.7786484 0.91769028 -71.080017
v  7.6461792 2.9211273 -70.579163
v  7.6461792 0.91769028 -70.579163
v  7.6461792 2.9211273 -69.577446
v  7.6461792 0.91769409 -69.577438
v  6.7786484 2.9211273 -69.076584
v  6.7786484 0.91769028 -69.076584
v  5.9111557 2.9211273 -69.577446
v  5.9111557 0.91769028 -69.577446
v  5.9111557 2.9211273 -70.579163
v  5.9111557 0.91769028 -70.579163
v  6.7786484 2.9211273 -71.080025
v  80.396675 1.0497437 -64.793556
v  80.70826 1.2296333 -63.212543
v  80.396675 1.0497437 -63.212547
v  80.70826 1.2296333 -64.793556
v  80.70826 1.5894127 -63.212543
v  80.70826 1.5894127 -64.793556
v  80.396675 1.7693024 -63.212547
v  80.396675 1.7693024 -64.793556
v  80.085098 1.5894127 -63.212543
v  80.085098 1.5894127 -64.793556
v  80.085098 1.2296333 -63.212543
v  80.085098 1.2296333 -64.793556
v  -0.015380859 0.3588028 -67.410606
v  0.49351501 0.52367783 -67.125031
v  -0.015380859 0.52368164 -67.125031
v  -0.015380859 0.85343552 -67.125031
v  0.49351501 1.0183144 -67.410606
v  -0.015380859 1.0183144 -67.410606
v  -0.015380859 0.85343552 -67.69619
v  0.49351501 0.3588028 -67.410606
v  0.49351501 0.85343552 -67.125038
v  0.49351501 0.85343552 -67.69619
v  -0.015380859 0.52368164 -67.696182
v  -0.015380859 0.7898407 -67.586037
v  -0.015380859 0.89112473 -67.410606
v  -0.015380859 0.48599243 -67.410606
v  -3.8092575 0.58727646 -67.586029
v  -0.015380859 0.58727646 -67.586037
v  -0.015380859 0.58727646 -67.235184
v  -0.015380859 0.7898407 -67.235184
v  -3.8092575 0.58727646 -67.235176
v  -3.8092575 0.89112473 -67.410614
v  -3.8092575 0.48599625 -67.410606
v  -3.8092575 0.7898407 -67.586037
v  -3.8092575 0.7898407 -67.235184
v  0.49351501 0.52367783 -67.696182
v  4.9046707 0.82710266 -67.620918
v  4.9046707 1.210556 -66.488083
v  4.9046707 0.82710266 -66.488091
v  4.9046707 1.210556 -67.620911
v  2.4835739 1.210556 -66.488083
v  2.4835739 0.82710266 -66.488091
v  2.4835739 0.82710266 -67.620918
v  2.4835739 0 -66.488083
v  2.4835739 1.210556 -67.620911
v  2.4835739 -3.8146973e-06 -69.878227
v  2.4835739 -3.8146973e-06 -67.620918
v  4.9046707 0 -66.488083
v  4.9046707 0 -67.620911
v  4.9046707 0.82710266 -69.878227
v  4.9046707 0 -69.87822
v  2.4835739 0.82710266 -69.878227
v  4.9046707 -1.210556 -66.488083
v  4.9046707 -0.82710648 -67.620911
v  4.9046707 -0.82710648 -66.488083
v  2.4835739 -1.2105598 -66.488083
v  4.9046707 -1.210556 -67.620911
v  2.4835739 -0.82710648 -66.488083
v  2.4835739 -0.82710648 -67.620926
v  2.4835739 -1.2105598 -67.620918
v  4.9046707 -0.82710648 -69.87822
v  2.4835739 -0.82710648 -69.878227
v  -19.948479 0.66339493 -57.037357
v  -19.650749 -0.66340637 -56.865471
v  -19.948479 -0.66340637 -57.037361
v  -19.650749 0.66339493 -56.521687
v  -19.650749 -0.66340637 -56.521683
v  -19.948479 -0.66340637 -56.349792
v  -20.246201 0.66339493 -56.521687
v  -20.246201 -0.66340637 -56.521683
v  -19.948479 0.66339493 -56.349796
v  -20.246201 -0.66340637 -56.865471
v  -19.650749 0.66339493 -56.865467
v  -20.246201 0.66339493 -56.865467
v  -2.7341156 -1.0817642 -59.338684
v  -2.7341156 -1.2742691 -59.834778
v  -2.7341156 -1.6684189 -59.338692
v  -2.3469086 -1.6684189 -59.338692
v  -2.3469086 -1.2742691 -59.834778
v  -2.3469086 -1.0817642 -59.338684
v  -2.3469086 -1.0817642 -59.83477
v  -2.3469086 -1.6684189 -57.756943
v  -2.7341156 -1.0817642 -57.756935
v  -2.7341156 -1.6684189 -57.756943
v  -2.3469086 -1.0817642 -57.756935
v  -2.7341156 -1.0817642 -59.83477
v  10.173546 1.4098091 -67.436592
v  10.491058 -1.4884911 -67.253288
v  10.173546 -1.4884911 -67.4366
v  10.491058 1.4098091 -67.253288
v  10.491058 -1.4884911 -66.886688
v  10.491058 1.4098091 -66.886681
v  10.173546 -1.4884911 -66.703384
v  9.8560715 1.4098091 -66.886681
v  9.8560715 -1.4884911 -66.886688
v  9.8560715 1.4098091 -67.253288
v  9.8560715 -1.4884911 -67.253296
v  10.173546 1.4098091 -66.703377
v  27.684799 -0.79727173 -66.918457
v  28.21769 -0.79727173 -66.778313
v  27.684799 -0.79727173 -66.778313
v  28.21769 -0.47584534 -67.140724
v  28.217667 0 -67.140724
v  28.217667 0 -66.77832
v  27.684799 0 -66.77832
v  27.684799 -0.47584534 -67.140724
v  28.217667 0.79727554 -66.778313
v  27.684799 0.79727554 -66.918457
v  27.684799 0.79727554 -66.77832
v  28.217667 0.47584915 -67.140717
v  28.217667 0.79727554 -66.918457
v  27.684799 0.47584915 -67.140717
v  28.21769 -0.79727173 -66.918457
v  27.684799 0 -67.140724
v  -3.0505371 0 -65.240601
v  -3.3387985 1.0379486 -64.723122
v  -2.9440308 1.0379486 -64.824059
v  -3.0816803 1.4678802 -63.717529
v  -2.6869125 1.4678802 -63.818466
v  -2.8245773 1.0379486 -62.711929
v  -2.4297867 1.0379486 -62.812874
v  -2.7180634 0 -62.295403
v  -2.3232803 0 -62.396347
v  -3.3708496 0 -64.848434
v  -3.2861557 0.82539368 -64.517204
v  -2.7925339 0 -62.586632
v  -3.0816803 1.1672859 -63.717533
v  -2.8772278 0.82539368 -62.917862
v  -2.4864273 0.82539368 -63.017784
v  -2.8953476 0.82539368 -64.617126
v  -2.4017334 0 -62.686554
v  -2.6908951 1.1672859 -63.817455
v  -2.9800491 0 -64.948357
v  -3.4452972 0 -65.139656
v  80.396675 0.89447403 -64.709747
v  80.842712 1.1520004 -63.296349
v  80.396675 0.89447403 -63.296345
v  80.842712 1.1520004 -64.709755
v  80.842712 1.6670494 -63.296345
v  80.842712 1.6670494 -64.709755
v  80.396675 1.924572 -63.296345
v  80.396675 1.924572 -64.709747
v  79.950638 1.6670494 -63.296345
v  79.950638 1.6670494 -64.709755
v  79.950638 1.1520004 -63.296349
v  79.950638 1.1520004 -64.709755
v  45.436539 0.59183502 -67.173981
v  45.855614 0.41824722 -67.668968
v  45.436539 0.59183502 -67.668968
v  46.029205 -0.000831604 -67.173981
v  45.855614 0.41824722 -67.173973
v  45.855614 -0.41990662 -67.173973
v  46.029205 -0.00082778931 -67.668968
v  45.436539 -0.59349442 -67.173981
v  45.855614 -0.41990662 -67.668968
v  45.017464 -0.41990662 -67.668968
v  45.436539 -0.59349442 -67.668968
v  44.843872 -0.00082778931 -67.173981
v  45.017464 -0.41990662 -67.173981
v  45.121017 0.31471252 -67.668968
v  45.017464 0.41824722 -67.668968
v  45.017464 0.41824722 -67.173973
v  44.843872 -0.00082778931 -67.668968
v  44.990311 -0.00082778931 -67.17437
v  45.121017 0.31471252 -67.17437
v  44.990311 -0.00082778931 -67.668968
v  45.75209 0.31471252 -67.668968
v  45.88279 -0.00082778931 -67.668968
v  45.75209 -0.31637192 -67.668968
v  45.121017 -0.31637192 -67.668968
v  45.121017 -0.31637192 -67.17437
v  45.436539 -0.44707108 -67.668968
v  45.75209 -0.31637192 -67.17437
v  45.75209 0.31471252 -67.17437
v  45.436539 0.4454155 -67.668968
v  45.436539 0.4454155 -67.17437
v  45.436539 -0.44707108 -67.17437
v  45.88279 -0.00082778931 -67.17437
v  5.7438126 -0.79727554 -66.918472
v  6.2766953 -0.79727554 -66.778328
v  5.7438126 -0.79727554 -66.778328
v  6.2766953 -0.47584915 -67.140724
v  6.2766953 0 -67.140724
v  6.2766953 0 -66.77832
v  5.7438126 0 -66.77832
v  5.7438126 -0.47584915 -67.140732
v  6.2766953 0.79727173 -66.778328
v  5.7438126 0.79727173 -66.918465
v  5.7438126 0.79727173 -66.778328
v  6.2766953 0.47584534 -67.140732
v  6.2766953 0.79727173 -66.918465
v  5.7438126 0.47584534 -67.140732
v  6.2766953 -0.79727554 -66.918472
v  5.7438126 0 -67.140724
v  36.461212 -0.79727173 -66.77832
v  36.99408 -0.79727173 -66.918457
v  36.99408 -0.79727173 -66.77832
v  36.99408 -0.47584534 -67.140724
v  36.99408 3.8146973e-06 -67.140724
v  36.99408 3.8146973e-06 -66.77832
v  36.461212 3.8146973e-06 -66.77832
v  36.461212 -0.47584534 -67.140724
v  36.461212 -0.79727173 -66.918457
v  36.461212 0.79727554 -66.778313
v  36.99408 0.79727554 -66.918457
v  36.461212 0.79727554 -66.918457
v  36.99408 0.47584915 -67.140717
v  36.99408 0.79727554 -66.778313
v  36.461212 0.47584915 -67.140717
v  36.461212 3.8146973e-06 -67.140724
v  84.855515 -0.86126709 -63.50946
v  85.471199 -0.86126709 -64.503975
v  85.471199 -0.86126709 -63.50946
v  85.606453 -0.56903458 -64.335258
v  85.254135 7.6293945e-06 -64.663795
v  84.990768 -0.56903458 -64.335258
v  84.990768 -0.56903458 -63.678173
v  85.606453 -0.56903458 -63.678173
v  85.254135 7.6293945e-06 -65.001236
v  84.855515 -0.86126709 -64.503975
v  85.606453 0.56906128 -63.678177
v  85.254135 7.6293945e-06 -63.34964
v  84.990768 0.56906128 -63.678177
v  85.606453 0.56906128 -64.335258
v  85.471199 0.86128998 -64.503975
v  85.471199 0.86128998 -63.50946
v  84.855515 0.86128998 -63.50946
v  84.855515 0.86128998 -64.503975
v  85.254135 7.6293945e-06 -63.012199
v  85.869843 7.6293945e-06 -63.012199
v  85.869843 7.6293945e-06 -63.34964
v  85.869843 7.6293945e-06 -64.663795
v  85.869843 7.6293945e-06 -65.001236
v  84.990768 0.56906128 -64.335251
v  79.601929 7.6293945e-06 -65.183975
v  79.601929 1.1729584 -64.683922
v  79.601929 7.6293945e-06 -65.36113
v  79.601929 7.6293945e-06 -62.652313
v  82.266426 1.1729584 -63.329514
v  79.601929 1.1729584 -63.329514
v  79.601929 7.6293945e-06 -62.829468
v  79.601929 -1.1729393 -63.329517
v  79.601929 1.0195427 -63.418087
v  79.601929 1.0195427 -64.595352
v  79.601929 -1.1729393 -64.683922
v  79.601929 -1.0195236 -64.595345
v  79.601929 -1.0195236 -63.418091
v  82.266426 -1.1729393 -63.329517
v  82.266426 1.1444092e-05 -63.012196
v  82.266426 1.1444092e-05 -62.652309
v  82.266426 1.1444092e-05 -65.361122
v  82.266426 -1.1729393 -64.683929
v  82.266426 1.1729584 -64.683922
v  82.496391 0.86128616 -63.50946
v  82.266426 0.86128616 -63.50946
v  82.266426 0.86128998 -64.503975
v  82.266426 1.1444092e-05 -65.001236
v  82.266426 -0.86126709 -64.503975
v  82.266426 -0.8612709 -63.50946
v  82.496391 0.86128998 -64.503975
v  82.895035 7.6293945e-06 -65.001236
v  82.496391 -0.86126709 -63.50946
v  82.895035 7.6293945e-06 -63.012199
v  82.496391 -0.86126709 -64.503975
v  82.631645 -0.56903839 -63.678177
v  82.631645 -0.56903839 -64.335258
v  82.631645 0.56905746 -64.335258
v  33.924599 -1.0195312 -63.418098
v  33.924599 -1.0195312 -64.595352
v  33.924599 0 -65.183983
v  33.924599 1.0195351 -64.59536
v  32.112694 -1.0697823 -64.624367
v  32.112694 0 -65.242004
v  33.924599 1.0195351 -63.418102
v  33.924599 3.8146973e-06 -62.829468
v  31.649612 1.3764839 -64.801437
v  32.112694 1.0697861 -64.624367
v  32.112694 1.0697861 -63.389084
v  32.112694 0 -62.771446
v  32.112694 -1.0697823 -63.38908
v  31.649612 -1.3764839 -64.801437
v  18.220291 -3.8146973e-06 -65.596161
v  31.649612 0 -65.596153
v  31.649612 -1.3764839 -63.212017
v  31.649612 1.3764839 -63.212017
v  31.649612 0 -62.417297
v  18.220291 -1.3764877 -63.212013
v  18.220291 -0.79101181 -64.463425
v  18.220291 -1.3764877 -64.801445
v  18.220291 -3.8146973e-06 -62.417301
v  18.220291 1.3764801 -64.801445
v  18.220291 1.3764801 -63.212013
v  18.220291 -3.8146973e-06 -63.093349
v  30.315964 0.79101562 -63.550026
v  30.315964 1.1444092e-05 -63.093334
v  18.220291 -0.79101181 -63.550045
v  18.220291 0.79100418 -63.550041
v  18.220291 -3.8146973e-06 -64.920113
v  18.220291 0.79100418 -64.463417
v  30.315964 0.79101562 -64.463402
v  30.988541 -1.5258789e-05 -64.663826
v  30.988541 0.56903458 -64.335289
v  30.315964 1.1444092e-05 -64.92009
v  30.315964 -0.79099655 -64.463402
v  30.315964 -0.79099655 -63.550022
v  30.988541 0.56903458 -63.678204
v  30.988541 -0.56906128 -63.678207
v  30.988541 -0.56906128 -64.335289
v  30.988541 -1.5258789e-05 -63.34967
v  82.631645 0.56905746 -63.678181
v  82.895035 7.6293945e-06 -63.34964
v  82.895035 7.6293945e-06 -64.663803
v  -2.268837 0.57592773 -67.534515
v  -2.0737457 -0.54649353 -67.534523
v  -2.268837 -0.54649353 -67.534523
v  -2.268837 -0.54649353 -67.339432
v  -2.0737457 -0.54649353 -67.339432
v  -2.268837 0.57592392 -67.339432
v  -2.0737228 0.57592392 -67.534515
v  -2.0737228 0.57592392 -67.339432
v  -28.577736 -7.6293945e-06 -63.745049
v  -28.577736 1.0216064 -66.114685
v  -28.577736 2.0831909 -63.858162
v  -29.285896 2.0831909 -63.858162
v  -28.010994 0.97527504 -54.252594
v  -29.285896 -7.6293945e-06 -66.114693
v  -28.577736 -7.6293945e-06 -66.114693
v  -28.010994 -7.6293945e-06 -54.252594
v  -28.711449 0.97527504 -54.156548
v  -28.711449 -7.6293945e-06 -54.156548
v  -29.285896 -7.6293945e-06 -63.745049
v  -29.285896 1.0216064 -66.114685
v  -28.577736 -1.0216179 -66.114693
v  -29.285896 -2.0832024 -63.858166
v  -28.577736 -2.0832024 -63.858166
v  -28.010994 -0.97528839 -54.252594
v  -28.711449 -0.97528839 -54.156548
v  -29.285896 -1.0216179 -66.114693
v  -2.5403214 1.109993 -60.514759
v  -2.1641998 -1.1100006 -60.2976
v  -2.5403214 -1.1100006 -60.514755
v  -2.1641998 1.109993 -60.297604
v  -2.1641998 -1.1100044 -59.863297
v  -2.1641998 1.1099968 -59.863293
v  -2.5403214 -1.1100006 -59.646141
v  -2.5403214 1.1099968 -59.646141
v  -2.9164581 -1.1100044 -59.863297
v  -2.9164581 1.1099968 -59.863293
v  -2.9164581 -1.1100006 -60.2976
v  -2.9164581 1.109993 -60.297604
v  -5.0482864 -1.4678764 -63.823994
v  -4.4188232 -1.0379448 -64.7444
v  -4.6511688 -1.4678764 -63.732784
v  -4.8159561 -1.0379448 -64.835602
v  -4.3226013 0 -65.163422
v  -5.2330322 -0.82539368 -63.019539
v  -5.0482864 -1.1672859 -63.823994
v  -5.3768616 0 -62.393356
v  -4.8834839 -1.0379448 -62.721172
v  -4.9797211 0 -62.302155
v  -5.2806168 -1.0379486 -62.812386
v  -4.4704208 -0.82539368 -64.538155
v  -4.6551437 -1.1672859 -63.733707
v  -4.9164276 0 -62.596039
v  -4.8398972 -0.82539368 -62.929253
v  -4.8635406 -0.82539368 -64.628441
v  -5.3095779 0 -62.686325
v  -4.7870178 0 -64.961662
v  -4.7197342 0 -65.254631
v  -4.3938828 0 -64.871376
v  26.807167 -0.79727173 -66.918457
v  27.340034 -0.79727173 -66.778313
v  26.807167 -0.79727173 -66.778313
v  27.340034 -0.47584534 -67.140724
v  27.340034 0 -67.140724
v  27.340034 0 -66.77832
v  26.807167 0 -66.77832
v  26.807167 -0.47584534 -67.140724
v  27.340034 0.79727554 -66.77832
v  26.807167 0.79727554 -66.918457
v  26.807167 0.79727554 -66.77832
v  27.340034 0.47584915 -67.140717
v  27.340034 0.79727554 -66.918457
v  26.807167 0.47584915 -67.140732
v  27.340034 -0.79727173 -66.918457
v  26.807167 0 -67.140724
v  6.62146 -0.79727554 -66.77832
v  7.154335 -0.79727554 -66.918472
v  7.154335 -0.79727554 -66.77832
v  7.154335 -0.47584915 -67.140724
v  7.154335 0 -67.140724
v  7.154335 0 -66.77832
v  6.62146 0 -66.77832
v  6.62146 -0.47584915 -67.140724
v  6.62146 -0.79727554 -66.918472
v  6.62146 0.79727173 -66.778328
v  7.154335 0.79727173 -66.918465
v  6.62146 0.79727173 -66.918465
v  7.154335 0.47584534 -67.140732
v  7.154335 0.79727173 -66.778328
v  6.62146 0.47584534 -67.140732
v  6.62146 0 -67.140724
v  80.842712 -1.1519852 -63.296349
v  80.396675 -0.89446259 -64.709755
v  80.396675 -0.89446259 -63.296349
v  80.842712 -1.6670341 -63.296345
v  80.842712 -1.1519852 -64.709755
v  80.396675 -1.9245567 -63.296345
v  80.842712 -1.6670341 -64.709747
v  79.950638 -1.6670341 -63.296345
v  80.396675 -1.9245567 -64.709755
v  79.950638 -1.6670341 -64.709747
v  79.950638 -1.1519852 -63.296349
v  79.950638 -1.1519852 -64.709755
v  5.0951252 1.2719316 -48.181667
v  4.2719746 1.2719297 -48.851009
v  4.2719746 1.2719316 -48.175129
v  16.267145 0.98148251 -48.851006
v  16.267145 1.2719307 -48.270405
v  16.267145 0.98148251 -48.270409
v  3.9644108 1.2719297 -48.851009
v  3.9644108 1.2719297 -48.172688
v  16.267145 0.98148346 -38.058701
v  15.891817 1.2719307 -37.981739
v  15.891817 0.98148537 -37.981743
v  8.4017429 1.2719297 -48.851009
v  5.0951252 0.95557499 -49.642876
v  5.0951252 1.2719297 -48.851009
v  8.4017429 0.98148346 -48.851006
v  11.562113 0.66512585 -49.642879
v  13.201761 0.98148346 -48.851006
v  5.0951252 0.98148346 -36.409149
v  4.2719746 1.2719288 -36.287613
v  4.2719746 0.98148155 -36.287605
v  8.4017429 1.2719316 -48.207928
v  5.0951252 0.98148346 -48.851006
v  4.2719746 0.98148155 -42.078735
v  4.2719746 0.98148346 -48.851006
v  13.030069 1.2719307 -48.244694
v  3.9644108 0.95557499 -49.642876
v  8.4017429 1.3736124 -48.207932
v  5.0951252 1.2719288 -36.409149
v  15.891817 1.2719307 -48.851002
v  15.891817 0.98148251 -48.851006
v  15.891817 1.2719307 -48.26627
v  13.201761 1.2719307 -48.851002
v  13.030069 0.98148346 -37.580742
v  8.4017429 1.2719288 -36.897373
v  8.4017429 0.98148346 -36.897369
v  16.267145 -9.5367432e-07 -48.851006
v  16.267145 -9.5367432e-07 -48.270409
v  16.267145 1.2719307 -48.851002
v  13.030069 1.3736115 -37.580742
v  13.030069 1.3736124 -48.244698
v  15.891817 0.98148346 -42.078735
v  13.030069 0.98148346 -42.078735
v  5.0951481 1.3736124 -48.181664
v  16.267145 1.2719307 -38.058704
v  3.9644108 -4.7683716e-06 -48.851009
v  4.2719746 -4.7683716e-06 -48.851009
v  15.891817 1.3736134 -37.981743
v  8.4017429 0.98148346 -42.078735
v  13.030069 1.2719307 -37.580746
v  8.4017429 1.3736115 -36.897377
v  3.9644108 1.2719288 -36.242195
v  5.0951252 -3.8146973e-06 -42.078739
v  8.4017429 -3.8146973e-06 -42.078732
v  8.4017429 1.0599461 -36.897377
v  5.0951252 1.3736115 -36.409149
v  5.0951252 1.0599461 -36.409149
v  15.891817 1.0599461 -37.981739
v  13.030069 1.0599461 -37.580738
v  3.9644108 0.98148346 -36.242188
v  16.267145 -3.8146973e-06 -38.058704
v  5.0951252 -3.8146973e-06 -36.409145
v  4.2719746 -3.8146973e-06 -36.287609
v  15.891817 -9.5367432e-07 -48.851006
v  8.4017429 -3.8146973e-06 -36.897373
v  15.891817 1.3736124 -48.266273
v  15.891817 -1.9073486e-06 -37.981739
v  13.030069 -3.8146973e-06 -37.580746
v  4.2719746 -3.8146973e-06 -42.078739
v  3.9644108 0.98148346 -48.172684
v  3.9644108 -3.8146973e-06 -36.242191
v  13.030069 -3.8146973e-06 -42.078732
v  15.891817 -1.9073486e-06 -42.078735
v  5.0951252 0.98148155 -42.078735
v  3.9644108 0.98148346 -48.851006
v  4.2719746 0.66512775 -49.642879
v  3.9644108 -4.7683716e-06 -48.172688
v  3.9644108 0.66512775 -49.642879
v  4.2719746 0.95557499 -49.642876
v  5.0951252 0.66512775 -49.642879
v  8.4017429 0.95557404 -49.642876
v  8.4017429 0.6651268 -49.642879
v  11.562113 0.95557308 -49.642876
v  5.0951252 -1.2719364 -48.181664
v  4.2719746 -1.2719364 -48.851006
v  5.0951252 -1.2719364 -48.851006
v  16.267145 -1.2719355 -48.270409
v  16.267168 -0.98148727 -48.851002
v  16.267145 -0.98148727 -48.270405
v  4.2719746 -1.2719364 -48.175125
v  3.9644108 -1.2719364 -48.851006
v  15.891817 -1.2719364 -37.981735
v  16.267145 -0.98148918 -38.058708
v  15.891817 -0.98148918 -37.981743
v  5.0951252 -0.9555788 -49.642883
v  8.4017429 -1.2719364 -48.851006
v  11.562113 -0.66513252 -49.642876
v  8.4017429 -0.98149014 -48.851013
v  13.201761 -0.98148918 -48.851002
v  4.2719746 -1.2719383 -36.287609
v  5.0951252 -0.98148918 -36.409149
v  4.2719746 -0.98149109 -36.287605
v  8.4017429 -1.2719364 -48.207932
v  4.2719746 -0.98149109 -42.078735
v  5.0951252 -0.98149014 -48.851013
v  4.2719746 -0.98149204 -48.851006
v  13.030069 -1.2719364 -48.24469
v  13.201761 -1.2719364 -48.851006
v  3.9644108 -0.9555788 -49.642883
v  8.4017429 -1.3736181 -48.207932
v  5.0951252 -1.2719383 -36.409145
v  15.891817 -1.2719336 -48.851006
v  15.891817 -0.98148727 -48.851002
v  15.891817 -1.2719336 -48.266266
v  8.4017429 -1.2719364 -36.897369
v  13.030069 -0.98148727 -37.580746
v  8.4017429 -0.98148918 -36.897377
v  16.267168 -1.2719336 -48.851006
v  13.030069 -1.3736191 -37.580742
v  13.030069 -1.2719364 -37.580742
v  15.891817 -0.98148918 -42.078735
v  5.0951481 -1.3736181 -48.181664
v  16.267145 -1.2719345 -38.058701
v  15.891817 -1.3736172 -37.981743
v  13.030069 -0.98148918 -42.078735
v  8.4017429 -1.3736191 -36.897377
v  3.9644108 -1.2719364 -48.172684
v  8.4017429 -0.98148918 -42.078735
v  5.0951252 -1.3736191 -36.409149
v  8.4017429 -1.0599537 -36.897369
v  5.0951252 -1.0599537 -36.409149
v  15.891817 -1.0599518 -37.981743
v  13.030069 -1.0599518 -37.580742
v  13.030069 -1.3736181 -48.244698
v  15.891817 -1.3736181 -48.266273
v  3.9644108 -1.2719364 -36.242191
v  3.9644108 -0.98149109 -36.242195
v  3.9644108 -0.98149204 -48.172684
v  5.0951252 -0.98149109 -42.078735
v  4.2719746 -0.66513443 -49.642879
v  3.9644108 -0.98149204 -48.851006
v  4.2719746 -0.9555788 -49.642883
v  3.9644108 -0.66513443 -49.642879
v  8.4017429 -0.95558071 -49.642883
v  5.0951252 -0.66513443 -49.642879
v  8.4017429 -0.66513252 -49.642879
v  11.562113 -0.9555788 -49.642872
v  4.2679462 -0.4775486 -52.142216
v  4.1844349 -0.4775486 -52.572193
v  4.2679462 -0.4775486 -52.572193
v  4.1844349 0.26718903 -52.142212
v  4.1844349 0.26718903 -52.572189
v  4.2679462 -0.10517979 -52.787178
v  4.2679462 0.26718807 -52.572189
v  4.2679462 0.26718903 -52.142212
v  4.1844349 -0.10518074 -51.927223
v  4.2679462 -0.10518074 -51.927223
v  4.1844349 -0.10517979 -52.787178
v  4.1844349 -0.4775486 -52.142216
v  12.679392 0.43845558 -52.043331
v  13.769152 -0.10518169 -51.740635
v  13.769152 0.42878151 -52.04892
v  13.769152 -0.63914299 -52.04892
v  14.728853 -0.10517979 -51.873287
v  12.679392 -0.64881611 -52.671074
v  13.769152 -0.10518169 -52.973774
v  13.769152 -0.63914394 -52.665489
v  12.679392 0.43845844 -52.67107
v  13.769152 0.42878151 -52.665485
v  12.679392 -0.64881706 -52.043335
v  12.679392 -0.10518074 -51.729454
v  12.679392 -0.10518074 -52.98494
v  14.728853 -0.52425957 -52.599159
v  15.80514 -0.10518074 -52.544086
v  15.80514 -0.26702595 -52.450645
v  14.728853 -0.52425957 -52.11525
v  14.728853 -0.10518074 -52.841114
v  14.728853 0.31389809 -52.11525
v  14.728853 0.31389809 -52.599159
v  15.80514 -0.2670269 -52.263756
v  16.029375 -0.18956947 -52.405922
v  16.029375 -0.18957043 -52.308479
v  15.80514 0.056665421 -52.450645
v  15.80514 -0.10518074 -52.170315
v  15.80514 0.056665421 -52.263756
v  16.029375 -0.020792961 -52.405926
v  16.029375 -0.020792007 -52.308475
v  16.029375 -0.10518074 -52.454647
v  16.029375 -0.10517979 -52.259754
v  4.7779636 -0.94324589 -51.873337
v  10.717279 -0.10518074 -51.454887
v  4.7779636 -0.10517788 -51.389481
v  4.7779636 0.73288822 -51.873337
v  10.717279 0.67624283 -51.906048
v  4.7779636 0.73288727 -52.841057
v  10.717279 -0.10518169 -53.259514
v  4.7779636 -0.10517979 -53.324921
v  10.717279 0.67624378 -52.808353
v  11.424013 -0.10518169 -53.046188
v  4.7779636 -0.94324589 -52.841057
v  10.717279 -0.88660336 -52.808357
v  4.583643 -0.10518074 -51.561813
v  12.679392 -0.70186043 -52.701691
v  11.424013 -0.70186043 -52.701691
v  11.424013 -0.10518074 -51.668213
v  11.424013 0.49149895 -52.012703
v  10.717279 -0.88660336 -51.906044
v  11.424013 0.49149799 -52.701691
v  11.424013 -0.70186043 -52.012703
v  12.679392 -0.70186043 -52.012703
v  12.679392 0.49149799 -52.701691
v  12.679392 -0.10518074 -51.668213
v  12.679392 -0.10518169 -53.046188
v  12.679392 0.49149895 -52.012703
v  4.583643 -0.10517883 -53.15258
v  4.583643 -0.79400158 -51.959507
v  4.583643 0.58364296 -51.959511
v  4.583643 -0.79400349 -52.754894
v  4.583643 0.5836401 -52.75489
v  4.3556767 -0.10518074 -51.561813
v  4.3556767 0.58364201 -52.754898
v  4.3556767 -0.79400253 -52.754894
v  4.3556767 -0.79400158 -51.959507
v  4.3556767 0.58364296 -51.959511
v  4.3556767 -0.10517883 -53.15258
v  4.3556767 0.73488617 -51.872185
v  4.3556767 -0.10517979 -51.387177
v  4.3556767 0.73488712 -52.842209
v  4.3556767 -0.94524288 -52.842209
v  4.3556767 -0.94524384 -51.872185
v  4.3556767 -0.10517788 -53.327225
v  4.1762867 -0.94524288 -52.842209
v  4.1762867 0.73488712 -52.842209
v  4.1762867 0.73488617 -51.872185
v  4.1762867 -0.10517979 -51.387177
v  4.1762867 -0.10517788 -53.327225
v  4.1762867 -0.94524384 -51.872185
v  4.1762867 0.2963028 -52.125404
v  4.1762867 -0.10517883 -51.893608
v  4.2679462 -0.50665951 -52.125404
v  4.1762867 -0.50665951 -52.125404
v  4.1762867 -0.50666046 -52.588997
v  4.1762867 -0.10517979 -52.820793
v  4.1762867 0.2963028 -52.588997
v  4.2679462 -0.50666046 -52.588997
v  4.2679462 -0.10517979 -52.820793
v  4.2679462 0.2963028 -52.588997
v  4.2679462 -0.10517883 -51.893608
v  4.2679462 0.2963028 -52.125404
vn 1 0 0
vn -1 0 0
vn 0 0 1
vn 0 0 -1
vn 0 -0.92387938 -0.38268384
vn 0 1 0
vn 0 -1 0
vn 0 -0.50000149 -0.86602467
vn 7.6293949e-24 0 0
vn 0 0 0
vn 0 0.92388028 -0.38268164
vn 0 0.92387962 -0.38268334
vn 0 -0.38268456 -0.92387915
vn 0 0.92387903 -0.38268462
vn 0 0.92387915 -0.38268444
vn 0 0.92387909 -0.38268453
vn 0 -0.38268462 -0.92387915
vn 0 -0.92388034 0.38268152
vn 0 -0.3826836 0.92387944
vn 0 0.38267988 0.92388105
vn 0 0.92388016 0.38268188
vn 0 -0.92388046 -0.38268131
vn 0 -0.38268632 0.92387843
vn 0 -0.92388058 0.38268116
vn 0 -0.38268366 -0.92387944
vn 0 -0.49998868 0.86603206
vn 0 -0.50000548 -0.86602223
vn 1 -1.6922486e-06 0
vn 1 5.5300839e-06 0
vn 1 1.3412439e-06 0
vn 0 9.5693786e-06 1
vn 0 4.7846775e-06 1
vn -1 6.7691344e-06 0
vn -1 4.5136112e-06 0
vn -1 2.5367746e-07 0
vn 0 -0.56876212 -0.82250208
vn 0 -0.56876266 -0.82250172
vn 0 -0.56876391 -0.82250077
vn 0 -8.0166428e-06 -1
vn 1 -2.7401952e-06 0
vn 1 -3.3850915e-06 0
vn -1 -1.0193193e-06 0
vn 0 0.56877631 -0.8224923
vn 0 0.56877625 -0.82249236
vn 0 -1.6033224e-05 -1
vn 1 -4.2679599e-06 0
vn 1 -3.1516829e-06 0
vn -1 -2.4126612e-06 0
vn 0 -0.56876087 -0.82250297
vn 0 0.56877637 -0.8224923
vn 0 1 -1.2381753e-07
vn 0 1 -9.9921884e-08
vn -0.82663107 -6.1232757e-05 0.56274414
vn -0.82663125 -6.1232771e-05 0.56274414
vn 0 -1 -5.6179573e-08
vn 0 -1 -2.1394396e-08
vn 0 -1 -2.0164673e-07
vn 0.88642389 -8.7221051e-05 -0.46287456
vn 0.88642389 -8.7221037e-05 -0.46287456
vn 0.88642395 -8.7221037e-05 -0.46287453
vn -0.96339178 5.2258356e-06 -0.2680977
vn -0.96339178 2.6908046e-06 -0.2680977
vn -0.96339178 7.9166402e-06 -0.26809773
vn 0.48291916 -0.45102227 0.75057846
vn 0.48291913 -0.45102221 0.7505784
vn 0.48291916 -0.45102227 0.75057858
vn 0.48293984 0.45100886 0.75057334
vn 0.48293984 0.45100886 0.75057328
vn 0.48293981 0.45100886 0.75057334
vn -0.54107982 -0.00012813015 -0.84097129
vn -0.54107982 -0.00012813014 -0.84097123
vn 0 1 -1.3851337e-07
vn 0.82669497 0 -0.56265044
vn 0.82669491 0 -0.5626505
vn 0.82669491 0 -0.56265044
vn 0.8266995 8.0044501e-06 -0.56264377
vn 0.82669944 8.0044492e-06 -0.56264377
vn 0.8266995 8.0044483e-06 -0.56264371
vn 0.8266989 0 -0.56264472
vn 0.8266989 0 -0.56264466
vn -0.88639539 4.5676359e-05 0.46292892
vn -0.88639539 4.5676356e-05 0.46292892
vn -0.88639545 4.5676359e-05 0.46292895
vn -0.88636369 -6.0916791e-06 0.46298984
vn -0.88636369 -6.0916791e-06 0.46298987
vn -0.88642019 -1.2543798e-05 0.46288148
vn -0.88642025 -1.25438e-05 0.46288154
vn -0.88642019 -1.25438e-05 0.46288148
vn -0.96339178 0 -0.2680977
vn 0.48291773 -0.45100939 0.75058711
vn 0.48291776 -0.45100945 0.75058717
vn 0.48292032 0.45101818 0.75058019
vn 0.48292032 0.45101818 0.75058013
vn 0.48292035 0.45101818 0.75058019
vn -0.54103082 0.00013867251 -0.84100282
vn -0.54103082 0.00013867251 -0.84100276
vn 0.08566241 -0.92388076 -0.37296972
vn 0.085672908 -0.92387903 -0.37297153
vn 0.085658252 -0.92388141 -0.37296906
vn 0.20678446 -0.38268262 -0.90044111
vn 0.20681299 -0.38268095 -0.90043539
vn 0.20677313 -0.3826834 -0.90044343
vn -0.9746303 3.8309963e-06 -0.22382089
vn -0.9746303 3.8183275e-06 -0.22382089
vn -0.97463036 3.8309963e-06 -0.22382092
vn -0.20680059 -0.3826839 0.90043694
vn -0.20680059 -0.38268387 0.90043688
vn -0.20680061 -0.38268393 0.90043694
vn -0.085659079 -0.92387915 0.37297449
vn -0.085655905 -0.92387903 0.37297565
vn -0.085660338 -0.92387921 0.37297401
vn 0.97325093 0.013650851 0.22933914
vn 0.97325093 0.013650849 0.22933911
vn 0.97325087 0.01365085 0.22933912
vn 0.20680103 0.38268149 -0.90043789
vn 0.20679921 0.38268229 -0.90043795
vn 0.20680207 0.38268104 -0.90043777
vn -0.9746297 1.5283609e-05 -0.22382349
vn -0.97463125 8.1852086e-06 -0.22381684
vn -0.97462988 7.7006689e-06 -0.22382267
vn -0.97461963 8.648627e-06 -0.22386739
vn -0.97461969 8.648628e-06 -0.22386742
vn -0.97461963 8.648627e-06 -0.22386737
vn -0.97462374 -5.3748254e-06 -0.22384925
vn -0.97462267 -6.1130927e-06 -0.2238543
vn 0.97147477 0.0056443634 0.23707588
vn 0.97147781 0.0056430246 0.23706342
vn 0.9714734 0.0056449506 0.23708133
vn -0.085655317 0.92387867 0.3729766
vn -0.08565677 0.92387867 0.37297621
vn -0.085654467 0.92387867 0.37297684
vn 0.08565779 0.92387909 -0.37297484
vn 0.085658751 0.92387867 -0.3729758
vn 0.085657224 0.92387933 -0.37297431
vn -0.20678349 0.38268697 0.9004395
vn -0.20681357 0.38268098 0.90043515
vn -0.20676589 0.38269061 0.90044212
vn 0.9775812 0.0056673735 0.21048279
vn 0.97757149 0.0056613293 0.21052778
vn 0.97756976 0.0056602322 0.21053594
vn 0.97579104 0.013686454 0.21827649
vn 0.97579098 0.013686455 0.21827647
vn 0.97579098 0.013686454 0.21827646
vn 0.085677065 -0.92387831 -0.37297225
vn 0.20682429 -0.38268018 -0.900433
vn -0.97462338 3.0567026e-05 -0.22385119
vn -0.97462344 3.0567026e-05 -0.2238512
vn -0.2068174 -0.38268092 0.90043426
vn -0.2068174 -0.38268095 0.90043426
vn -0.085654631 -0.92387885 0.37297609
vn 0.97326064 0.013615308 0.2292998
vn 0.97326064 0.013615306 0.22929977
vn 0.20679814 0.38268268 -0.90043801
vn -0.97463036 3.8436651e-06 -0.22382094
vn -0.97463149 2.2925456e-06 -0.22381598
vn -0.97463143 2.2925453e-06 -0.22381595
vn -0.97463149 2.2925453e-06 -0.22381595
vn 0.9714784 0.005642781 0.23706114
vn -0.085657626 0.92387861 0.37297601
vn 0.08565931 0.92387843 -0.3729763
vn -0.20683122 0.38267744 0.90043259
vn 0.97758549 0.0056700273 0.21046302
vn 0.9757874 0.01364356 0.2182954
vn 0.9757874 0.013643562 0.21829541
vn 0.97578734 0.013643559 0.21829538
vn -1.8338709e-05 0 -1
vn -2.1083424e-05 0 -1
vn 7.3799879e-06 3.9212711e-05 1
vn 1.0341263e-05 -2.156988e-05 1
vn 2.3184411e-06 3.2517652e-11 1
vn -6.8054519e-06 0 -1
vn -3.4381214e-06 -3.9212711e-05 -1
vn -0.43748277 -0.89922684 0
vn -0.43748328 -0.89922667 0
vn -0.43747994 -0.89922822 0
vn 1 -8.5358715e-06 0
vn -6.434329e-06 5.2376206e-05 1
vn 2.1308935e-05 0 1
vn -5.3764848e-05 -4.2220036e-10 1
vn -7.4906966e-05 0 1
vn 2.4069109e-06 0 -1
vn 2.772591e-06 -5.2376206e-05 -1
vn 0 -3.1039577e-11 -1
vn 0 2.0597881e-12 -1
vn 1.8691377e-05 0 1
vn -9.6276435e-06 0 1
vn 6.9363259e-06 0 1
vn -6.894199e-06 2.156988e-05 -1
vn 0 2.2354112e-05 -1
vn 1.1398548e-05 -1 0
vn 1.139855e-05 -1 0
vn 6.1862695e-05 4.222003e-10 -1
vn 4.2320089e-06 -3.9198774e-05 -1
vn 0 -1.7468908e-12 -1
vn 5.8250389e-06 -1.5272179e-06 -1
vn -3.6488791e-06 -4.2889485e-05 1
vn -1.7048981e-07 1.5272176e-06 1
vn 1.570489e-06 -6.5379536e-06 -1
vn 1.1779086e-06 4.2889485e-05 -1
vn -0.43748289 0.89922673 0
vn -0.43748239 0.89922702 0
vn -0.43747911 0.89922857 0
vn 1 1.3324105e-05 0
vn 1 -1.9878309e-05 0
vn -6.5858903e-06 -5.2374653e-05 1
vn 0 2.3291878e-12 1
vn 0 -4.1195762e-12 1
vn 6.7009989e-07 5.237466e-05 -1
vn 0 3.9198778e-05 1
vn 0 3.9198774e-05 1
vn -2.1934113e-06 6.5379536e-06 1
vn 1 -2.400365e-06 0
vn 1 -1.0038422e-05 0
vn 1.1398482e-05 1 0
vn 1.1398509e-05 1 0
vn 1.1398442e-05 1 0
vn -0.43748617 -0.89922518 0
vn 1 2.264435e-05 0
vn 0 -2.2354112e-05 1
vn 1.1398547e-05 -1 0
vn 9.3208466e-05 0 -1
vn 0 -3.9198778e-05 -1
vn -0.43748614 0.89922518 0
vn -4.6601326e-05 0 1
vn 1.1398548e-05 1 0
vn 4.6601326e-05 0 -1
vn 1 3.6718323e-08 0
vn 1 2.8114359e-08 0
vn 1 1.2894124e-07 0
vn 1 1.6854133e-06 0
vn 1 9.8730887e-08 0
vn 1 4.7995127e-07 0
vn 1.5496001e-07 -0.86333025 0.50463945
vn 4.916188e-10 -0.86332268 0.50465244
vn 1.5545159e-07 -0.86333025 0.50463939
vn 1 -9.0491227e-07 0
vn 1 -2.1895878e-06 0
vn -1.5495998e-07 0.86333036 0.50463939
vn -4.9159254e-10 0.86333835 0.5046255
vn -1.5545159e-07 0.86333025 0.50463939
vn 3.425821e-10 0 1
vn 1.9636994e-08 0 1
vn 1.9979575e-08 0 1
vn 1.8643372e-07 -4.8051056e-06 -1
vn -1.4308142e-07 -4.8051056e-06 -1
vn -1.5006695e-07 -4.8051052e-06 -1
vn -1.5355246e-07 1 0
vn -1.5355249e-07 1 0
vn -1.5355248e-07 1 0
vn 1.5355249e-07 -1 0
vn 1.5355246e-07 -1 0
vn 1.5355251e-07 -1 0
vn 0 -0.86332268 0.5046525
vn 1 -5.6344379e-06 0
vn 0 0.86333847 0.5046255
vn 1.9341925e-07 -4.8051052e-06 -1
vn -1.5355251e-07 1 0
vn 1.5355248e-07 -1 0
vn -1 -3.3845483e-06 0
vn -1 -4.2910351e-06 0
vn -1 -8.2885538e-07 0
vn 0 -0.56876153 -0.82250249
vn 0 -0.56876141 -0.82250267
vn 0 0.56874907 -0.82251108
vn 0 0.56874913 -0.82251114
vn 0 0.56874907 -0.82251114
vn 0 -0.56876159 -0.82250255
vn 0 0.56874919 -0.82251102
vn -0.7918573 -0.22685243 0.56700969
vn -0.7918573 -0.22685246 0.56700975
vn -0.7918573 -0.22685242 0.56700969
vn -7.1118184e-06 0.38441288 -0.92316139
vn -1.1689289e-06 0.3844268 -0.92315549
vn -8.2807746e-06 0.38441014 -0.92316252
vn 0 -0.37145558 0.92845082
vn 0 -0.37145555 0.92845076
vn 0 -0.37145558 0.92845076
vn -0.79195929 0.23220956 -0.56469387
vn -0.7919594 0.23220956 -0.56469387
vn -0.7919594 0.23220959 -0.56469387
vn -0.7918644 -0.22684731 0.567002
vn -0.79186434 -0.22684728 0.567002
vn -0.79186434 -0.22684729 0.56700206
vn 0 0.38442951 -0.92315441
vn 0 -0.37143278 0.92845988
vn 0 -0.37143311 0.92845976
vn 0 -0.37143272 0.92845994
vn -0.79197383 0.23219238 -0.5646807
vn -0.79197377 0.23219238 -0.56468064
vn -1 8.2214872e-05 3.1013107e-05
vn -1 8.221488e-05 3.1013111e-05
vn -0.79183948 -0.22685453 0.56703371
vn -0.7918396 -0.22685455 0.56703377
vn -0.79183948 -0.2268545 0.56703377
vn 0 0.38443178 -0.92315352
vn 0 0.38443869 -0.9231506
vn 0 0.38443041 -0.923154
vn 0 -0.37143326 0.92845964
vn 0 -0.37143329 0.9284597
vn -0.79194957 0.23221458 -0.56470567
vn -0.79194951 0.23221461 -0.56470567
vn -0.79194957 0.2322146 -0.56470567
vn -0.79183954 -0.22685453 0.56703377
vn -0.79183942 -0.2268545 0.56703371
vn -0.79183948 -0.22685452 0.56703383
vn 0 0.38443986 -0.92315006
vn 0 0.38443866 -0.9231506
vn 0 0.38444012 -0.92314994
vn 0 -0.37143275 0.92845994
vn 0 -0.37143272 0.92845988
vn -0.79194653 0.23222958 -0.56470352
vn -0.79194659 0.23222958 -0.56470358
vn -0.79194653 0.23222956 -0.56470352
vn 0 0.38444006 -0.92314994
vn 0 -0.37143153 0.92846036
vn 0 -0.37143269 0.92845988
vn 0 -0.37143135 0.92846042
vn -0.79195499 0.23222278 -0.56469446
vn -0.79195499 0.23222277 -0.56469446
vn -0.79195505 0.2322228 -0.56469452
vn -0.79182726 -0.22684868 0.56705314
vn -0.79182726 -0.22684869 0.56705314
vn -0.79182726 -0.22684869 0.5670532
vn 0 -0.37142554 0.9284628
vn 0 -0.3714318 0.92846024
vn 0 -0.37142441 0.92846328
vn -0.79195505 0.23222278 -0.56469446
vn -0.79195499 0.2322228 -0.56469452
vn -1 5.0587341e-06 0
vn -1 5.1568063e-06 0
vn -0.79183882 -0.22683522 0.56704253
vn -0.79183882 -0.22683524 0.56704253
vn -0.79183871 -0.22683519 0.56704253
vn 1.1689477e-06 0.38443798 -0.92315084
vn 7.1116574e-06 0.38443613 -0.92315167
vn 0 0.38443828 -0.92315066
vn 0 -0.3714259 0.92846256
vn 0 -0.37142596 0.92846268
vn -0.79197234 0.23223436 -0.56466538
vn -0.7919724 0.23223439 -0.56466544
vn -0.79197234 0.2322344 -0.56466544
vn -0.79182732 -0.22684869 0.5670532
vn -0.79182732 -0.22684868 0.56705314
vn 0 0.38443583 -0.92315173
vn 0 -0.37142503 0.92846298
vn 0 -0.37142646 0.92846239
vn 0 -0.37142479 0.9284631
vn -0.79196393 0.23223194 -0.56467819
vn -0.79196393 0.23223193 -0.56467819
vn -0.79196399 0.23223194 -0.56467825
vn -1 5.0587705e-06 0
vn -1 5.1568209e-06 0
vn -1.6739874e-07 -2.9067975e-14 -1
vn 1.8042911e-07 -2.144878e-06 -1
vn 2.8651823e-07 -1.1627191e-13 -1
vn 1.813666e-07 8.6895992e-14 1
vn 2.1760893e-07 2.9438863e-06 1
vn 1.116693e-07 -2.224538e-13 1
vn 1 1.6268202e-06 0
vn 1 4.719216e-07 0
vn -1.0169745e-07 0.9217059 0.38788968
vn -2.1416916e-07 0.92170548 0.38789055
vn -1.0629484e-07 0.92170596 0.38788959
vn -8.3853022e-11 0.82773685 -0.56111652
vn -3.1735834e-08 0.82773238 -0.56112307
vn -2.509374e-07 0.82773232 -0.56112319
vn -1 5.7193211e-07 0
vn 0 0.062883087 0.99802089
vn 0 0.062882915 0.99802101
vn 0 0.062882654 0.99802101
vn -2.5359489e-07 3.0377559e-13 1
vn -3.7096308e-07 -2.8356153e-06 1
vn -3.1604318e-07 -7.4779009e-14 1
vn 2.846979e-07 -2.144878e-06 -1
vn 1.3421953e-07 -5.0233949e-13 -1
vn -1.2871557e-07 -2.144878e-06 -1
vn -7.2583923e-08 -8.7452222e-14 -1
vn 0 0.92170763 0.3878856
vn 0 0.92170721 0.3878864
vn 0 0.92170131 0.38790044
vn -6.8163836e-10 0.82773036 -0.56112611
vn -2.2091035e-07 0.8277306 -0.56112587
vn -2.2243327e-07 0.8277306 -0.56112581
vn -1 2.6945074e-07 0
vn -1 2.6945077e-07 0
vn -1 2.3377432e-07 0
vn -1 -6.8987424e-07 0
vn -1 -1.3470516e-06 0
vn 1 -2.2402924e-07 0
vn 0 0.99071711 0.13593966
vn 0 0.99071705 0.13594043
vn 0 0.99071717 0.13593946
vn 1 -1.9177726e-06 0
vn 1 -1.1144632e-06 0
vn 1 -9.9518329e-06 0
vn 1 -9.951832e-06 0
vn 0.79332459 0.23404229 -0.56201464
vn 0.79332453 0.23404224 -0.56201458
vn 0.79332453 0.23404226 -0.56201458
vn 0 0.92170429 0.38789347
vn 0 0.92170501 0.38789189
vn 0 0.92170674 0.38788763
vn 0.79332143 -0.22892009 0.56412488
vn 0.79332137 -0.22892009 0.56412488
vn 0.79332137 -0.22892007 0.56412488
vn 0.79331028 -0.22893313 0.56413531
vn 0.79331028 -0.22893311 0.56413525
vn 0.79331023 -0.2289331 0.56413525
vn 1 -2.5293687e-06 0
vn 1 -2.5784179e-06 0
vn 1 -4.9761147e-06 0
vn 0.79333323 0.23403467 -0.56200552
vn 0.79333317 0.23403469 -0.56200558
vn 0.79333329 0.23403469 -0.56200552
vn 0.79334062 -0.22890942 0.56410205
vn 0.79334068 -0.22890943 0.56410205
vn 0.79330951 -0.22893696 0.56413472
vn 0.79330951 -0.22893699 0.56413472
vn 0.79330951 -0.22893697 0.56413472
vn 0.79330456 -0.22892459 0.56414664
vn 0.79330456 -0.22892459 0.56414658
vn 0.79330456 -0.22892462 0.5641467
vn 0.7933318 0.23404194 -0.56200451
vn 0.79333174 0.23404193 -0.56200451
vn 1 4.4783246e-05 9.7611664e-05
vn 1 4.478325e-05 9.7611664e-05
vn 1 4.4783246e-05 9.7611657e-05
vn 1 -9.9522294e-06 0
vn 0.79333609 0.23402014 -0.56200755
vn 0.79333603 0.23402014 -0.56200755
vn 0.79333603 0.23402016 -0.56200755
vn 0.79334319 0.23403625 -0.5619908
vn 0.79334319 0.23403622 -0.56199074
vn 0.79334319 0.23403624 -0.5619908
vn 0.79334176 0.23404352 -0.56198984
vn 0.7933417 0.23404348 -0.56198978
vn 0.79334176 0.23404349 -0.56198984
vn 1 4.9761147e-06 0
vn 0.79334539 0.23402536 -0.56199235
vn 0.79334533 0.23402534 -0.56199235
vn 0.79334539 0.23402534 -0.56199229
vn 1 9.9522294e-06 0
vn 0.79335725 0.23402642 -0.561975
vn 0.79335737 0.23402642 -0.561975
vn 0.79335731 0.23402639 -0.56197494
vn 0.79330683 -0.22891308 0.56414831
vn 0.79330677 -0.22891307 0.56414825
vn 0.79330677 -0.22891307 0.56414819
vn 0.79330611 -0.22891694 0.56414771
vn 0.79330599 -0.22891693 0.56414771
vn 0.79330605 -0.22891693 0.56414771
vn 0.79331177 -0.22892542 0.56413627
vn 0.79331172 -0.22892539 0.56413627
vn 0.79331172 -0.22892544 0.56413627
vn -2.2911684e-07 -2.9438866e-06 1
vn -3.847066e-07 3.3595769e-13 1
vn -9.2104981e-09 0.8277303 -0.56112617
vn -6.0339325e-09 0.82772982 -0.56112683
vn -1.8215589e-07 0.92170727 0.3878864
vn -1.9078041e-07 0.92170727 0.38788623
vn 1.5855472e-08 -0.88739175 -0.46101636
vn 2.8716926e-07 -0.88739234 -0.4610149
vn 3.0302462e-07 -0.88739246 -0.46101475
vn -1 9.4702335e-07 0
vn -1 4.8346567e-07 0
vn -1 7.6736382e-07 0
vn -2.5735423e-09 0.92170733 0.38788608
vn 0 -0.062915564 -0.99801892
vn 0 -0.062915474 -0.99801892
vn 0 -0.062915325 -0.99801892
vn 0 0.82773048 -0.56112605
vn -0.7933346 0.22892669 0.56410354
vn -0.79333454 0.22892669 0.56410354
vn -0.7933346 0.22892672 0.5641036
vn 7.2745493e-06 -0.38442975 -0.92315435
vn 7.2745493e-06 -0.38442972 -0.92315435
vn 7.2745484e-06 -0.38442972 -0.92315429
vn 0 0.37144822 0.92845368
vn -0.79336309 -0.23401381 -0.56197208
vn -0.79336303 -0.23401381 -0.56197208
vn -0.79336303 -0.23401384 -0.56197214
vn -0.79332262 0.22888675 0.56413656
vn -0.79332268 0.22888677 0.56413656
vn -0.79332262 0.22888674 0.56413656
vn 0 -0.38441479 -0.92316049
vn 0 -0.38441542 -0.92316025
vn 0 -0.38441557 -0.92316014
vn 0 0.37143314 0.92845976
vn 0 0.37143314 0.9284597
vn -0.79335868 -0.23401912 -0.56197602
vn -0.7933588 -0.23401915 -0.56197602
vn -1 -3.4832803e-05 -6.932058e-05
vn -1 -3.4832807e-05 -6.932058e-05
vn -0.79330313 0.22893232 0.56414562
vn -0.79330307 0.22893229 0.56414562
vn 0 0.37143296 0.92845988
vn 0 0.3714329 0.92845988
vn 0 0.37143293 0.92845982
vn -0.79333138 -0.23402648 -0.56201148
vn -0.79333138 -0.23402645 -0.56201148
vn -0.79333144 -0.23402646 -0.56201148
vn -0.79330754 0.22890925 0.56414878
vn -0.79330748 0.22890924 0.56414872
vn -0.79330754 0.22890921 0.56414872
vn 0 -0.38442537 -0.9231562
vn 0 -0.38442534 -0.92315608
vn 0 0.37143308 0.92845976
vn 0 0.37143311 0.92845976
vn 0 0.37143308 0.9284597
vn -0.79333997 -0.23403528 -0.56199574
vn -0.79333997 -0.2340353 -0.56199574
vn -0.79333997 -0.2340353 -0.56199569
vn -0.79330409 0.22890824 0.56415397
vn -0.79330409 0.22890823 0.56415397
vn -0.79330415 0.22890824 0.56415397
vn 0 -0.38442901 -0.92315459
vn 0 -0.3844274 -0.92315531
vn 0 -0.38442704 -0.92315537
vn 0 0.37143299 0.92845982
vn 0 0.37143126 0.92846048
vn 0 0.37143099 0.92846066
vn -0.79334468 -0.23402897 -0.56199181
vn -0.79334462 -0.23402897 -0.56199181
vn -1 5.0528802e-06 0
vn -1 4.9515543e-06 0
vn -0.79330403 0.22890824 0.56415397
vn -0.79330409 0.22890823 0.56415391
vn 0 -0.38442951 -0.92315435
vn 0 -0.38442948 -0.92315435
vn 0 0.37143588 0.92845869
vn 0 0.37145069 0.92845279
vn 0 0.37145329 0.92845166
vn -0.79334325 -0.23403624 -0.5619908
vn -0.79334313 -0.23403624 -0.5619908
vn -1 -5.0588601e-06 0
vn -1 -5.1569714e-06 0
vn -1 -9.9514373e-06 0
vn -0.7933138 0.22890294 0.56414258
vn -0.79331374 0.22890294 0.56414258
vn 0 0.37145457 0.92845112
vn 0 0.37145427 0.92845136
vn -0.79335129 -0.23403865 -0.56197834
vn -0.79335135 -0.23403868 -0.5619784
vn -0.79335135 -0.23403865 -0.56197828
vn -0.7933026 0.22891593 0.5641529
vn -0.79330266 0.22891594 0.5641529
vn 0 -0.38442951 -0.92315441
vn 0 0.37145534 0.92845082
vn 0 0.37145537 0.92845082
vn -0.79334605 -0.23402171 -0.56199282
vn -0.79334599 -0.23402169 -0.56199282
vn -0.79334605 -0.23402171 -0.56199288
vn -1 9.9514373e-06 0
vn 3.4438207e-07 2.144878e-06 -1
vn 9.4000168e-09 -2.9438868e-06 1
vn 1 1.1006728e-06 0
vn 8.3583673e-09 -0.92170668 0.38788775
vn 1.7714484e-07 -0.92170668 0.38788784
vn 1.8010658e-07 -0.92170668 0.38788787
vn 2.8563613e-07 -0.82773894 -0.56111336
vn 3.0170921e-07 -0.82773846 -0.56111413
vn 2.7281075e-07 -0.82773924 -0.56111288
vn -1 9.2368731e-07 0
vn 0 -0.062898807 0.99801993
vn 0 -0.062898889 0.99801993
vn 0 -0.062898681 0.99801993
vn -2.5355845e-07 2.8356153e-06 1
vn 0 2.1448782e-06 -1
vn 0 2.144878e-06 -1
vn 7.3768132e-07 -0.92170596 0.38788953
vn 0 -0.92170691 0.38788724
vn 0 -0.92170578 0.38788983
vn 2.1694837e-07 -0.82773876 -0.56111377
vn 3.9899206e-07 -0.82773918 -0.56111306
vn 2.1568825e-07 -0.82773876 -0.56111383
vn -1 1.081029e-06 0
vn -1 2.1108181e-06 0
vn 1 -4.9656796e-07 0
vn 1 -7.4322952e-07 0
vn 0 -0.9907167 0.13594317
vn 0 -0.9907167 0.13594308
vn 0 -0.99071664 0.13594307
vn 1 -1.2574152e-06 0
vn 1 5.3623885e-06 0
vn 1 5.0648396e-06 0
vn 1 1.9902875e-05 0
vn 0.79331774 -0.23403326 -0.56202793
vn 0.79331774 -0.23403327 -0.56202793
vn 0 -0.92170781 0.38788489
vn 0 -0.92170781 0.38788491
vn 0 -0.92170787 0.38788491
vn 0.79333234 0.22892432 0.56410772
vn 0.79333234 0.22892435 0.56410778
vn 0.79333234 0.22892435 0.56410772
vn 0.79331821 0.22895274 0.564116
vn 0.79331821 0.22895275 0.56411606
vn 0.79334605 -0.23402171 -0.56199288
vn 0.79334611 -0.23402171 -0.56199288
vn 0.79334599 -0.23402171 -0.56199288
vn 0.79333609 0.22889081 0.56411612
vn 0.79333603 0.22889079 0.56411612
vn 0.79333603 0.22889076 0.56411606
vn 0.79332113 0.22893736 0.56411809
vn 0.79332119 0.22893736 0.56411809
vn 0.79330856 0.22889908 0.56415135
vn 0.79330856 0.22889909 0.56415135
vn 0.79330862 0.22889911 0.56415141
vn 1 -3.9808518e-05 9.7613673e-05
vn 1 -3.9808525e-05 9.7613673e-05
vn 1 -3.9808525e-05 9.7613687e-05
vn 0.79333889 -0.23403183 -0.56199872
vn 0.79333889 -0.23403181 -0.56199867
vn 0.79333723 -0.23403674 -0.5619992
vn 0.79333711 -0.23403673 -0.5619992
vn 0.79333717 -0.23403676 -0.5619992
vn 0.79333705 -0.23403671 -0.56199914
vn 0.79333723 -0.23403673 -0.56199914
vn 1 -9.9524277e-06 0
vn 1 -9.9524286e-06 0
vn 0.79334849 -0.23401791 -0.56199092
vn 0.79334855 -0.23401792 -0.56199098
vn 0.79337329 -0.23401439 -0.56195736
vn 0.79337329 -0.23401438 -0.56195736
vn 0.79337335 -0.23401441 -0.56195742
vn 0.79330605 0.22893083 0.56414199
vn 0.79330599 0.22893082 0.56414199
vn 0.79331195 0.22890007 0.56414616
vn 0.79331195 0.22890006 0.56414616
vn 0.79331201 0.22890009 0.56414622
vn 0.7933057 0.22891448 0.56414926
vn 0.79330564 0.22891447 0.56414926
vn 0.79330558 0.22891445 0.56414926
vn -5.3193099e-07 2.9438863e-06 1
vn 1.139418e-09 -0.82773936 -0.56111276
vn 0 -0.82773942 -0.56111288
vn 1.5087191e-07 -0.92170662 0.38788781
vn 1.4898232e-07 -0.92170668 0.38788781
vn 1 2.2828509e-07 0
vn 1 2.2828506e-07 0
vn 0 0.88739252 -0.46101487
vn 0 0.8873924 -0.46101493
vn 0 0.88739252 -0.46101484
vn -1 -3.6810252e-07 0
vn -1 2.3689104e-06 0
vn -2.3034697e-07 -0.92170674 0.38788772
vn 0 0.062898822 -0.99801993
vn 0 0.062898926 -0.99801993
vn 0 0.062898681 -0.99801993
vn 3.9897128e-07 -0.82773924 -0.56111306
vn 0 -0.82773864 -0.56111395
vn -0.79331839 -0.22893547 0.5641228
vn -0.79331833 -0.22893547 0.5641228
vn -0.79331839 -0.22893548 0.56412274
vn 0 0.38442948 -0.92315435
vn 0 -0.37145421 0.9284513
vn 0 -0.37145427 0.92845136
vn 0 -0.37145424 0.92845136
vn -0.7933414 0.2340371 -0.56199306
vn -0.7933414 0.23403712 -0.56199306
vn -0.7933116 -0.2288686 0.56415951
vn -0.79331154 -0.22886857 0.56415951
vn -0.7933116 -0.22886857 0.56415945
vn 0 -0.37143314 0.9284597
vn -0.79336053 0.23402737 -0.56197011
vn -0.79336047 0.23402734 -0.56197011
vn -0.79336053 0.23402736 -0.56197006
vn -1 2.9855495e-05 -6.9318725e-05
vn -1 2.9855497e-05 -6.9318732e-05
vn -1 2.9855501e-05 -6.9318739e-05
vn -0.79330611 -0.22891694 0.56414771
vn -0.79330605 -0.22891693 0.56414771
vn -0.79330599 -0.22891693 0.56414771
vn 0 -0.37143195 0.92846018
vn 0 -0.37143192 0.92846018
vn -0.79334319 0.23403625 -0.5619908
vn -0.79334319 0.23403624 -0.5619908
vn -0.79334319 0.23403622 -0.56199074
vn -0.79330748 -0.22890924 0.56414878
vn -0.79330748 -0.22890922 0.56414872
vn 0 0.3844384 -0.92315078
vn -0.7933417 0.23404349 -0.56198978
vn -0.79334176 0.23404351 -0.56198984
vn 0 -0.37143293 0.92845982
vn -0.7933318 0.23404194 -0.56200451
vn -0.79333174 0.23404193 -0.56200451
vn -0.79332519 -0.22891185 0.5641228
vn -0.79332519 -0.22891185 0.56412286
vn -0.79332525 -0.22891188 0.56412286
vn -0.79333037 0.2340492 -0.56200343
vn -0.79333037 0.23404923 -0.56200349
vn -0.79333043 0.23404923 -0.56200349
vn -1 9.9518338e-06 0
vn -0.79333484 -0.2289065 0.56411135
vn -0.7933349 -0.22890653 0.56411147
vn -0.79333484 -0.22890648 0.56411141
vn 8.2805673e-06 0.38443571 -0.92315185
vn -0.79333669 0.23404339 -0.561997
vn -0.79333663 0.23404339 -0.561997
vn -0.79333669 0.2340434 -0.56199706
vn -0.79332232 -0.22892721 0.56412071
vn -0.79332221 -0.2289272 0.56412065
vn -0.79332221 -0.22892722 0.56412071
vn 0 -0.3714267 0.92846239
vn -0.79332727 0.23404826 -0.56200844
vn -0.79332715 0.23404826 -0.56200844
vn -0.79332715 0.23404829 -0.56200844
vn 0 -2.1448782e-06 -1
vn 0 2.9438866e-06 1
vn -2.1416921e-07 0.92170548 0.38789061
vn 0 0.82773691 -0.56111652
vn 0 0.062883347 0.99802095
vn -5.0034868e-07 2.943887e-06 1
vn 0 -2.144878e-06 -1
vn 1.991205e-06 0.92170662 0.38788775
vn 2.0919715e-06 0.92170686 0.38788745
vn -2.4855279e-07 0.92170596 0.38788956
vn 0 0.92170894 0.38788217
vn -7.0398858e-07 0.92170596 0.3878893
vn -6.6572379e-09 0.92170727 0.38788626
vn -3.1553549e-07 0.92170709 0.38788688
vn -1.0330973e-06 0.92170417 0.38789356
vn 0 0.9217031 0.38789618
vn 0 0.92170316 0.38789624
vn 0 0.9217059 0.38788965
vn 0 0.92170703 0.38788673
vn 0 0.92170721 0.38788652
vn 0 0.92170638 0.38788843
vn 0 0.9217034 0.38789546
vn -1.8215487e-06 0.92169684 0.38791126
vn 0 0.92170739 0.38788602
vn 0 0.92170578 0.38788977
vn 0 0.9217068 0.38788736
vn 0 0.92170626 0.3878887
vn 0 0.92170691 0.38788709
vn 0 0.92170608 0.38788912
vn 0 0.92170614 0.38788918
vn 0 0.92170614 0.38788915
vn -6.7394289e-08 0.92170578 0.38788983
vn 0 0.92170238 0.38789791
vn 0 0.9217065 0.38788819
vn -2.0624507e-06 0.92171687 0.38786346
vn -8.8132319e-09 0.92170668 0.38788784
vn -1.1931521e-09 0.92170662 0.38788784
vn 0 0.92170775 0.38788518
vn 0 0.92170656 0.38788787
vn 0 0.92170918 0.38788196
vn 0 0.92170662 0.38788784
vn 0 0.92170191 0.38789901
vn 0 0.92170948 0.38788116
vn 0 0.92170876 0.38788271
vn 0 0.92170858 0.38788331
vn 0 0.92170721 0.38788646
vn 0 0.92170787 0.38788486
vn 0 0.92170745 0.38788593
vn 0 0.92170197 0.38789913
vn 0 0.92170626 0.38788879
vn 0 0.92170793 0.38788477
vn 0 0.92170691 0.38788715
vn 0 0.92170048 0.38790247
vn 0 0.92170823 0.3878839
vn 0 0.92170829 0.38788399
vn 0 0.92170829 0.38788393
vn -1 1.1496384e-05 0
vn -1 1.1496383e-05 0
vn 0 0.99071699 0.13594063
vn 1 -1.149655e-05 0
vn 0.79195201 0.2322596 -0.56468362
vn 0.79195207 0.2322596 -0.56468362
vn 0.79195213 0.23225959 -0.56468356
vn -8.1983455e-07 0.92170358 0.38789526
vn -4.7321043e-07 0.92170364 0.38789499
vn -8.8030902e-07 0.92171174 0.38787562
vn -8.8030907e-07 0.92171174 0.38787559
vn 0 0.92170656 0.38788819
vn 0 0.9217065 0.38788816
vn -2.675196e-07 0.92171353 0.3878713
vn -2.675196e-07 0.92171359 0.3878713
vn -2.675196e-07 0.92171359 0.38787133
vn 0 0.92172873 0.38783547
vn 0 0.92172873 0.3878355
vn 0 0.92170364 0.38789511
vn 0 0.92170352 0.38789514
vn 0 0.92170388 0.38789433
vn 3.7399282e-06 0.92170537 0.38789091
vn 0 0.92170769 0.38788551
vn 0 0.92170769 0.38788548
vn 0 0.92171061 0.3878783
vn 0 0.92170942 0.38788107
vn 0 0.92171073 0.38787809
vn 0 0.92171115 0.38787729
vn 0 0.92171121 0.38787711
vn 3.1198201e-06 0.92170501 0.38789186
vn 5.8870733e-06 0.9217062 0.38788894
vn 0 0.92170244 0.38789752
vn 0 0.92170256 0.38789764
vn 0 0.92170465 0.38789243
vn 0 0.92170471 0.38789245
vn 0 0.92170465 0.38789245
vn 4.0490168e-06 0.92183959 0.38757187
vn 4.0490168e-06 0.92183954 0.38757184
vn 4.0490154e-06 0.92183954 0.38757178
vn 0 0.92172009 0.38785592
vn 0 0.9217028 0.38789701
vn 0 0.92170668 0.38788757
vn 0 0.92170799 0.38788471
vn 0 0.92171073 0.38787821
vn 0 0.9217115 0.38787645
vn 0 0.92171097 0.38787743
vn 0 0.92171097 0.38787746
vn 0 0.92171103 0.38787752
vn 0 0.92170674 0.38788769
vn 0 0.92170668 0.38788769
vn 0 0.92170668 0.38788772
vn 0 0.92170662 0.38788775
vn 0 0.92170382 0.38789466
vn 0 0.9217037 0.38789466
vn 0 0.92170203 0.38789877
vn 0 0.92169458 0.38791636
vn 0 0.92171955 0.38785696
vn 0 0.92171955 0.38785705
vn 0 0.92171961 0.38785699
vn 0 0.92171824 0.38786015
vn 0 0.92171818 0.38786021
vn 0 0.9217183 0.38786021
vn 0 0.92170548 0.38789064
vn 0 0.92170578 0.38788983
vn 0 0.92171246 0.3878741
vn 0 0.92171127 0.38787672
vn 0 0.92171133 0.38787678
vn 0 0.9217068 0.38788739
vn 0 0.92170775 0.38788527
vn 0 0.92170721 0.38788658
vn 0 0.92170668 0.38788763
vn 0 0.92170656 0.38788792
vn 0 0.92170644 0.38788807
vn 0 0.92169458 0.38791642
vn 0 0.92170471 0.38789251
vn 0 0.92170471 0.38789243
vn 0 0.92170495 0.38789177
vn 0 0.92170501 0.38789183
vn 0 0.92170554 0.38789025
vn 0 0.9217056 0.38789031
vn 0 0.92170519 0.38789129
vn 0 0.92170519 0.38789126
vn 0 0.92170525 0.38789126
vn 0 0.92170352 0.38789517
vn 0 0.92170656 0.38788816
vn 0 0.9217025 0.38789782
vn 0.79184937 -0.22683463 0.56702799
vn 0.79184932 -0.22683463 0.56702799
vn 0.79184937 -0.22683464 0.56702799
vn 0.79183948 -0.22684017 0.56703967
vn 0.79183942 -0.22684017 0.56703973
vn 0.79183936 -0.22684014 0.56703967
vn 0.79194909 0.23222567 -0.56470156
vn 0.79194915 0.23222569 -0.56470156
vn 0.79185838 -0.22683842 0.56701392
vn 0.79185832 -0.22683842 0.56701392
vn 0.79185832 -0.22683842 0.56701386
vn 0.79184735 -0.22685796 0.56702143
vn 0.79184741 -0.22685799 0.56702143
vn 0.79183787 -0.2268481 0.5670386
vn 0.79183793 -0.2268481 0.56703866
vn 0.79183793 -0.22684811 0.56703866
vn 1 1.0276647e-05 0
vn 0.79195392 0.23221919 -0.56469756
vn 0.79195392 0.23221917 -0.5646975
vn 0.79194343 0.23221748 -0.56471276
vn 0.79194349 0.23221749 -0.56471276
vn 0.79194355 0.23221751 -0.56471276
vn 0.79194212 0.232225 -0.56471169
vn 0.79194218 0.23222499 -0.56471169
vn 0.79194218 0.232225 -0.56471169
vn 1 -1.0276646e-05 0
vn 1 -1.0276647e-05 0
vn 0.79194069 0.23223248 -0.56471068
vn 0.79194063 0.2322325 -0.56471062
vn 0.79194063 0.23223248 -0.56471062
vn 0.79198861 0.23221214 -0.56465173
vn 0.79198861 0.23221211 -0.56465173
vn 0.79198867 0.23221214 -0.56465173
vn 0.79183942 -0.22684017 0.56703967
vn 0.79183936 -0.22684015 0.56703967
vn 0.79182893 -0.2268551 0.56704825
vn 0.79182893 -0.22685511 0.56704831
vn 0.79182899 -0.22685516 0.56704831
vn 0 -0.88739163 -0.46101642
vn -1 -2.5145919e-06 0
vn 0 -0.06291572 -0.99801886
vn -0.79183739 0.22685751 0.5670355
vn -0.79183745 0.22685756 0.56703556
vn -0.79183733 0.22685754 0.56703556
vn 0 -0.3844147 -0.92316061
vn 0 -0.3844147 -0.92316055
vn 0 -0.38441467 -0.92316055
vn -0.79197079 -0.23221485 -0.56467563
vn -0.79197085 -0.23221485 -0.56467563
vn -0.79186875 0.22682343 0.56700522
vn -0.79186881 0.22682346 0.56700528
vn -0.79186887 0.22682348 0.56700528
vn 0 -0.38441473 -0.92316061
vn -0.79198164 -0.23221147 -0.56466186
vn -0.79198164 -0.23221147 -0.56466192
vn -0.79198158 -0.23221144 -0.56466186
vn -1 -7.1936527e-05 3.1012467e-05
vn -1 -7.193652e-05 3.1012467e-05
vn -0.79183787 0.22684808 0.5670386
vn -0.79183781 0.22684807 0.5670386
vn -0.79183793 0.2268481 0.5670386
vn 0 0.37143233 0.92846006
vn 0 0.37143236 0.92846006
vn 0 0.37143233 0.92846012
vn -0.79195243 -0.23222665 -0.56469649
vn -0.79195249 -0.23222668 -0.56469655
vn -0.79195249 -0.2322267 -0.56469655
vn -1 1.027707e-05 0
vn -1 1.0277071e-05 0
vn -0.79183793 0.22684811 0.56703866
vn -0.79183787 0.22684807 0.5670386
vn 0 0.37143275 0.92845994
vn 0 0.37143272 0.92845988
vn 0 0.37143272 0.92845994
vn -0.791951 -0.23223415 -0.56469548
vn -0.791951 -0.23223417 -0.56469548
vn -0.791951 -0.23223415 -0.56469542
vn -0.79183793 0.2268481 0.56703866
vn -0.79183799 0.22684808 0.5670386
vn 0 -0.38442928 -0.92315441
vn 0 0.37143326 0.92845964
vn -1 1.0277491e-05 0
vn -0.7918489 0.22685005 0.56702256
vn -0.79184884 0.22685 0.56702244
vn -0.7918489 0.22685003 0.56702256
vn -0.79194957 -0.23224166 -0.56469446
vn -0.79194951 -0.23224162 -0.5646944
vn -0.79194951 -0.23224163 -0.5646944
vn -0.7918573 0.22685245 0.56700975
vn -0.79185742 0.22685245 0.56700969
vn -0.7918573 0.22685243 0.56700969
vn 0 0.3714546 0.92845112
vn -0.79196095 -0.23222916 -0.56468368
vn -0.79196095 -0.23222913 -0.56468368
vn -0.79184729 0.22685798 0.56702143
vn -0.79184741 0.22685799 0.56702143
vn -0.79184735 0.22685796 0.56702143
vn -0.79194069 -0.23223248 -0.56471062
vn -0.79194063 -0.2322325 -0.56471068
vn -0.79194063 -0.23223248 -0.56471062
vn -3.8302278e-07 2.144878e-06 -1
vn 3.664035e-07 -2.9438866e-06 1
vn 1 -4.5350262e-06 0
vn 0 -0.92170668 0.38788781
vn 3.0185021e-07 -0.82773846 -0.56111413
vn -1 3.8159201e-06 0
vn 0 -0.062899031 0.99801993
vn 0 -2.943887e-06 1
vn -2.2484068e-07 -0.92170668 0.38788769
vn -1.3470498e-07 -0.92170674 0.38788766
vn -3.155356e-07 -0.92170686 0.38788724
vn 0 -0.92170751 0.38788563
vn 6.9732761e-07 -0.92170596 0.3878895
vn 1.4543519e-06 -0.92170674 0.38788751
vn 1.750257e-07 -0.92170537 0.38789088
vn 1.8109505e-07 -0.92170542 0.38789067
vn 1.8207815e-07 -0.92170542 0.38789076
vn 0 -0.92170721 0.38788652
vn 0 -0.92170715 0.38788649
vn 0 -0.92170638 0.38788837
vn 1.0330987e-06 -0.9217056 0.38789043
vn 0 -0.92170703 0.38788679
vn 0 -0.9217068 0.38788733
vn 0 -0.92170632 0.3878887
vn 0 -0.92170519 0.38789135
vn 0 -0.92170739 0.38788602
vn 0 -0.92170727 0.38788632
vn 0 -0.92170984 0.38788027
vn 0 -0.92170984 0.38788018
vn 0 -0.9217096 0.38788065
vn 0 -0.92170966 0.38788071
vn 0 -0.9217096 0.38788068
vn 0 -0.92170632 0.38788852
vn 0 -0.92170495 0.38789195
vn 0 -0.92170697 0.38788715
vn 0 -0.92170733 0.3878862
vn -1.5599112e-06 -0.92171037 0.38787889
vn 0 -0.92170852 0.38788325
vn -1.8699526e-06 -0.92170972 0.38788065
vn 0 -0.92170686 0.38788724
vn 0 -0.92170697 0.387887
vn 0 -0.92170602 0.38788942
vn -2.9435355e-06 -0.92171091 0.38787776
vn 0 -0.9217037 0.38789487
vn 0 -0.92171156 0.38787627
vn 0 -0.92170346 0.38789514
vn -2.7277024e-06 -0.9216916 0.38792357
vn 0 -0.92170763 0.3878856
vn 0 -0.92171055 0.38787836
vn 0 -0.92171144 0.38787642
vn 0 -0.92170495 0.38789192
vn 0 -0.92170656 0.38788792
vn 0 -0.92170787 0.38788486
vn 2.0626167e-06 -0.92172146 0.38785234
vn 2.0626167e-06 -0.92172152 0.38785234
vn 0 -0.92170739 0.3878862
vn 0 -0.99071664 0.13594319
vn 1 -1.0277491e-05 0
vn 0.79196423 -0.2322697 -0.56466228
vn 0.79196429 -0.2322697 -0.56466228
vn 0.79196435 -0.23226972 -0.56466228
vn 0 -0.92170352 0.38789541
vn 0 -0.92170346 0.38789555
vn 0 -0.92170578 0.38789004
vn 0 -0.92171055 0.38787848
vn 2.7203086e-07 -0.92170644 0.38788816
vn 0 -0.9217068 0.38788745
vn 0 -0.92170841 0.3878836
vn 0 -0.92170846 0.38788366
vn 0 -0.92170769 0.38788548
vn 0 -0.92170423 0.38789353
vn 0 -0.92170423 0.38789356
vn 0 -0.92170644 0.38788831
vn 0 -0.92170584 0.38788959
vn 0 -0.9217065 0.38788825
vn 0 -0.92170715 0.38788667
vn 0 -0.92170703 0.38788676
vn 0 -0.92170322 0.38789582
vn 0 -0.9217037 0.38789484
vn 0 -0.92170429 0.38789356
vn 0 -0.92170626 0.38788864
vn 0 -0.92170733 0.38788602
vn 0 -0.9217065 0.38788816
vn 0 -0.9217065 0.38788819
vn 0 -0.92170656 0.38788819
vn 0 -0.9217034 0.38789549
vn 0 -0.92171508 0.38786793
vn 0 -0.92171508 0.3878679
vn 0 -0.92171496 0.3878679
vn 0 -0.9217031 0.38789615
vn 0 -0.92170316 0.38789618
vn 0 -0.92170346 0.38789544
vn 0 -0.92170197 0.38789898
vn 0 -0.92170262 0.38789743
vn 0 -0.92170405 0.38789392
vn 0 -0.92170674 0.38788763
vn 0 -0.92170674 0.38788769
vn 0 -0.92170852 0.3878831
vn 0 -0.92171043 0.38787875
vn 0 -0.92170399 0.38789412
vn 0 -0.92170697 0.38788709
vn 0 -0.92170691 0.38788709
vn 0 -0.92169565 0.38791394
vn 0 -0.92169565 0.38791397
vn 0 -0.92169851 0.38790703
vn 0 -0.92170191 0.38789892
vn 0 -0.9217062 0.38788885
vn 0 -0.9217031 0.38789618
vn 0 -0.92170495 0.38789189
vn 0 -0.92170447 0.38789311
vn 0 -0.9217034 0.38789555
vn 0 -0.92170328 0.38789591
vn 0 -0.92170328 0.38789594
vn 0 -0.92171043 0.38787872
vn 0 -0.92170882 0.38788283
vn 0 -0.92170882 0.3878828
vn 0 -0.92170691 0.38788706
vn 0 -0.92170697 0.38788706
vn 0 -0.92170697 0.38788712
vn 0 -0.92170817 0.38788411
vn 0 -0.92171162 0.38787585
vn 0 -0.92170668 0.38788757
vn 0 -0.92170721 0.38788646
vn 0 -0.92170292 0.38789681
vn 0 -0.92170429 0.38789332
vn 0 -0.92170262 0.38789728
vn 0 -0.92170316 0.38789594
vn 0 -0.92170358 0.38789508
vn 0 -0.92170429 0.38789326
vn 0 -0.92170662 0.3878879
vn 0 -0.92172205 0.38785121
vn 0 -0.92172199 0.38785121
vn 0 -0.92171293 0.38787299
vn 0 -0.92171282 0.38787293
vn 0 -0.92171288 0.38787299
vn 0.79184783 0.22684258 0.56702685
vn 0.79184783 0.22684255 0.56702685
vn 0.79184788 0.2268426 0.56702685
vn 0.79183942 0.22684017 0.56703973
vn 0.79183936 0.22684017 0.56703967
vn 0.79183942 0.22684017 0.56703967
vn 0.79195106 -0.23223415 -0.56469548
vn 0.79195094 -0.23223417 -0.56469548
vn 0.79195106 -0.23223417 -0.56469542
vn 0.79187685 0.22684129 0.56698704
vn 0.79187673 0.22684127 0.56698704
vn 0.79182738 0.22686306 0.56704724
vn 0.7918275 0.22686309 0.56704724
vn 0.79182738 0.22686307 0.56704718
vn 0.79183799 0.2268481 0.5670386
vn 0.79183787 0.22684807 0.5670386
vn 0.79183793 0.22684811 0.56703866
vn 1 -1.0276648e-05 0
vn 0.79196233 -0.23221235 -0.56468838
vn 0.7919625 -0.23221239 -0.56468838
vn 0.79196244 -0.23221241 -0.56468838
vn 0.791951 -0.23223415 -0.56469542
vn 0.791951 -0.23223417 -0.56469548
vn 0.79195243 -0.23222668 -0.56469649
vn 0.79195243 -0.23222667 -0.56469655
vn 0.79195249 -0.23222668 -0.56469655
vn 1 -1.0277492e-05 0
vn 1 1.0276648e-05 0
vn 0.79196239 -0.23221236 -0.56468844
vn 0.79196239 -0.23221236 -0.56468838
vn 0.79198027 -0.23221895 -0.56466079
vn 0.79198015 -0.23221895 -0.56466079
vn 0.79198021 -0.23221895 -0.56466079
vn 0.79183936 0.22684018 0.56703973
vn 0.79183936 0.22684015 0.56703967
vn 0.79183793 0.22684808 0.5670386
vn 0.79183793 0.22684808 0.56703866
vn 0.79184735 0.22685795 0.56702143
vn 0.79184735 0.22685796 0.56702137
vn 0 0.88739234 -0.4610149
vn 0 0.062899075 -0.99801993
vn 0 -0.8277362 -0.56111741
vn 0 -0.82773626 -0.56111741
vn 0 -0.82773632 -0.56111741
vn 1 5.5049532e-07 0
vn 1 1.9843849e-07 0
vn 0 1 1.6716525e-06
vn 0 1 2.657679e-06
vn -0.91786236 0 -0.3968989
vn -0.91785955 0 -0.39690545
vn -0.91786301 0 -0.39689741
vn 0 1 1.7552123e-06
vn 0 1.0277598e-05 -1
vn 0 6.787542e-13 -1
vn 0 -1 4.8753325e-08
vn 0 -1 5.7086684e-08
vn 1 -5.7693742e-13 0
vn 1 -5.504977e-07 0
vn 1 -1.9843738e-07 0
vn 0 -1 9.0439976e-09
vn -0.91785955 0 -0.39690551
vn -0.9178623 0 -0.39689904
vn -0.91786289 0 -0.39689752
vn 0 -1 2.8543342e-08
vn 0 -1 1.4121264e-08
vn 0 -1.0277651e-05 -1
vn -0.91785896 0 -0.39690697
vn 0 -1 8.3171571e-08
vn -0.22885685 0.38268125 -0.89508647
vn -0.22884718 0.38268539 -0.89508712
vn -0.22884332 0.38268703 -0.89508742
vn -0.094796196 0.92388022 -0.37075496
vn -0.09478911 0.92388064 -0.37075552
vn -0.094786271 0.92388082 -0.3707557
vn 0.094793878 0.92387986 0.37075624
vn 0.094793878 0.92387992 0.37075624
vn 0.094793886 0.92387992 0.37075627
vn 0.22885285 0.38268271 0.89508688
vn 0.22885294 0.38268167 0.89508718
vn 0.228853 0.38268131 0.89508736
vn -0.96882182 -2.487167e-05 0.24775855
vn -0.96883559 -1.8049552e-05 0.24770506
vn -0.9688158 -2.7866703e-05 0.24778199
vn -0.96882606 1.2226477e-05 0.24774216
vn -0.96882606 1.2226478e-05 0.24774215
vn -0.96882606 1.2226477e-05 0.24774215
vn -0.96883219 1.253065e-06 0.24771792
vn -0.96883333 2.5060999e-06 0.24771352
vn -0.96883225 1.2530402e-06 0.24771793
vn -0.96882951 9.1698912e-06 0.24772842
vn -0.96882951 9.1698921e-06 0.24772841
vn -0.96882957 9.1698912e-06 0.24772844
vn -0.094800308 -0.92387766 -0.37076017
vn -0.094795585 -0.92387784 -0.37076077
vn -0.094792821 -0.92387795 -0.37076113
vn 0.22883214 -0.38269022 0.89508885
vn 0.22883214 -0.38269025 0.89508885
vn 0.22883214 -0.38269022 0.89508879
vn -0.2288509 -0.38268229 -0.89508748
vn -0.22885494 -0.38268059 -0.89508718
vn -0.22884853 -0.38268325 -0.89508766
vn 0.094806254 -0.92387778 0.37075844
vn 0.094797343 -0.92387867 0.37075844
vn 0.094792128 -0.92387921 0.37075838
vn 0.97210085 -0.0056449962 -0.23449552
vn 0.97210085 -0.0056449962 -0.23449557
vn 0.97210085 -0.0056449967 -0.23449557
vn 0.97012615 -0.013627807 -0.24221829
vn 0.97012609 -0.013627804 -0.24221826
vn 0.97012609 -0.013627805 -0.24221827
vn 0.96732128 -0.013670866 -0.25318524
vn 0.96732122 -0.013670865 -0.25318521
vn 0.96732128 -0.013670865 -0.25318521
vn 0.96533203 -0.0056612864 -0.26096386
vn 0.96533203 -0.0056612869 -0.26096389
vn -0.22886068 0.38267952 -0.89508611
vn -0.094799012 0.92387998 -0.37075475
vn 0.094793864 0.92387986 0.37075627
vn 0.22885282 0.3826831 0.89508665
vn -0.96883804 -1.6811613e-05 0.24769534
vn -0.96882856 1.0090042e-05 0.24773254
vn -0.9688285 1.0090042e-05 0.24773254
vn -0.9688226 -5.5018954e-05 0.24775542
vn -0.9688226 -5.5018951e-05 0.24775541
vn -0.96882266 -5.5018954e-05 0.24775539
vn -0.96883118 0 0.2477223
vn -0.094803087 -0.92387754 -0.37075987
vn 0.22887221 -0.38268706 0.89507997
vn 0.22887227 -0.38268715 0.89508003
vn 0.22887222 -0.38268712 0.89508003
vn -0.22885726 -0.38267964 -0.895087
vn 0.094811454 -0.92387718 0.37075847
vn 0.97210544 -0.0056451284 -0.23447637
vn 0.9721055 -0.0056451284 -0.23447639
vn 0.9721055 -0.0056451284 -0.2344764
vn 0.97013134 -0.013671345 -0.24219483
vn 0.97013128 -0.013671345 -0.24219483
vn 0.97013134 -0.013671346 -0.24219485
vn 0.9673208 -0.013685967 -0.25318643
vn 0.9673208 -0.013685966 -0.25318643
vn 0.9673208 -0.013685965 -0.25318643
vn 0.9653461 -0.0056552738 -0.26091164
vn 0.9653461 -0.0056552743 -0.26091164
vn 0.9653461 -0.0056552738 -0.26091167
vn 1 6.7692376e-06 0
vn 1 2.1490382e-06 0
vn 0 -4.7846779e-06 1
vn 0 -0.56876087 -0.82250291
vn 0 8.0166428e-06 -1
vn 1 -8.5819238e-06 0
vn 1 -8.5819229e-06 0
vn 0 -9.5693777e-06 1
vn 0 -9.5693786e-06 1
vn -1 -3.9629235e-06 0
vn -1 -1.723722e-06 0
vn -1 1.6319325e-06 0
vn 0 0.56875217 -0.82250899
vn 0 0.56875092 -0.82250983
vn 0 0.56875455 -0.82250726
vn 0 1.6033351e-05 -1
vn 0 1.6033353e-05 -1
vn 1 8.5822185e-06 0
vn 0 -4.7846775e-06 1
vn -1 3.9309593e-06 0
vn 0 -0.56876707 -0.82249874
vn 0 -0.56876701 -0.82249868
vn 0 -0.56876707 -0.82249868
vn -1 -3.599007e-06 0
vn 0 0.56874847 -0.82251155
vn 0 9.5693331e-06 1
vn 0 9.5693322e-06 1
vn 0 -0.56876111 -0.82250285
vn 0 -0.56875992 -0.82250369
vn 0 -0.56875753 -0.82250535
vn 1.6125598e-05 7.4400446e-06 -1
vn 6.9808539e-06 8.0166046e-06 -1
vn 0 1.6033218e-05 -1
vn -1.1719078e-06 1 4.4426329e-06
vn -5.9865993e-06 1 2.2694845e-05
vn -7.1585073e-06 1 2.7137477e-05
vn 1 3.6260503e-06 0
vn 1 4.2911088e-06 0
vn 1 2.2568042e-06 0
vn 0 -9.5693613e-06 1
vn -1 1.9533679e-06 0
vn -1 6.3401799e-06 0
vn -1 1.0896403e-06 0
vn 0 0.56875718 -0.82250547
vn 0 0.56875926 -0.82250398
vn 0 0.56875283 -0.82250863
vn 0 8.5932124e-06 -1
vn 1 -3.6260201e-06 0
vn 1 -2.2568245e-06 0
vn 1 -4.2911088e-06 0
vn -1 -1.0156497e-06 0
vn 0 -0.56876355 -0.82250118
vn 1.5043704e-05 8.0166428e-06 -1
vn -1 -5.400595e-06 0
vn 0 0.56876367 -0.822501
vn 1 1.3220028e-08 0
vn 1 -3.3610467e-14 0
vn 0 -9.5693767e-06 1
vn 0 3.4072669e-13 1
vn -1 -3.6506467e-08 0
vn -1 -3.1611595e-08 0
vn -1 -2.6393275e-08 0
vn 0 -0.56875688 -0.82250571
vn 0 -0.56875432 -0.82250744
vn 0 -0.56874895 -0.82251114
vn 0 1.603322e-05 -1
vn 0 -1.1417631e-12 -1
vn 1 -1.3220398e-08 0
vn 1 -8.8154772e-09 0
vn -1 -3.2943394e-08 0
vn -1 -3.3521985e-08 0
vn -1 -3.3332835e-08 0
vn 0 0.56876218 -0.82250202
vn 0 0.56876218 -0.82250208
vn 0 -1.6033349e-05 -1
vn 1 8.8152552e-09 0
vn 0 6.8145343e-13 1
vn -1 -6.6677757e-08 0
vn -1 -3.2739106e-08 0
vn 0 -0.56876224 -0.82250208
vn -1 1.0733266e-07 0
vn -1 -3.2301454e-08 0
vn 0.50000507 0.86602253 0
vn 0.5000025 0.86602408 0
vn 0.50000554 0.86602223 0
vn 0.50000507 -0.86602253 0
vn 0.5000025 -0.86602408 0
vn 0.50000554 -0.86602223 0
vn -0.49999037 -0.86603093 0
vn -0.49998522 -0.86603403 0
vn -0.49999136 -0.86603045 0
vn -5.2292151e-05 0 -1
vn -5.2292155e-05 0 -1
vn -0.49998909 0.86603165 0
vn -0.49998799 0.86603242 0
vn -0.49998933 0.86603165 0
vn -3.9219118e-05 0 1
vn -3.9219114e-05 0 1
vn 0.50000203 0.86602432 0
vn 0.50000203 -0.86602432 0
vn -0.49998429 -0.86603451 0
vn 0.00010458524 -3.7176782e-05 -1
vn 0.00010458525 -3.7176786e-05 -1
vn 0.00010458526 -3.7176793e-05 -1
vn -0.49998781 0.86603248 0
vn 5.229437e-05 0 1
vn 5.2294374e-05 0 1
vn 0.00010458524 0 1
vn 0.00010458525 0 1
vn 0.00010458526 0 1
vn -0.00010458986 0 1
vn 1 5.9057567e-07 0
vn 1 -2.5396491e-06 0
vn 2.0089674e-07 -1 -4.2578822e-06
vn 1.1085557e-06 -1 -7.7162974e-07
vn 1.3094525e-06 -1 0
vn 5.6118324e-07 1.634839e-06 1
vn 3.096636e-06 9.0211206e-06 1
vn 0 -9.0211379e-06 -1
vn 0 -1.6348447e-06 -1
vn 0 -1.0655986e-05 -1
vn 1 3.720847e-06 0
vn 0 -1 -5.0295121e-06
vn 3.6578267e-06 1.0655983e-05 1
vn 1 3.3846188e-06 0
vn 1 4.0610751e-11 0
vn -1 1.3087674e-06 0
vn 0 -0.56876361 -0.82250106
vn 0 -0.56876367 -0.822501
vn 1 -3.3845315e-06 0
vn 1 -4.2909614e-06 0
vn -1 -4.2909614e-06 0
vn -1 -1.8226917e-06 0
vn 0 0.56874943 -0.82251084
vn 0 0.56874996 -0.82251048
vn 0 0.56874818 -0.82251173
vn 0 1.6033349e-05 -1
vn 1 2.2568245e-06 0
vn -1 3.6967081e-06 0
vn 1 8.5359188e-06 0
vn 1 8.5359197e-06 0
vn 1 8.5359206e-06 0
vn -1 5.6600484e-06 0
vn -1 5.6600488e-06 0
vn 0 0.56875122 -0.82250965
vn 0.085654385 -0.92388004 -0.37297326
vn 0.085652828 -0.9238798 -0.37297443
vn 0.085655026 -0.92388016 -0.37297285
vn 0.20678984 -0.38268244 -0.90044004
vn 0.20679964 -0.38268965 -0.90043473
vn 0.20678589 -0.38267946 -0.90044212
vn -0.97462904 -6.867449e-06 -0.22382645
vn -0.97462821 -6.5453924e-06 -0.22383033
vn -0.97462904 -6.1556316e-06 -0.2238266
vn -0.20676485 -0.38268134 0.90044618
vn -0.20678225 -0.38268369 0.90044123
vn -0.20675792 -0.38268045 0.90044814
vn -0.08565858 -0.9238795 0.37297365
vn -0.085650593 -0.92387944 0.37297553
vn -0.085661754 -0.92387956 0.37297288
vn 0.97324979 0.013658104 0.22934356
vn 0.97325784 0.013623447 0.22931112
vn 0.97324616 0.013673319 0.22935776
vn 0.20682679 0.38267273 -0.90043563
vn 0.20682682 0.38267273 -0.90043557
vn 0.20682681 0.38267273 -0.90043563
vn -0.97462791 -7.4182726e-06 -0.22383127
vn -0.97462606 -8.9672521e-06 -0.22383931
vn -0.97462302 1.3716191e-05 -0.22385277
vn -0.97463238 1.307694e-06 -0.22381206
vn -0.97462118 1.4488278e-05 -0.22386047
vn -0.97461343 -1.3350131e-05 -0.22389469
vn -0.97461176 -1.4518433e-05 -0.22390172
vn 0.97147673 0.0056440705 0.2370681
vn 0.97148311 0.0056410688 0.23704194
vn 0.97147393 0.0056453892 0.23707961
vn -0.085654907 0.92387801 0.37297824
vn -0.085658073 0.92387754 0.37297878
vn -0.085653044 0.92387825 0.37297794
vn 0.08566153 0.92388016 -0.37297156
vn 0.08566729 0.92387933 -0.37297219
vn 0.08565814 0.92388058 -0.37297121
vn -0.20678619 0.38268858 0.90043831
vn -0.20678619 0.38268846 0.90043831
vn -0.20678616 0.38268828 0.90043831
vn 0.97758329 0.0056621213 0.21047322
vn 0.97758329 0.0056621213 0.21047325
vn 0.97758323 0.0056621209 0.21047321
vn 0.97578877 0.013691008 0.21828629
vn 0.97578871 0.013691006 0.21828628
vn 0.97578877 0.013691008 0.21828631
vn 0.085652202 -0.92387962 -0.37297487
vn 0.20680355 -0.38269249 -0.90043253
vn -0.97462237 1.9868543e-05 -0.22385563
vn -0.20678915 -0.38268459 0.9004392
vn -0.085647427 -0.92387944 0.37297624
vn 0.97325939 0.013617159 0.22930525
vn 0.20677786 0.38268432 -0.90044188
vn 0.20677787 0.38268432 -0.90044188
vn 0.20677789 0.38268432 -0.90044188
vn -0.97463393 3.8207273e-07 -0.22380528
vn 0.9714843 0.005640523 0.2370372
vn -0.085659929 0.92387712 0.37297907
vn 0.08567068 0.92387885 -0.37297258
vn -0.20678617 0.38268864 0.90043819
vn 0.97758681 0.0056621088 0.21045677
vn 0.97758681 0.0056621083 0.21045677
vn 0.97758687 0.0056621092 0.21045682
vn 0.97578579 0.013672792 0.21830058
vn 0.97578585 0.013672793 0.21830061
vn 0.97578579 0.013672793 0.21830061
vn 0.49999827 8.4323601e-06 -0.8660264
vn 0.49999785 8.4547428e-06 -0.86602664
vn 0.49999329 8.7333246e-06 -0.86602938
vn 0.49999788 -4.4460921e-06 0.86602664
vn 0.49999824 -4.1154199e-06 0.8660264
vn 0.50000304 0 0.86602372
vn -0.49999374 -8.4788408e-06 0.86602908
vn -0.49999335 -8.4722078e-06 0.86602932
vn -0.49998868 -8.3896557e-06 0.866032
vn 2.2265506e-06 1 1.3130949e-06
vn 0 1 4.4305289e-06
vn 1.4843855e-06 1 7.9199293e-07
vn -1 1.0583107e-07 0
vn -1 1.1433534e-07 0
vn -1 2.201696e-07 0
vn -0.49999291 8.4712665e-06 -0.86602962
vn -0.49999243 8.464026e-06 -0.86602986
vn -0.4999868 8.3738978e-06 -0.86603308
vn 0 -1 2.5010905e-07
vn 0 -1 4.2876252e-07
vn 0 -1 -1.0819223e-12
vn 0.50000292 8.1537828e-06 -0.86602384
vn 0.49999318 -8.5615256e-06 0.86602944
vn -0.49999842 -8.5613938e-06 0.8660264
vn 3.8169587e-06 1 -2.2509839e-06
vn 0 1 -5.0021617e-07
vn -0.49999851 8.5613956e-06 -0.86602628
vn 0 -1 -1.0004323e-06
vn 0 -1 -1.4291955e-07
vn -0.80732161 0 0.59011167
vn -0.80732167 0 0.59011167
vn 0.89829344 3.2134844e-06 0.43939611
vn 0.8982935 3.2134844e-06 0.43939608
vn 0.8982935 3.2134844e-06 0.43939614
vn 0 1 -5.9890567e-08
vn 0 1 -5.5826671e-08
vn 0 1 4.4233314e-08
vn -1.5655205e-07 -1 -6.0219639e-07
vn 1.6656669e-06 -1 -3.7271056e-06
vn -3.6916791e-07 -1 -6.5538205e-07
vn 0 -7.1151594e-06 -1
vn 1 8.2788233e-08 0
vn 1 -8.2788233e-08 0
vn 1 -2.238226e-07 0
vn 0.21192239 -6.9564708e-06 -0.97728658
vn 0.21192241 -6.9564712e-06 -0.97728658
vn 0.21192242 -6.9564712e-06 -0.97728658
vn -0.46617052 2.9334965e-06 0.88469487
vn -0.46617061 3.3894889e-06 0.88469493
vn -0.46617088 6.3229859e-06 0.8846947
vn 0.68089437 -5.173456e-06 -0.7323817
vn 0.68089432 -5.1734564e-06 -0.7323817
vn 0.68089432 -5.173456e-06 -0.7323817
vn -0.057870544 -3.6617146e-06 -0.99832416
vn -0.057870548 -3.4413274e-06 -0.9983241
vn -0.057870548 -7.1030413e-06 -0.99832416
vn -0.21543938 6.9451121e-06 0.9765172
vn -0.21543938 6.945113e-06 0.9765172
vn -0.21543938 6.9451135e-06 0.9765172
vn -2.2487791e-07 1 -5.7234502e-07
vn 0 1 4.0220318e-08
vn 2.9414307e-06 -1 -4.020068e-06
vn 1.0354317e-07 -1 -1.1203529e-06
vn -1.0774079e-06 1 -4.5379529e-06
vn -1.058361e-07 1 -8.9865142e-07
vn 0.060434058 7.0985107e-06 0.99817216
vn 0.060434066 7.0985111e-06 0.99817222
vn -1.0774074e-06 -1 -4.3673731e-06
vn -1.3224704e-06 -1 -5.2175292e-06
vn -0.59940386 0 -0.80044675
vn -0.59940386 0 -0.80044681
vn -1.05831e-07 -1 -7.4600632e-07
vn -0.41805872 0 -0.90841997
vn -0.41805875 0 -0.90842003
vn -0.41805878 0 -0.90842003
vn 0.41442868 3.0568351e-06 0.91008186
vn 0.4144282 3.4112741e-06 0.91008204
vn 0.41443291 0 0.91007996
vn 0.82734507 0 -0.56169397
vn 0.82734513 0 -0.56169403
vn 0.82734513 0 -0.56169397
vn 0.59936345 1.5166739e-06 0.80047709
vn 0.59936345 4.2027509e-06 0.80047703
vn 0.59936345 5.7194361e-06 0.80047715
vn 0 -1 2.1658788e-07
vn 0 -1 -3.6176189e-08
vn -0.80732161 4.3014284e-06 0.59011167
vn -0.80732155 4.3014284e-06 0.59011173
vn -0.80732161 4.3014288e-06 0.59011167
vn 0.8982935 3.1026746e-06 0.43939608
vn 0.8982935 3.102675e-06 0.43939614
vn 0.89829344 3.1026746e-06 0.43939611
vn 0 1 -2.2582761e-07
vn 1 2.238226e-07 0
vn 0.21192989 -6.9499006e-06 -0.97728497
vn 0.21192983 -6.9498988e-06 -0.97728485
vn 0.21192987 -6.9499001e-06 -0.97728497
vn -0.46617019 0 0.88469505
vn 0.68088859 -5.2785531e-06 -0.73238707
vn 0.68088859 -5.278554e-06 -0.73238707
vn 0.68088853 -5.2785535e-06 -0.73238707
vn -0.057870544 0 -0.9983241
vn -0.21544531 0 0.97651589
vn -0.21544532 0 0.97651595
vn -0.21544534 0 0.97651595
vn -1.3224693e-06 1 -5.403821e-06
vn 0.060445752 0 0.99817157
vn 0.060445748 0 0.99817157
vn 0.060445752 0 0.99817151
vn -0.59940386 -5.8588253e-06 -0.80044669
vn -0.59940386 -5.8588257e-06 -0.80044675
vn -0.4180645 -6.3680905e-06 -0.9084174
vn -0.4180645 -6.3680909e-06 -0.9084174
vn 0.41442403 6.4681467e-06 0.91008401
vn 0.8273387 0 -0.56170338
vn 0.82733876 0 -0.56170338
vn 0.59936345 0 0.80047703
vn -1 1.6922495e-06 0
vn -1 2.1455176e-06 0
vn -1 2.148137e-07 0
vn 0 -0.56876236 -0.8225019
vn 0 -0.5687623 -0.82250196
vn 0 -0.56876224 -0.82250196
vn 0 -3.7201551e-06 -1
vn 0 1 -2.7804972e-05
vn 0 1 -2.726823e-05
vn 0 1 -2.7137565e-05
vn -1 -1.0726668e-06 0
vn -1 -8.4607768e-07 0
vn 2.1879099e-05 0.56875956 -0.82250386
vn 1.4759478e-05 0.56875741 -0.82250535
vn 3.6638015e-05 0.56876397 -0.82250082
vn 0 7.4403665e-06 -1
vn 0 1.6033222e-05 -1
vn 1 -9.0651275e-07 0
vn 1 -5.6420612e-07 0
vn 1 -1.0727772e-06 0
vn 0 -0.56876242 -0.82250196
vn 0 1 -2.7935639e-05
vn 0 0.56875294 -0.82250839
vn 1 1.0942947e-13 0
vn 0 -9.5693322e-06 1
vn 0 -3.4072181e-13 1
vn -1 -2.7510985e-09 0
vn 0 -0.56876206 -0.82250208
vn 0 1.6033224e-05 -1
vn 0 1.1417467e-12 -1
vn 1 2.5289972e-07 0
vn -1 8.8910062e-09 0
vn -1 -2.5667442e-09 0
vn 1 -5.3349498e-07 0
vn 1 -2.5290223e-07 0
vn -1 -6.075501e-09 0
vn 0 -0.56876218 -0.82250202
vn 0 5.7087337e-13 -1
vn 1 5.3349498e-07 0
vn -1 1.8755683e-08 0
vn -0.22885698 0.38268384 -0.89508522
vn -0.22885942 0.38268271 -0.89508522
vn -0.22886041 0.38268223 -0.89508516
vn -0.094800673 0.92388004 -0.37075415
vn -0.094810076 0.92387885 -0.37075463
vn -0.094813809 0.92387843 -0.37075484
vn 0.094803743 0.92387801 0.3707583
vn 0.094799072 0.92387885 0.3707574
vn 0.094797209 0.92387921 0.3707571
vn 0.22886065 0.38268003 0.89508593
vn 0.22886066 0.38268006 0.89508599
vn 0.22886063 0.38268 0.89508593
vn -0.9688313 6.6017878e-06 0.24772158
vn -0.96883732 5.0730123e-06 0.24769828
vn -0.96883047 5.6247627e-06 0.2477248
vn -0.96881992 1.68113e-05 0.24776593
vn -0.96881998 1.6811302e-05 0.24776599
vn -0.96881998 1.6811302e-05 0.24776597
vn -0.96883214 4.6140531e-06 0.24771816
vn -0.96883339 -2.1904821e-06 0.24771343
vn -0.96882713 2.4498826e-05 0.24773821
vn -0.96882677 2.8392944e-05 0.2477393
vn -0.094799511 -0.92387688 -0.37076214
vn -0.094795436 -0.92387736 -0.37076205
vn -0.094793051 -0.9238776 -0.37076199
vn 0.22884718 -0.38268921 0.89508545
vn 0.22886568 -0.38268739 0.89508152
vn 0.2288765 -0.38268629 0.89507926
vn -0.22885643 -0.38268864 -0.89508343
vn -0.22885643 -0.38268834 -0.89508343
vn -0.22885641 -0.38268813 -0.89508355
vn 0.094806455 -0.92387867 0.37075591
vn 0.094796099 -0.92387938 0.3707568
vn 0.094790027 -0.9238798 0.37075734
vn 0.97210664 -0.0056464262 -0.23447157
vn 0.9721092 -0.0056493799 -0.2344607
vn 0.97210968 -0.0056499173 -0.23445873
vn 0.97012007 -0.01360874 -0.24224377
vn 0.97012216 -0.013630444 -0.24223404
vn 0.97012252 -0.013634383 -0.24223225
vn 0.96733695 -0.013598872 -0.25312915
vn 0.96733689 -0.013598871 -0.25312915
vn 0.96733695 -0.013598873 -0.25312915
vn 0.96534336 -0.0056567146 -0.26092181
vn 0.96534342 -0.0056567141 -0.26092175
vn 0.96534336 -0.0056567141 -0.26092178
vn -0.22885603 0.38268435 -0.89508533
vn -0.094796918 0.92388046 -0.37075394
vn 0.094805621 0.92387778 0.37075865
vn 0.22886109 0.38268125 0.89508528
vn 0.22886108 0.38268128 0.89508528
vn 0.22886109 0.38268128 0.89508528
vn -0.96883798 5.3491494e-06 0.2476953
vn -0.96882463 1.489382e-05 0.24774773
vn -0.094801903 -0.92387664 -0.37076223
vn 0.22883634 -0.38269034 0.89508784
vn -0.22885635 -0.38268873 -0.89508337
vn 0.09481252 -0.92387831 0.37075534
vn 0.97011906 -0.013599208 -0.242248
vn 0.96732581 -0.013658184 -0.25316855
vn 0.96732581 -0.013658185 -0.25316858
vn 0.96533954 -0.0056590559 -0.2609362
vn 0.96533948 -0.0056590554 -0.26093623
vn 0.96533954 -0.0056590559 -0.26093623
vn -0.98928672 -8.0824708e-07 -0.14598618
vn -0.98928666 -8.478894e-07 -0.14598617
vn -0.98928666 -7.1293061e-07 -0.14598617
vn 3.1121363e-08 -1 2.2871768e-06
vn -9.3599624e-08 -1 1.153781e-06
vn -1.7819839e-07 -1 1.1595412e-06
vn 0.92728746 2.0695359e-06 0.37435034
vn 0.92728734 1.7718797e-06 0.3743504
vn 0.92728728 1.2804713e-06 0.37435052
vn 1.2120275e-06 1 -1.2011833e-06
vn 2.1209928e-06 1 -1.2016055e-06
vn 1.7819771e-07 1 -1.1595365e-06
vn -0.15235226 3.0372298e-06 0.98832625
vn -0.1523803 2.981182e-06 0.98832202
vn -0.15234622 3.0493381e-06 0.98832726
vn 0.99986804 -1.3630105e-09 -0.016245142
vn 0.99986804 -2.3067053e-09 -0.01624519
vn 0.99986809 -3.6697547e-09 -0.016245263
vn -0.016254522 0 -0.99986792
vn -0.016249135 0 -0.99986798
vn -0.016260227 0 -0.99986786
vn -0.99986821 6.2145403e-08 0.016235897
vn -0.99986827 1.0517122e-07 0.016235825
vn -0.99986821 1.6731538e-07 0.016235724
vn 1.1896278e-06 1 -1.2621075e-06
vn -3.7860108e-08 1 -2.3578111e-06
vn 7.5741475e-08 -1 4.6650343e-06
vn 4.1410381e-08 -1 2.5898316e-06
vn -0.98928672 -9.4320546e-07 -0.14598618
vn 0.92728746 2.5609447e-06 0.37435025
vn 2.5918168e-06 1 -7.5610666e-07
vn -0.15238635 2.9690741e-06 0.98832101
vn 0.99986809 0 -0.016245069
vn -0.016243432 0 -0.99986809
vn -0.99986821 0 0.016235996
vn 7.5719136e-08 -1 4.5726592e-06
vn 0.49999386 -0.86602896 0
vn 0.49998569 -0.86603361 0
vn 0.49998435 -0.86603451 0
vn 0.49998522 0.86603397 0
vn 0.49999037 0.86603093 0
vn 0.49999136 0.86603045 0
vn -0.50000048 0.86602521 0
vn -0.50000054 0.86602509 0
vn -0.50000137 -0.86602461 0
vn -0.50000656 -0.86602157 0
vn -0.50000745 -0.8660211 0
vn 3.9219118e-05 0 1
vn 3.9219114e-05 0 1
vn 0.49999535 -0.86602813 0
vn 0.49998429 0.86603445 0
vn -0.50000745 0.8660211 0
vn -0.50000751 0.86602116 0
vn 0 -3.7176782e-05 -1
vn 0 -3.7176786e-05 -1
vn 0 -3.7176793e-05 -1
vn 0.00010458978 0 -1
vn 0.00010458977 0 -1
vn -0.50000054 -0.86602521 0
vn -5.2294399e-05 0 1
vn -5.2294396e-05 0 1
vn -0.00010458524 0 1
vn -0.00010458525 0 1
vn -0.00010458526 0 1
vn 0.00010458986 0 1
vn 0 -0.56876296 -0.82250148
vn 0 -0.56876302 -0.82250154
vn 0 8.0166419e-06 -1
vn -1 1.063771e-06 0
vn -1 2.5606867e-06 0
vn -1 -7.4918785e-07 0
vn 0 0.56875062 -0.82251012
vn 0 0.56875062 -0.82251006
vn 0 0.56875068 -0.82251
vn 0 -0.56876284 -0.82250166
vn 0 -0.5687629 -0.8225016
vn -1 -3.900012e-06 0
vn -1 -2.5163874e-06 0
vn 0 0.56874734 -0.82251233
vn 0.50000501 -6.2605786e-06 -0.86602253
vn 0.50000507 -6.2605791e-06 -0.86602253
vn 0.50000501 -6.2605782e-06 -0.86602253
vn 0.50000501 4.9006931e-06 0.86602253
vn 0.50000507 4.9006935e-06 0.86602253
vn -0.50000685 0 0.86602151
vn -0.50000685 0 0.86602145
vn -0.50000691 0 0.86602151
vn -1 7.1882518e-08 0
vn -1 9.5273015e-07 0
vn -1 1.0246088e-06 0
vn -0.50000685 0 -0.86602151
vn -0.50000685 0 -0.86602145
vn -0.50000691 0 -0.86602151
vn 0.50000507 0 -0.86602253
vn 0.50000507 0 -0.86602259
vn 0.50000507 0 0.86602253
vn 0.50000507 0 0.86602259
vn -0.50015438 4.6114747e-06 0.86593628
vn -0.50015438 4.6114747e-06 0.86593634
vn -0.50015438 -6.1486326e-06 -0.86593628
vn -0.50015438 -6.1486335e-06 -0.86593628
vn -0.50015438 -6.148633e-06 -0.86593634
vn -1 1.1203376e-06 0
vn -1 4.6728587e-06 0
vn -1 -3.2658647e-06 0
vn 0 3.5290166e-05 -1
vn 0.87263978 1.2778152e-05 -0.48836452
vn 0.87263322 3.504417e-05 -0.48837626
vn 0.87264121 7.8802077e-06 -0.48836187
vn 0 -1.3008131e-05 -1
vn 0 -6.5040863e-06 -1
vn 0 -6.5040867e-06 -1
vn -1 -3.242389e-05 0
vn -1 4.2773969e-05 0
vn -1 -6.8209374e-06 0
vn -1 4.6728333e-06 0
vn -1 1.046233e-05 0
vn 0 1 -1.6684107e-08
vn 0 3.5290184e-05 -1
vn 0 3.5290173e-05 -1
vn 0 3.5290188e-05 -1
vn 0.87263328 3.3840141e-05 -0.48837608
vn 0.87263983 6.1019109e-06 -0.48836446
vn 0.87264121 0 -0.48836192
vn 0 1 -8.1485204e-08
vn 0 1 -2.8631952e-08
vn -1 3.1974025e-05 0
vn 0.87263173 3.9942406e-05 -0.48837894
vn 0 -1.300813e-05 -1
vn -1 -4.5772351e-05 0
vn 0.87263191 3.9942413e-05 -0.48837873
vn -0.52573854 0.38268951 -0.75970256
vn -0.52573848 0.38268951 -0.75970256
vn -0.52573848 0.38268948 -0.7597025
vn -0.21777683 -0.92388022 -0.31467214
vn -0.21777685 -0.92388028 -0.31467214
vn -0.21777688 -0.92388034 -0.31467214
vn 0.21778713 -0.92387736 0.31467357
vn 0.21778713 -0.92387736 0.3146736
vn 0.21778716 -0.92387742 0.31467357
vn 0.52575397 0.38268661 0.75969309
vn 0.52575397 0.3826867 0.75969321
vn 0.52575397 0.3826867 0.75969309
vn -0.21778451 0.92387921 -0.31467006
vn -0.21778451 0.92387915 -0.31467006
vn -0.52575439 -0.38268477 -0.7596938
vn -0.52575433 -0.38268477 -0.75969386
vn 0.52578557 -0.38268337 0.75967294
vn 0.52578562 -0.3826834 0.75967288
vn 0.52578562 -0.38268337 0.75967288
vn 0.21778828 0.92387879 0.3146686
vn 0.21778829 0.92387885 0.31466863
vn 0.21778826 0.92387879 0.31466857
vn -0.82227635 8.0636835e-07 0.56908852
vn -0.8222754 8.5367975e-07 0.56908977
vn -0.82227516 4.4551843e-08 0.56909013
vn 0.82227576 1.3360177e-06 -0.56908941
vn 0.82227588 0 -0.56908911
vn 0.82227546 2.7409276e-06 -0.56908971
vn -0.52575427 0.38268578 -0.7596935
vn -0.52575421 0.38268581 -0.75969356
vn -0.2177763 -0.92388099 -0.31467044
vn -0.2177763 -0.92388105 -0.31467041
vn 0.21777013 -0.92388082 0.31467506
vn 0.21777014 -0.92388093 0.31467506
vn 0.52578557 0.38268337 0.75967294
vn 0.52578562 0.38268334 0.75967294
vn -0.21777372 0.92388093 -0.31467247
vn -0.21777375 0.92388093 -0.31467247
vn -0.21777371 0.92388088 -0.31467247
vn -0.52573889 -0.38268766 -0.75970322
vn -0.52573884 -0.3826876 -0.75970316
vn 0.52575463 -0.38268399 0.75969416
vn 0.52575463 -0.38268393 0.75969416
vn 0.52575463 -0.3826839 0.7596941
vn 0.21777454 0.92388231 0.31466761
vn 0.21777456 0.92388237 0.31466764
vn 0.21777456 0.92388231 0.31466767
vn -0.8222841 -1.3765301e-06 0.56907731
vn -0.82227552 -1.1208934e-06 0.56908965
vn -0.82227516 4.8463085e-07 0.56909025
vn -0.82227874 0 0.56908494
vn -0.8222788 0 0.569085
vn -0.82227468 0 0.56909096
vn -0.82227463 0 0.5690909
vn 0.8222754 3.2254698e-06 -0.56908983
vn 0.82227772 0 -0.56908637
vn 0.82227701 0 -0.56908762
vn 0.8222791 3.2254522e-06 -0.56908447
vn 0.82227939 4.0318259e-06 -0.56908399
vn 0.8222785 1.6700185e-06 -0.56908536
vn 0.8222816 0 -0.56908083
vn 0.8222816 0 -0.56908077
vn 1 1.6922486e-06 0
vn 1 -5.8780194e-12 0
vn -1 -8.8188079e-07 0
vn 0 -0.56876165 -0.82250249
vn 0 -8.0166437e-06 -1
vn 1 -1.6921957e-06 0
vn 1 -1.1283639e-06 0
vn -1 1.1283639e-06 0
vn -1 7.2221667e-07 0
vn 0 0.56877512 -0.82249314
vn 0 0.56877571 -0.82249272
vn 0 0.56877387 -0.82249403
vn 0 -1.6033222e-05 -1
vn 1 1.1283742e-06 0
vn -1 -2.2958759e-06 0
vn 0 -0.56876147 -0.82250261
vn 0 -0.56876141 -0.82250261
vn 0 0.56877708 -0.82249177
vn 1 -1.6923094e-06 0
vn 1 -1.4707737e-11 0
vn 0 -0.56876194 -0.82250214
vn 1 1.6922603e-06 0
vn 1 1.1283814e-06 0
vn 0 0.56874901 -0.8225112
vn 0 0.56874901 -0.82251114
vn 1 -1.1284122e-06 0
vn 0 0.56874895 -0.82251126
vn 1 6.5628851e-06 0
vn 1 6.5628856e-06 0
vn 0 -0.49998862 -0.866032
vn 0 -0.49998868 -0.86603206
vn 0 -0.49998865 -0.86603206
vn 1 1.0370794e-05 0
vn 1 3.1476244e-05 0
vn 1 3.2149666e-05 0
vn 1 -2.7649992e-06 0
vn 1 -2.3448524e-06 0
vn 1 -9.9330518e-06 0
vn 1 -4.9664691e-06 0
vn 1 -3.2814428e-06 0
vn 1 7.2823095e-06 0
vn 1 2.2558722e-06 0
vn 1 9.9332246e-06 0
vn 0 -0.50000304 0.86602378
vn 0 -0.50000304 0.86602366
vn 1.5615744e-05 0.50000048 -0.86602509
vn 1.5615746e-05 0.50000054 -0.86602515
vn 1.5615746e-05 0.50000054 -0.86602521
vn 0 0.50000918 0.8660202
vn 0 0.50000918 0.86602014
vn 1.5232175e-06 -1 -2.1120579e-06
vn 1.8166162e-06 -1 -1.7709422e-06
vn 3.3398301e-06 -1 0
vn -0.90750933 -0.42003205 0
vn -0.90750939 -0.42003208 0
vn -0.90750933 -0.42003202 0
vn -0.90750009 0.42005199 1.6285443e-06
vn -0.90750009 0.42005205 1.6285443e-06
vn -0.90750015 0.42005202 1.6285444e-06
vn 0 -0.50000232 -0.8660242
vn 0 -0.50000232 -0.86602414
vn -1.5232162e-06 1 2.1120579e-06
vn -1.8166145e-06 1 1.7709422e-06
vn 0 1 3.8830044e-06
vn -2.5165255e-07 -0.50000322 0.86602366
vn -2.5165255e-07 -0.50000316 0.8660236
vn 1.0291944e-05 0.49999064 -0.86603093
vn 1.0291944e-05 0.49999058 -0.86603093
vn 1.0291944e-05 0.49999055 -0.86603087
vn -6.716527e-06 0.49999169 0.86603028
vn -6.7165261e-06 0.49999163 0.86603022
vn 1.5615762e-05 -0.50000888 -0.86602026
vn 1.5615764e-05 -0.50000894 -0.86602032
vn 1 1.3125771e-05 0
vn 0 -0.49998862 0.866032
vn 0 -0.49998865 0.86603206
vn 0 0.4999961 -0.86602765
vn 0 0.49999616 -0.86602771
vn 0 0.50000054 0.86602509
vn 0 0.50000054 0.86602521
vn 0 -1 -3.8830044e-06
vn -0.90752214 -0.42000443 0
vn -0.90752208 -0.42000443 0
vn -0.90751624 -0.42001721 9.1552556e-07
vn -0.90751624 -0.42001721 9.1552562e-07
vn -0.90751785 -0.42001349 0
vn -0.90751785 -0.42001346 0
vn -0.90751815 -0.42001283 -1.5820463e-06
vn -0.90751827 -0.42001283 -1.5820464e-06
vn -0.90751821 -0.42001283 -1.5820465e-06
vn -0.90751296 -0.42002407 -5.7045213e-06
vn -0.90751302 -0.42002407 -5.7045218e-06
vn -0.90751302 -0.42002404 -5.7045213e-06
vn -0.90751368 0.42002255 0
vn -0.90751368 0.42002258 0
vn -0.90751326 0.42002353 6.4089122e-06
vn -0.90751326 0.4200235 6.4089122e-06
vn -0.90751702 0.42001545 -1.8119408e-07
vn -0.90751785 0.42001352 0
vn -0.90751308 0.42002386 -9.736583e-07
vn -0.90752304 0.42000234 0
vn -0.90752304 0.42000231 0
vn -0.90750962 0.42003152 -1.6902223e-06
vn 2.0634861e-05 -0.49999303 -0.8660295
vn 2.063486e-05 -0.499993 -0.8660295
vn 2.0634863e-05 -0.49999303 -0.86602956
vn -3.3398269e-06 1 0
vn 0 -0.49999616 0.86602771
vn 0 -0.49999613 0.86602765
vn 0 0.49999565 -0.86602801
vn 0 0.49999562 -0.86602795
vn -1.0317378e-05 0.50000077 0.86602503
vn -1.0317379e-05 0.50000083 0.86602503
vn 0.50001121 -9.4143519e-07 -0.86601895
vn 0.49999499 -4.8914894e-06 -0.86602831
vn 0.49999106 -5.8329679e-06 -0.86603057
vn 0.49999404 0 0.86602885
vn 0.50001109 0 0.86601913
vn 0.50001502 0 0.86601675
vn -0.50000548 0 0.86602229
vn -0.50000542 0 0.86602229
vn -0.49998701 -3.5066159e-06 -0.8660329
vn -0.50000197 -6.7491169e-07 -0.86602437
vn -0.49998343 -4.1815606e-06 -0.86603504
vn 0 -1 -3.7852551e-06
vn 0 -1 -3.2444354e-06
vn 0.50001514 0 -0.86601669
vn 0.49999008 0 0.86603123
vn -0.49998036 0 0.86603677
vn -0.49998036 0 0.86603671
vn -0.49998042 0 0.86603677
vn -0.50000548 0 -0.86602223
vn 0 -1 -2.2711603e-05
vn 1 2.1454809e-06 0
vn 1 2.1454807e-06 0
vn 0 0.56874835 -0.82251161
vn 0 -0.56876248 -0.82250196
vn 0 0.56874847 -0.82251149
vn 0 0.56874841 -0.82251155
vn 0.50003612 2.7625335e-06 -0.86600459
vn 0.49999651 1.8876457e-07 -0.86602741
vn 0.49999365 0 -0.86602908
vn 0.49999365 0 0.86602902
vn 0.49999362 0 0.86602914
vn 0.49999365 0 0.86602908
vn -0.49999365 -2.9610565e-06 0.86602902
vn -0.49999365 -2.9610567e-06 0.86602908
vn -0.49999359 -2.9610567e-06 0.86602908
vn -0.50003612 1.8825423e-07 -0.86600459
vn -0.49999654 2.7552639e-06 -0.86602741
vn -0.49999359 2.9435328e-06 -0.86602908
vn 0.50003904 2.9512832e-06 -0.86600298
vn 0.50003898 -2.9512832e-06 0.86600292
vn 0.50003904 -2.9512832e-06 0.86600298
vn -0.50003904 0 0.86600298
vn -0.50003898 0 0.86600298
vn -0.50003898 0 0.86600292
vn -0.50003898 0 -0.86600298
vn 0.49998611 0.86603355 0
vn 0.49998611 0.86603349 0
vn 1 5.778862e-06 0
vn 1 -7.0948236e-06 0
vn 1 8.0301324e-06 0
vn 0.49998984 -0.86603135 0
vn 0.49999112 -0.86603063 0
vn 0.49998963 -0.86603153 0
vn -0.49999991 -0.86602545 0
vn -0.49999997 -0.86602551 0
vn 0 1.8588229e-05 -1
vn 0 1.8588235e-05 -1
vn -1 -8.1352409e-06 0
vn -1 -1.2108538e-06 0
vn -0.50000405 0.86602318 0
vn -0.50000399 0.86602312 0
vn -5.2294439e-05 -1.062185e-05 1
vn -8.7148874e-06 -3.7502895e-10 1
vn -1.3072739e-05 -1.8588222e-05 1
vn 0.49999124 0.86603045 0
vn 0.4999913 0.86603045 0
vn 1 -9.3460567e-06 0
vn 0.49999133 -0.86603045 0
vn -0.50000751 -0.86602116 0
vn 0 1.8588227e-05 -1
vn -1 -9.3461449e-06 0
vn -0.50000346 0.86602354 0
vn -0.50000352 0.86602348 0
vn 2.9880121e-05 -1.062145e-05 1
vn 0.00010458986 3.7176833e-05 1
vn -0.00010458525 3.7176786e-05 1
vn -0.22885452 0.38268328 -0.89508617
vn -0.22885896 0.38268146 -0.89508569
vn -0.22886075 0.38268077 -0.89508557
vn -0.09481211 0.92387938 -0.37075287
vn -0.09480764 0.92387986 -0.37075281
vn -0.094805852 0.92388004 -0.37075278
vn 0.094795622 0.92387992 0.37075567
vn 0.094790936 0.92388064 0.37075487
vn 0.094789073 0.92388099 0.37075451
vn 0.2288564 0.38268077 0.89508677
vn 0.22885641 0.38268077 0.89508682
vn 0.2288564 0.38268077 0.89508682
vn -0.96883714 5.079723e-06 0.24769883
vn -0.96884322 7.8950188e-06 0.247675
vn -0.9688344 3.843757e-06 0.24770927
vn -0.96883816 -6.1133142e-06 0.24769445
vn -0.96883827 -6.1133164e-06 0.24769452
vn -0.96883816 -6.1133151e-06 0.24769448
vn -0.96882898 0 0.24773093
vn -0.96882892 0 0.24773093
vn -0.96883208 -1.8339828e-05 0.24771875
vn -0.96883202 -1.8339828e-05 0.24771872
vn -0.96883208 -1.833983e-05 0.24771875
vn -0.094801985 -0.9238773 -0.37076068
vn -0.094799325 -0.92387807 -0.37075946
vn -0.09479776 -0.92387843 -0.37075874
vn 0.22886182 -0.38268825 0.89508218
vn 0.22887097 -0.38268733 0.89508015
vn 0.22887643 -0.38268685 0.89507902
vn -0.22886892 -0.38268915 -0.89507991
vn -0.2288689 -0.38268915 -0.89507997
vn -0.22886889 -0.38268918 -0.89507991
vn 0.094799392 -0.92387933 0.37075633
vn 0.094794676 -0.9238795 0.37075707
vn 0.094791897 -0.92387956 0.37075749
vn 0.97212398 -0.0056573558 -0.2343996
vn 0.97212392 -0.0056573562 -0.23439962
vn 0.97212392 -0.0056573562 -0.23439959
vn 0.97012371 -0.013626176 -0.24222782
vn 0.97012293 -0.013630538 -0.242231
vn 0.97012281 -0.013631331 -0.24223158
vn 0.96733153 -0.013623519 -0.25314838
vn 0.96733159 -0.013623519 -0.25314835
vn 0.96533638 -0.0056658462 -0.26094735
vn 0.96533644 -0.0056658462 -0.26094738
vn -0.2288527 0.38268393 -0.89508629
vn -0.094813898 0.92387921 -0.37075287
vn 0.094797485 0.92387956 0.37075594
vn 0.22886108 0.38268131 0.89508533
vn 0.22886111 0.38268134 0.89508533
vn -0.96884435 8.405862e-06 0.24767072
vn -0.96883303 -5.2852847e-06 0.24771483
vn -0.96883303 -5.2852843e-06 0.24771485
vn -0.96883053 9.1701304e-06 0.2477245
vn -0.96883053 9.1701313e-06 0.2477245
vn -0.96883059 9.1701322e-06 0.24772455
vn -0.96882898 0 0.24773094
vn -0.094803549 -0.92387676 -0.37076136
vn 0.22885635 -0.38268873 0.89508337
vn -0.22886907 -0.38268745 -0.89508063
vn -0.22886908 -0.38268751 -0.89508057
vn -0.2288691 -0.38268751 -0.89508063
vn 0.094802156 -0.92387915 0.37075594
vn 0.97210205 -0.0056459457 -0.23449036
vn 0.97210205 -0.0056459466 -0.23449039
vn 0.97012419 -0.013624261 -0.24222647
vn 0.96732187 -0.013679523 -0.25318259
vn 0.96732187 -0.013679522 -0.25318262
vn 0.96732187 -0.013679521 -0.25318259
vn 0.9653331 -0.0056689503 -0.26095983
vn 0.9653331 -0.0056689512 -0.26095989
vn 0.9653331 -0.0056689507 -0.26095986
vn 1 3.2020848e-06 0
vn 0 -4.7846734e-06 1
vn 0 8.016611e-06 -1
vn 1.1719078e-06 1 2.2694845e-05
vn 5.9865993e-06 1 4.4426329e-06
vn 7.1585073e-06 1 0
vn 1 -3.4373704e-06 0
vn 1 -6.7692949e-06 0
vn 1 -8.5822176e-06 0
vn 0 -9.5693495e-06 1
vn 0 -9.5693331e-06 1
vn -1 -5.772763e-07 0
vn -1 -1.0242206e-06 0
vn 0 0.56876361 -0.82250106
vn 0 0.56876355 -0.82250118
vn 1 4.5136489e-06 0
vn -1 -1.3663508e-06 0
vn 0 8.0166101e-06 -1
vn 0 1 2.7137477e-05
vn -1 4.2179445e-06 0
vn -1 4.2179454e-06 0
vn -1 4.2179449e-06 0
vn 0 -0.56876218 -0.82250214
vn 0 -0.56876242 -0.82250184
vn 0 -0.56876302 -0.82250142
vn 1 5.8417459e-07 0
vn 0 -3.4071612e-13 1
vn 0 9.5693313e-06 1
vn 5.1555658e-06 -0.56874919 -0.82251108
vn 5.1555658e-06 -0.56874925 -0.82251108
vn -1.9647789e-06 0 -1
vn -1.1345918e-06 0 -1
vn -4.2339948e-06 0 -1
vn 0 -9.5693313e-06 1
vn -1 3.2299388e-06 0
vn -1 3.3846652e-06 0
vn -1 1.7415435e-06 0
vn 0 0.56876147 -0.82250261
vn 0 0.56876141 -0.82250261
vn 0 0.56876141 -0.82250267
vn 1 4.0466803e-06 0
vn 0 -0.56874448 -0.8225143
vn 0 -0.5687446 -0.8225143
vn 0 -0.56874454 -0.8225143
vn -1 2.0527052e-06 0
vn 0 0.56876165 -0.82250249
vn 0 0.56876159 -0.82250255
vn 0.49999857 -6.7941887e-06 -0.86602616
vn 0.49999869 -5.6367685e-06 -0.86602622
vn 0.49999854 -1.2430984e-05 -0.86602622
vn 0.49999005 5.7620268e-06 0.86603123
vn 0.4999882 6.945173e-06 0.86603224
vn 0.49997953 1.2707251e-05 0.86603731
vn -0.4999882 7.0960814e-06 0.86603224
vn -0.49999005 5.8872279e-06 0.86603123
vn -0.49997953 1.2983362e-05 0.86603731
vn -0.49999687 -5.7620005e-06 -0.86602724
vn -0.50000042 -6.9451171e-06 -0.86602521
vn -0.49997956 0 -0.86603731
vn 0.49999872 0 -0.86602616
vn 0.49999872 0 0.86602616
vn -0.49999872 0 0.86602616
vn -0.50001782 -1.2706933e-05 -0.8660152
vn 0 -0.92387909 0.38268447
vn 0 -0.92387909 0.3826845
vn 3.5812443e-06 -0.38268486 0.92387903
vn 1.0859447e-06 -0.38268545 0.92387873
vn 0 -0.38268578 0.92387867
vn 3.1609292e-07 0.38268429 0.92387915
vn 1.0424125e-06 0.3826836 0.9238795
vn 1.358503e-06 0.38268331 0.92387968
vn 0 0.92388028 0.38268167
vn 0 0.92388034 0.38268167
vn 0 0.92388034 0.38268161
vn 0 0.92388028 -0.38268167
vn 0 0.92388034 -0.38268167
vn 0 0.92388034 -0.38268161
vn 0 0.38268456 -0.92387915
vn 0 0.38268462 -0.92387915
vn 0 0.3826845 -0.92387909
vn 0 -0.3826845 -0.92387909
vn 0 -0.92387909 -0.38268447
vn 0 -0.92387909 -0.3826845
vn 0 0.38268355 0.92387944
vn 0 0.38268429 0.92387921
vn 0 0.38268328 0.92387956
vn 3.5812479e-06 -0.38268551 0.92387879
vn 1.0859402e-06 -0.38268489 0.92387903
vn 4.6671962e-06 -0.38268578 0.92387867
vn 4.6671807e-06 -0.38268462 0.92387909
vn 0 0.38268462 0.92387903
vn 0 0.38268462 -0.92387903
vn 0 -0.38268462 -0.92387903
vn 0 0.38268462 0.92387909
vn 0 -0.38268462 0.92387903
vn 1 -3.3846188e-06 0
vn 1 -1.6010424e-06 0
vn -1 -4.3357551e-07 0
vn -1 4.2909614e-06 0
vn -1 2.4621449e-06 0
vn 0 1.6033347e-05 -1
vn -1 -2.1831911e-06 0
vn 0 8.0166437e-06 -1
vn -1 -1.7963775e-06 0
vn -1 -1.7963777e-06 0
vn 0 6.8144373e-13 1
vn -1 4.0466571e-06 0
vn -1 -2.2057354e-07 0
vn 0 -0.56876457 -0.82250041
vn 0 -0.56876338 -0.82250124
vn 0 8.0166283e-06 -1
vn 0 1 2.7139155e-05
vn 0 1 2.7138918e-05
vn 0 1 2.7139207e-05
vn 1 -4.2911092e-06 0
vn -1 1.6567823e-06 0
vn -1 -4.783065e-07 0
vn 0 0.56876159 -0.82250249
vn 0 0.56876183 -0.82250226
vn 0 0.56876087 -0.82250291
vn 0 1.603328e-05 -1
vn 1 4.2911092e-06 0
vn -1 8.5359197e-06 0
vn -1 -1.1321e-06 0
vn 0 1 2.7138862e-05
vn -1 3.4948091e-06 0
vn 0 0.56876248 -0.82250184
vn -0.68656212 2.0045052e-06 0.72707123
vn -0.68656296 2.064475e-06 0.72707045
vn -0.68656182 1.9828719e-06 0.72707146
vn 1 1.656103e-07 0
vn 1 1.6561032e-07 0
vn -1.0721722e-06 -1.8226191e-06 1
vn 0 -1.2905688e-06 1
vn -1.0876647e-06 -9.9651947e-07 1
vn 5.3459712e-07 -1 -1.5107909e-07
vn 4.3364719e-07 -1 -3.9211392e-07
vn 4.1043879e-07 -1 -4.4752795e-07
vn 2.179505e-07 1.8226237e-06 -1
vn 0 1.8226257e-06 -1
vn 1.3476036e-06 1.8226197e-06 -1
vn -0.44136268 0.76598418 0.46740475
vn -0.44135082 0.76599628 0.46739623
vn -0.44134986 0.76599723 0.4673956
vn -0.44134766 -0.76600212 0.4673897
vn -0.4413504 -0.76599956 0.46739134
vn -0.44134742 -0.7660023 0.46738952
vn -1.3855845e-07 1 1.0741094e-06
vn -3.5961679e-07 1 5.343278e-07
vn 0 1 1.4124422e-06
vn -0.68656313 2.0861082e-06 0.72707015
vn -1.1426245e-06 1.8226225e-06 1
vn -1.142624e-06 1.0870541e-06 1
vn 0 2.786672e-06 1
vn 5.9787175e-07 -1 0
vn 1.5688232e-06 1.8226191e-06 -1
vn 0 -2.7866718e-06 -1
vn 0 -2.786672e-06 -1
vn 0 -2.7866722e-06 -1
vn 0 1.822674e-06 -1
vn -0.44136366 0.76598328 0.46740544
vn -0.44135061 -0.76599938 0.46739149
vn -4.1043776e-07 1 4.102329e-07
vn 1 -8.4614231e-07 0
vn 1 -4.0025068e-07 0
vn -1 5.8412809e-07 0
vn -1 5.7194643e-07 0
vn 0 -0.56876206 -0.8225022
vn 0 -1.603322e-05 -1
vn 0 -1.6033218e-05 -1
vn -1.1719059e-06 1 -2.2693377e-05
vn -5.9862127e-06 1 -4.4426256e-06
vn -7.158118e-06 1 0
vn 1 1.0726667e-06 0
vn 1 1.0726668e-06 0
vn -1 -5.6417633e-07 0
vn 0 0.56876206 -0.82250208
vn 0 0.56876206 -0.8225022
vn -1 1.3824915e-06 0
vn 0 -0.568762 -0.82250214
vn 0 -8.0166419e-06 -1
vn 0 1 -2.7136004e-05
vn 0 0.568762 -0.82250214
vn 1 4.2306476e-07 0
vn 1 3.1773968e-08 0
vn 0 -6.814241e-13 1
vn -1 -2.5289276e-07 0
vn -1 -2.313139e-08 0
vn 0 -0.56874901 -0.82251114
vn 0 -0.56874907 -0.8225112
vn 0 -5.7085706e-13 -1
vn 1 -2.1152637e-07 0
vn 1 -1.4104764e-07 0
vn -1 2.4919039e-08 0
vn -1 -1.8643991e-07 0
vn 0 0.56875432 -0.82250744
vn 0 0.56875688 -0.82250571
vn 0 0.56874907 -0.8225112
vn 1 -5.3342205e-07 0
vn 1 2.9186973e-08 0
vn 0 -3.4071205e-13 1
vn -1 -5.3342205e-07 0
vn -1 5.9404897e-08 0
vn -1 3.5005823e-07 0
vn 0 0.56876212 -0.82250208
vn 1 3.7207917e-06 0
vn 0 -9.021147e-06 1
vn 0 -1.634837e-06 1
vn 0 1.634837e-06 -1
vn 0 9.0211461e-06 -1
vn 0 1.0655982e-05 -1
vn 1 -3.720847e-06 0
vn 0 -1.0655985e-05 1
vn 1 -1.0576318e-07 0
vn 1 -3.235986e-13 0
vn 0 -3.4071693e-13 1
vn -1 2.9072618e-09 0
vn 0 5.7086519e-13 -1
vn 1 1.0576027e-07 0
vn 1 -5.5927828e-08 0
vn 0 9.5693777e-06 1
vn -1 -7.1061672e-09 0
vn -1 -4.2755754e-08 0
vn 0 0.56876218 -0.82250214
vn 0 -1.6033347e-05 -1
vn 0 -1.6033351e-05 -1
vn 1 2.6674749e-07 0
vn 1 5.5927291e-08 0
vn -1 2.3964475e-08 0
vn 1 -2.6674749e-07 0
vn -1 5.9392995e-08 0
vn -1.3471553e-05 5.9801087e-06 1
vn -2.2445336e-05 0 1
vn 0 -0.56874388 -0.82251471
vn 0 -0.56874388 -0.82251465
vn 1 4.2908141e-06 0
vn 1 4.2908146e-06 0
vn -1.3471552e-05 -5.9801082e-06 1
vn 0 0.56876087 -0.82250297
vn -3.5916884e-05 0 1
vn -1 1.3326954e-06 0
vn -1 1.3326955e-06 0
vn 0.50000167 0.86602443 0
vn 0.50000668 0.86602163 0
vn 0.50000077 0.86602503 0
vn 1 -4.6605223e-06 0
vn 1 -4.6605228e-06 0
vn 0.50000322 -0.86602366 0
vn 0.5000034 -0.86602342 0
vn -0.50003505 -0.86600518 0
vn -0.50003576 -0.86600488 0
vn -0.50003493 -0.86600524 0
vn -7.4712889e-06 1.062136e-05 -1
vn 0 1.062266e-05 -1
vn -2.9884224e-05 1.0622141e-05 -1
vn -1 -2.805443e-06 0
vn -1 -4.1755501e-07 0
vn -1 -3.223005e-06 0
vn -0.50003469 0.86600548 0
vn -0.5000391 0.86600292 0
vn -0.5000338 0.8660059 0
vn -5.2301595e-05 -1.0622663e-05 1
vn -8.7145208e-06 2.8477265e-10 1
vn -1.3073e-05 -1.8588224e-05 1
vn 0.50000745 0.8660211 0
vn 0.50000346 -0.86602354 0
vn -0.50003588 -0.86600477 0
vn -3.7353166e-05 1.062185e-05 -1
vn 5.229493e-05 -3.7176833e-05 -1
vn 0 -3.7176829e-05 -1
vn -0.50003988 0.86600244 0
vn 2.9882529e-05 -1.062185e-05 1
vn 0.00010459875 3.71768e-05 1
vn -0.00010458986 3.7176833e-05 1
vn 0.49999547 0.86602801 0
vn 0.49999422 0.86602879 0
vn 0.4999958 0.86602789 0
vn 0.49999553 -0.86602801 0
vn 0.49999422 -0.86602873 0
vn 0.4999958 -0.86602789 0
vn -0.50001198 -0.86601847 0
vn -0.50001204 -0.86601853 0
vn -0.50000042 0.86602527 0
vn -0.50000042 0.86602521 0
vn -2.430646e-06 0 1
vn 2.8357581e-06 0 1
vn 4.253644e-06 0 1
vn 0.49999398 0.86602896 0
vn 0.49999398 -0.86602896 0
vn -0.49999398 -0.8660289 0
vn -0.49999398 -0.86602896 0
vn -0.50000554 0.86602229 0
vn -0.5000056 0.86602223 0
vn -0.5000056 0.86602229 0
vn 9.722783e-06 0 1
vn -6.8059519e-05 0 1
vn 6.8057838e-05 0 1
vn 0 -0.56876242 -0.8225019
vn 1 1.8129477e-06 0
vn 1 -2.1455546e-06 0
vn 1 -2.1455544e-06 0
vn 0 -0.56876314 -0.82250142
vn 0 0.56874925 -0.82251102
vn 0 0.56874919 -0.82251108
vn 0 0.92387909 -0.3826845
vn 0 0.92387909 -0.38268447
vn 0 -0.38268206 -0.92388016
vn 0 -0.38268203 -0.92388016
vn 0 -0.38268331 0.92387968
vn 0 -0.38268325 0.92387962
vn 0 0.92388111 0.38267952
vn 0 0.92388123 0.38267958
vn 0 0.38268206 -0.92388016
vn 0 0.38268203 -0.92388016
vn 0 -0.92387897 -0.38268507
vn 0 -0.92387897 -0.38268492
vn 0 -0.92387897 0.38268507
vn 0 -0.92387879 0.38268515
vn 0 0.38268089 0.9238807
vn 0 0.38268074 0.92388064
vn 0 -0.38268363 0.92387956
vn 0 -0.38268355 0.92387956
vn -1 -2.4151245e-07 0
vn -1 -7.6946407e-07 0
vn -2.5402346e-06 0.92387879 0.38268533
vn 0 0.92387897 0.38268512
vn 0 0.92387873 0.38268542
vn 0 0.38268363 -0.92387956
vn 0 0.38268366 -0.92387944
vn 0 0.38268363 -0.92387944
vn 0 -0.92387956 -0.3826836
vn 0 -0.92387944 -0.38268366
vn 0 -0.92387956 0.38268355
vn 0 -0.92387944 0.3826836
vn 0 -0.92387944 0.38268369
vn 0 0.38268787 0.92387772
vn 0 0.38268769 0.92387778
vn 0 0.38268772 0.92387784
vn 0 0.92387956 -0.38268355
vn 0 0.92387986 -0.38268292
vn 0 -0.3826836 -0.92387956
vn 0 -0.38268355 -0.92387956
vn -1.7065918e-06 0.92387873 -0.38268554
vn -4.0648574e-06 0.92387921 -0.38268423
vn 0 0.92387825 -0.38268641
vn -1 1.0960051e-07 0
vn -1 1.7321877e-07 0
vn -1 1.9732522e-07 0
vn -1 2.1555307e-07 0
vn -1 1.8880526e-07 0
vn -1 2.2698843e-07 0
vn -1 -1.1349793e-07 0
vn -1 -8.037712e-08 0
vn -1 -9.17016e-07 0
vn -1 1.9732312e-07 0
vn 0 -0.38268536 -0.92387873
vn 0 -0.38268512 -0.92387885
vn 0 -0.38268495 -0.92387891
vn 0 -0.92388046 0.38268125
vn 0 -0.92388046 0.38268131
vn 0 0.38267961 0.92388117
vn 0 0.38268009 0.92388099
vn 6.8263575e-06 0.38268626 -0.92387843
vn 1.625943e-05 0.38268551 -0.92387879
vn 2.3085733e-05 0.38268498 -0.92387891
vn 0 -0.9238795 -0.38268363
vn 0 -0.92387956 -0.38268337
vn 0 -0.92387968 -0.38268319
vn 0 -0.38267988 0.92388105
vn 0 -0.38267961 0.92388117
vn 0 -0.38267946 0.92388129
vn 0 0.92388058 0.38268113
vn 0 0.92388052 0.38268116
vn 0 -0.38268346 -0.92387956
vn 0 -0.38268334 -0.92387962
vn 0 0.9238795 -0.38268343
vn 0 0.92387956 -0.3826836
vn 0 0.38268578 0.92387861
vn 0 0.38268632 0.92387843
vn 0 -0.92387956 0.38268363
vn 0 -0.92387956 0.3826836
vn 0 -0.92387956 -0.38268363
vn 0 0.38268349 -0.9238795
vn 0 0.38268346 -0.92387956
vn -1.7330649e-06 0.92387915 0.38268444
vn -1.2688791e-06 0.92387915 0.38268462
vn 0 -0.38268349 0.9238795
vn 0 -0.38268343 0.92387962
vn 9.3452513e-07 -0.92388046 -0.38268143
vn 3.2535425e-07 -0.92387938 -0.38268402
vn 2.930187e-07 -0.92387927 -0.38268411
vn -1.1629224e-06 -0.38267657 -0.92388242
vn 1.2151954e-06 -0.38269034 -0.9238767
vn 1.3414276e-06 -0.38269106 -0.92387646
vn -6.1862309e-08 0.38267756 -0.92388201
vn -1.22729e-06 0.38268247 -0.92387992
vn -1.2891513e-06 0.38268274 -0.92387986
vn -1.5465421e-08 0.9238804 -0.38268134
vn -3.0682347e-07 0.92387938 -0.38268402
vn 0 0.92388052 -0.38268125
vn -3.2369144e-07 0.92388046 0.38268143
vn -3.5015475e-07 0.92387933 0.38268396
vn -3.5155949e-07 0.92387927 0.38268411
vn -5.3179097e-09 0.38268277 0.92387986
vn -1.0550296e-07 0.38268274 0.9238798
vn -1.1082086e-07 0.38268271 0.92387986
vn 0.54385227 0.77530342 0.32113755
vn 0.54384822 0.77530545 0.32113948
vn 0.5438534 0.77530295 0.32113701
vn 5.8731837e-09 -0.3826907 0.92387652
vn 1.165195e-07 -0.38268447 0.92387909
vn 1.2239273e-07 -0.3826842 0.92387933
vn 3.1697323e-07 -0.92387819 0.38268685
vn 2.1678103e-07 -0.92387921 0.38268426
vn 2.1146288e-07 -0.92387933 0.38268417
vn -0.17226838 0.91006827 -0.37696093
vn -0.17226876 0.91006768 -0.37696204
vn -0.17226878 0.91006762 -0.3769621
vn 4.6135168e-07 -0.38268328 -0.92387968
vn 2.0435732e-06 -0.38268322 -0.92387974
vn 2.5049249e-06 -0.38268322 -0.92387974
vn -0.17227119 -0.3769635 0.91006655
vn -0.17226985 -0.37696528 0.91006607
vn -0.17226973 -0.37696537 0.91006601
vn -0.17226933 -0.37696758 -0.91006523
vn -0.17226772 -0.37696266 -0.91006768
vn -0.17227007 -0.37696984 -0.91006416
vn -0.17226791 0.91006744 0.37696287
vn -0.17226981 0.91006738 0.37696213
vn -0.17226708 0.9100675 0.37696317
vn -0.17226791 -0.91006726 0.37696329
vn -0.17226976 -0.9100669 0.37696344
vn -0.17226988 -0.91006684 0.37696347
vn -0.17226797 -0.91006738 -0.37696287
vn -0.17226873 -0.91006756 -0.37696233
vn -0.17226765 -0.91006738 -0.37696317
vn -0.17226687 0.37696195 -0.91006804
vn -0.17226775 0.37696287 -0.91006756
vn -0.17226781 0.37696296 -0.9100675
vn -0.17227003 0.37696186 0.91006756
vn -0.17227019 0.3769626 0.9100672
vn -0.17226997 0.3769615 0.91006768
vn 0 -0.38268545 0.92387879
vn 0 -0.38268116 0.92388052
vn 0 -0.38267985 0.92388099
vn 0 0.92387968 0.38268307
vn 0 0.92387962 0.38268334
vn 0 0.92387974 0.38268295
vn 0 0.38268313 -0.92387974
vn 0 0.38268057 -0.92388082
vn 0 0.38268381 -0.92387938
vn 0 -0.92387956 -0.38268328
vn 0 -0.92387974 -0.38268319
vn 0 -0.92387962 -0.38268331
vn -1.1533797e-07 -0.92387909 0.38268474
vn -5.108954e-07 -0.92387903 0.38268462
vn 0 -0.92387903 0.38268465
vn 0 0.38268325 0.92387974
vn 0 0.38268113 0.92388058
vn 0 0.38268381 0.92387938
vn -1.0217864e-06 0.92387986 -0.38268277
vn -2.3067618e-07 0.92388028 -0.38268191
vn -1.2524619e-06 0.92387974 -0.38268298
vn 0.54384148 -0.77530801 0.32114494
vn 0.54384291 -0.7753067 0.3211455
vn 0.54384363 -0.77530611 0.32114574
vn 0.54383576 -0.77531177 -0.32114556
vn 0.54384303 -0.77530819 -0.32114205
vn 0.54383385 -0.77531272 -0.32114658
vn 0.54384029 0.32114184 -0.7753101
vn 0.5438357 0.32114065 -0.77531374
vn 0.54383355 0.32114017 -0.77531552
vn 0.54386896 0.3211343 0.77529305
vn 0.54386896 0.32113433 0.77529311
vn 0.5438689 0.3211343 0.77529305
vn 0.54384488 0.77530634 -0.3211433
vn 0.54384768 0.77530456 -0.32114238
vn 0.54384911 0.77530384 -0.32114202
vn 0.54386455 -0.32114401 0.77529222
vn 0.54386449 -0.32114398 0.77529216
vn 0.54384011 -0.32114169 -0.77531028
vn 0.54383469 -0.32114008 -0.77531475
vn 0.54384148 -0.32114214 -0.77530915
vn 0.42030412 -0.8383134 0.34723946
vn 0.42030114 -0.83831388 0.347242
vn 0.42030028 -0.838314 0.34724274
vn 0.10444981 0.91882658 0.38058919
vn 0.10445204 0.91882592 0.3805899
vn 0.1044529 0.91882575 0.38059023
vn 0.42028734 0.34724194 0.83832073
vn 0.42028925 0.34724087 0.8383202
vn 0.42028695 0.34724218 0.83832079
vn 0.42030486 0.83831233 -0.34724092
vn 0.42029572 0.83831608 -0.34724286
vn 0.42029309 0.83831722 -0.34724343
vn 0.42029271 -0.34724116 -0.83831835
vn 0.42032135 -0.34723619 -0.83830613
vn 0.42028701 -0.34724215 -0.83832079
vn 0.42031917 -0.34723753 0.83830661
vn 0.4202981 -0.34724131 0.83831555
vn 0.42029211 -0.34724239 0.83831823
vn 0.4203102 0.83831108 0.34723768
vn 0.42029357 0.83831865 0.34723938
vn 0.42031348 0.83830959 0.34723735
vn 0.42032418 0.34723634 -0.83830464
vn 0.42032841 0.34723514 -0.83830303
vn 0.42032957 0.34723476 -0.83830249
vn 0.42031929 -0.83830613 -0.34723851
vn 0.42032686 -0.83830267 -0.34723771
vn 0.42031777 -0.83830678 -0.34723866
vn 0.10444726 0.38058999 -0.91882646
vn 0.10444795 0.38059029 -0.91882622
vn 0.10444681 0.38058978 -0.91882664
vn 0.10445023 -0.91882581 -0.38059068
vn 0.10445215 -0.91882575 -0.38059035
vn 0.10445289 -0.91882569 -0.38059023
vn 0.10445178 -0.91882634 0.38058904
vn 0.10445258 -0.91882592 0.38058993
vn 0.10445129 -0.91882664 0.3805885
vn 0.10444897 0.3805891 0.91882658
vn 0.10445293 0.3805899 0.91882586
vn 0.10445447 0.38059026 0.91882563
vn 0.1044489 0.91882592 -0.38059071
vn 0.1044518 0.91882586 -0.38059044
vn 0.1044471 0.91882604 -0.38059098
vn 0.10445056 -0.3805891 -0.91882646
vn 0.10445092 -0.38058996 -0.9188261
vn 0.10445103 -0.38059029 -0.91882592
vn 0.10444921 -0.38058993 0.91882628
vn 0.10445299 -0.38059011 0.91882581
vn 0.10444683 -0.38058984 0.91882664
vn 0 -0.92387879 -0.38268515
vn 0 -0.92387897 0.38268492
vn 0 0.3826808 0.92388064
vn 0 -0.38268363 0.92387944
vn 0 -0.9238798 -0.38268304
vn 0 -0.92387986 0.38268292
vn 0 -0.38268363 -0.92387944
vn -5.7714515e-06 0.92387956 -0.38268331
vn 0 -0.38268554 -0.92387867
vn 0 -0.92388052 0.38268116
vn 0 0.38267946 0.92388129
vn 0 0.38268673 -0.92387819
vn 0 -0.38268009 0.92388099
vn 0 0.38268358 0.92387956
vn 0 0.38268343 -0.92387962
vn 0 0.92387956 0.3826836
vn 9.6686006e-07 -0.92388052 -0.38268131
vn -1.2891553e-06 -0.38267583 -0.92388272
vn 0 0.38267726 -0.92388213
vn -3.2228908e-07 0.92387927 -0.38268408
vn -3.222867e-07 0.92388052 0.38268131
vn 0 0.38268274 0.9238798
vn 0.54384631 0.77530658 0.32114038
vn 0 -0.38269106 0.9238764
vn 3.222915e-07 -0.92387807 0.38268694
vn -0.17226818 0.91006851 -0.37696037
vn 0 -0.38268328 -0.92387962
vn -0.17227179 -0.37696269 0.91006678
vn -0.17226759 -0.3769623 -0.91006786
vn -0.17226996 0.9100675 0.37696213
vn -0.17226708 -0.9100675 0.37696317
vn -0.17226876 -0.91006756 -0.37696227
vn -0.17226648 0.37696162 -0.91006821
vn -0.17227019 0.37696266 0.9100672
vn 0 -0.38268661 0.92387825
vn 0 0.38267976 -0.92388105
vn 0 -0.92387974 -0.3826831
vn -6.2623343e-07 -0.92387903 0.38268468
vn 0 0.38268051 0.92388076
vn 0 0.92388034 -0.38268164
vn 0.54384106 -0.77530831 0.32114479
vn 0.54384631 -0.77530658 -0.32114038
vn 0.54384148 0.32114214 -0.77530915
vn 0.54386431 0.32113704 0.77529526
vn 0.54386431 0.32113707 0.77529532
vn 0.54386425 0.32113707 0.7752952
vn 0.54384404 0.77530676 -0.32114354
vn 0.54384273 -0.32114288 0.77530795
vn 0.54384273 -0.32114285 0.77530789
vn 0.54384279 -0.32114285 0.77530795
vn 0.54383218 -0.32113931 -0.77531677
vn 0.42030472 -0.83831328 0.34723896
vn 0.10444844 0.91882688 0.38058874
vn 0.4202899 0.34724054 0.83832014
vn 0.42030668 0.83831155 -0.34724057
vn 0.4203296 -0.34723476 -0.83830261
vn 0.42032334 -0.34723681 0.83830482
vn 0.42028883 0.83832085 0.34723982
vn 0.42032334 0.3472366 -0.83830488
vn 0.42032909 -0.83830172 -0.3472375
vn 0.10444825 0.38059044 -0.91882616
vn 0.10444902 -0.91882592 -0.38059089
vn 0.10445289 -0.91882575 0.38059023
vn 0.1044465 0.38058871 0.91882712
vn 0.10445291 0.91882575 -0.38059029
vn 0.10445035 -0.38058853 -0.9188267
vn 0.10445444 -0.38059014 0.91882557
vn 0.085660435 -0.92388088 -0.37296978
vn 0.085655496 -0.92388028 -0.37297234
vn 0.085662395 -0.92388105 -0.37296879
vn 0.20678996 -0.38267639 -0.90044254
vn 0.20678961 -0.38268033 -0.90044099
vn 0.20679007 -0.38267481 -0.9004432
vn -0.97462875 2.6709874e-06 -0.22382763
vn -0.9746272 2.4592102e-06 -0.22383432
vn -0.97462881 2.6709827e-06 -0.22382762
vn -0.20680691 -0.38268209 0.90043616
vn -0.20682265 -0.38267988 0.90043354
vn -0.20680068 -0.38268295 0.9004373
vn -0.08565823 -0.92387974 0.37297311
vn -0.085662022 -0.92387933 0.37297344
vn -0.085656725 -0.92387992 0.37297297
vn 0.97325647 0.013624121 0.22931735
vn 0.97325575 0.013630795 0.22931972
vn 0.97325665 0.013621189 0.22931631
vn 0.20680381 0.38268125 -0.90043724
vn 0.2068008 0.38267592 -0.90044034
vn 0.20679903 0.38267276 -0.90044194
vn -0.97462481 -2.4453037e-05 -0.22384521
vn -0.97462356 -1.5981304e-05 -0.22385022
vn -0.97462481 -1.5584494e-05 -0.22384508
vn -0.97463053 8.5220466e-07 -0.22381988
vn -0.97462195 4.9819409e-06 -0.22385737
vn -0.97463429 -9.6095789e-07 -0.22380343
vn -0.97463042 -1.0992787e-06 -0.22382037
vn -0.97463143 -3.8209092e-07 -0.22381595
vn 0.97147006 0.0056452174 0.23709527
vn 0.97147715 0.0056421454 0.23706639
vn 0.9714669 0.005646565 0.2371079
vn -0.085654773 0.92388052 0.37297213
vn -0.085655406 0.92388058 0.37297162
vn -0.085654393 0.9238804 0.3729724
vn 0.085657492 0.92387974 -0.37297341
vn 0.085656822 0.92387962 -0.37297371
vn 0.085656427 0.92387956 -0.37297392
vn -0.2067845 0.38268909 0.90043849
vn -0.20677537 0.38268718 0.90044123
vn -0.20678985 0.38269022 0.90043676
vn 0.97757268 0.0056547821 0.2105227
vn 0.97757024 0.0056527667 0.21053393
vn 0.97756976 0.0056524002 0.21053597
vn 0.97578663 0.01364114 0.21829891
vn 0.97578663 0.01364114 0.21829893
vn 0.97578669 0.01364114 0.21829893
vn 0.085653536 -0.92388004 -0.37297338
vn 0.20678945 -0.38268191 -0.90044039
vn -0.97463155 -1.2990768e-05 -0.22381553
vn -0.97463155 -1.2990768e-05 -0.22381555
vn -0.20682892 -0.38267908 0.90043247
vn -0.085663527 -0.92387915 0.37297356
vn 0.97325557 0.013632004 0.22932009
vn 0.2068056 0.38268441 -0.90043557
vn -0.9746303 2.8827485e-06 -0.22382092
vn -0.97462034 5.7312991e-06 -0.22386418
vn 0.97147834 0.0056415875 0.23706113
vn -0.085655771 0.9238807 0.37297136
vn 0.085657887 0.92387974 -0.3729732
vn -0.20677005 0.38268608 0.90044296
vn 0.97757375 0.0056556673 0.21051778
vn 0.97578484 0.013620464 0.21830827
vn 0.97578484 0.013620465 0.21830828
vn 0.9757849 0.013620467 0.21830831
vn 0 -1 -2.7137479e-05
vn 0 -1 -2.7137477e-05
vn 1 -2.7650419e-06 0
vn 1 -2.7650185e-06 0
vn 0 4.7846656e-06 1
vn 0 -0.56876373 -0.82250106
vn 0 -0.56876367 -0.82250112
vn -8.0628324e-06 -4.2966053e-06 -1
vn -1 2.1454807e-06 0
vn -1 2.1454809e-06 0
vn -3.6636407e-05 0.56874824 -0.82251173
vn -3.6636415e-05 0.56874818 -0.82251185
vn -3.6636411e-05 0.56874824 -0.82251173
vn -1.396168e-05 -7.4400446e-06 -1
vn -3.008728e-05 -1.6033218e-05 -1
vn 0 4.7846661e-06 1
vn 0 -0.56876045 -0.82250321
vn 0 -0.56876045 -0.82250327
vn 1 -5.5299947e-06 0
vn -1 1.0148908e-06 0
vn 0 0.56876045 -0.82250327
vn 0 0.56876045 -0.82250321
vn 1.0778073e-05 -4.255115e-05 -1
vn 1.7855972e-07 -7.5589287e-06 -1
vn 0 1.1078369e-05 1
vn 0 6.8539857e-06 1
vn 1 -6.5043309e-08 0
vn 1 -6.2454077e-08 0
vn 1 4.0554195e-08 0
vn 5.2219804e-07 1 -6.1554772e-07
vn 3.647446e-06 0 1
vn 1.8644952e-06 0 1
vn -1 -1.7625047e-09 0
vn -1 -3.4041101e-09 0
vn -1 -6.9585115e-09 0
vn 2.8061156e-06 -1.4541817e-05 -1
vn 0 -5.1687121e-06 -1
vn -1 2.6577437e-10 0
vn -1 2.0178714e-10 0
vn -1 2.3916487e-08 0
vn 1 3.1533308e-08 0
vn 1 6.425946e-08 0
vn 0 8.9406258e-06 1
vn 3.0367676e-06 7.5195676e-06 1
vn 2.847248e-06 0 1
vn 3.2746707e-06 1 -3.860061e-06
vn 5.9004688e-06 1 -6.9552543e-06
vn 1.6325714e-06 7.4661409e-07 1
vn -7.238022e-07 0 1
vn 2.3098289e-06 0 1
vn 0 -2.7797707e-05 -1
vn 0 -1.4854802e-06 -1
vn 5.6624839e-07 -4.5965e-05 -1
vn 5.1218592e-07 0 -1
vn 6.2575473e-06 0 -1
vn -1.0197563e-06 -1 7.2462956e-07
vn -8.0949098e-07 -1 5.5794212e-06
vn -1.1681916e-06 -1 6.9186904e-06
vn -3.6474348e-06 4.5937173e-05 1
vn -1.8645034e-06 2.7814584e-05 1
vn 1.4133964e-06 0 -1
vn 3.6188687e-06 -1.7198701e-06 -1
vn -2.8473012e-06 7.3632032e-06 1
vn 1.8340603e-05 0 -1
vn 0.74427718 -0.66787094 0
vn -2.5274674e-06 -1 3.05195e-06
vn 1 -3.4091158e-07 0
vn -0.72910583 -0.68440104 0
vn -0.72910577 -0.68440104 0
vn -0.72910583 -0.68440098 0
vn -3.6311324e-06 0 1
vn -1.1734371e-06 -1 0
vn -0.72910583 0.68440098 0
vn -0.72910577 0.68440104 0
vn -0.72910583 0.68440104 0
vn 1 1.0272871e-06 0
vn 0 -4.7846556e-06 1
vn -1 8.5820702e-06 0
vn -1 8.582072e-06 0
vn 1 3.3845315e-06 0
vn 1 2.256726e-06 0
vn 0 -9.5693504e-06 1
vn -1 -6.8119516e-07 0
vn -1 -9.7158033e-07 0
vn -1 -1.71121e-06 0
vn 0 0.56874841 -0.82251161
vn 0 -4.7846988e-06 1
vn -1 -2.2996569e-06 0
vn -1 -1.4368936e-06 0
vn 0 -1 -2.713866e-05
vn 0 -1 -2.7138547e-05
vn 0 -1 -2.7138691e-05
vn 1 3.3844972e-06 0
vn 1 1.6009983e-06 0
vn -1 2.4855055e-06 0
vn -1 -2.1454068e-06 0
vn -1 -2.1454071e-06 0
vn 0 0.56877691 -0.82249182
vn 0 0.56877697 -0.82249177
vn 0 0.56877697 -0.82249182
vn 0 -1 -2.713852e-05
vn 1 2.2567385e-06 0
vn -1 3.4681159e-06 0
vn 0 -0.56876451 -0.82250047
vn 0 -0.56876463 -0.82250047
vn -1 6.9361204e-06 0
vn 0 0.56877398 -0.82249391
vn 0 0.56877393 -0.82249391
vn 1 -8.4615465e-07 0
vn 1 -2.6861616e-07 0
vn 0 1.7946234e-06 1
vn 0 -0.56873518 -0.82252079
vn 0 -0.56873518 -0.82252073
vn 0 5.9801228e-06 1
vn -1 -6.2246181e-07 0
vn -1 -8.2925573e-07 0
vn -1 -3.6417626e-07 0
vn 0 0.56876242 -0.82250196
vn 1 -1.0727773e-06 0
vn 0 -0.56873608 -0.82252008
vn 0 -0.56873608 -0.82252014
vn -1 7.9657454e-08 0
vn -1 -1.2295392e-07 0
vn 0.49999815 -0.86602658 0
vn 0.49999899 -0.8660261 0
vn 0.49999946 -0.86602575 0
vn 0.49999994 0.86602545 0
vn 0.50000066 0.86602509 0
vn 0.50000107 0.86602479 0
vn 0.0412146 -0.071372636 0.99659795
vn 0.041214596 -0.071372636 0.99659789
vn 0.041214596 -0.071372636 0.99659795
vn -0.50000405 -0.86602318 0
vn -0.50000495 -0.86602259 0
vn -0.5000056 -0.86602229 0
vn 1.3763793e-05 -2.8899333e-06 1
vn 4.5880415e-06 -3.3715812e-06 1
vn 4.308805e-11 -3.3715894e-06 1
vn -0.50000209 -0.8660242 0
vn 0.041215688 0.071376301 0.99659759
vn 0.041215692 0.071376301 0.99659759
vn 0.041215684 0.071376301 0.99659759
vn -0.04121637 -0.071361564 0.9965986
vn -0.041216377 -0.071361579 0.99659866
vn -0.041213416 0.071375586 0.99659777
vn -0.041213408 0.071375571 0.99659771
vn 0.082433797 -6.7434971e-06 0.99659657
vn 0.082433805 -6.7434967e-06 0.99659663
vn 0.082433805 -6.7434971e-06 0.99659657
vn -0.082399592 -6.740865e-06 0.99659938
vn -0.082399599 -6.740865e-06 0.99659938
vn -0.082399599 -6.7408655e-06 0.99659944
vn -2.1693106e-06 7.7279384e-07 -1
vn -1.8593942e-06 6.6238931e-07 -1
vn -0.50000209 0.8660242 0
vn 1 1.9865954e-07 0
vn 1 3.7230629e-07 0
vn 1 5.7097299e-07 0
vn 0.50000411 0.86602306 0
vn 0.50000519 -0.86602241 0
vn 0.5000031 -0.8660236 0
vn 0.50000072 -0.86602503 0
vn 0.49999762 -0.86602688 0
vn 0.49999946 0.86602575 0
vn 0.041215733 -0.071361519 0.99659872
vn 0.041215736 -0.071361527 0.99659866
vn 0.041215736 -0.071361527 0.99659872
vn -0.5000034 -0.86602348 0
vn -9.8314995e-06 -3.8532376e-06 1
vn 1.3763793e-05 0 1
vn 1.376401e-05 -6.7431802e-06 1
vn 0.041214578 0.071377151 0.99659765
vn 0.041214578 0.071377158 0.99659765
vn 0.041214574 0.071377151 0.99659765
vn -0.041192733 -0.071360879 0.99659961
vn -0.041192733 -0.071360886 0.99659961
vn -0.041192733 -0.071360886 0.99659967
vn -0.041216329 0.071376242 0.99659753
vn -0.041216336 0.071376242 0.99659753
vn -0.041216332 0.071376242 0.99659759
vn 0.082429931 -4.623058e-06 0.99659687
vn 0.082429938 -4.6230584e-06 0.99659693
vn 0.082429945 -4.623058e-06 0.99659693
vn -0.082425721 0 0.99659723
vn -1.3015908e-05 4.6367782e-06 -1
vn 0.50000763 -0.86602104 0
vn -1 -5.6554455e-07 0
vn 0 1 2.7138805e-05
vn 0 1 2.7138574e-05
vn 0 1 2.713852e-05
vn -1 1.8276967e-06 0
vn -1 -5.2764875e-07 0
vn 0 0.56876153 -0.82250249
vn -1 -1.2488879e-06 0
vn -1 3.8553349e-06 0
vn 0.82676107 -9.7384189e-05 0.56255323
vn 0.82676101 -9.7384182e-05 0.56255329
vn 0.82676107 -9.7384196e-05 0.56255323
vn 0 1 -5.6182838e-08
vn 0 1 -2.139593e-08
vn 0 1 -2.0163958e-07
vn -0.88641572 0 -0.46289006
vn -0.88641572 0 -0.46289003
vn 0.96339548 1.2984589e-06 -0.26808435
vn 0.96339625 2.5217596e-06 -0.26808175
vn 0.96339697 3.8201474e-06 -0.26807895
vn -0.48291007 0.45101792 0.75058693
vn -0.48291004 0.45101792 0.75058693
vn -0.48293513 -0.45102575 0.75056601
vn -0.48293519 -0.45102581 0.75056607
vn -0.48293519 -0.45102581 0.75056612
vn 0.54110444 0 -0.84095544
vn 0.54110438 0 -0.8409555
vn 0.54110444 0 -0.8409555
vn -0.82669497 -7.5031312e-06 -0.56265056
vn -0.82669497 -7.5031307e-06 -0.5626505
vn -0.82669491 -7.5031303e-06 -0.5626505
vn -0.82670021 7.0036272e-06 -0.56264275
vn -0.82670015 7.0036276e-06 -0.56264281
vn -0.82670015 7.0036267e-06 -0.56264275
vn -0.8266989 2.0120595e-05 -0.56264466
vn -0.82669896 2.0120595e-05 -0.56264466
vn -0.82669884 2.0120591e-05 -0.56264466
vn 0.88642097 -5.7097091e-06 0.4628801
vn 0.88642102 -5.7097091e-06 0.46288007
vn 0.88642097 -5.7097095e-06 0.46288007
vn 0.88643086 0 0.46286097
vn 0.88643098 0 0.46286097
vn 0.88643092 0 0.46286094
vn 0.88641405 -4.7038925e-06 0.46289325
vn 0.88641405 -4.7038925e-06 0.46289328
vn 0.9633947 0 -0.26808712
vn -0.48293787 0.45101598 0.7505703
vn -0.48293793 0.45101598 0.7505703
vn -0.48293787 0.45101595 0.75057024
vn -0.48290294 -0.45104399 0.75057584
vn -0.48290297 -0.45104402 0.75057584
vn -0.48290297 -0.45104405 0.7505759
vn 0.54105526 0.00013866992 -0.84098709
vn 0.54105532 0.0001386699 -0.84098709
vn 0.54105526 0.0001386699 -0.84098697
vn 0.99226105 -6.6260685e-07 -0.12416951
vn 0.99226105 0 -0.12416954
vn 0.99226105 -1.6058975e-06 -0.12416968
vn 0.011159206 0.99381065 0.11052587
vn 0.011159205 0.99381065 0.11052585
vn 0.011159205 0.99381065 0.11052588
vn 0 1 2.2723864e-08
vn 0 1 4.1504773e-09
vn -0.98446542 2.4306821e-06 0.17557853
vn -0.98446542 6.9411976e-07 0.17557877
vn -0.9844656 1.9094423e-06 0.17557774
vn 0 1 2.7869715e-09
vn 0 1 1.0675166e-08
vn -0.9377237 2.5155266e-06 0.34738222
vn -0.9377234 2.045329e-06 0.34738287
vn -0.93772364 0 0.34738222
vn -0.86053985 -7.9295923e-08 -0.50938314
vn -0.86053908 -2.135361e-06 -0.50938439
vn -0.86054134 -6.5949962e-08 -0.5093807
vn -0.99510145 9.4346797e-07 0.098859109
vn -0.99510145 3.1260146e-07 0.098859333
vn -0.99510151 7.8433186e-07 0.098859131
vn 0.99574733 0 0.092126369
vn 0.99574733 0 0.092126355
vn 0.99574739 0 0.092126377
vn -0.1452345 -3.0417812e-06 -0.98939729
vn -0.14523153 0 -0.98939776
vn -0.14523154 0 -0.98939776
vn 0.98883033 6.0901243e-06 -0.14904542
vn 0.9888311 5.0124163e-07 -0.14904037
vn 0.9888314 1.0936134e-05 -0.14903836
vn 0.99805927 1.0135706e-06 -0.062272057
vn 0.99805933 0 -0.062271811
vn 0.99805933 0 -0.062271561
vn -0.9954558 3.2825076e-06 -0.095225744
vn -0.99545574 0 -0.095225774
vn -0.99545574 0 -0.095226347
vn -0.25160936 6.834453e-06 0.96782887
vn -0.25161242 1.7782623e-06 0.96782809
vn -0.25161099 1.5447289e-05 0.96782845
vn -0.77164453 8.3027084e-07 0.6360541
vn -0.77164376 1.6838138e-05 0.63605499
vn -0.77164471 0 0.63605392
vn 0.91397709 -3.6925628e-06 -0.40576592
vn 0.9139747 1.2246433e-07 -0.4057714
vn 0.9139747 1.2243278e-07 -0.4057714
vn 0.99819624 7.8281109e-06 -0.060035959
vn 0.99819595 -4.192666e-06 -0.060041457
vn 0.99819595 1.1604911e-11 -0.060041573
vn 0.67742842 0 0.73558879
vn 0.67742836 0 0.73558879
vn 1.0602168e-06 1 -3.9234219e-08
vn 4.808835e-07 1 -2.5813371e-08
vn -8.6906266e-06 1 1.8665412e-07
vn 0.039994951 0.99301374 0.11101447
vn 0.039994951 0.99301374 0.11101446
vn 0.039994955 0.99301374 0.11101449
vn 0.0094809886 0.9886229 0.15011665
vn 0.0094809877 0.9886229 0.15011665
vn 0.0094809886 0.98862284 0.15011665
vn -0.98900992 1.2570392e-06 -0.14784992
vn -0.98900986 8.1583772e-07 -0.1478496
vn -0.98900992 2.9011269e-06 -0.14784975
vn 0.99841172 -1.6601893e-08 0.05633834
vn 0.99841177 -4.1845823e-08 0.056338456
vn 0.99841172 -7.5050245e-08 0.056338873
vn 0.99510199 4.8009454e-08 -0.098853797
vn 0.99510199 1.2102066e-07 -0.098853685
vn 0.99510211 2.170385e-07 -0.098853335
vn 0.99938929 -2.7624241e-08 -0.03494532
vn 0.99938929 -5.9551876e-08 -0.034945324
vn 0.99938929 -1.1480064e-07 -0.03494532
vn 0 1 3.0914343e-08
vn 0 1 1.3305291e-08
vn 0.014054217 0.99016273 0.13921276
vn 0.014054216 0.99016273 0.13921274
vn -0.87371016 0.45243561 0.17869696
vn -0.87371016 0.45243561 0.17869699
vn -0.87759781 0.45312697 0.15651873
vn -0.87760061 0.45312208 0.15651761
vn -0.87760234 0.45311898 0.15651694
vn -0.84099209 0.44234645 0.31154776
vn -0.84099209 0.44234642 0.31154776
vn -0.84099215 0.44234648 0.31154779
vn -0.88559639 0.45604873 0.087969951
vn -0.88559633 0.45604873 0.087969951
vn -0.88559633 0.45604876 0.087969959
vn -0.0881823 0.79456699 -0.60073894
vn -0.088179208 0.79456908 -0.60073656
vn -0.088177472 0.79457027 -0.60073525
vn -0.66128075 0.63990742 -0.39144129
vn -0.66128075 0.63990748 -0.39144135
vn -0.66128075 0.63990742 -0.39144126
vn -0.89239389 0.45003605 -0.033177279
vn -0.89239395 0.45003608 -0.033177283
vn -0.89239389 0.45003608 -0.033177283
vn -0.88839829 0.45080474 -0.086738497
vn -0.88839841 0.45080474 -0.086738504
vn -0.88839835 0.45080474 -0.086738497
vn -0.67157608 0.4281885 0.60468191
vn -0.67157608 0.42818844 0.60468191
vn -0.24161908 0.27899545 0.9293986
vn -0.24161306 0.2790021 0.92939818
vn -0.24160901 0.27900663 0.92939794
vn -0.99148816 0 0.1301972
vn -0.99148816 0 0.13019739
vn -0.99148816 0 0.13019745
vn 0.99226105 -1.498545e-06 -0.12416955
vn 0.011158301 -0.99381095 0.11052333
vn 0.011158301 -0.99381089 0.11052333
vn 0.011158302 -0.99381095 0.11052335
vn 0 -1 5.5783449e-08
vn -0.98446554 0 0.17557813
vn 0 -1 -6.0086469e-09
vn -0.93772334 0 0.34738299
vn -0.86053991 -2.7983122e-06 -0.5093832
vn 0 -1 -4.1905355e-07
vn 0 -1 -2.6186541e-08
vn -0.99510139 0 0.098859392
vn 0.97091156 0.073520295 0.22787195
vn 0.9709115 0.073520295 0.22787192
vn 0.9709115 0.073520288 0.22787191
vn -0.14523353 -2.0626976e-06 -0.98939741
vn 0.98882931 1.0150086e-05 -0.14905269
vn 0.98882788 -8.3681812e-07 -0.14906248
vn 0.99805927 1.5897319e-06 -0.062272072
vn 0.99805921 3.2705805e-06 -0.06227234
vn -0.9954558 2.6829748e-06 -0.095225528
vn -0.9954558 8.0089121e-06 -0.095225193
vn -0.25160894 0 0.96782899
vn -0.25160736 0 0.96782941
vn -0.77164346 0 0.63605529
vn -0.77164453 0 0.63605404
vn 0.9139722 3.9375404e-06 -0.40577683
vn 0.99819636 1.6073522e-05 -0.060033176
vn 0.9981969 2.4800922e-05 -0.060024418
vn 0.67743635 0 0.73558146
vn 0.67743641 0 0.73558146
vn -1.0602078e-06 -1 -2.0311438e-08
vn -4.8086889e-07 -1 -4.128453e-08
vn -1.6212697e-06 -1 0
vn 0.025257157 -0.9945904 0.10075691
vn 0.025257157 -0.9945904 0.10075691
vn 0.025257157 -0.99459046 0.10075691
vn 0.0094801802 -0.98862267 0.15011838
vn 0.0094801793 -0.98862255 0.15011835
vn 0.0094801802 -0.98862261 0.15011837
vn -0.98900998 0 -0.14784949
vn -0.9890098 0 -0.14785022
vn 0.99841177 0 0.056338452
vn 0.99841172 0 0.056338869
vn 0.99510199 0 -0.0988537
vn 0.99510211 0 -0.09885335
vn 0.99938929 0 -0.034945328
vn 0 -1 1.002992e-07
vn 0 -1 2.4014193e-07
vn 0.014054329 -0.99016261 0.13921386
vn 0.014054331 -0.99016267 0.13921387
vn -0.87378502 -0.4522616 0.17877191
vn -0.8737849 -0.45226157 0.17877191
vn -0.87378496 -0.45226163 0.17877193
vn -0.87760115 -0.45312104 0.15651731
vn -0.87759924 -0.45312449 0.15651791
vn -0.87760234 -0.45311889 0.15651694
vn -0.8409934 -0.44234338 0.31154841
vn -0.8409934 -0.44234338 0.31154838
vn -0.84099352 -0.44234338 0.31154841
vn -0.88559616 -0.45604923 0.087970003
vn -0.8855961 -0.45604917 0.087970003
vn -0.088182449 -0.79456669 -0.6007393
vn -0.088183619 -0.79456615 -0.60073978
vn -0.088181794 -0.79456699 -0.600739
vn -0.66129178 -0.63989806 -0.3914381
vn -0.66129178 -0.63989806 -0.39143807
vn -0.66129172 -0.63989812 -0.39143804
vn -0.89197814 -0.45083794 -0.033471018
vn -0.89197809 -0.45083785 -0.033471011
vn -0.89197814 -0.45083791 -0.033471014
vn -0.89029557 -0.44731382 -0.08534801
vn -0.89029551 -0.44731373 -0.085348003
vn -0.89029557 -0.44731382 -0.085348018
vn -0.67158628 -0.42818514 0.60467297
vn -0.67158622 -0.42818511 0.60467303
vn -0.67158622 -0.42818511 0.60467297
vn -0.24160983 -0.27899832 0.92940021
vn -0.24161878 -0.27899513 0.92939878
vn -0.24160378 -0.27900046 0.92940116
vn -0.9914881 0 0.13019761
vn -0.99148804 0 0.13019793
vn 0.99226105 0 -0.12416939
vn 0.0072612138 0.99334264 0.11496788
vn 0.0072612143 0.9933427 0.11496788
vn 0.0072612138 0.9933427 0.11496788
vn -0.98446518 0 0.17557986
vn -0.9377237 6.6061539e-06 0.34738225
vn -0.86053771 0 -0.50938684
vn -0.99510145 0 0.098859124
vn 0.88533384 0 0.46495596
vn 0.88533384 0 0.46495593
vn 0.97091091 -0.073523067 0.22787383
vn 0.97091091 -0.073523052 0.22787383
vn 0.98883092 3.8293238e-06 -0.14904176
vn 0.99805927 0 -0.062272348
vn -0.99545574 0 -0.095225587
vn -0.25161093 0 0.96782851
vn -0.77164328 1.0869017e-05 0.63605547
vn 0.91397643 -3.9374495e-06 -0.40576744
vn 0.91397643 -3.937449e-06 -0.40576741
vn 0.91397649 -3.937449e-06 -0.40576744
vn 0.99819589 0 -0.060040943
vn 0.67743576 0 0.73558193
vn 0.67743295 0 0.73558456
vn 0.67743301 0 0.73558456
vn 0.67745167 3.9406887e-06 0.73556727
vn 0.67745173 3.9406891e-06 0.73556733
vn 1.6212733e-06 1 -5.2231677e-08
vn 0.025256298 0.99459052 0.10075602
vn 0.0252563 0.99459058 0.10075602
vn 0.0252563 0.99459052 0.10075601
vn 0.027625784 0.99352455 0.11020865
vn 0.027625786 0.99352449 0.11020864
vn 0.027625782 0.99352449 0.11020862
vn -0.98900992 0 -0.14784938
vn 0.99841183 0 0.05633793
vn 0.99510199 0 -0.098854154
vn 0.013071044 0.99027979 0.13847472
vn 0.013071043 0.99027973 0.13847472
vn 0.013071045 0.99027979 0.13847473
vn -0.87378544 0.45226082 0.17877173
vn -0.87378538 0.45226082 0.17877173
vn -0.87759608 0.45313004 0.15651943
vn -0.84099668 0.44233832 0.31154692
vn -0.84099668 0.44233829 0.31154686
vn -0.84099668 0.44233829 0.31154689
vn -0.88558787 0.45606327 0.087980203
vn -0.88558787 0.45606333 0.087980203
vn -0.88558787 0.45606333 0.087980211
vn -0.088184543 0.79456544 -0.60074073
vn -0.513026 0.2284852 -0.82740492
vn -0.51302606 0.22848521 -0.82740498
vn -0.89197814 0.45083791 -0.033471014
vn -0.89197814 0.45083782 -0.033471007
vn -0.89029628 0.44731247 -0.085347913
vn -0.89029628 0.44731244 -0.085347913
vn -0.89029622 0.44731244 -0.085347906
vn -0.670223 0.42985389 0.60500157
vn -0.67022294 0.42985386 0.60500157
vn -0.67022294 0.42985383 0.60500163
vn -0.24162218 0.278992 0.92939883
vn -0.99148816 0 0.13019679
vn 0.007259544 -0.99334282 0.11496753
vn 0.007259544 -0.99334282 0.11496753
vn 0.0072595435 -0.99334282 0.11496752
vn -0.98446542 0 0.17557882
vn -0.93772286 0 0.34738442
vn -0.86053771 -7.016492e-06 -0.50938678
vn -0.99510145 0 0.098859824
vn 0.8853339 -2.9909929e-06 0.46495596
vn 0.88533384 -2.9909925e-06 0.46495593
vn 0.99574721 0 0.092128381
vn 0.99574715 0 0.092128389
vn 0.99574721 0 0.092128389
vn -0.14523953 -8.1462522e-06 -0.98939663
vn 0.91397715 0 -0.40576589
vn 0.91397703 0 -0.40576586
vn 0.91397709 0 -0.40576589
vn 0.67743009 0 0.73558718
vn 0.67742175 5.6415611e-06 0.73559493
vn 0.67742175 5.6415615e-06 0.73559487
vn 8.6907303e-06 -1 -3.7331264e-07
vn 0.039991908 -0.99301398 0.11101278
vn 0.039991904 -0.99301404 0.11101278
vn 0.039991908 -0.99301404 0.11101279
vn 0.027625874 -0.99352467 0.11020735
vn 0.027625876 -0.99352473 0.11020736
vn 0.027625877 -0.99352467 0.11020736
vn 0.013072068 -0.99027956 0.13847607
vn 0.013072067 -0.9902795 0.13847606
vn 0.013072069 -0.99027956 0.13847607
vn -0.87370884 -0.45243764 0.17869836
vn -0.87370884 -0.45243761 0.17869835
vn -0.87759799 -0.45312667 0.15651828
vn -0.84099406 -0.44234169 0.31154916
vn -0.84099406 -0.44234174 0.31154916
vn -0.84099412 -0.44234172 0.31154919
vn -0.88558787 -0.4560633 0.087980203
vn -0.88558787 -0.45606333 0.087980211
vn -0.88558793 -0.45606333 0.087980203
vn -0.088184468 -0.79456586 -0.60074019
vn -0.51300842 -0.22848821 -0.82741499
vn -0.51300836 -0.22848819 -0.82741493
vn -0.51300842 -0.22848818 -0.82741493
vn -0.89238912 -0.45004544 -0.033177786
vn -0.89238912 -0.45004541 -0.033177789
vn -0.89238912 -0.45004547 -0.033177789
vn -0.88839322 -0.45081481 -0.086738214
vn -0.88839322 -0.45081478 -0.086738206
vn -0.88839328 -0.45081475 -0.086738206
vn -0.67021024 -0.42986181 0.60500991
vn -0.67021024 -0.42986187 0.60501003
vn -0.67021024 -0.42986193 0.60500997
vn -0.24162342 -0.27899349 0.92939812
vn 0 -4.7846661e-06 1
vn 0 -0.5687592 -0.82250416
vn 0 -0.56876045 -0.82250333
vn 0 8.0166255e-06 -1
vn -1 4.2911088e-06 0
vn -1 4.2911092e-06 0
vn 0 0.56875765 -0.82250518
vn 0 0.56875736 -0.82250535
vn 0 0.56875831 -0.8225047
vn 0 1.6033289e-05 -1
vn 0 -0.56875658 -0.82250589
vn -1 -2.9656833e-06 0
vn -1 -2.9656835e-06 0
vn -1 -2.9656837e-06 0
vn -1 -3.9584911e-06 0
vn 0 0.56875676 -0.82250577
vn -0.77876425 0 -0.62731671
vn -0.77876645 0 -0.62731397
vn -0.77876079 0 -0.627321
vn 0 1 -6.5963591e-06
vn 0 1 -8.0521604e-06
vn 0 1 -2.1821395e-05
vn -0.77876991 0 -0.62730974
vn 0 1 -2.1464755e-05
vn 0.085655257 -0.9238807 -0.37297136
vn 0.085660666 -0.92388046 -0.37297076
vn 0.085653104 -0.92388088 -0.37297162
vn 0.20679934 -0.38268232 -0.90043795
vn 0.20681509 -0.38268 -0.90043527
vn 0.20679308 -0.38268313 -0.9004389
vn -0.97463471 0 -0.223802
vn -0.97463465 0 -0.22380197
vn -0.97463465 0 -0.223802
vn -0.20680064 -0.38268298 0.90043724
vn -0.20680067 -0.38268298 0.90043724
vn -0.08565557 -0.92387956 0.37297428
vn -0.085660115 -0.92387927 0.37297386
vn -0.085653752 -0.92387956 0.37297446
vn 0.97325897 0.013602587 0.22930801
vn 0.97325832 0.013610381 0.22930987
vn 0.97325909 0.013599163 0.22930714
vn 0.20680371 0.38268247 -0.9004367
vn 0.20680006 0.38268405 -0.900437
vn 0.20680588 0.38268167 -0.9004367
vn -0.97462243 -9.1698666e-06 -0.22385517
vn -0.97462451 -1.0647298e-05 -0.223846
vn -0.97462434 -1.0385991e-05 -0.22384693
vn -0.97462255 3.7452115e-05 -0.22385482
vn -0.97462738 3.2113408e-06 -0.22383362
vn -0.97462052 3.7577258e-05 -0.22386371
vn -0.97462606 -1.0872333e-05 -0.22383961
vn -0.97462589 -1.0698485e-05 -0.22384006
vn 0.97147202 0.0056603886 0.23708679
vn 0.97146004 0.0056661596 0.2371354
vn 0.97147721 0.005657854 0.23706545
vn -0.085654445 0.92387784 0.37297878
vn -0.085653663 0.92387789 0.37297872
vn -0.085654892 0.92387784 0.37297875
vn 0.085658491 0.92387885 -0.37297517
vn 0.08565519 0.92387819 -0.37297764
vn 0.085653238 0.92387784 -0.37297902
vn -0.20677744 0.38268742 0.90044075
vn -0.20679013 0.38268816 0.90043759
vn -0.20679757 0.38268858 0.90043557
vn 0.97757542 0.0056577204 0.21050972
vn 0.97757071 0.0056530559 0.21053194
vn 0.97756976 0.0056522097 0.21053597
vn 0.97578973 0.013660287 0.21828397
vn 0.97578967 0.013660285 0.21828394
vn 0.97578973 0.013660285 0.21828395
vn 0.085662812 -0.9238804 -0.37297049
vn 0.20682137 -0.38267916 -0.9004342
vn -0.97462589 6.1131126e-05 -0.22384006
vn -0.20682156 -0.38267639 0.90043527
vn -0.20682159 -0.38267645 0.90043533
vn -0.085661933 -0.92387921 0.37297368
vn 0.97325826 0.013611796 0.22931026
vn 0.20679793 0.38268492 -0.90043706
vn -0.9746238 0 -0.22384915
vn -0.97462386 0 -0.22384918
vn -0.97462386 0 -0.22384915
vn -0.97462898 2.1016001e-06 -0.22382662
vn 0.97145796 0.0056672068 0.23714422
vn -0.085653208 0.92387789 0.37297869
vn 0.085660443 0.92387927 -0.37297377
vn -0.20677002 0.382687 0.90044266
vn 0.97757757 0.0056597684 0.21049996
vn 0.97578156 0.01359832 0.21832435
vn 0.97578156 0.01359832 0.21832436
vn 0.97578156 0.013598321 0.21832438
vn 0.88931817 0.45728898 0
vn 0.88931817 0.45728901 0
vn 0.88931823 0.45728898 0
vn -4.9318243e-07 -1.3595729e-06 1
vn -1.8360867e-06 -1.3393791e-06 1
vn -7.173839e-07 6.8542454e-07 1
vn 1.3459971e-06 5.8690495e-07 -1
vn 3.6721697e-06 5.1803084e-07 -1
vn 9.8636554e-07 2.1552239e-06 -1
vn -3.8227487e-08 1 4.9338212e-07
vn -6.6227517e-07 1 1.2296336e-05
vn -9.9554327e-06 1 5.271781e-06
vn -0.85357827 0.52096468 4.4601475e-08
vn -0.85357654 0.5209676 6.1139735e-07
vn -0.85357642 0.52096784 6.5599971e-07
vn -0.88931549 -0.4572942 8.6938862e-06
vn -0.88931549 -0.45729426 8.6938862e-06
vn -0.88931555 -0.45729429 8.6938871e-06
vn 0 1 -5.6772598e-07
vn 0 1 -4.5630781e-08
vn -1.0176536e-06 1 4.6296126e-08
vn -0.9075532 -0.41993716 -2.8634436e-06
vn -0.9075532 -0.41993713 -2.8634436e-06
vn 0.9075579 0.41992718 -6.0654779e-06
vn 0.9075579 0.41992715 -6.0654779e-06
vn 0.90755785 0.41992712 -6.0654775e-06
vn 0 1.3595715e-06 -1
vn 0 -6.7978618e-07 -1
vn 0 1.3595732e-06 -1
vn 0 1.3595733e-06 -1
vn 0 -6.7978186e-07 -1
vn 0 1.3595734e-06 -1
vn 0.90754437 0.41995636 0
vn 0.90754437 0.41995639 0
vn 0.90754437 0.41995642 0
vn 0 2.016219e-06 1
vn 0 1.1506924e-06 1
vn 0 1.3595759e-06 1
vn 0 -1.3595729e-06 1
vn 0 6.7975452e-07 1
vn 0 6.7975151e-07 1
vn -0.90754968 -0.41994497 0
vn -0.90754968 -0.419945 0
vn -0.90754962 -0.41994494 0
vn -0.90755272 -0.41993839 -5.4914688e-07
vn -0.90755272 -0.41993842 -5.4914693e-07
vn -0.90755266 -0.41993833 -5.4914682e-07
vn -0.90755361 -0.41993621 0
vn -0.90755361 -0.41993618 0
vn -0.90755373 -0.41993621 0
vn 0.88931811 -0.45728913 3.7737452e-06
vn 0.88931817 -0.45728913 3.7737452e-06
vn 0.88931817 -0.4572891 3.7737452e-06
vn -1.4375051e-06 2.8815466e-06 1
vn 0 2.7191491e-06 1
vn 0 -1 -2.0213463e-08
vn 0 -1 -2.5622717e-07
vn -0.85358191 -0.52095884 -4.3789279e-07
vn -0.85360104 -0.52092743 -6.0030134e-06
vn -0.85358036 -0.52096128 0
vn -0.88931692 0.45729139 -6.6562852e-06
vn -0.88931698 0.45729145 -6.6562861e-06
vn -0.88931692 0.45729145 -6.6562857e-06
vn 0 -1 -5.3880655e-08
vn 0 -1 -5.7563238e-07
vn -0.9075467 0.41995132 2.1051458e-06
vn -0.90754676 0.41995132 2.105146e-06
vn -0.90754664 0.41995129 2.1051455e-06
vn 0.90755188 -0.41994023 -6.0654379e-06
vn 0.90755183 -0.41994017 -6.065437e-06
vn 0.90755188 -0.41994023 -6.0654374e-06
vn 0 -2.7191463e-06 -1
vn 0 -2.71915e-06 -1
vn 0 -2.7191561e-06 -1
vn 0 -2.7191593e-06 -1
vn 0.90754795 -0.41994855 2.2644497e-06
vn 0.90754801 -0.41994858 2.2644499e-06
vn 0.90754795 -0.41994858 2.2644501e-06
vn 0 2.7191816e-06 1
vn 0 2.7191911e-06 1
vn -0.90754938 0.41994545 5.3242034e-06
vn -0.90754938 0.41994545 5.3242038e-06
vn -0.90754944 0.41994548 5.3242038e-06
vn -0.90754616 0.4199523 0
vn -0.90754616 0.41995233 0
vn -0.90754622 0.41995236 0
vn -0.90754616 0.41995248 0
vn -0.9075461 0.41995248 0
vn 0.88931811 0.45728907 1.1464633e-06
vn 0.88931811 0.4572891 1.1464634e-06
vn 0.88931811 0.45728907 1.1464634e-06
vn 0.88931727 0.45729077 0
vn 0.88931733 0.45729074 0
vn 0.88931727 0.45729071 0
vn 0.88931847 0.45728838 -2.1807036e-06
vn 0.88931847 0.45728832 -2.1807034e-06
vn 0.88931853 0.45728832 -2.1807034e-06
vn 0.88931096 0.45730296 0
vn 0.88931102 0.45730302 0
vn 0.88931102 0.4573029 0
vn 0.88930929 0.4573063 1.6649242e-06
vn 0.88930923 0.45730624 1.664924e-06
vn 0 -8.195077e-07 1
vn 0 6.7978681e-07 1
vn 0 1.3595744e-06 -1
vn 0 1 -3.8433839e-07
vn 0 1 -8.5927361e-08
vn -7.5754556e-06 1 9.3942917e-06
vn -0.85357845 0.52096438 0
vn -0.88932091 -0.45728377 4.2896963e-06
vn -0.88932085 -0.45728371 4.2896959e-06
vn -0.88932097 -0.45728371 4.2896959e-06
vn -0.8893044 -0.45731589 0
vn -0.8893044 -0.45731586 0
vn -0.8893044 -0.45731583 0
vn -0.88930237 -0.45731968 0
vn -0.88930243 -0.45731971 0
vn -0.88931376 -0.45729768 0
vn -0.88931376 -0.45729771 0
vn -0.88931519 -0.45729491 -1.9809459e-05
vn -0.88931519 -0.45729485 -1.980946e-05
vn -0.88931513 -0.45729485 -1.9809459e-05
vn 0 1 8.8755138e-07
vn 0 1 -1.5389828e-07
vn 0 1 -1.7411411e-07
vn -0.90754491 -0.41995513 9.2588266e-07
vn -0.90754491 -0.41995507 9.2588255e-07
vn -0.90754491 -0.4199551 9.2588249e-07
vn 0.90754819 0.41994789 5.1265711e-06
vn 0.90754825 0.41994789 5.1265706e-06
vn 0.90754825 0.41994792 5.1265711e-06
vn 0.90754223 0.41996107 5.105308e-06
vn 0.90754223 0.41996109 5.1053084e-06
vn 0.90754217 0.41996104 5.105308e-06
vn 0.90755355 0.41993633 0
vn 0.90755361 0.41993633 0
vn 0.90755361 0.41993636 0
vn 0.90753698 0.41997236 0
vn 0.90753692 0.4199723 0
vn 0.90754461 0.4199557 7.6450397e-06
vn 0.90754467 0.41995573 7.6450397e-06
vn 0.90754467 0.41995567 7.6450397e-06
vn 0 -6.7978453e-07 -1
vn 0 -6.7978675e-07 -1
vn 0.90754741 0.41994986 -4.4418612e-06
vn 0.90754741 0.41994983 -4.4418612e-06
vn 0.90754741 0.41994989 -4.4418612e-06
vn 0.90754646 0.41995177 2.7368048e-06
vn 0.90754646 0.4199518 2.7368051e-06
vn 0.9075464 0.4199518 2.7368048e-06
vn 0.90755486 0.41993356 0
vn 0.90755492 0.41993359 0
vn 0.90755486 0.4199335 0
vn 0.90755689 0.41992939 0
vn 0.90755683 0.41992941 0
vn 0.90755677 0.41992939 0
vn 0.90754795 0.41994855 2.2644497e-06
vn 0.90754801 0.41994858 2.2644499e-06
vn 0.90754801 0.41994855 2.2644497e-06
vn 0 1.5984604e-06 1
vn -0.9075498 -0.41994449 9.5425787e-07
vn -0.90754986 -0.41994452 9.5425798e-07
vn -0.9075498 -0.41994452 9.5425798e-07
vn -0.90754873 -0.41994682 -5.743329e-06
vn -0.90754873 -0.41994682 -5.7433294e-06
vn -0.90753937 -0.41996723 0
vn -0.90753931 -0.41996723 0
vn -0.90754652 -0.41995159 0
vn -0.90754658 -0.41995162 0
vn -0.90754336 -0.4199585 5.3241683e-06
vn -0.9075433 -0.41995847 5.3241683e-06
vn -0.90754336 -0.41995847 5.3241679e-06
vn -0.90754807 -0.41994816 0
vn -0.90754813 -0.41994816 0
vn -0.90754461 -0.41995567 -1.8985692e-06
vn -0.90754461 -0.41995564 -1.8985692e-06
vn -0.90754461 -0.41995564 -1.8985689e-06
vn 0.88932043 -0.45728475 0
vn 0.88932043 -0.45728472 0
vn 0.88931817 -0.45728895 0
vn 0.88931817 -0.45728898 0
vn 0.88931823 -0.45728904 0
vn 0.88931102 -0.45730296 0
vn 0.88931096 -0.45730296 0
vn 0.88931602 -0.45729312 -3.0572627e-07
vn 0.88931614 -0.45729312 -3.0572625e-07
vn 0.88931608 -0.45729309 -3.0572625e-07
vn 0.88931733 -0.45729083 -2.5467978e-06
vn 0.88931727 -0.45729077 -2.5467975e-06
vn 0.88931733 -0.4572908 -2.546798e-06
vn -3.8444719e-05 7.0623901e-06 1
vn 0 -1 9.737068e-08
vn 0 -1 2.0162061e-06
vn 0 -1 -5.7282094e-08
vn -0.85360253 -0.52092505 -6.4409514e-06
vn -0.88931513 0.45729485 -1.9809457e-05
vn -0.88931519 0.45729485 -1.9809459e-05
vn -0.88931519 0.45729488 -1.9809459e-05
vn -0.88930243 0.45731971 0
vn -0.88930237 0.45731968 0
vn -0.88931662 0.45729211 0
vn -0.88931656 0.45729205 0
vn -0.88931817 0.45728892 1.005561e-05
vn -0.88931817 0.45728895 1.0055611e-05
vn -0.88931823 0.45728898 1.0055611e-05
vn -0.88932204 0.45728159 -6.8285481e-06
vn -0.88932198 0.45728156 -6.8285481e-06
vn 0 -1 -5.2773728e-08
vn -0.9075532 0.41993716 2.8634436e-06
vn -0.9075532 0.41993713 2.8634433e-06
vn -0.9075532 0.41993719 2.8634436e-06
vn 0.90754634 -0.41995195 0
vn 0.9075464 -0.41995195 0
vn 0.90753692 -0.4199723 0
vn 0.90753704 -0.41997233 0
vn 0.90753692 -0.41997233 0
vn 0.90755063 -0.41994265 0
vn 0.90755069 -0.41994271 0
vn 0.90755069 -0.41994268 0
vn 0.90754825 -0.41994789 6.4970409e-06
vn 0.90754819 -0.41994792 6.4970404e-06
vn 0.90754819 -0.41994789 6.49704e-06
vn 0.90754789 -0.41994864 -1.1781553e-06
vn 0.90754789 -0.41994864 -1.1781555e-06
vn 0.90754616 -0.41995245 0
vn 0.9075461 -0.41995245 0
vn 0.90755677 -0.41992939 0
vn 0.90755683 -0.41992941 0
vn 0.90755689 -0.41992939 0
vn 0.90755486 -0.4199335 0
vn 0.90755486 -0.41993356 0
vn 0.90755492 -0.41993356 0
vn 0.90754735 -0.4199498 -4.8009483e-06
vn 0.90754741 -0.41994986 -4.8009492e-06
vn 0.90754741 -0.41994986 -4.8009488e-06
vn 0.90754843 -0.41994765 3.0788756e-06
vn 0.90754837 -0.41994756 3.0788749e-06
vn 0.90754843 -0.41994759 3.0788754e-06
vn -0.90754682 0.4199509 0
vn -0.90754688 0.41995093 0
vn -0.90754342 0.41995826 0
vn -0.90754348 0.41995823 0
vn -0.90754348 0.41995826 0
vn -0.90753931 0.4199672 0
vn -0.90753937 0.41996726 0
vn -0.90754843 0.41994768 2.2590498e-06
vn -0.90754843 0.41994759 2.2590496e-06
vn -0.90754837 0.41994768 2.2590496e-06
vn -0.90754873 0.41994682 -7.179161e-06
vn -0.90754873 0.41994679 -7.179161e-06
vn -0.90754873 0.41994682 -7.1791615e-06
vn -0.90754747 0.41994944 -4.3932178e-07
vn -0.90754747 0.41994947 -4.3932181e-07
vn -0.90754747 0.4199495 -4.3932181e-07
vn -0.90754884 0.41994673 -5.3929949e-07
vn -0.90754884 0.41994676 -5.3929955e-07
vn -0.90754879 0.4199467 -5.3929944e-07
vn 1 -1.3656981e-07 0
vn 0 1.3628482e-12 1
vn -1 -1.8336057e-07 0
vn 0 -0.56874895 -0.82251132
vn 0 -0.56874883 -0.82251132
vn 0 5.7085706e-13 -1
vn 1 -4.2304109e-07 0
vn 1 -7.878877e-07 0
vn -1 -1.2888218e-08 0
vn -1 -5.0075641e-07 0
vn 0 0.5687623 -0.82250196
vn 0 6.814241e-13 1
vn -1 -1.8395266e-07 0
vn 0 -0.56874871 -0.82251132
vn 1 -1.06699e-06 0
vn -1 5.6788042e-07 0
vn 0 0.56876254 -0.82250178
vn 1 1.0576619e-07 0
vn 1 -9.1275778e-09 0
vn 0 -9.5693795e-06 1
vn 0 -5.1104617e-13 1
vn -1 -2.5982946e-08 0
vn 0 -0.56874901 -0.82251126
vn 0 -0.56874913 -0.82251114
vn 0 -1.141665e-12 -1
vn 0 1.6033346e-05 -1
vn 1 -1.9697494e-07 0
vn 0 9.569334e-06 1
vn -1 8.3971436e-08 0
vn -1 -2.4241528e-08 0
vn 0 0.56876224 -0.82250196
vn 1 7.0519938e-08 0
vn -1 -5.7379726e-08 0
vn 0 -0.56874895 -0.8225112
vn 0 -5.708325e-13 -1
vn -1 1.77137e-07 0
vn 0 0.56876236 -0.82250202
vn 0 1.7946323e-06 1
vn 1 1.6009784e-06 0
vn 1 3.3843914e-06 0
vn 1 2.2567278e-06 0
vn 0 5.9800673e-06 1
vn -1 -2.3281848e-06 0
vn -1 -2.2051609e-06 0
vn -1 7.1696868e-06 0
vn -1 7.1696873e-06 0
vn -1 -2.5309753e-06 0
vn 3.6637186e-05 0.56877398 -0.82249397
vn 3.6637182e-05 0.56877393 -0.82249385
vn 3.6637186e-05 0.56877398 -0.82249385
vn 1 3.6507515e-08 0
vn -1 2.5289751e-07 0
vn -1 -6.2344718e-08 0
vn 0 -0.56874895 -0.82251126
vn 0 -0.56874865 -0.82251137
vn 1 5.0579945e-07 0
vn -1 -4.225512e-08 0
vn -1 -2.4003992e-07 0
vn 0 0.56876236 -0.8225019
vn -1 5.3342205e-07 0
vn -1 -6.750556e-08 0
vn 0 -0.56874919 -0.82251102
vn 1 1.06699e-06 0
vn -1 2.0839647e-07 0
vn 0 0.56876177 -0.82250232
vn 0.50003737 0.86600381 0
vn 0.50003481 0.8660053 0
vn 0.50003785 0.86600357 0
vn 0.50003737 -0.86600381 0
vn 0.50003481 -0.8660053 0
vn 0.50003785 -0.86600357 0
vn -0.50000507 -0.86602253 0
vn -0.5000025 -0.86602408 0
vn -0.50000554 -0.86602223 0
vn -0.50000507 0.86602253 0
vn -0.5000025 0.86602408 0
vn -0.50000554 0.86602223 0
vn -1.8676579e-05 0 1
vn 4.3569498e-06 0 1
vn 6.536266e-06 0 1
vn 0.50003439 0.8660056 0
vn 0.50003439 -0.8660056 0
vn -0.50000203 -0.86602432 0
vn -0.50000203 0.86602432 0
vn 2.9887378e-05 0 1
vn -0.00010459875 0 1
vn -0.22886623 0.38268483 -0.89508241
vn -0.22888173 0.38268486 -0.89507848
vn -0.22888784 0.38268483 -0.89507693
vn -0.094798177 0.92387992 -0.37075481
vn -0.094805047 0.92387849 -0.37075678
vn -0.094807766 0.92387789 -0.37075758
vn 0.094786137 0.92387879 0.37076086
vn 0.094793208 0.92387813 0.37076074
vn 0.094796009 0.92387784 0.37076074
vn 0.22889686 0.38268021 0.89507669
vn 0.22889684 0.38268018 0.89507663
vn 0.22889686 0.38268015 0.89507663
vn -0.96884209 1.3452831e-05 0.24767931
vn -0.96884209 1.3452828e-05 0.24767929
vn -0.96884209 1.345283e-05 0.24767931
vn -0.96881992 3.0566e-06 0.24776599
vn -0.96881992 3.0566e-06 0.24776596
vn -0.96881992 3.0566002e-06 0.247766
vn -0.96882862 3.9659308e-06 0.24773224
vn -0.96882862 3.9659312e-06 0.24773227
vn -0.96882862 3.9659312e-06 0.24773225
vn -0.9688288 4.8906659e-05 0.24773154
vn -0.96882874 4.8906662e-05 0.24773154
vn -0.96882874 4.890667e-05 0.24773157
vn -0.094800174 -0.92387742 -0.37076086
vn -0.094798066 -0.9238773 -0.37076169
vn -0.094801411 -0.92387736 -0.37076047
vn 0.22887295 -0.38267973 0.89508295
vn 0.22887298 -0.38267976 0.89508295
vn 0.22887298 -0.38267979 0.89508295
vn -0.22885633 -0.38268119 -0.89508647
vn -0.22886188 -0.38268349 -0.89508414
vn -0.22886516 -0.38268492 -0.89508277
vn 0.09479367 -0.92388058 0.37075457
vn 0.094800659 -0.92388064 0.37075272
vn 0.094804756 -0.92388058 0.37075165
vn 0.97210771 -0.0056574424 -0.2344667
vn 0.97210687 -0.005657285 -0.2344701
vn 0.97210681 -0.0056572561 -0.23447077
vn 0.97012937 -0.013646379 -0.24220417
vn 0.97012812 -0.01364405 -0.2422092
vn 0.97012788 -0.013643627 -0.24221011
vn 0.96732432 -0.013650044 -0.25317463
vn 0.96732426 -0.013650043 -0.25317463
vn 0.96732438 -0.013650045 -0.25317466
vn 0.9653396 -0.0056657968 -0.26093552
vn 0.96533144 -0.0056696641 -0.26096576
vn 0.96534324 -0.0056640995 -0.26092222
vn -0.22886011 0.38268489 -0.89508402
vn -0.094795443 0.92388058 -0.37075397
vn 0.094783314 0.92387909 0.37076089
vn 0.22885613 0.38269073 0.89508253
vn 0.22885618 0.38269079 0.89508259
vn 0.22885615 0.38269076 0.89508259
vn -0.96884114 1.5284108e-05 0.24768329
vn -0.96884108 1.5284108e-05 0.24768329
vn -0.96884108 1.5284106e-05 0.24768327
vn -0.96882153 4.3239979e-06 0.24776001
vn -0.96882147 4.3239979e-06 0.24776
vn -0.96882153 4.3239975e-06 0.24776
vn -0.96883255 2.7510452e-05 0.24771692
vn -0.96883249 2.7510452e-05 0.24771689
vn -0.96883249 2.7510452e-05 0.2477169
vn -0.96883786 3.8438625e-06 0.2476961
vn -0.9688378 3.843862e-06 0.2476961
vn -0.094796807 -0.92387718 -0.37076205
vn 0.228873 -0.38267982 0.89508295
vn -0.22885309 -0.38267997 -0.89508796
vn 0.094789542 -0.92388052 0.37075564
vn 0.97210807 -0.0056575118 -0.23446517
vn 0.97012991 -0.0136474 -0.24220195
vn 0.96732366 -0.013655441 -0.25317714
vn 0.96732366 -0.013655443 -0.25317714
vn 0.9673236 -0.013655442 -0.25317717
vn 0.96533 -0.0056703659 -0.26097128
vn -1 2.0721335e-07 0
vn 0 -0.56876194 -0.82250226
vn 1 -1.288944e-06 0
vn 1 -2.5383906e-06 0
vn 1 -3.2182211e-06 0
vn -1 5.6419071e-07 0
vn -1 8.4613015e-07 0
vn 1 9.0651275e-07 0
vn 1 5.6420612e-07 0
vn 1 1.0727772e-06 0
vn 0 -0.56876129 -0.82250261
vn -0.79201543 0.24599224 0.55874813
vn -0.79201537 0.24599226 0.55874813
vn -0.79201531 0.24599223 0.55874813
vn 0 -0.40054756 -0.9162761
vn 0 -0.40054753 -0.91627604
vn 0 0.40434805 0.91460526
vn 0 0.40434805 0.9146052
vn 0 0.40434808 0.91460526
vn -0.79204977 -0.24451381 -0.55934805
vn -0.79204977 -0.24451381 -0.55934799
vn -0.79204977 -0.24451379 -0.55934799
vn -1 7.5929188e-07 0
vn -1 -4.3632267e-07 0
vn -1 1.0941877e-05 0
vn -0.79201633 0.24598576 0.55874979
vn -0.79201621 0.24598575 0.55874974
vn -0.79201633 0.24598578 0.55874979
vn 0 -0.40054765 -0.91627592
vn 0 -0.40054697 -0.91627622
vn 0 -0.4005478 -0.91627586
vn 0 0.40434822 0.91460514
vn 0 0.40434849 0.91460508
vn 0 0.40434825 0.91460514
vn -0.79203933 -0.24452297 -0.55935872
vn -0.79203933 -0.24452299 -0.55935872
vn -0.79203933 -0.24452299 -0.55935878
vn -1 5.4709394e-06 0
vn -1 5.470939e-06 0
vn -1 5.4709385e-06 0
vn -0.79202712 0.24599147 0.55873179
vn -0.79202712 0.24599148 0.55873179
vn -0.79202718 0.24599148 0.55873179
vn 0 -0.40056902 -0.91626668
vn 0 -0.40056896 -0.91626662
vn 0 0.40431803 0.91461849
vn 0 0.40431795 0.91461861
vn 0 0.40431806 0.91461849
vn -0.79204929 -0.24452826 -0.55934244
vn -0.79204923 -0.24452822 -0.55934238
vn -1 -5.4714178e-06 0
vn -1 -5.4714174e-06 0
vn -0.79202628 0.24599575 0.5587312
vn -0.79202622 0.24599575 0.5587312
vn -0.79202634 0.24599577 0.5587312
vn 0 -0.40057009 -0.91626614
vn 0 -0.40056837 -0.91626686
vn 0 -0.40057036 -0.91626608
vn 0 0.4043178 0.91461867
vn 0 0.40431771 0.91461861
vn 0 0.40431777 0.91461861
vn -0.79205012 -0.24452439 -0.55934298
vn -0.79205006 -0.24452436 -0.55934292
vn -0.79205006 -0.24452434 -0.55934292
vn -1 5.2121272e-06 0
vn -1 5.8238779e-06 0
vn -0.79205751 0.24596907 0.55869859
vn -0.79205751 0.24596909 0.55869865
vn 0 -0.40056831 -0.91626698
vn 0 0.40431789 0.91461861
vn 0 0.40431795 0.91461849
vn 0 0.40431798 0.91461849
vn -0.79207569 -0.24452402 -0.5593068
vn -0.79207575 -0.24452405 -0.5593068
vn -0.79207581 -0.24452403 -0.5593068
vn -0.79202628 0.24599575 0.55873114
vn -0.79202634 0.24599576 0.5587312
vn -0.79202628 0.24599577 0.5587312
vn 0 -0.40056962 -0.91626632
vn 0 -0.40056828 -0.91626698
vn 0 -0.40056992 -0.91626626
vn 0 0.40431887 0.91461807
vn 0 0.40431708 0.91461891
vn 0 0.4043192 0.91461807
vn -0.79204684 -0.24453992 -0.55934066
vn -0.7920469 -0.24453995 -0.55934072
vn -0.7920469 -0.24453993 -0.55934072
vn -0.79200488 0.2460164 0.55875248
vn -0.79200488 0.24601643 0.55875248
vn -0.79200482 0.2460164 0.55875248
vn 0 -0.40056801 -0.91626704
vn 1.1756694e-06 0.40434009 0.91460878
vn 9.1073407e-06 0.40432167 0.91461682
vn 0 0.40434283 0.91460758
vn -0.79201674 -0.24454911 -0.55937952
vn -0.79201674 -0.24454914 -0.55937952
vn -0.79201669 -0.2445491 -0.55937946
vn -0.79202658 0.24601403 0.55872279
vn -0.79202652 0.24601401 0.55872279
vn -3.7466071e-07 0.40434852 0.91460496
vn -2.9024416e-06 0.40434355 0.91460723
vn -3.2771197e-06 0.40434286 0.91460758
vn -0.79203618 -0.24453856 -0.55935651
vn -0.79203612 -0.24453855 -0.55935651
vn -0.79203618 -0.24453858 -0.55935651
vn 1 1.0296729e-06 0
vn -1.5198871e-07 1 0
vn -1.6846401e-07 1 0
vn -1.5192443e-07 1 0
vn 0 1.7668003e-06 1
vn -3.1508011e-07 0 1
vn -2.9285349e-07 1.6761231e-07 1
vn 1.0967039e-07 0 -1
vn -3.9296612e-08 0 -1
vn 3.7565098e-08 0 -1
vn 0 0.90881968 -0.41718915
vn 0 0.90882236 -0.41718319
vn 4.4978012e-09 0.90882051 -0.41718736
vn 1 -5.0328129e-07 0
vn 1 1.0930321e-06 0
vn -1 1.1581347e-07 0
vn 1 4.8759562e-06 0
vn 1 1.8709774e-05 0
vn 1 6.8734448e-06 0
vn 0.79239148 -0.24503724 -0.55863452
vn 0.79239154 -0.24503721 -0.55863452
vn 0.79241639 0.24662092 0.55790186
vn 0.79241633 0.24662092 0.55790186
vn 0.79241633 0.24662091 0.55790186
vn 0.79241174 0.2466518 0.55789471
vn 0.79241174 0.24665181 0.55789483
vn 1 5.2118935e-06 0
vn 1 5.823792e-06 0
vn 1 1.1472627e-05 0
vn 0.79239297 -0.24504426 -0.55862945
vn 0.79239297 -0.24504428 -0.55862951
vn 0.79239291 -0.24504425 -0.55862939
vn 0.79240066 0.24665432 0.55790937
vn 0.79240066 0.24665429 0.55790937
vn 0.79240066 0.24665433 0.55790943
vn 0.79239219 0.24665405 0.55792147
vn 0.79239219 0.24665402 0.55792141
vn 0.79239017 0.24664384 0.55792904
vn 0.79239017 0.2466438 0.55792898
vn 0.79239023 0.24664381 0.55792898
vn 0.79239625 -0.24502797 -0.55863178
vn 0.79239625 -0.24502797 -0.55863184
vn 1 5.9711688e-06 0
vn 1 5.3876411e-06 0
vn 0.79239172 -0.24504058 -0.55863267
vn 0.79239178 -0.2450406 -0.55863267
vn 0.79238337 -0.24503471 -0.5586471
vn 0.79238343 -0.24503469 -0.5586471
vn 0.79238331 -0.24503466 -0.5586471
vn 0.79238337 -0.24503468 -0.5586471
vn 0.79238504 -0.24502656 -0.55864829
vn 0.79238504 -0.24502654 -0.55864829
vn 0.79238498 -0.24502656 -0.55864835
vn 0.79239661 -0.24504541 -0.55862385
vn 0.79239649 -0.24504536 -0.55862385
vn 0.79240817 0.24661838 0.55791467
vn 0.79240811 0.24661836 0.55791461
vn 0.79240817 0.24661836 0.55791461
vn 0.79237485 0.2465889 0.55797493
vn 0.79237491 0.24658893 0.55797499
vn 0.79237485 0.24658892 0.55797493
vn 0.79239392 0.24662587 0.55793154
vn 0.79239398 0.24662586 0.5579316
vn 0.79239386 0.24662586 0.55793154
vn -1 -4.2925754e-07 0
vn 1.5920365e-07 0 -1
vn 2.694356e-08 0 -1
vn 0 3.5631488e-14 1
vn 1 -3.0427333e-07 0
vn 3.9401377e-07 0 1
vn 7.443353e-08 1.7323465e-06 1
vn -1.2216307e-07 1 0
vn -6.4648015e-07 0 1
vn -6.2889867e-09 1.7667999e-06 1
vn -1.67431e-07 -8.0695113e-13 1
vn 2.6093477e-07 -2.3055752e-13 1
vn -1.2444234e-07 1 0
vn -0.79204446 -0.24599293 0.55870658
vn -0.79204458 -0.24599294 0.55870664
vn -0.79204446 -0.24599293 0.55870664
vn 0 0.40059042 -0.91625726
vn 0 0.40059078 -0.91625708
vn 0 0.40059042 -0.91625732
vn 0 -0.40434805 0.9146052
vn 0 -0.40434805 0.91460526
vn 0 -0.40434808 0.91460526
vn -0.79205495 0.24454242 -0.55932826
vn -0.79205489 0.24454238 -0.55932826
vn -0.79202968 -0.24599399 0.55872715
vn -0.79202968 -0.24599399 0.55872709
vn -0.79202974 -0.24599402 0.55872715
vn 0 0.40058988 -0.91625756
vn 0 0.40059057 -0.9162572
vn 0 0.40059075 -0.91625714
vn 0 -0.40434298 0.91460747
vn 0 -0.40434277 0.91460752
vn 0 -0.40434277 0.91460764
vn -0.79204524 0.24454769 -0.55933952
vn -0.7920453 0.24454772 -0.55933952
vn -0.79204535 0.24454771 -0.55933958
vn -0.79202974 -0.24599399 0.55872715
vn -0.79202962 -0.24599399 0.55872715
vn 0 0.40054786 -0.9162758
vn 0 0.40054792 -0.91627592
vn 0 0.40054789 -0.91627586
vn -9.1072807e-06 -0.40434 0.91460878
vn -1.1756864e-06 -0.40432093 0.91461724
vn 0 -0.40431806 0.91461849
vn -0.79203933 0.24452299 -0.55935872
vn -0.79203933 0.24452297 -0.55935872
vn -0.79203939 0.24452296 -0.55935872
vn -1 -5.8240385e-06 0
vn -1 -5.2123355e-06 0
vn -0.79200983 -0.24599221 0.55875599
vn -0.79200983 -0.24599223 0.55875593
vn -0.79200989 -0.24599223 0.55875593
vn 0 0.40054759 -0.91627598
vn 0 0.40054792 -0.9162758
vn 0 -0.40432322 0.91461623
vn 0 -0.40432325 0.91461617
vn 0 -0.40432325 0.91461623
vn -0.79203933 0.24452302 -0.55935878
vn -0.79203939 0.24452299 -0.55935872
vn -1 -5.8240062e-06 0
vn -1 -5.2120913e-06 0
vn -0.7920512 -0.24597558 0.55870485
vn -0.79205114 -0.24597557 0.55870479
vn 0 0.40054756 -0.91627598
vn 0 0.40054616 -0.91627657
vn 0 0.4005459 -0.91627669
vn 0 -0.40432355 0.91461611
vn 0 -0.40432328 0.91461623
vn 0 -0.40432361 0.91461611
vn -0.79206657 0.24451485 -0.55932373
vn -0.79206663 0.24451484 -0.55932367
vn -0.79206657 0.24451487 -0.55932373
vn -1 -6.4932692e-06 0
vn -1 1.4836728e-06 0
vn -1 -7.256102e-06 0
vn -0.7920199 -0.24600227 0.5587374
vn -0.7920199 -0.24600224 0.55873734
vn -0.79201996 -0.24600226 0.5587374
vn 0 0.40052807 -0.9162845
vn 0 0.40054491 -0.91627723
vn 0 -0.40432268 0.91461641
vn 0 -0.40432441 0.91461575
vn 0 -0.40432465 0.91461557
vn -0.79204869 0.24450424 -0.55935371
vn -0.79204875 0.24450423 -0.55935371
vn -0.79204869 0.2445042 -0.55935365
vn -1 2.1884711e-05 0
vn -1 2.1884713e-05 0
vn -0.79199344 -0.24601787 0.55876797
vn -0.7919935 -0.24601787 0.55876797
vn -0.7919935 -0.24601789 0.55876797
vn 0 0.40053022 -0.91628355
vn 0 0.40053168 -0.91628301
vn 0 0.40053183 -0.91628289
vn 0 -0.40432563 0.91461521
vn 0 -0.40434662 0.91460586
vn 0 -0.40434974 0.91460449
vn -0.79202032 0.24452223 -0.55938596
vn -0.79202038 0.24452226 -0.55938601
vn -0.79202044 0.24452224 -0.55938596
vn -1 -1.0374211e-05 0
vn -1 -6.5528884e-06 0
vn -1 -7.2559897e-06 0
vn -0.79201311 -0.24600579 0.55874544
vn -0.79201311 -0.24600577 0.55874544
vn -0.79201305 -0.24600579 0.55874544
vn 1.1714453e-06 0.40054962 -0.91627514
vn 7.7174309e-06 0.40053436 -0.91628176
vn 8.8889065e-06 0.40053159 -0.91628295
vn 0 -0.40437001 0.91459548
vn 0 -0.40435112 0.91460395
vn 0 -0.40437281 0.91459429
vn -0.79204601 0.24450852 -0.55935574
vn -0.79204601 0.2445085 -0.55935568
vn -0.79204595 0.24450849 -0.55935568
vn -1 5.8236492e-06 0
vn -1 5.2117334e-06 0
vn 1 -1.7731091e-06 0
vn 1 -1.8188797e-07 0
vn 1.68464e-07 -1 0
vn 1.4778963e-07 -1 0
vn 1.4778962e-07 -1 0
vn -1.7914408e-07 0 1
vn 0 -1.7667999e-06 1
vn -1.7098883e-07 -9.7864252e-08 1
vn 2.0079759e-10 0 -1
vn 1.9745653e-07 0 -1
vn 1.3113772e-09 0 -1
vn -1 -6.1303928e-07 0
vn 5.1611374e-07 -0.90882337 -0.41718113
vn 0 -0.90882093 -0.41718659
vn 0 -0.90882176 -0.41718486
vn 1 -1.8822179e-06 0
vn -1 5.2344387e-07 0
vn 0.79204893 0.24451768 -0.55934745
vn 0.79204893 0.24451765 -0.55934745
vn 0.79204893 0.24451767 -0.55934745
vn 0.79203522 -0.24599399 0.55871928
vn 0.79203528 -0.245994 0.55871928
vn 0.79203528 -0.24599403 0.55871934
vn 0.7920289 -0.24598293 0.55873305
vn 0.7920289 -0.24598292 0.55873311
vn 0.7920289 -0.24598292 0.55873305
vn 1 2.9855844e-06 0
vn 1 2.6938205e-06 0
vn 1 5.4714178e-06 0
vn 0.79203933 0.24452297 -0.55935872
vn 0.79203933 0.24452299 -0.55935872
vn 0.79203939 0.24452296 -0.55935872
vn 0.79201823 -0.24599546 0.55874264
vn 0.79201829 -0.24599548 0.55874264
vn 0.79202098 -0.24602138 0.55872738
vn 0.79202098 -0.24602139 0.55872738
vn 0.79202104 -0.2460214 0.55872744
vn 0 -0.90882164 -0.41718507
vn 0 -0.90882158 -0.41718504
vn 0.79201823 -0.24599548 0.55874264
vn 0.79201818 -0.24599543 0.55874264
vn 0.79203528 0.24450713 -0.55937153
vn 0.79203534 0.24450716 -0.55937147
vn 0.79203528 0.24450712 -0.55937147
vn 1 -2.985601e-06 0
vn 1 -2.6938474e-06 0
vn 1 -5.471657e-06 0
vn 0.79204524 0.24454769 -0.55933952
vn 0.7920453 0.24454772 -0.55933952
vn 0.7920453 0.24454768 -0.55933952
vn 0.79203773 0.24453078 -0.55935764
vn 0.79203773 0.24453077 -0.55935758
vn 0.79203773 0.24453075 -0.55935764
vn 1 -5.2120654e-06 0
vn 1 -5.8239348e-06 0
vn 1 2.9853488e-06 0
vn 1 2.6936107e-06 0
vn 1 5.4711777e-06 0
vn 0.79204607 0.24454381 -0.55934018
vn 0.79204613 0.24454384 -0.55934018
vn 0.79204601 0.24454379 -0.55934012
vn 1 5.9711592e-06 0
vn 1 5.3875888e-06 0
vn 1 1.0942355e-05 0
vn 0.79203367 0.2445149 -0.55937034
vn 0.79203361 0.24451491 -0.55937034
vn 0.79203373 0.24451493 -0.5593704
vn 0.79202813 -0.24598724 0.55873245
vn 0.79202807 -0.24598721 0.55873239
vn 0.79202813 -0.24598722 0.55873239
vn 0.79201633 -0.24598576 0.55874979
vn 0.79201621 -0.24598575 0.55874974
vn 0.79201633 -0.24598578 0.55874979
vn 0.79201651 -0.24600403 0.55874139
vn 0.79201645 -0.246004 0.55874139
vn 0.79201639 -0.24600403 0.55874139
vn -1 -7.8210564e-07 0
vn -1.2808229e-07 0 1
vn -2.7320738e-07 -1.2346231e-06 1
vn 1.3780505e-07 -1 0
vn -4.3326713e-07 0 1
vn 2.0299937e-07 -1.7668002e-06 1
vn 1.3780506e-07 -1 0
vn 0 0.90882182 -0.41718459
vn 0 0.90881991 -0.41718861
vn 0 0.90882105 -0.41718626
vn -2.5847995e-09 0 1
vn 4.4155107e-07 0.90882522 -0.41717699
vn 2.1712437e-07 0.90881884 -0.41719106
vn -9.7735352e-08 0.90882075 -0.41718692
vn 0.70710564 0 0.70710796
vn 0.70710319 0 0.70711035
vn 0.7071135 0 0.70710003
vn 6.9233494e-09 0 1
vn 3.2434309e-07 0 1
vn 3.3126645e-07 0 1
vn 0.33500189 1.0496214e-05 0.94221747
vn 0.33500838 6.1653404e-06 0.9422152
vn 0.33499259 1.6661656e-05 0.94222075
vn -0.70709956 0 0.70711398
vn -0.70709705 0 0.70711654
vn -0.70708936 0 0.70712417
vn 0.70715624 0 0.70705736
vn 0.70714152 0 0.70707208
vn 0.7071352 0 0.70707834
vn -1 1.2542926e-06 0
vn -1 3.9659249e-06 0
vn -1 5.2202417e-06 0
vn 0.33501077 1.7214535e-06 0.94221431
vn 0.33501264 1.4872882e-05 0.94221371
vn 0.33501047 0 0.94221443
vn -0.79243076 0.24663265 0.55787617
vn -0.79243076 0.24663264 0.55787617
vn 0 0.40434831 0.91460508
vn 0 0.40434828 0.91460514
vn -0.79239321 -0.24502908 -0.55863571
vn -0.79239315 -0.24502911 -0.55863571
vn -0.79239321 -0.24502911 -0.55863571
vn -1 -1.1472626e-05 0
vn -0.79240465 0.24665555 0.55790323
vn -0.79240459 0.24665555 0.55790323
vn 0 -0.40054688 -0.91627634
vn 0 0.40434846 0.91460508
vn -0.79238176 -0.24504285 -0.5586459
vn -0.7923817 -0.24504285 -0.5586459
vn -0.79238176 -0.24504286 -0.5586459
vn -1 1.1472626e-05 0
vn -1 1.1472627e-05 0
vn -0.79240441 0.24663635 0.55791199
vn -0.79240447 0.24663636 0.55791205
vn -0.79240447 0.24663633 0.55791199
vn 0 0.40431783 0.91461849
vn -0.79238504 -0.24502656 -0.55864829
vn -0.79238498 -0.24502656 -0.55864835
vn -0.79238504 -0.24502654 -0.55864829
vn -1 1.14721e-05 0
vn -1 1.1472099e-05 0
vn -0.79240447 0.24663638 0.55791205
vn -0.79240447 0.24663635 0.55791205
vn 0 -0.4005681 -0.9162671
vn 0 0.40431878 0.91461807
vn 0 0.40431881 0.91461813
vn 0 0.4043189 0.91461819
vn -0.79238504 -0.24502656 -0.55864835
vn -0.7923851 -0.24502656 -0.55864835
vn -0.79243213 0.24662586 0.55787712
vn -0.79243219 0.24662586 0.55787712
vn -0.79243225 0.24662587 0.55787718
vn -0.79242402 -0.24501927 -0.55859619
vn -0.79242408 -0.24501924 -0.55859613
vn -0.79242414 -0.24501926 -0.55859625
vn -1 -5.5186015e-06 0
vn -1 -5.518601e-06 0
vn -0.79239196 0.24663481 0.55793023
vn -0.79239202 0.24663483 0.55793023
vn -0.79239202 0.24663484 0.55793023
vn 0 0.40431681 0.91461909
vn -0.79239297 -0.24504426 -0.55862945
vn -0.79239291 -0.24504425 -0.55862939
vn -0.79239297 -0.24504428 -0.55862951
vn -0.79238296 0.24665835 0.55793279
vn -0.7923829 0.24665835 0.55793279
vn -0.7923829 0.24665834 0.55793273
vn 1.0283042e-05 0.40431899 0.91461813
vn -0.79237884 -0.24504854 -0.55864763
vn -0.79237872 -0.24504852 -0.55864763
vn -0.79237884 -0.24504857 -0.55864757
vn -1 -5.0581225e-06 0
vn -0.79242176 0.24670149 0.55785853
vn -0.79242176 0.24670146 0.55785853
vn -0.79242176 0.24670148 0.55785853
vn 0 0.4043493 0.91460466
vn -0.79239815 -0.24503724 -0.55862504
vn -0.79239821 -0.24503723 -0.55862504
vn -0.79239815 -0.24503721 -0.55862504
vn -1 -1.1471573e-05 0
vn -1 -1.1471574e-05 0
vn -1.6846396e-07 1 0
vn 1.2318174e-07 0 -1
vn -9.48272e-08 0.90882069 -0.41718695
vn -8.4176328e-08 0.90882283 -0.41718253
vn 0 0.90882027 -0.41718802
vn -1.4586755e-06 0.90882093 -0.41718668
vn -1.8991491e-06 0.90882039 -0.41718769
vn 0 0.90881944 -0.41718966
vn -5.3097193e-10 0.90882051 -0.41718733
vn -3.2077939e-08 0.90882033 -0.41718787
vn 1.8096205e-07 0.90881991 -0.41718876
vn 4.7028718e-07 0.9088189 -0.41719097
vn -2.9803815e-07 0.90882152 -0.41718513
vn -2.3845955e-06 0.90882128 -0.41718566
vn -7.5881172e-07 0.90882248 -0.41718334
vn 0 0.90882152 -0.41718516
vn 0 0.90882725 -0.4171727
vn 0 0.90882027 -0.41718793
vn 0 0.90882176 -0.41718474
vn 0 0.90882182 -0.41718474
vn -2.5246044e-07 0.9088189 -0.41719112
vn 0 0.90881872 -0.41719136
vn 0 0.90881878 -0.41719139
vn 0 0.90881878 -0.41719136
vn -6.7412839e-06 0.9088127 -0.41720459
vn 0 0.90882057 -0.41718721
vn 1.0376143e-06 0.90881783 -0.41719311
vn 0 0.9088164 -0.4171963
vn 2.3947291e-06 0.90881974 -0.41718903
vn 3.4323546e-06 0.90882117 -0.41718587
vn 0 0.90882033 -0.41718796
vn 0 0.90882027 -0.4171879
vn 0 0.90881908 -0.4171907
vn 0 0.90882212 -0.41718394
vn 0 0.90881753 -0.41719383
vn 0 0.90881985 -0.41718903
vn 0 0.90881824 -0.41719225
vn 0 0.90882778 -0.41717151
vn 0 0.90882182 -0.41718471
vn 0 0.90882117 -0.41718614
vn 0 0.90882003 -0.4171885
vn 0 0.90882093 -0.41718668
vn 0 0.90882087 -0.41718671
vn 0 0.90882081 -0.41718665
vn -9.6537754e-08 0.90882206 -0.41718426
vn 0 0.9088192 -0.41719025
vn 0 0.90881747 -0.41719425
vn 0 0.9088214 -0.4171854
vn -2.9368364e-06 0.90882176 -0.41718459
vn 0 0.90882289 -0.41718215
vn 0 0.90882295 -0.41718221
vn 0 0.90882301 -0.41718218
vn 0 0.90882134 -0.41718569
vn 0 0.90882146 -0.4171854
vn 0 0.90881759 -0.41719374
vn 0 0.90881926 -0.41719002
vn 0 0.90881979 -0.41718903
vn 3.5430974e-06 0.90881962 -0.41718951
vn 0 0.90882015 -0.41718841
vn 0 0.90882057 -0.41718718
vn 0 0.90882027 -0.41718808
vn 0 0.90882039 -0.4171879
vn 0 0.90882206 -0.41718394
vn 0 0.90882218 -0.41718391
vn 0 0.90882027 -0.41718796
vn 0 0.90882128 -0.41718566
vn 0 0.90882164 -0.41718492
vn 0 0.90882087 -0.41718653
vn 0 0.90882134 -0.41718554
vn 0.79205972 -0.24451904 -0.55933166
vn 0.79205978 -0.24451907 -0.55933172
vn 0.79203439 0.24599828 0.55871868
vn 0.79203439 0.24599829 0.55871868
vn 0.79203439 0.24599826 0.55871874
vn 0.79201984 0.24596865 0.5587523
vn 0.7920199 0.24596867 0.5587523
vn 0.79201978 0.24596868 0.5587523
vn 0.79204845 -0.24453215 -0.55934185
vn 0.79204851 -0.24453218 -0.55934191
vn 0.79204845 -0.24453214 -0.55934185
vn 0.79202276 0.24601285 0.55872864
vn 0.79202276 0.24601285 0.55872869
vn 0.79202276 0.24601287 0.55872864
vn 0.79201835 0.24599548 0.5587427
vn 0.79201829 0.24599546 0.55874258
vn 0.79201835 0.24599548 0.55874264
vn 0.79202455 0.2460043 0.55872995
vn 0.79202461 0.24600433 0.55872989
vn 0.79202449 0.2460043 0.55872989
vn 1 1.0942836e-05 0
vn 0.79205167 -0.2445166 -0.55934417
vn 0.79205167 -0.24451657 -0.55934411
vn 0.79205173 -0.24451663 -0.55934417
vn 0.79205006 -0.24452436 -0.55934298
vn 0.79205006 -0.24452437 -0.55934298
vn 0.79205006 -0.24452434 -0.55934292
vn 0.79203933 -0.24452296 -0.55935872
vn 0.79203939 -0.24452297 -0.55935878
vn 0.79203928 -0.24452297 -0.55935872
vn 0.79202813 0.24598724 0.55873245
vn 0.79202813 0.24598722 0.55873239
vn 0.79202807 0.24598721 0.55873239
vn 0.79202449 0.24600431 0.55872989
vn 0.79202455 0.24600431 0.55872989
vn -1.2444229e-07 1 0
vn -0.79240048 -0.24665658 0.55790865
vn -0.79240042 -0.24665658 0.55790865
vn 0 0.40059084 -0.91625708
vn 1.0283186e-05 -0.40432468 0.91461557
vn 1.0283187e-05 -0.40432468 0.91461557
vn 1.0283188e-05 -0.40432471 0.91461563
vn -0.79241729 0.24502374 -0.55860376
vn -0.7924149 -0.24664685 0.55789244
vn -0.7924149 -0.24664685 0.5578925
vn -0.79241496 -0.24664685 0.5578925
vn 0 0.40058976 -0.91625756
vn 0 -0.40434298 0.91460752
vn -0.79238176 0.24504285 -0.5586459
vn -0.79238176 0.24504286 -0.5586459
vn -0.7923817 0.24504285 -0.55864584
vn -1 -1.14721e-05 0
vn -1 -1.1472099e-05 0
vn -0.79240447 -0.24663633 0.55791199
vn -0.79240447 -0.24663636 0.55791205
vn -0.79240441 -0.24663635 0.55791199
vn 0 0.40054753 -0.91627598
vn 0 0.40054753 -0.91627604
vn 0 0.40054756 -0.9162761
vn -1.028293e-05 -0.40434283 0.91460747
vn -0.79240131 0.24500355 -0.55863535
vn -0.79240137 0.24500358 -0.55863535
vn -0.79240143 0.24500357 -0.55863535
vn -0.79240835 -0.24663757 0.55790579
vn -0.79240841 -0.24663758 0.55790579
vn -0.79240835 -0.24663757 0.55790585
vn 0 0.40054762 -0.91627604
vn 0 -0.40431863 0.91461831
vn 0 -0.40431863 0.91461825
vn 0 -0.4043186 0.91461825
vn -0.79240137 0.2450036 -0.55863535
vn -0.79240143 0.24500357 -0.55863529
vn -0.79243618 -0.24662712 0.5578711
vn -0.79243612 -0.24662706 0.55787098
vn -0.79243624 -0.24662711 0.55787098
vn 0 0.4005478 -0.91627586
vn 0 -0.40432316 0.91461617
vn -0.79241979 0.24500266 -0.55860949
vn -0.79241985 0.24500269 -0.55860955
vn -0.79241985 0.24500269 -0.55860949
vn -1 -1.0942836e-05 0
vn -1 5.5186006e-06 0
vn -0.79241031 -0.24662861 0.55790722
vn -0.79241031 -0.2466286 0.55790716
vn 0 0.40052515 -0.91628581
vn 0 -0.40432248 0.91461653
vn -0.79238707 0.24503583 -0.55864155
vn -0.79238695 0.24503583 -0.55864155
vn -0.79238701 0.24503583 -0.55864155
vn -0.79240108 -0.2466521 0.55790973
vn -0.79240119 -0.24665214 0.55790973
vn -0.79240113 -0.24665213 0.55790973
vn 0 0.40053004 -0.91628373
vn -0.79236752 0.24504714 -0.55866408
vn -0.79236758 0.24504714 -0.55866414
vn -0.79236758 0.24504715 -0.55866414
vn -1 -1.0942355e-05 0
vn -1 -2.4373823e-05 0
vn -0.79244459 -0.24671349 0.55782074
vn -0.79244477 -0.24671352 0.55782074
vn -0.79244471 -0.24671352 0.55782074
vn 0 0.40055239 -0.91627389
vn 0 -0.40434831 0.91460508
vn -0.79238528 0.24504395 -0.55864036
vn -0.79238528 0.24504396 -0.55864036
vn 1.6846396e-07 -1 0
vn 1.2318172e-07 0 -1
vn -6.8452849e-08 -0.90882164 -0.41718498
vn 3.2938487e-07 -0.90882015 -0.41718814
vn 3.2917023e-07 -0.90882015 -0.41718814
vn -2.7955045e-06 -0.90882039 -0.4171876
vn -4.718799e-07 -0.90882176 -0.41718468
vn -2.8760808e-06 -0.90881789 -0.41719306
vn -4.5340374e-07 -0.90882105 -0.41718638
vn 3.6378005e-08 -0.90881813 -0.41719258
vn 2.4517936e-07 -0.90882051 -0.41718742
vn 2.4705284e-07 -0.90882117 -0.41718602
vn 1.1542826e-06 -0.90881884 -0.41719127
vn 3.557871e-06 -0.90881836 -0.41719219
vn 5.1099721e-07 -0.90882081 -0.41718671
vn -3.3709523e-06 -0.9087919 -0.41724974
vn -3.3709523e-06 -0.90879196 -0.41724977
vn -3.3709518e-06 -0.9087919 -0.41724974
vn 1.795919e-05 -0.90882123 -0.41718593
vn 1.0578573e-05 -0.90882117 -0.4171859
vn 1.3776536e-05 -0.90882117 -0.4171859
vn 2.1157148e-05 -0.90882123 -0.41718593
vn 0 -0.90882516 -0.41717744
vn 0 -0.90882033 -0.41718796
vn 0 -0.90882307 -0.41718173
vn 0 -0.90882111 -0.41718623
vn 0 -0.90881956 -0.41718945
vn 0 -0.90882564 -0.41717637
vn 0 -0.90881819 -0.41719246
vn 0 -0.90881759 -0.41719365
vn 0 -0.90881807 -0.41719285
vn 0 -0.90882176 -0.41718474
vn 0 -0.90882093 -0.41718668
vn 0 -0.90881765 -0.41719368
vn 0 -0.9088167 -0.41719571
vn 0 -0.90881568 -0.41719797
vn 0 -0.90882027 -0.4171879
vn 0 -0.90882212 -0.41718394
vn 0 -0.90882516 -0.41717738
vn 0 -0.90882432 -0.41717932
vn 0 -0.90882546 -0.41717669
vn 0 -0.90882087 -0.41718665
vn 0 -0.90882057 -0.41718745
vn 0 -0.90882051 -0.41718739
vn 0 -0.90882045 -0.41718733
vn 0 -0.9088251 -0.41717747
vn 3.3701574e-06 -0.90883708 -0.41715133
vn 3.3701576e-06 -0.90883714 -0.41715136
vn 0 -0.90882027 -0.41718793
vn 0 -0.90882063 -0.41718733
vn 0 -0.90882158 -0.4171851
vn 0 -0.90882194 -0.41718447
vn 0 -0.90881765 -0.41719365
vn 0 -0.90881771 -0.41719368
vn 0 -0.90882123 -0.41718605
vn 0 -0.90882224 -0.41718358
vn 0 -0.90882218 -0.41718373
vn 0 -0.90882218 -0.4171837
vn 0 -0.90882093 -0.41718665
vn 0 -0.90882087 -0.41718659
vn 0 -0.90882087 -0.41718668
vn 0 -0.90882087 -0.41718656
vn 3.2197511e-06 -0.90883714 -0.41715139
vn 3.370523e-06 -0.90883791 -0.41714942
vn 0 -0.90882027 -0.41718808
vn 0 -0.90882099 -0.41718632
vn 4.3129039e-06 -0.90881509 -0.41719905
vn 4.3129044e-06 -0.90881521 -0.41719911
vn 4.3129048e-06 -0.90881521 -0.41719916
vn 0 -0.90881908 -0.41719052
vn 0 -0.90881908 -0.41719055
vn 0 -0.90881914 -0.41719058
vn 0 -0.90881556 -0.41719833
vn 0 -0.90881556 -0.4171983
vn 0 -0.90881556 -0.41719836
vn 0 -0.90882218 -0.41718397
vn 0 -0.90882224 -0.41718364
vn 0 -0.90882212 -0.41718385
vn 0 -0.90882236 -0.41718361
vn 0 -0.90882206 -0.4171842
vn 0 -0.90881783 -0.41719323
vn 0 -0.90880811 -0.41721436
vn 0 -0.90881741 -0.41719419
vn 0 -0.90881717 -0.41719469
vn 0 -0.90881991 -0.41718867
vn 0.79239321 0.24502908 -0.55863571
vn 0.79239315 0.24502911 -0.55863571
vn 0.79239321 0.24502911 -0.55863571
vn 0.79242307 -0.24664937 0.55787969
vn 0.79242307 -0.24664941 0.55787975
vn 0.79242313 -0.24664941 0.55787975
vn 0.79241496 -0.24664685 0.5578925
vn 0.7924149 -0.24664685 0.5578925
vn 0.7924149 -0.24664685 0.55789244
vn 0.79239964 0.2450117 -0.55863416
vn 0.7923997 0.24501169 -0.55863422
vn 0.79239964 0.24501169 -0.55863416
vn 0.79241884 -0.24664807 0.5578863
vn 0.79241878 -0.24664804 0.5578863
vn 0.79241896 -0.24664809 0.5578863
vn 0.79238176 -0.24664353 0.55794096
vn 0.79238182 -0.24664354 0.55794096
vn 0.79238182 -0.24664357 0.55794102
vn -2.5444983e-06 -0.90882039 -0.41718787
vn 0 -0.90881974 -0.41718915
vn 0 -0.90882117 -0.41718608
vn 0 -0.90882111 -0.41718602
vn 0 -0.90882105 -0.41718605
vn 1.5441373e-07 -0.90882087 -0.41718653
vn 9.899951e-07 -0.90881997 -0.41718861
vn 3.5472297e-06 -0.90882146 -0.41718525
vn 1.4507377e-06 -0.90881926 -0.41719016
vn 0 -0.90881932 -0.41719002
vn 2.7992084e-07 -0.9088214 -0.41718528
vn 1.0578726e-05 -0.90881842 -0.41719189
vn 1.0578727e-05 -0.90881842 -0.41719192
vn 1.0578727e-05 -0.90881848 -0.41719195
vn 2.9940583e-07 -0.90882188 -0.41718462
vn 0 -0.90881854 -0.41719168
vn 0 -0.90883011 -0.4171665
vn 0 -0.90881312 -0.41720369
vn 0 -0.90881312 -0.41720366
vn 0 -0.90881306 -0.41720366
vn 0 -0.90881467 -0.41720015
vn 0 -0.90882301 -0.41718209
vn 0 -0.90881664 -0.4171958
vn 0 -0.90882528 -0.41717693
vn 0 -0.9088254 -0.41717696
vn 0 -0.90883207 -0.41716221
vn 0 -0.90882277 -0.41718239
vn 0 -0.90882206 -0.41718405
vn 0 -0.90882272 -0.41718251
vn 0 -0.90882248 -0.41718304
vn 0 -0.90881324 -0.41720343
vn 0 -0.90881759 -0.4171938
vn 0 -0.90881681 -0.4171955
vn 0 -0.90882254 -0.41718292
vn 0 -0.90879798 -0.41723666
vn 0 -0.90882027 -0.41718796
vn 1.0765415e-06 -0.90880764 -0.41721547
vn 2.665484e-07 -0.90881264 -0.41720474
vn 3.1770903e-06 -0.9088183 -0.41719225
vn 0 -0.9088161 -0.41719702
vn 0 -0.90881616 -0.41719708
vn 0 -0.9088161 -0.41719705
vn 0 -0.90882075 -0.41718686
vn -3.8218468e-06 -0.90881526 -0.41719872
vn 0 -0.90882123 -0.41718584
vn 0 -0.90882123 -0.41718578
vn 0 -0.90881777 -0.41719347
vn 0 -0.9088167 -0.41719568
vn 0 -0.90882289 -0.41718239
vn 0 -0.90883052 -0.41716564
vn 0 -0.90883046 -0.41716567
vn -1.0393094e-05 -0.90880966 -0.41721123
vn -4.9563118e-06 -0.90881997 -0.41718856
vn -1.5622954e-06 -0.90881693 -0.41719526
vn 0 -0.90882224 -0.41718367
vn 0 -0.90882051 -0.4171876
vn 0 -0.90882045 -0.4171876
vn 0 -0.90882045 -0.41718757
vn 0 -0.90882277 -0.41718236
vn 0.79240835 -0.24663757 0.55790585
vn 0.79240841 -0.24663758 0.55790579
vn 0.79240835 -0.24663757 0.55790579
vn 0.79238868 0.24502769 -0.55864275
vn 0.79238862 0.24502768 -0.55864275
vn 1 1.14721e-05 0
vn 1 1.1472099e-05 0
vn 0.7924059 0.24503756 -0.55861408
vn 0.79240578 0.24503753 -0.55861413
vn 0.79240572 0.24503753 -0.55861413
vn 0.7923997 0.2450117 -0.55863416
vn 0.7923997 0.2450117 -0.55863422
vn 0.79240137 0.24500355 -0.55863529
vn 0.79240137 0.24500357 -0.55863535
vn 1 -1.1472626e-05 0
vn 0.7923817 0.24504285 -0.5586459
vn 0.79238176 0.24504285 -0.55864596
vn 0.79238176 0.24504286 -0.55864596
vn 0.79238701 0.24503581 -0.55864155
vn 0.79238707 0.24503584 -0.55864155
vn 0.79240626 -0.24662736 0.5579133
vn 0.79240626 -0.24662738 0.55791336
vn 0.79238063 -0.24658112 0.55797005
vn 0.79238069 -0.24658114 0.55797005
vn 0.79238069 -0.24658112 0.55797005
vn 0 0.90881974 -0.41718921
vn -1.6963319e-06 0.90882027 -0.41718793
vn 2.4642171e-07 0.90882027 -0.41718802
vn 4.6706896e-06 0.90882283 -0.41718251
vn 4.6706896e-06 0.90882277 -0.41718248
vn -1.5920473e-06 0.90881997 -0.41718856
vn -3.5472524e-06 0.90882027 -0.41718796
vn -9.9000056e-07 0.90881962 -0.4171893
vn 5.997461e-07 0.90881956 -0.41718963
vn 0 0.90881658 -0.41719598
vn 0 0.90881664 -0.41719595
vn 0 0.90881658 -0.41719589
vn 0 0.90882075 -0.41718689
vn 0 0.90881753 -0.4171938
vn 0 0.90881693 -0.41719538
vn 0 0.90882009 -0.41718832
vn 0 0.90882009 -0.4171885
vn 0 0.90881908 -0.41719046
vn 0 0.90882176 -0.41718459
vn -4.3342525e-06 0.90881473 -0.41719997
vn 0 0.90882182 -0.41718453
vn 0 0.90882158 -0.41718522
vn 0 0.90882069 -0.41718704
vn 0 0.90881747 -0.4171941
vn 0 0.90882063 -0.41718712
vn 0 0.90881652 -0.41719592
vn 0 0.90881675 -0.41719556
vn 0 0.9088167 -0.41719574
vn 0 0.90882164 -0.41718504
vn -1.5493225e-07 0.90882075 -0.41718686
vn -1.555517e-07 0.90882087 -0.41718683
vn 0 0.90881681 -0.41719553
vn -1.5567646e-07 0.90882075 -0.4171868
vn 0 0.90882099 -0.4171862
vn 0 0.90882182 -0.41718468
vn 0 0.90882051 -0.4171873
vn 0 0.90882117 -0.41718605
vn 0 0.90881664 -0.41719601
vn 0 0.90882039 -0.41718781
vn 0 0.90882051 -0.41718757
vn 0 0.90882069 -0.41718698
vn 0 0.90882134 -0.41718575
vn 0 0.90882075 -0.41718706
vn 0 0.90881681 -0.4171955
vn 0 0.90882039 -0.41718784
vn 0 0.90882015 -0.41718811
vn 0 0.90882123 -0.41718605
vn 0 0.90882128 -0.4171859
vn -4.3341306e-06 0.90881515 -0.41719908
vn -4.3341306e-06 0.90881515 -0.41719905
vn -4.3341306e-06 0.90881515 -0.41719911
vn 0 0.90882003 -0.41718861
vn 0 0.90881938 -0.4171899
vn 0 0.90881938 -0.41718993
vn 0 0.90881932 -0.41718993
vn 0 0.908822 -0.41718408
vn 2.1803397e-07 0.90881979 -0.41718915
vn 0 0.90882438 -0.41717896
vn 0.70709538 0 0.70711821
vn 0.33501765 0 0.94221187
vn -0.70710719 0 0.70710635
vn 0.70716244 0 0.70705116
vn 0.33501291 1.6594337e-05 0.94221354
vn 0.49996778 0 -0.8660441
vn 0.49996775 0 -0.86604404
vn 0.49996775 0 -0.8660441
vn 0.49998492 0 0.86603421
vn 0.4999699 0 0.86604285
vn 0.49996775 0 0.86604404
vn -0.5000155 0 0.86601657
vn -0.50001544 0 0.86601651
vn -0.50000978 0 -0.86601979
vn -0.5000242 0 -0.86601138
vn -0.50000769 0 -0.86602098
vn -1.6666529e-06 -1 5.9900808e-06
vn -5.0819716e-11 -1 5.9901481e-06
vn 1.6664231e-06 -1 5.9902304e-06
vn 0.49998626 0 -0.86603338
vn 0.49998623 0 -0.86603338
vn 0.49998629 0 -0.86603343
vn 0.49998701 0 0.86603296
vn -0.500027 0 0.86600989
vn -0.500027 0 0.86600983
vn -0.50002629 0 -0.86601031
vn -1.3332122e-05 -1 0
vn 1.33332e-05 -1 0
vn 1 -4.8322505e-07 0
vn 2.3427824e-06 5.6721751e-06 1
vn 8.2175546e-07 -1.7906963e-05 1
vn 0 -1.0865269e-12 1
vn -3.6980625e-06 1.7906963e-05 -1
vn -4.1087773e-07 1.9895745e-06 -1
vn -1 5.1637926e-07 0
vn -1 -2.0053389e-07 0
vn -1 -1.3908286e-06 0
vn -1 -6.2740935e-07 0
vn -1 8.3375818e-07 0
vn 0 4.6121099e-06 1
vn 1 -2.1664724e-07 0
vn -3.9921534e-07 -4.6121145e-06 -1
vn -3.0114627e-06 -1.9331064e-06 -1
vn -1.9049431e-06 -4.6121099e-06 -1
vn 1 -1.8740458e-07 0
vn 0 -7.291093e-06 -1
vn 8.2178803e-06 0 1
vn -4.1089402e-06 1.9896537e-05 -1
vn -1 -2.0432014e-06 0
vn 0 -9.2242417e-06 -1
vn 1 -3.0243862e-07 0
vn -1 8.2385401e-07 0
vn 0 -0.56876332 -0.82250124
vn 0 -0.56876278 -0.8225016
vn 1 -3.3846541e-06 0
vn -1 -2.4247543e-06 0
vn -1 -2.1679327e-06 0
vn 1 -8.5359197e-06 0
vn 1 -1.7898691e-06 0
vn -1 2.8798679e-06 0
vn -1 -3.5427399e-07 0
vn 0.49998906 -7.1603704e-06 -0.86603177
vn 0.49998879 -5.9403642e-06 -0.86603189
vn 0.49999028 -1.3100868e-05 -0.86603105
vn 0.49997127 1.2787584e-05 0.86604208
vn 0.49997127 1.277386e-05 0.86604208
vn 0.49997121 1.28544e-05 0.86604208
vn -0.50000107 6.7299325e-06 0.86602479
vn -0.50000262 5.5835853e-06 0.86602402
vn -0.4999938 1.2313604e-05 0.86602902
vn 0 1 -9.898465e-08
vn 0 1 1.1312499e-07
vn 0 1 6.5985255e-08
vn -0.50000703 -5.7622092e-06 -0.86602134
vn -0.50000644 -6.9452281e-06 -0.86602181
vn -0.50000364 -1.270753e-05 -0.86602342
vn 1.8676313e-06 -1 1.0559384e-06
vn 1.8676586e-06 -1 3.3654781e-06
vn 0 -1 -1.9231247e-06
vn 0.49998754 0 -0.8660326
vn 0.49997121 1.2707041e-05 0.86604208
vn -0.50000995 0 0.86601979
vn 0 1 -1.6968801e-07
vn 0 1 7.9188226e-07
vn -0.50000995 0 -0.86601979
vn 0 -1 -1.3462e-05
vn 3.7349291e-06 -1 6.3346865e-06
vn 3.7352772e-06 -1 6.674371e-06
vn 0.08565402 -0.92387974 -0.37297407
vn 0.085655041 -0.92387944 -0.37297451
vn 0.085653618 -0.92387986 -0.37297389
vn 0.20679301 -0.38268414 -0.90043855
vn 0.20679303 -0.38268402 -0.90043867
vn 0.20679301 -0.38268423 -0.90043855
vn -0.97462863 4.3159449e-07 -0.22382833
vn -0.9746294 -3.0838937e-06 -0.22382487
vn -0.97462839 -3.4638342e-06 -0.22382927
vn -0.20681694 -0.38268277 0.9004336
vn -0.20679727 -0.38268188 0.90043855
vn -0.20682478 -0.38268313 0.90043175
vn -0.085658118 -0.92387974 0.37297329
vn -0.085648946 -0.92388034 0.37297389
vn -0.085661761 -0.92387944 0.37297305
vn 0.97325116 0.013674615 0.22933683
vn 0.9732511 0.013674614 0.22933683
vn 0.20680416 0.38267821 -0.90043855
vn 0.20680025 0.3826817 -0.90043789
vn 0.20680641 0.38267609 -0.90043885
vn -0.97462952 1.8570552e-05 -0.2238244
vn -0.97462976 2.1396787e-05 -0.22382317
vn -0.9746123 1.1531509e-05 -0.22389944
vn -0.97461224 1.1531507e-05 -0.22389941
vn -0.9746123 1.1531508e-05 -0.22389942
vn -0.97462839 7.6414108e-06 -0.22382942
vn -0.97462833 7.6414108e-06 -0.22382942
vn -0.97462833 7.6414117e-06 -0.22382943
vn 0.97147036 0.0056467885 0.23709406
vn 0.97146225 0.0056510712 0.23712701
vn 0.97147393 0.0056449086 0.23707961
vn -0.085655205 0.92387801 0.372978
vn -0.08565037 0.92387849 0.37297818
vn -0.085647531 0.92387861 0.3729783
vn 0.085674211 0.92387933 -0.37297043
vn 0.085663758 0.92387885 -0.37297416
vn 0.085657611 0.92387861 -0.37297627
vn -0.20679489 0.38268927 0.90043598
vn -0.20678373 0.38269117 0.90043777
vn -0.20680144 0.38268813 0.90043491
vn 0.97758085 0.0056581246 0.21048462
vn 0.9775821 0.005658437 0.21047847
vn 0.9775824 0.0056584938 0.21047738
vn 0.97578627 0.013667879 0.21829867
vn 0.97578639 0.01366788 0.21829867
vn 0.97578633 0.013667881 0.2182987
vn 0.085655458 -0.92387944 -0.37297469
vn 0.20679304 -0.38268402 -0.90043867
vn -0.9746213 4.2792664e-05 -0.22386016
vn -0.9746213 4.2792661e-05 -0.22386017
vn -0.97462136 4.2792664e-05 -0.22386017
vn -0.20678945 -0.38268149 0.90044051
vn -0.085645296 -0.92388058 0.37297407
vn 0.97326022 0.013628211 0.22930087
vn 0.97326022 0.013628211 0.2293009
vn 0.97326022 0.01362821 0.22930086
vn 0.206798 0.38268378 -0.90043753
vn -0.97463387 7.6414545e-07 -0.22380528
vn -0.97463399 7.6414551e-07 -0.22380528
vn -0.97463387 7.641454e-07 -0.22380528
vn -0.97463346 1.2011491e-05 -0.22380744
vn -0.9746334 1.201149e-05 -0.22380744
vn 0.97146082 0.0056518484 0.23713298
vn -0.085658044 0.92387789 0.37297791
vn 0.085680351 0.92387956 -0.37296832
vn -0.20677716 0.38269228 0.90043879
vn 0.97758031 0.0056579877 0.21048731
vn 0.97578442 0.013671283 0.21830718
vn 0.97578436 0.013671283 0.21830717
vn 0.97578436 0.013671282 0.21830718
vn 1 -5.5302107e-06 0
vn 1 -2.3689686e-06 0
vn -1 1.6489043e-06 0
vn 1 1.0481837e-06 0
vn -1 -3.3837469e-07 0
vn -1 1.2659208e-06 0
vn -1 2.996318e-06 0
vn -1 -7.1375791e-07 0
vn 0.50000352 -0.86602348 0
vn 1 -8.1352418e-06 0
vn 1 -1.2108825e-06 0
vn 0.49999997 0.86602551 0
vn 0.49999994 0.86602551 0
vn 0.49999997 0.86602545 0
vn -0.49998376 0.86603487 0
vn -0.49998376 0.86603481 0
vn -1.2383147e-09 -2.8526881e-10 -1
vn -9.2872987e-10 1.8588231e-05 -1
vn -2.9882551e-05 1.0621857e-05 -1
vn -1 0 -2.3016266e-05
vn -1 0 -2.3015948e-05
vn -1 0 -2.301632e-05
vn -0.49998432 -0.86603445 -1.1542165e-05
vn -0.49998429 -0.86603445 -1.1542164e-05
vn 3.7353284e-06 -1.5932786e-05 1
vn -4.3577534e-06 -1.2392315e-05 1
vn -6.5366012e-06 -1.8588225e-05 1
vn 0.50000453 -0.86602283 0
vn 0.50000447 -0.86602277 0
vn 0.50000453 -0.86602288 0
vn 0.50000751 0.8660211 0
vn 0.50000757 0.86602116 0
vn -0.50003994 0.86600244 -1.1391204e-05
vn -0.50003988 0.86600238 -1.1391202e-05
vn -0.50003994 0.86600244 -1.1391202e-05
vn 0.00010458977 -3.71768e-05 -1
vn -0.00010459866 -3.7176764e-05 -1
vn 2.9887386e-05 1.0622663e-05 -1
vn -1 0 -2.3015893e-05
vn -0.50003582 -0.86600471 0
vn -0.50003582 -0.86600477 0
vn -1.4941401e-05 -1.5932652e-05 1
vn -0.49998099 0 -0.86603642
vn -0.49998096 0 -0.86603647
vn -0.49997702 0 0.86603874
vn -0.49997702 0 0.86603868
vn 0.49992913 0 0.8660664
vn 0.4999291 0 0.8660664
vn 0.4999291 0 0.86606634
vn 0.50000685 0 -0.86602145
vn 0.50000691 0 -0.86602145
vn 3.3618362e-05 1 0
vn 3.3617409e-05 1 0
vn 3.3619079e-05 1 0
vn -0.49998093 0 -0.86603642
vn -0.49997053 0 0.86604249
vn -0.49984264 0 0.86611629
vn -0.49983221 0 0.86612231
vn 0.50008178 0 0.86597818
vn 0.5000819 0 0.86597824
vn -3.3626082e-05 1 0
vn -3.3626235e-05 1 0
vn -3.3626442e-05 1 0
vn 0.50000685 0 -0.86602151
vn 0.50000691 0 -0.86602151
vn -0.499906 0 -0.86607975
vn -0.49990594 0 -0.86607981
vn -0.49990594 0 -0.86607975
vn -0.49983218 0 0.86612236
vn -0.49983221 0 0.86612236
vn 0.50008184 0 0.86597824
vn 0.50008184 0 0.86597818
vn 0.50008178 0 0.86597812
vn 0.50008178 0 -0.86597818
vn 0.50008184 0 -0.86597818
vn 0.50008184 0 -0.86597824
vn -3.3627126e-05 1 0
vn -3.3627777e-05 1 0
vn -3.362626e-05 1 0
vn 3.3614073e-05 1 0
vn -3.3623248e-05 1 0
vn -0.49990597 0 -0.86607975
vn -0.499906 0 -0.86607981
vn -0.49998099 0 0.86603642
vn 0.49993306 0 0.86606413
vn 0.49993303 0 0.86606407
vn 3.3617453e-05 1 0
vn 3.3617991e-05 1 0
vn 3.3617296e-05 1 0
vn 3.3617183e-05 1 0
vn -3.3627159e-05 1 0
vn 1 -1.3927954e-08 0
vn 1 1.3898981e-08 0
vn -0.82761031 0 -0.56130314
vn -0.82761031 0 -0.5613032
vn 1 6.6306889e-08 0
vn -2.0076945e-08 1 1.415497e-06
vn -4.6684232e-07 1 -4.3455719e-07
vn -1.3837294e-10 1 -1.9146519e-06
vn 6.0885625e-08 1 -2.8289421e-06
vn -0.82766229 0 -0.56122655
vn -0.82766235 0 -0.56122655
vn -4.4471523e-08 1 1.4980043e-06
vn -2.7559359e-09 1 1.2286599e-06
vn -0.82778025 1.7368086e-06 -0.5610525
vn -0.82781118 0 -0.56100684
vn -0.82781452 0 -0.56100208
vn 0.87411255 3.4331663e-06 0.48572347
vn 0.87411559 4.3353066e-07 0.48571801
vn 0.87412101 1.9133668e-06 0.48570827
vn 0.64163572 0.67909962 0.35654932
vn 0.64163566 0.67909962 0.35654935
vn 0.64163572 0.67909962 0.35654929
vn 0.69298911 -2.5474317e-06 -0.7209481
vn 0.69299048 -3.0315005e-06 -0.72094673
vn 0.69298732 -2.6412924e-06 -0.72094983
vn -0.99037755 0 -0.13839217
vn -0.9903776 0 -0.13839218
vn -0.99037737 0 -0.13839328
vn 0.8767758 -3.2600706e-06 0.48089957
vn 0.87677652 -1.6300239e-06 0.48089829
vn 0.87677646 -1.6300215e-06 0.48089832
vn 0.79123914 -2.3720362e-07 -0.611507
vn 0.79124868 3.8803132e-06 -0.61149454
vn 0.79124528 1.9401673e-06 -0.61149895
vn 0.5777396 0.69428778 0.42916375
vn 0.5777396 0.69428784 0.42916372
vn 0.5777396 0.69428778 0.42916369
vn -0.25397137 -4.8890593e-06 0.96721178
vn -0.2539672 -5.9856889e-06 0.96721286
vn -0.25396276 -1.0295679e-05 0.96721411
vn 0.86434126 -1.7878385e-06 0.50290591
vn 0.86434126 -1.7878386e-06 0.50290591
vn 0.8643412 -1.7878384e-06 0.50290591
vn -0.18084475 -3.4573566e-06 0.98351169
vn -0.18084274 -1.1466376e-06 0.9835121
vn -0.18084334 -3.3493432e-06 0.98351198
vn -0.19688648 -4.4769331e-06 0.98042625
vn -0.19688541 -2.5194886e-06 0.98042649
vn -0.19688383 5.3235254e-08 0.98042691
vn 0 1 -1.3103879e-07
vn 0 1 5.2429483e-09
vn 0.86437643 3.0527456e-06 0.50284535
vn 0.86437589 6.5354482e-07 0.50284624
vn 0.8643766 -1.4230366e-06 0.50284511
vn -0.45305628 0.89148194 0
vn -0.4530558 0.89148229 0
vn -0.45305976 0.89148027 0
vn -0.43652999 0.85898697 -0.26755002
vn -0.4365361 0.85898376 -0.26755041
vn -0.43652743 0.8589884 -0.26754987
vn -0.43306613 0.85222435 -0.29354295
vn -0.43306616 0.85222435 -0.29354298
vn -0.43306616 0.85222429 -0.29354295
vn -0.43306166 0.85217655 -0.29368839
vn -0.43306163 0.85217649 -0.29368839
vn -0.43306166 0.85217649 -0.29368839
vn -0.43307897 0.85217422 -0.2936697
vn -0.43307894 0.85217446 -0.29366907
vn -0.43307883 0.8521747 -0.29366815
vn -0.47794479 0.87584656 -0.066794939
vn -0.47794342 0.87584758 -0.066792563
vn -0.47794828 0.87584424 -0.066800833
vn -0.85259897 -5.3519079e-06 -0.52256578
vn -0.85259926 6.8076218e-07 -0.52256519
vn -0.85260022 0 -0.52256387
vn 0.70710868 2.3798718e-06 -0.70710492
vn 0.70710117 4.3049354e-08 -0.70711243
vn 0.70709741 5.7292841e-08 -0.70711625
vn 1.5717478e-06 -6.5825458e-07 -1
vn 1.0824419e-06 -8.8133328e-07 -1
vn 0 -9.1098461e-14 -1
vn -0.4330743 0.85218054 -0.29365823
vn -0.43307409 0.8521809 -0.29365751
vn -0.4330743 0.85218042 -0.29365841
vn 0 1 -1.8822782e-08
vn 0 1 4.2610488e-08
vn -1.8096546e-07 1 1.9143256e-06
vn 0.86438274 1.977688e-06 0.5028345
vn 0.86438233 -1.0660342e-06 0.50283533
vn 0.86438233 1.4114563e-06 0.50283527
vn -0.82762086 4.8946863e-06 -0.56128758
vn -0.82766509 0 -0.56122231
vn -0.82763451 0 -0.56126738
vn -0.4330653 0.85216606 -0.29371324
vn -0.43306535 0.85216612 -0.29371327
vn -0.4330653 0.85216612 -0.29371324
vn -4.3823701e-07 1 -4.9994162e-07
vn -0.82766443 3.6247968e-06 -0.56122339
vn -0.82766545 0 -0.56122184
vn -0.43307617 0.8522324 -0.29350466
vn -0.43307623 0.85223246 -0.29350466
vn -0.43307614 0.8522324 -0.29350463
vn -0.82765698 0 -0.5612343
vn -0.82765812 1.5556074e-06 -0.56123251
vn -0.82765883 0 -0.56123167
vn 0.86449176 1.7567218e-06 0.50264716
vn 0.86449176 1.7567216e-06 0.50264716
vn 0.8644917 1.7567215e-06 0.5026471
vn -0.82779497 1.4251888e-06 -0.56103092
vn -0.82779568 0 -0.56102973
vn -0.82779562 0 -0.56102979
vn 0.86442459 -1.7376498e-06 0.50276262
vn 0.86442453 -1.7376495e-06 0.50276262
vn 0.86442459 -1.7376497e-06 0.50276268
vn -0.43307242 0.85218042 -0.2936613
vn -0.43307498 0.85217929 -0.29366091
vn -0.43306971 0.85218155 -0.29366174
vn 0.062454496 0.23027039 0.97112054
vn 0.062454499 0.23027037 0.97112048
vn 0.062454488 0.23027036 0.97112048
vn 0.27123106 0.2557078 -0.9279263
vn 0.27123109 0.25570783 -0.92792636
vn 0.10026579 0.10974192 -0.98889011
vn 0.10026576 0.10974192 -0.98889005
vn 0.10026577 0.1097419 -0.98888999
vn 0.082909487 0.16273767 0.98317987
vn 0.082909487 0.16273765 0.98317981
vn 0.44731125 0.85568774 0.26021406
vn 0.44730693 0.85569006 0.26021335
vn 0.44731224 0.85568702 0.26021418
vn 0.44730428 0.85569078 0.26021591
vn 0.44730645 0.85568976 0.26021558
vn 0.44730237 0.85569173 0.26021624
vn 0.86437482 -1.7568776e-06 0.50284821
vn 0.86437482 -1.7568774e-06 0.50284815
vn 0.86437476 -1.7568776e-06 0.50284821
vn 0 -1 5.066121e-08
vn 1 -2.4364248e-09 0
vn -0.82761037 0 -0.5613032
vn 1 8.535833e-08 0
vn 6.6084516e-07 -1 -2.6533251e-06
vn 0 -1 2.4664555e-08
vn 6.619878e-08 -1 -9.0705697e-08
vn 0 -1 1.1644952e-07
vn -0.82765937 3.2853691e-06 -0.5612309
vn -0.82766008 2.1572762e-06 -0.56122977
vn -0.82766229 3.2853475e-06 -0.56122655
vn 0 -1 1.1443552e-08
vn 0 -1 3.0716098e-08
vn -0.82781392 1.8581535e-06 -0.56100297
vn -0.82781374 1.7772177e-06 -0.56100297
vn 0.87411225 -4.2948964e-06 0.48572397
vn 0.62925154 -0.68559539 0.36606222
vn 0.62925154 -0.68559539 0.36606219
vn 0.6292516 -0.68559539 0.36606219
vn 0.6929943 2.4859214e-06 -0.72094303
vn 0.69299442 2.4859219e-06 -0.72094303
vn 0.69299436 2.4859216e-06 -0.72094303
vn -0.9903776 0 -0.1383922
vn -0.99037737 0 -0.13839331
vn 0.87677717 0 0.48089704
vn 0.79123574 -1.5466283e-06 -0.61151123
vn 0.79123425 -1.9560409e-06 -0.61151332
vn 0.5777517 -0.69428432 0.429153
vn 0.5777517 -0.69428426 0.429153
vn 0.57775176 -0.69428432 0.42915305
vn -0.25399938 -3.3674253e-06 0.96720439
vn -0.25399935 -3.3674251e-06 0.96720439
vn 0.71332431 0.059443694 0.69830859
vn 0.71332431 0.059443697 0.69830859
vn 0.71332431 0.05944369 0.69830859
vn -0.18083775 3.359366e-06 0.98351306
vn -0.18083775 3.3593662e-06 0.98351306
vn -0.18083774 3.359366e-06 0.98351306
vn 0 -1 4.3867992e-08
vn -0.19688372 9.947679e-07 0.98042697
vn -0.19688286 -3.4842001e-06 0.98042703
vn 0 -1 -3.5964845e-08
vn -1.4030374e-07 -1 1.4460993e-06
vn 0 -1 3.4288981e-08
vn 0.86437625 -4.4372173e-06 0.50284559
vn -0.45305631 -0.89148194 0
vn -0.4530558 -0.89148223 0
vn -0.45305207 -0.89148408 0
vn -0.43652517 -0.85898906 -0.26755124
vn -0.43653825 -0.8589825 -0.26755098
vn -0.4365437 -0.85897976 -0.26755092
vn -0.43308786 -0.85217041 -0.29366767
vn -0.43308786 -0.85217035 -0.29366764
vn -0.43308789 -0.85217035 -0.29366767
vn -0.4330937 -0.85218364 -0.29362053
vn -0.4330937 -0.85218364 -0.29362056
vn -0.43309367 -0.85218358 -0.29362053
vn -0.43307537 -0.85217595 -0.29366964
vn -0.43307662 -0.85217595 -0.29366812
vn -0.43307382 -0.85217607 -0.29367176
vn -0.47794136 -0.87584865 -0.066792071
vn -0.47794363 -0.87584734 -0.066794313
vn -0.47794917 -0.87584382 -0.066799864
vn -0.85259879 6.9095466e-07 -0.52256626
vn -0.85259897 3.4116426e-06 -0.52256596
vn 0.7071088 -2.3513858e-06 -0.70710486
vn 0 4.2800193e-07 -1
vn -0.43307483 -0.85218066 -0.29365683
vn -0.43307045 -0.85218328 -0.29365557
vn -0.43306944 -0.85218406 -0.29365534
vn 6.3748075e-07 -1 4.2664735e-07
vn 6.9962522e-07 -1 4.4041761e-07
vn 6.7125524e-07 -1 1.086824e-06
vn 0.86438179 0 0.50283605
vn -0.82766527 8.2806055e-06 -0.56122214
vn -0.8276338 3.026393e-06 -0.56126845
vn -0.4330785 -0.85218281 -0.29364559
vn -0.43307844 -0.85218275 -0.29364559
vn -0.43307853 -0.85218281 -0.29364559
vn 4.842239e-07 -1 1.8093759e-06
vn 7.4702342e-07 -1 -2.3485431e-06
vn -0.82766539 1.3721133e-06 -0.56122184
vn -0.4330987 -0.85215557 -0.29369456
vn -0.43309867 -0.85215551 -0.29369453
vn 0 -1 7.7528959e-08
vn -0.82765865 3.3428814e-06 -0.56123197
vn -0.82765752 1.7492787e-06 -0.56123346
vn 0.89814931 -0.0077964342 0.43962145
vn 0.89814937 -0.0077964356 0.43962151
vn 1.716614e-23 -1.4901162e-25 8.4023926e-24
vn -0.82775557 3.1852255e-06 -0.56108886
vn -0.8277933 1.4388251e-06 -0.56103319
vn 1.9073136e-23 1.192071e-25 1.0084175e-23
vn 0.88403046 0.0055251904 0.46739662
vn 0.88403046 0.0055251908 0.46739659
vn -0.43306947 -0.85218155 -0.29366213
vn -0.43307287 -0.85218012 -0.29366148
vn -0.43307611 -0.85217863 -0.29366079
vn 0.062462993 -0.23027909 0.97111797
vn 0.062462993 -0.2302791 0.97111791
vn 0.062462997 -0.23027912 0.97111797
vn 0.27123141 -0.25571752 -0.92792356
vn 0.27123141 -0.25571755 -0.92792356
vn 0.27123141 -0.25571755 -0.92792362
vn 0.10025563 -0.10973402 -0.98889196
vn 0.10025565 -0.10973404 -0.98889202
vn 0.10025564 -0.10973403 -0.98889196
vn 0.082900427 -0.16273022 0.98318177
vn 0.082900435 -0.16273025 0.98318183
vn 0.44730929 -0.85568875 0.26021382
vn 0.44730565 -0.85569102 0.2602126
vn 0.44730473 -0.85569167 0.2602123
vn 0.44730595 -0.85569054 0.26021397
vn 0.44730559 -0.8556906 0.26021391
vn 0.44730541 -0.85569084 0.26021391
vn 1.7165765e-23 -8.9405027e-26 1.0084143e-23
vn 0.86221886 -0.0044907234 0.50651616
vn 0.86221886 -0.0044907229 0.50651616
vn -0.002413776 0.99970233 0.024280488
vn -6.0291825e-08 1 1.7453162e-06
vn -0.82765913 1.6426819e-06 -0.56123114
vn -0.8277787 1.7773692e-06 -0.56105483
vn 0.87410706 3.1847039e-06 0.48573351
vn 0.62925088 0.68559718 0.3660599
vn 0.62925088 0.68559718 0.36605987
vn 0.62925088 0.68559718 0.36605993
vn 0.69299054 -2.4688673e-06 -0.72094667
vn -0.99037778 0 -0.13839103
vn 0.87676996 3.1065576e-06 0.48091006
vn 0.87676996 3.1065579e-06 0.48091006
vn 0.79123908 2.1762526e-06 -0.611507
vn 0.79123914 2.1762528e-06 -0.611507
vn 0.57478523 0.75513464 0.31526753
vn 0.57478523 0.75513476 0.31526756
vn 0.57478523 0.7551347 0.31526756
vn -0.25398484 3.6026008e-06 0.96720821
vn 0.86432314 -1.4826466e-06 0.5029369
vn 0.8643232 -1.4826103e-06 0.5029369
vn 0.86429906 -2.9654532e-06 0.50297815
vn 1.9072483e-23 -1.460237e-24 1.6807627e-23
vn 0.7490136 -0.057346355 0.66006827
vn 0.7490136 -0.057346351 0.66006827
vn -0.18084653 -3.5939554e-06 0.98351133
vn -0.19687402 0 0.98042881
vn -0.19689183 -8.8557654e-06 0.98042524
vn 0.86437505 2.7686815e-06 0.50284773
vn -0.45305231 0.89148396 0
vn -0.43653867 0.85898244 -0.26755056
vn -0.43308848 0.85216892 -0.29367092
vn -0.43308845 0.85216892 -0.29367089
vn -0.43308848 0.85216898 -0.29367092
vn -0.43306249 0.85219795 -0.29362476
vn -0.43306249 0.852198 -0.29362479
vn -0.43307903 0.85217381 -0.29367054
vn -0.47793946 0.8758502 -0.066785909
vn -0.85259867 -3.3555564e-06 -0.52256626
vn 0.70711243 2.351373e-06 -0.70710117
vn 0 3.4374061e-06 -1
vn 2.6629983e-05 -1.1152748e-05 -1
vn -0.43307409 0.85218096 -0.2936573
vn 0 1 -9.2033254e-08
vn 0.86438274 -2.9772766e-06 0.50283456
vn -0.43307769 0.85218513 -0.29363972
vn -0.43307763 0.85218513 -0.29363972
vn -0.4330776 0.85218513 -0.29363972
vn -2.2658064e-06 1 0
vn -0.82766527 0 -0.56122214
vn -0.43309942 0.85215557 -0.29369324
vn -0.43309948 0.85215569 -0.29369324
vn 0.86447263 1.3202672e-06 0.50267988
vn 0.86447465 1.456867e-06 0.50267649
vn 0.86444801 2.9138623e-06 0.50272226
vn 1.7934961e-23 1.4790116e-25 8.8079026e-24
vn 0.89757437 0.0074018724 0.44080094
vn 0.89757442 0.007401872 0.44080096
vn 0.86443073 2.8503919e-06 0.50275207
vn 0.86443067 2.8503919e-06 0.50275207
vn 0.86443067 2.8503921e-06 0.50275213
vn 0.86222458 0.002619606 0.5065195
vn 0.86222452 0.002619606 0.50651944
vn 1.7166139e-23 5.2154066e-26 1.0084361e-23
vn -0.43307742 0.85217804 -0.29366043
vn 0.44730586 0.85569084 0.2602132
vn 0.44730842 0.85568875 0.26021522
vn 0.86437696 1.4097546e-06 0.50284451
vn 0.86437696 1.4097592e-06 0.50284451
vn 0.86436582 2.8196255e-06 0.50286371
vn 0.8621372 0.0044902973 0.50665522
vn 0.86213714 0.0044902978 0.50665528
vn 1.7166139e-23 8.9406968e-26 1.0088086e-23
vn 0.87410706 -7.0063488e-06 0.48573351
vn 0.64163846 -0.67909479 0.35655344
vn 0.64163846 -0.67909485 0.35655344
vn 0.69298428 0 -0.72095275
vn 0.87677711 0 0.48089707
vn 0.87677711 0 0.48089698
vn 0.57479602 -0.75512612 0.31526846
vn 0.57479602 -0.75512606 0.31526846
vn -0.25398889 0 0.96720713
vn 0.86434722 0 0.50289565
vn 0.86435527 2.2346865e-06 0.50288171
vn 0.86435533 2.2346865e-06 0.50288171
vn 0.86435527 2.2346865e-06 0.50288165
vn -0.18085256 -1.4375829e-05 0.98351032
vn -0.19688092 0 0.9804275
vn 0.86437625 0 0.50284559
vn -0.45306003 -0.89148015 0
vn -0.43651971 -0.85899186 -0.26755133
vn -0.43311757 -0.85221583 -0.29349196
vn -0.43311757 -0.85221577 -0.29349193
vn -0.43304774 -0.85217208 -0.29372185
vn -0.43304771 -0.85217208 -0.29372182
vn -0.43304777 -0.85217214 -0.29372182
vn -0.43307826 -0.85217577 -0.29366598
vn -0.47793505 -0.87585258 -0.066785797
vn 0.70711249 -2.3513733e-06 -0.70710111
vn 0 -3.4374061e-06 -1
vn -0.43307602 -0.85218 -0.29365712
vn 0.86438179 0 0.50283629
vn -0.4330669 -0.85216528 -0.293713
vn -0.4330669 -0.85216534 -0.293713
vn 0 -0.99999887 0.0015576307
vn 0 -0.99999988 -0.00055459293
vn 0 -3.2112e-23 -1.780909e-26
vn -0.43306991 -0.85222381 -0.29353923
vn -0.43306991 -0.85222381 -0.2935392
vn -0.43306991 -0.85222375 -0.29353923
vn 0 -0.99999994 -0.00050196104
vn 0 -3.5479663e-23 -1.780941e-26
vn -0.82765818 2.9555561e-06 -0.56123269
vn 0.86442834 -1.7288296e-06 0.50275618
vn 0.86442721 -1.7571128e-06 0.5027582
vn -0.82775241 3.2125263e-06 -0.56109351
vn 0.86446375 -1.6630072e-06 0.50269538
vn 0.86446375 -1.6630073e-06 0.50269538
vn 0.86443013 -5.7673874e-06 0.5027532
vn 0.86443013 -5.7673883e-06 0.5027532
vn 0.86443013 -5.7673878e-06 0.5027532
vn -0.43306604 -0.8521831 -0.29366288
vn 0.44731021 -0.85568821 0.26021415
vn 0.44730622 -0.85569042 0.260214
vn 0.8643679 1.7097506e-06 0.50286007
vn 0.86436796 1.7097507e-06 0.50286007
vn 0.86436784 1.7097506e-06 0.50286007
vn 0.86438811 0 0.50282526
vn 0.50003791 -0.86600363 0
vn 0.50003785 -0.86600363 0
vn 0.50003791 0.86600363 0
vn 0.50003785 0.86600363 0
vn -0.50000548 -0.86602229 0
vn -0.50000548 -0.86602223 0
vn 1.8680274e-05 0 1
vn -8.7183762e-06 0 1
vn 3.9224164e-05 0 1
vn 0.50003439 -0.86600566 0
vn 0.50003433 -0.8660056 0
vn 0.50003439 0.86600566 0
vn 0.50003433 0.8660056 0
vn -0.50000197 -0.86602426 0
vn 0 -0.50000077 0.86602497
vn 0 -0.50000083 0.86602503
vn 0 0.50000006 0.86602539
vn 0 0.49999991 0.86602557
vn 0 0.50000083 0.86602503
vn 0 0.49999756 -0.86602682
vn 0 -0.49999756 -0.86602682
vn -1 -1.3336804e-06 0
vn -1 -2.6672926e-06 0
vn -1 -1.3336199e-06 0
vn -1 -3.6578388e-06 0
vn -1 -1.2664104e-07 0
vn -1 -8.6730925e-06 0
vn -1 1.0849392e-06 0
vn -1 1.3336428e-06 0
vn -1 -1.5599529e-05 0
vn -1 -8.4966905e-06 0
vn 0 0.5000025 -0.86602396
vn 0 0.50000256 -0.86602396
vn 0 0.5000025 0.86602396
vn 0 0.50000256 0.86602396
vn 0 -0.5000025 -0.86602396
vn 0 -0.50000256 -0.86602396
vn 0 -0.5000025 0.86602396
vn 0 -0.50000256 0.86602396
vn 1 -5.871439e-06 0
vn 1 -5.8714395e-06 0
vn 1 -1.548798e-06 0
vn 1 -7.1427542e-07 0
vn 0 -0.50000387 0.86602324
vn 0 -0.50000387 0.8660233
vn 0 -0.49999544 -0.86602807
vn 0 -0.49999538 -0.86602807
vn 0 0.50000387 0.8660233
vn 0 0.50000387 0.86602324
vn 0 0.49999544 -0.86602807
vn 0 0.49999538 -0.86602807
vn 0 -0.50003392 0.86600584
vn 0 -0.49999744 0.86602694
vn 0 -0.50003481 0.8660053
vn 1 -8.2031761e-07 0
vn 1 3.1340755e-06 0
vn 1 2.3868722e-06 0
vn 3.3247804e-06 -0.49995908 -0.86604905
vn 8.6175042e-08 -0.49999553 -0.86602807
vn 3.4109632e-06 -0.49995807 -0.86604965
vn 0 0.49999645 0.86602747
vn 0 0.49999651 0.86602753
vn 0 0.49999645 -0.86602747
vn 0 0.49999651 -0.86602753
vn 0 -0.4999992 0.86602592
vn 0 -0.49999917 0.86602592
vn 0 -0.4999992 0.86602598
vn 0 0.49999917 0.86602592
vn 1 2.9357195e-06 0
vn 1 2.9357197e-06 0
vn -1 -5.3348126e-06 0
vn 1 1.4678599e-06 0
vn 1 1.4678598e-06 0
vn 0 -0.49999651 0.86602753
vn 1 3.2813134e-06 0
vn 1 7.2505804e-06 0
vn 1 7.2505795e-06 0
vn 1 7.25058e-06 0
vn 1 -3.2812707e-06 0
vn 1 -3.2812704e-06 0
vn 1 -3.2812702e-06 0
vn 1 1.6406353e-06 0
vn 0 -0.49999651 -0.86602753
vn -1 1.4602847e-07 0
vn -1 3.860379e-07 0
vn 0 -0.56874907 -0.82251114
vn 0 -0.56874913 -0.82251102
vn 0 -0.56874925 -0.82251102
vn 0 -5.7084882e-13 -1
vn -1 6.7940249e-08 0
vn -1 8.6605688e-08 0
vn -1 -2.4072639e-07 0
vn -1 6.9124934e-07 0
vn -1 -5.9135527e-07 0
vn -1 -1.5421338e-07 0
vn 0.49999407 8.7987901e-06 -0.86602885
vn 0.49999407 8.7987892e-06 -0.86602885
vn 0.49999413 8.798791e-06 -0.8660289
vn 1 2.8399552e-09 0
vn 1 1.3289508e-09 0
vn 1 4.1689483e-09 0
vn 0.49999407 -2.9541345e-06 0.86602885
vn 0.49999407 3.399294e-06 0.86602885
vn 0.49999413 -8.5420752e-06 0.8660289
vn -0.50000352 3.2229102e-06 0.86602336
vn -0.50000358 -3.0343936e-06 0.86602336
vn -0.50000358 8.726548e-06 0.86602336
vn 0 1 1.2169941e-07
vn 0 1 -4.7327294e-08
vn 0 1 7.0990772e-08
vn -1 3.5798357e-07 0
vn -1 1.6752237e-07 0
vn -1 5.2549939e-07 0
vn -0.50001442 8.6141445e-06 -0.86601716
vn -0.50001436 8.6141445e-06 -0.86601722
vn -0.50001442 8.6141436e-06 -0.8660171
vn 0 -1 4.7327639e-08
vn 0 -1 -7.0991788e-08
vn 0 -1 8.1134246e-08
vn 0.4999941 -8.5379052e-06 -0.8660289
vn 0.49999413 -8.5379052e-06 -0.8660289
vn 0.49999413 8.9872683e-06 0.8660289
vn -0.50000358 -8.5380661e-06 0.86602336
vn 0 1 -8.1131027e-08
vn 0 1 -5.6793817e-07
vn -0.50000358 8.538067e-06 -0.86602342
vn -0.50000358 8.5380661e-06 -0.86602336
vn -0.50000352 8.538067e-06 -0.86602336
vn 0 -1 5.6792555e-07
vn 0 -1 -1.216996e-07
vn 1 5.8417493e-07 0
vn 0 -0.56874847 -0.82251149
vn 0 -0.56874841 -0.82251155
vn 0 -0.56874847 -0.82251155
vn -1 1.6105051e-06 0
vn -1 6.7693304e-06 0
vn -1 2.7830738e-06 0
vn 1 4.0466648e-06 0
vn -1 -6.1237301e-06 0
vn -0.99548697 -6.566861e-07 0.094899192
vn -0.99548697 -5.1491361e-07 0.094899185
vn -0.99548697 0 0.094899207
vn 0 -1 -9.6463948e-09
vn 0 -1 -5.6657794e-09
vn 0 -1 -1.3355637e-08
vn 0.97244251 0 0.23314276
vn 0.97244251 0 0.23314309
vn 0.97244203 0 0.23314489
vn 0 1 -1.9583696e-08
vn 0 1 -3.2476077e-08
vn 0.07574264 0 -0.99712747
vn 0.075742625 0 -0.99712741
vn 0.075742632 0 -0.99712747
vn 0 1 2.5383051e-09
vn 0 1 1.2606044e-08
vn 0 1 -1.2430762e-08
vn -0.96130401 -1.2753266e-06 0.27549008
vn -0.96130377 -2.1169624e-06 0.27549091
vn -0.96130431 0 0.2754887
vn 0.99642932 0 -0.08443214
vn 0.99642932 0 -0.084432147
vn 0 1 6.3033414e-09
vn 0.72011304 0 -0.69385678
vn 0.7201153 0 -0.69385445
vn 0.72012043 0 -0.69384915
vn 0.9006359 0 -0.43457446
vn 0.90063596 0 -0.43457448
vn 0.90063596 0 -0.43457446
vn -0.84140575 -6.620357e-06 0.5404039
vn -0.84140497 -6.6117254e-06 0.54040521
vn -0.84140748 -6.6378307e-06 0.54040128
vn 0.50687051 0 0.86202222
vn 0.50687057 0 0.86202216
vn -0.64734977 -4.0809391e-06 0.76219308
vn -0.64734983 -5.1867041e-06 0.76219308
vn -0.64734983 -9.2676701e-06 0.76219314
vn 0 1 -9.3307747e-08
vn 0 1 -1.4632565e-07
vn 0 -1 -6.2154606e-09
vn 0 -1 -4.6654325e-08
vn -0.99548692 -1.1715955e-06 0.094899178
vn 0.97244298 0 0.23314096
vn 0 1 -5.2018073e-08
vn 0.075727791 1.2198947e-05 -0.99712861
vn 0.075727791 1.2198948e-05 -0.99712861
vn 0.075727783 1.2198945e-05 -0.99712861
vn -0.96130335 -3.3923186e-06 0.27549222
vn 0.72010791 0 -0.69386208
vn 0.90063298 0 -0.4345808
vn 0.90063292 0 -0.4345808
vn -0.84140325 -6.5942513e-06 0.54040778
vn -0.64734983 0 0.76219302
vn 0 -1 -7.3162823e-08
vn 0.49999881 0 -0.8660261
vn 0.49999878 0 -0.8660261
vn 0.49999884 0 -0.8660261
vn 0.49996081 2.2555726e-06 0.86604804
vn 0.5000152 2.330692e-06 0.86601675
vn 0.50002038 2.3378739e-06 0.86601377
vn -0.5000152 2.1553496e-06 0.86601675
vn -0.49996084 2.3590126e-06 0.86604804
vn -0.49995565 2.3784851e-06 0.86605102
vn -0.49999881 0 -0.8660261
vn -0.49999878 0 -0.8660261
vn -0.49999884 0 -0.8660261
vn 0.49995562 2.24839e-06 0.86605102
vn -0.50002038 2.1358785e-06 0.86601371
vn 0.77877206 -1.9016306e-06 -0.627307
vn 0.77877653 -3.1310749e-06 -0.62730151
vn 0.77876514 0 -0.62731552
vn -1 2.8432518e-07 0
vn -1 4.7685739e-07 0
vn 0 -7.6949409e-06 -1
vn 0 -7.6949427e-06 -1
vn 0 -7.6949418e-06 -1
vn 0.77878338 -5.0326094e-06 -0.62729311
vn -1 9.2319056e-07 0
vn 0 -0.92387909 0.38268453
vn 0 -0.92387915 0.38268456
vn 0 -0.38268447 0.92387909
vn 0 -0.38268441 0.92387915
vn 0 -0.3826845 0.92387915
vn 0 0.38268441 0.92387915
vn 0 0.38268447 0.92387909
vn 0 0.3826845 0.92387915
vn 0 0.92387909 0.38268453
vn 0 0.92387915 0.38268456
vn 0 0.92387921 -0.38268432
vn -3.581278e-06 0.38268316 -0.92387974
vn -1.0859712e-06 0.38268012 -0.92388099
vn 0 0.38267878 -0.92388147
vn -1.0859712e-06 -0.38268012 -0.92388099
vn -3.581278e-06 -0.38268316 -0.92387974
vn 0 -0.38267878 -0.92388147
vn 0 -0.92387909 -0.38268453
vn 0 -0.92387915 -0.38268456
vn 0 0.92387915 0.38268444
vn 0 0.92387903 0.38268462
vn 0 0.92387921 0.38268432
vn 0 -0.92387915 -0.38268444
vn 0 -0.92387903 -0.38268462
vn 0 -0.92387921 -0.38268432
vn -4.6672417e-06 0.38268438 -0.92387915
vn 0 0.92387915 -0.38268456
vn 0 0.92387903 -0.38268477
vn -4.6672417e-06 -0.38268438 -0.92387915
vn 0 0.92387903 0.38268477
vn 0 -0.92387903 -0.38268477
vn 6.4289327e-07 -0.90433902 -0.42681488
vn 0 -0.90433943 -0.42681414
vn 1.4581931e-06 -0.90433931 -0.4268145
vn 1 2.6385783e-07 0
vn 1 3.044853e-07 0
vn -0.99406195 0 0.10881628
vn -0.99406272 0 0.1088092
vn -0.99406272 0 0.10880916
vn -1 -1.3216168e-06 0
vn -1.4859652e-06 -1 1.6588511e-06
vn -1.2966352e-06 -1 1.4474933e-06
vn -2.7825972e-06 -1 3.1063407e-06
vn 0 4.7126018e-06 -1
vn 0 4.7126023e-06 -1
vn -3.2944849e-06 0 1
vn -1.0442428e-06 0 1
vn -4.3387313e-06 0 1
vn 0 0.90433854 -0.42681593
vn 0 0.9043386 -0.42681581
vn 0 0.90433836 -0.42681625
vn 0 -0.90433842 -0.42681625
vn 0 -0.90433842 -0.42681611
vn 5.5152759e-07 -0.90433872 -0.42681551
vn 0 0.90433878 -0.42681539
vn 0 0.90433836 -0.42681643
vn 0 0.9043386 -0.42681605
vn 0 0.90433866 -0.42681575
vn 0 -0.90433896 -0.42681521
vn 0 -0.90433842 -0.4268164
vn -0.99406248 -4.5127752e-05 0.10881102
vn -0.99406219 -2.9836323e-07 0.1088138
vn -0.99406254 -4.7153801e-05 0.10881089
vn 0 -0.9043386 -0.42681605
vn 0 -0.90433866 -0.42681575
vn -1 6.6111761e-06 0
vn -1 4.7620206e-06 0
vn 0 0.9043389 -0.42681539
vn 0 0.90433866 -0.42681566
vn 0 0.9043386 -0.42681578
vn 0 0.90433848 -0.42681617
vn 0 0.90433908 -0.42681497
vn -1.0000001e-36 0 0
vn 4.5206477e-08 -4.9924615e-06 -1
vn 4.2278849e-08 -4.3458258e-06 -1
vn -1 3.6343176e-06 0
vn -1.525879e-23 0 0
vn -1 -3.0415618e-05 0
vn -1 -3.2013064e-05 0
vn 0 2.6216453e-06 -1
vn 0 3.517594e-06 -1
vn 0 0.90433872 -0.42681566
vn 0 0.90433878 -0.42681542
vn -2.7063223e-07 0.91345108 -0.4069488
vn -1.7553829e-08 0.91345036 -0.40695027
vn -1.7262415e-07 0.91345125 -0.4069483
vn 2.9276159e-09 4.3458163e-06 -1
vn -2.5189263e-07 1 0
vn -2.5189127e-07 1 0
vn -2.5189271e-07 1 0
vn 5.2933768e-09 0.91344744 -0.40695679
vn 3.2185324e-07 0.91345215 -0.40694606
vn 2.9293759e-07 -0.91345024 -0.4069505
vn 5.2933342e-09 -0.91344917 -0.40695283
vn 3.2186182e-07 -0.91344738 -0.40695694
vn 2.1487608e-07 -0.9134503 -0.40695053
vn 1.6849519e-07 -0.91345006 -0.40695104
vn -4.7889705e-07 0 1
vn 2.7651083e-07 0 1
vn 4.160851e-07 0 1
vn 2.5189132e-07 -1 0
vn 2.5189411e-07 -1 0
vn 2.5189121e-07 -1 0
vn 0 -0.90433961 -0.42681369
vn 1 1.4873161e-06 0
vn -0.99406183 0 0.1088166
vn 0 -0.90433818 -0.42681667
vn -0.99406213 0 0.1088138
vn 0 0.9043389 -0.42681533
vn 0 0.90433902 -0.42681488
vn 0 0.91345108 -0.4069488
vn 0 4.9924488e-06 -1
vn -2.5189118e-07 1 0
vn 2.9383841e-07 -0.91345096 -0.40694898
vn -6.1847129e-07 0 1
vn 2.5189428e-07 -1 0
vn -1.3094432e-06 1 0
vn -1.3094337e-06 1 0
vn -1.3094316e-06 1 0
vn -3.0966221e-06 0 1
vn -5.6117733e-07 0 1
vn -3.6578069e-06 0 1
vn -3.0966146e-06 -1.6348297e-06 -1
vn -5.6118188e-07 -9.0211288e-06 -1
vn -3.6577883e-06 0 -1
vn -1.3094452e-06 1 0
vn 0 -1.0655981e-05 -1
vn -1 1.2346871e-06 0
vn -1 3.2917378e-06 0
vn 1 -3.626051e-06 0
vn -1 -4.1335943e-06 0
vn -1 -2.1558615e-06 0
vn -1 -1.6923093e-06 0
vn -1 -1.1283274e-06 0
vn -1 -1.3623543e-07 0
vn 3.281852e-05 -0.56875187 -0.82250923
vn 2.2138704e-05 -0.56874645 -0.82251304
vn 0 -0.56873512 -0.82252079
vn -1 -1.1283527e-06 0
vn -1 -1.1896529e-06 0
vn 0 0.56876242 -0.8225019
vn 0 0.56876314 -0.82250142
vn -1 1.1894673e-06 0
vn 5.495629e-05 -0.56876314 -0.82250148
vn 0.21879433 7.8917919e-06 0.97577107
vn 0.21878701 2.1257651e-05 0.97577268
vn 0.21879309 8.074534e-06 0.97577137
vn -3.9459789e-07 0.91848356 0.39545935
vn 0 0.91848344 0.39545947
vn 0 0.91848338 0.39545959
vn 0.90114862 -6.8231412e-07 0.43351039
vn 0.90114862 -6.0967495e-06 0.43351036
vn 0.90114862 -6.7790711e-06 0.43351036
vn 2.1760618e-06 1 5.5001289e-07
vn 2.0127231e-07 1 6.2791952e-07
vn 6.703051e-06 1 3.2118939e-07
vn 0.21879721 -1.0711637e-05 0.97577035
vn 0.21879523 -1.5496953e-05 0.97577083
vn 0.21879473 -1.3286685e-05 0.97577101
vn 0.21879449 9.277459e-06 0.97577101
vn 0 1 8.2648484e-08
vn -5.2892091e-08 1 2.6418948e-07
vn -1.4307993e-07 1 5.9544885e-07
vn -1.4287082e-07 1 6.4401632e-07
vn -1.2624082e-08 0.91848427 0.39545751
vn -3.804852e-07 0.91848361 0.39545929
vn 0.21879545 -7.3419578e-06 0.97577077
vn 0.21880095 -7.1614477e-06 0.97576952
vn 2.7165102e-08 -1 -1.2671951e-07
vn 6.706037e-08 -1 -3.011863e-07
vn 0 -1 -7.6604154e-09
vn 1 2.4230567e-07 0
vn 1 -2.1332022e-07 0
vn 1 -6.1766963e-07 0
vn 0 0.91848344 0.39545959
vn 0.21877936 -1.1683271e-06 0.97577441
vn 0.21877553 0 0.97577524
vn 0.2187755 0 0.97577524
vn 0.21877764 0 0.97577477
vn 0.21877766 0 0.97577477
vn 0.21877767 0 0.97577482
vn 1 -5.7988694e-07 0
vn 0 -0.99999946 0.0010258126
vn 0 -0.99999946 0.0010258127
vn 0 -0.99999952 0.0010258127
vn 9.931501e-09 1 6.3120615e-07
vn 0.21876831 -1.808272e-06 0.97577685
vn 0.21879397 1.2576214e-05 0.97577107
vn 0.21876521 -8.2057968e-06 0.97577757
vn 0 -1.0079224e-05 1
vn -3.4233858e-06 -3.715139e-06 1
vn 0 -2.5198058e-06 1
vn 0.98053598 -8.6730023e-07 0.19633996
vn 0.98053592 -1.0640831e-06 0.19633996
vn 0.98053598 0 0.19633998
vn -1.1798983e-08 6.0548073e-06 -1
vn -2.6056031e-07 5.4258826e-06 -1
vn -2.6693448e-07 5.4023385e-06 -1
vn 0 2.9822347e-06 -1
vn 0 6.573975e-06 -1
vn 0 2.9822349e-06 -1
vn 0 5.4023149e-06 -1
vn 0 5.4023094e-06 -1
vn 0 -2.7398842e-06 -1
vn 0 -2.7398839e-06 -1
vn 0 -2.529265e-13 -1
vn 0 6.5739723e-06 -1
vn 0 0.91848272 0.39546108
vn 0 0.91848445 0.39545736
vn 1 -2.565157e-06 0
vn 1 -3.0659558e-06 0
vn 1 -4.1261619e-06 0
vn 0.21879913 0 0.97576994
vn 0.2187946 -2.5036573e-07 0.97577101
vn 0.21879134 3.8715693e-06 0.97577173
vn 0 -0.91848266 0.39546132
vn 0 -0.9184826 0.39546126
vn 0 -0.91848272 0.39546117
vn 0.90114862 9.39828e-07 0.43351042
vn 0.90114826 1.0518123e-07 0.43351114
vn 0.90114862 1.0450067e-06 0.43351033
vn 0 -1 1.6131292e-08
vn 0.21879449 1.2996999e-05 0.97577095
vn 0.21879578 1.0158723e-05 0.97577077
vn 0.21879642 8.7085245e-06 0.97577059
vn 0.21879457 1.2867812e-05 0.97577095
vn 8.236662e-07 -1 1.147463e-06
vn 1.9699337e-07 -1 1.2536277e-06
vn 1.5321782e-06 -1 7.1993372e-07
vn 1.2167419e-07 -1 9.0927318e-07
vn 2.7282326e-07 -1 1.1457035e-07
vn 1.4112688e-08 -0.91848278 0.39546117
vn 3.6697361e-07 -0.91848511 0.39545572
vn 0.21878947 3.3238896e-07 0.97577208
vn 0.21878494 1.4580151e-05 0.97577316
vn -1 -4.1633285e-08 0
vn -1 -7.1097134e-08 0
vn -1 -1.8073932e-07 0
vn -1.7521607e-07 1 8.1813338e-09
vn 1 1.7421416e-07 0
vn 1 1.4714352e-07 0
vn 0 -0.91848278 0.39546117
vn 0 -0.91848266 0.39546114
vn 0.21880038 -7.5445323e-06 0.9757697
vn 0.21880177 0 0.97576934
vn 0.21880177 0 0.9757694
vn 0.21880174 0 0.97576934
vn 1 -3.7446651e-07 0
vn 0 0.99999952 0.0010253647
vn 0 0.99999946 0.0010253647
vn 2.9566817e-07 -1 1.9847017e-10
vn 0.21877582 0 0.97577512
vn 0.21877705 9.7165412e-06 0.97577494
vn 0.21877666 6.5275954e-06 0.97577506
vn -7.5864741e-06 2.3906655e-06 1
vn 0.98053598 -6.7051963e-07 0.19633996
vn 0.98053592 -1.7346022e-06 0.19633995
vn -3.3658926e-06 1 -2.0342929e-06
vn -2.5762686e-06 1 -2.6005423e-06
vn -4.8249544e-06 1 -9.8798137e-07
vn -6.9482769e-07 5.0295885e-06 -1
vn -3.1464136e-08 -1.1511558e-05 -1
vn -7.1182535e-07 5.4023394e-06 -1
vn 0 -1.3148036e-05 -1
vn 0 -5.9644881e-06 -1
vn 0 -5.9644872e-06 -1
vn 0 5.4023385e-06 -1
vn 0 5.4023371e-06 -1
vn 0 2.7398835e-06 -1
vn 0 2.7398839e-06 -1
vn 0 -1.3148035e-05 -1
vn 7.512989e-07 -0.9184835 0.39545953
vn 9.1343225e-07 -0.91848302 0.39546046
vn 1 -2.5651441e-06 0
vn 1 -3.0659526e-06 0
vn 0 0.99999946 0.0010257248
vn 0 0.99999946 0.001025729
vn 0 0.99999946 0.0010257239
vn 0.90114862 0 0.43351033
vn 0.21879312 -1.915877e-05 0.97577125
vn 7.1866133e-08 -1 -3.2214075e-07
vn 0.21877556 0 0.9757753
vn 0.21875271 -7.1324139e-06 0.97578037
vn -0.0097529301 -0.98215872 -0.18780129
vn -0.0097529301 -0.98215866 -0.18780127
vn -0.0097529292 -0.98215866 -0.18780127
vn 0.21880582 2.6247382e-05 0.97576845
vn 0.98053598 -8.6729841e-07 0.19633995
vn 0 6.5739732e-06 -1
vn 0 0.91848242 0.39546204
vn 0 -0.99999952 0.0010256713
vn 0 -0.99999952 0.0010257193
vn 0 -0.99999952 0.0010254735
vn 0 -0.99999952 0.0010254253
vn 0.21879503 0 0.97577095
vn 0.9011482 0 0.43351123
vn 3.5297552e-07 -0.91848528 0.39545545
vn -7.893756e-08 1 -1.6302684e-07
vn 0.21880805 -9.8811433e-06 0.97576797
vn 0.21877764 1.4661045e-05 0.97577477
vn -0.0097531993 0.98215747 -0.18780753
vn -0.0097532002 0.98215753 -0.18780756
vn 0.21877584 0 0.97577512
vn -1.4433244e-05 0 1
vn 4.7215218e-11 1 -4.4480512e-06
vn 1 -4.1261269e-06 0
vn -1.3003572e-06 1 -8.6953543e-07
vn 0 1 -1.639849e-06
vn 0 0.99999946 0.0010257299
vn -0.22888413 0.38268825 -0.89507639
vn -0.22886676 0.38268778 -0.89508104
vn -0.22885987 0.3826876 -0.89508295
vn -0.094797209 0.92388004 -0.37075505
vn -0.094797112 0.92388022 -0.37075466
vn -0.09479706 0.92388028 -0.37075457
vn 0.094796732 0.92387962 0.37075627
vn 0.094794795 0.92387968 0.3707566
vn 0.09479402 0.92387968 0.37075675
vn 0.22885929 0.38267973 0.89508647
vn 0.22887689 0.38267797 0.89508259
vn 0.22888391 0.38267741 0.89508122
vn -0.96883178 4.3470945e-06 0.24772005
vn -0.96883172 2.4475482e-06 0.24772009
vn -0.96883118 3.7390798e-06 0.24772204
vn -0.96883637 -4.8219586e-06 0.2477019
vn -0.96883792 -8.9635887e-06 0.24769597
vn -0.96883804 -9.1699703e-06 0.24769534
vn -0.96883243 -1.7620953e-06 0.24771692
vn -0.96883249 -3.225362e-06 0.24771717
vn -0.96883577 -2.2924874e-06 0.24770404
vn -0.96883613 -4.7066073e-06 0.24770248
vn -0.094798714 -0.9238807 -0.37075302
vn -0.094801366 -0.9238798 -0.37075433
vn -0.094802938 -0.92387938 -0.37075517
vn 0.22885177 -0.38268182 0.89508754
vn 0.22884248 -0.38268271 0.89508945
vn 0.22883707 -0.38268325 0.89509058
vn -0.2288563 -0.38267994 -0.89508718
vn -0.2288563 -0.38267991 -0.89508706
vn -0.2288563 -0.38267985 -0.89508712
vn 0.094801247 -0.92387837 0.37075797
vn 0.09479855 -0.92387938 0.37075636
vn 0.094796948 -0.92387986 0.37075546
vn 0.97210348 -0.0056466376 -0.23448439
vn 0.97210354 -0.0056466381 -0.23448442
vn 0.97210354 -0.0056466386 -0.23448442
vn 0.97013199 -0.013675913 -0.24219221
vn 0.97012579 -0.013639057 -0.24221881
vn 0.97012466 -0.013632369 -0.24222362
vn 0.96731836 -0.013691979 -0.25319532
vn 0.96731836 -0.01369198 -0.25319532
vn 0.9673183 -0.013691979 -0.25319529
vn 0.96533823 -0.0056579746 -0.26094079
vn 0.96533823 -0.0056579751 -0.26094079
vn 0.96533823 -0.0056579756 -0.26094076
vn -0.22889107 0.38268846 -0.89507467
vn -0.094797246 0.92387998 -0.3707552
vn 0.094797492 0.92387962 0.37075606
vn 0.22885227 0.38268039 0.89508796
vn -0.9688319 2.4835181e-06 0.2477192
vn -0.96883672 -2.8828019e-06 0.24770042
vn -0.094797164 -0.92388117 -0.37075225
vn 0.22885713 -0.38268122 0.89508635
vn -0.22885627 -0.38267961 -0.89508718
vn -0.22885631 -0.38267967 -0.89508718
vn -0.22885633 -0.3826797 -0.89508724
vn 0.094802856 -0.92387789 0.37075889
vn 0.97210211 -0.0056470279 -0.23449039
vn 0.97210205 -0.0056470279 -0.23449041
vn 0.97210205 -0.0056470269 -0.23449036
vn 0.97013468 -0.0136921 -0.24218057
vn 0.96732491 -0.013663099 -0.25317165
vn 0.96732491 -0.013663101 -0.25317165
vn 0.96732491 -0.013663101 -0.25317168
vn 0.96534586 -0.0056557502 -0.26091251
vn 0.96534592 -0.0056557511 -0.26091257
vn 0.96534586 -0.0056557502 -0.26091257
vn -0.38268983 -0.92387688 0
vn -0.3826966 -0.92387408 0
vn -0.38270763 -0.92386955 0
vn 0 -2.0323967e-05 -1
vn 0 -4.064793e-05 -1
vn 2.8606733e-05 -3.0064968e-05 -1
vn -0.38270336 0.92387128 0
vn -0.38268307 0.92387968 0
vn -0.38273641 0.92385763 0
vn 0.38267651 0.92388242 0
vn 0.38265628 0.92389089 0
vn 0.38270956 0.92386872 0
vn -0.9990837 0.042801045 0
vn -0.99908364 0.042802058 0
vn -0.9990837 0.042798854 0
vn 0.92389739 0.38264036 0
vn 0.92390203 0.38262901 0
vn 0.92390966 0.38261062 0
vn -0.00054412207 0.00021870909 0.99999988
vn -0.00055928243 0.00021871808 0.99999982
vn -0.00067583163 0.00021878732 0.99999982
vn -0.99908352 -0.042803824 0
vn -0.99908352 -0.042803239 0
vn -0.99908352 -0.042805094 0
vn 0.92389357 -0.38264969 0
vn 0.9238959 -0.38264418 0
vn 0.92388982 -0.38265884 0
vn 0.38266301 -0.92388803 0
vn 0.38266975 -0.92388523 0
vn 0.38268074 -0.9238807 0
vn 0.00033802391 0 -0.99999994
vn 0.00033802397 0 -1
vn 0.00033802394 0 -1
vn -0.92380571 0.38286164 0
vn -0.92379159 0.38289595 0
vn -0.92381632 0.38283625 0
vn -5.2042757e-05 -1.3549095e-05 -1
vn -4.6055578e-05 -1.1990361e-05 -1
vn -0.00016895795 -1.8232278e-05 -1
vn -0.00016895794 -1.8232276e-05 -1
vn -0.00016895792 -1.8232276e-05 -1
vn 8.7904562e-05 -4.4000568e-05 -1
vn 0.00018351959 -2.4525566e-06 -1
vn 6.5268301e-05 -2.0824642e-05 -1
vn -1.2483736e-12 -1.1000495e-05 -1
vn 4.05397e-05 -1.01311e-05 -1
vn 0 -2.0323963e-05 -1
vn -2.8606733e-05 -1.4652358e-05 -1
vn -0.00010083259 -2.442642e-06 -1
vn 5.2046904e-05 -1.3550174e-05 -1
vn 8.6309032e-05 -1.4031137e-05 -1
vn -0.0005251941 -0.00018057234 0.99999988
vn -0.00052308541 -0.00018287248 0.99999994
vn -0.00052750541 -0.00017805131 0.99999994
vn -0.3827115 -0.92386794 -1.7805554e-05
vn -0.38268641 -0.92387837 -7.5780185e-06
vn -0.38273013 -0.92386025 -2.5383159e-05
vn 0.9239136 -0.38260117 0
vn 0.92390794 -0.38261512 0
vn 0.92391783 -0.38259092 0
vn 0.38273308 0.92385906 0
vn 0.3827334 0.92385888 0
vn 0.38273275 0.92385912 0
vn -0.38273376 0.9238587 0
vn -0.38273367 0.9238587 0
vn -0.38273385 0.92385864 0
vn -0.92379898 -0.38287804 0
vn -0.9237923 -0.38289392 0
vn -0.92380381 -0.38286611 0
vn 0.38271153 -0.923868 -7.5778316e-06
vn 0.38268644 -0.92387837 -1.7805622e-05
vn 0.38273013 -0.92386025 0
vn 0.923917 0.38259295 0
vn 0.92390937 0.38261154 0
vn 0.92392272 0.38257915 0
vn -9.6983829e-05 -0.0005144577 0.99999988
vn -0.00010527071 -0.0005160165 0.99999994
vn -8.7904555e-05 -0.00051274977 0.99999994
vn 0.00016900823 -0.00052800629 0.99999988
vn 0.00016900823 -0.00052800629 0.99999994
vn 0.00050704431 -0.00020045233 0.99999994
vn 0.00050704437 -0.00020045236 0.99999994
vn 0.00050704437 -0.00020045234 0.99999994
vn 0.00052743574 0.00021871329 0.99999994
vn 0.00052743574 0.00021871328 0.99999988
vn 0.00052743574 0.00021871331 0.99999994
vn 0.0001758256 0.00052801345 0.99999994
vn 0.00017582557 0.00052801333 0.99999982
vn 0.0001758256 0.00052801339 0.99999988
vn -0.00015612824 0.00052308221 0.99999988
vn -0.00013816672 0.000518588 0.99999994
vn 0 0.00048401643 0.99999988
vn -0.38267881 -0.92388147 0
vn 7.6202952e-05 1.6948459e-05 1
vn -0.38265008 0.92389345 0
vn 0.3826232 0.92390454 0
vn -0.99908352 0.042804249 0
vn 0.92388982 0.38265881 0
vn -0.00052750541 0.00021869924 0.99999988
vn -0.99908358 -0.042801969 0
vn 0.92389965 -0.38263497 0
vn 0.38265201 -0.92389262 0
vn -5.8608544e-05 -4.4001121e-05 -1
vn -0.92378098 0.38292131 0
vn -5.8603044e-05 -1.5257035e-05 -1
vn -0.00033802391 0 -0.99999994
vn -0.00033802394 0 -1
vn -0.00033802397 0 -1
vn -0.00050687377 -0.00020055503 0.99999994
vn -0.38266781 -0.92388612 0
vn 0.92390358 -0.38262537 0
vn 0.3827337 0.92385882 0
vn -0.3827337 0.92385882 0
vn -0.92378742 -0.38290578 0
vn 0.38266775 -0.92388606 -2.5383864e-05
vn 0.92390358 0.38262537 0
vn -0.00016900823 -0.00052800629 0.99999994
vn 0.00011721707 -0.00051275495 0.99999994
vn 0.00011721707 -0.00051275489 0.99999988
vn 0.00011721707 -0.00051275489 0.99999994
vn 0.00052743574 -0.00017806537 0.99999994
vn 0.00052743574 -0.00017806538 0.99999994
vn 0.00052743568 -0.00017806535 0.99999982
vn 0.00067605905 0.00021867522 0.99999976
vn 0.00067605905 0.00021867521 0.99999976
vn 0.00067605905 0.00021867522 0.99999982
vn 0 0.0004840164 0.99999988
vn -0.00017580908 0.00052800676 0.99999988
vn 1 1.3102347e-07 0
vn 1 1.284107e-07 0
vn -1 -7.2625753e-08 0
vn 0 -0.56874925 -0.82251108
vn 0 -0.56874919 -0.82251108
vn 0 -0.56874913 -0.82251108
vn -1 2.163935e-07 0
vn -1 2.9598726e-07 0
vn 0 0.56876194 -0.8225022
vn 0 0.56876165 -0.82250243
vn 1 2.8208692e-07 0
vn -1 -3.007373e-07 0
vn 0 -0.56874931 -0.82251096
vn 1 1.3825293e-06 0
vn -1 -1.3858366e-07 0
vn 1 -1.6923077e-06 0
vn 1 -5.1366538e-07 0
vn 2.0769864e-06 -0.56875926 -0.82250398
vn 3.0788426e-06 -0.56876087 -0.82250297
vn 5.1558541e-06 -0.56876397 -0.82250077
vn -1.9649326e-06 0 -1
vn -1.1346599e-06 0 -1
vn -4.2342845e-06 0 -1
vn 1 -1.1284081e-06 0
vn 0 -0.56875622 -0.82250625
vn 1 -3.3846716e-06 0
vn 1 -1.6010445e-06 0
vn 0 -1.6456166e-10 1
vn -1 -1.716414e-05 -3.3102046e-05
vn 0 -0.56876761 -0.82249826
vn 0 -0.56876761 -0.82249838
vn 0 -0.56876755 -0.82249832
vn 0 8.5933552e-06 -1
vn 0 3.7201744e-06 -1
vn 1 -3.6260503e-06 0
vn 1 -2.2568042e-06 0
vn -1 -9.4084925e-07 0
vn -1 -3.3846652e-06 0
vn -1 -1.6759266e-05 0
vn 1 -2.256802e-06 0
vn -1 -2.5607758e-05 0
vn -1 -2.560776e-05 0
vn -1 -2.212156e-05 0
vn -1 -4.4242894e-05 0
vn 0 -0.56874293 -0.82251543
vn 0 -0.56874287 -0.82251537
vn 0 -0.56874287 -0.82251543
vn 0 8.0164864e-06 -1
vn -1 2.775841e-06 0
vn 4.2977865e-07 1 -7.1574277e-07
vn -2.5526748e-07 1 -1.0025142e-06
vn 4.8645205e-07 1 -7.570232e-07
vn -0.13710082 0 -0.99055719
vn -0.13710068 0 -0.99055713
vn -0.13710079 0 -0.99055713
vn -4.0791983e-07 1 -6.3614777e-07
vn 1.991458e-06 1 4.2136598e-06
vn -2.3738177e-07 1 -7.7982105e-07
vn -0.9174183 0 -0.39792427
vn -0.917418 0 -0.3979249
vn -0.91741842 0 -0.39792415
vn -0.35435385 -7.0109922e-06 0.93511146
vn -0.35435382 -7.0109927e-06 0.93511146
vn 0.98820406 2.0026928e-06 -0.15314296
vn 0.988204 2.4217846e-07 -0.15314375
vn 0.98820418 1.2435216e-06 -0.15314271
vn 0 1 -4.1526436e-09
vn 0 1 -1.2040664e-06
vn 0.82558781 6.6944233e-07 0.56427377
vn 0.82558876 -2.8312927e-06 0.56427234
vn 0.82558841 1.9262338e-06 0.56427276
vn 0.028116303 1.4742187e-06 -0.9996047
vn 0.028116301 1.4742187e-06 -0.99960464
vn 0.028116301 1.4742187e-06 -0.9996047
vn 0.1041391 -1.4738444e-07 0.9945628
vn 0.10413752 -1.020305e-05 0.99456292
vn 0.10413753 -9.2030605e-06 0.99456292
vn 0.99759632 -6.6787271e-07 0.06929449
vn 0.9975962 -1.3441689e-07 0.069295257
vn 0.99759632 -4.683483e-07 0.069293983
vn 0.92764825 1.6333292e-06 0.37345508
vn 0.92764789 -2.1953231e-07 0.37345597
vn 0.92764831 -4.6102e-06 0.37345508
vn 2.0073021e-06 1 1.4602199e-06
vn 3.3485176e-07 1 8.59198e-07
vn 2.2873878e-06 1 1.8327536e-06
vn 8.6033316e-07 1 -5.8288538e-07
vn -0.46156517 2.1757106e-07 0.88710636
vn -0.46156514 -9.3806348e-06 0.88710642
vn -0.46156514 -8.9455089e-06 0.88710642
vn -0.059447426 0.90110487 -0.42950681
vn -0.059448004 0.90110433 -0.42950791
vn -0.059447404 0.90110487 -0.42950681
vn -0.39779523 0.90110391 -0.17254198
vn -0.39779934 0.90110165 -0.17254493
vn -0.39779988 0.90110135 -0.17254528
vn 0.14048496 -1.6929725e-09 0.99008292
vn 0.14048496 9.6069916e-06 0.99008286
vn 0.14048497 -5.5847316e-08 0.99008286
vn 0.11250684 0.59885013 0.79291916
vn 0.11250732 0.59885794 0.7929132
vn 0.11250732 0.59885824 0.7929129
vn -0.3250114 0.71005052 0.62465668
vn -0.32501137 0.71005046 0.62465668
vn -0.32501143 0.71005046 0.62465674
vn 0.69041079 0.66789192 0.27794501
vn 0.69039923 0.66790473 0.27794287
vn 0.69041163 0.66789091 0.27794519
vn -0.25264493 0.70118463 0.6667164
vn -0.2526432 0.7011866 0.66671497
vn -0.25264028 0.70118994 0.66671258
vn 0.73546946 0.66790372 -0.11397079
vn 0.73546946 0.66790372 -0.11397078
vn 0.73546952 0.66790372 -0.11397079
vn 0.61445385 0.66788703 0.41996849
vn 0.61445385 0.66788703 0.41996846
vn 0.82223904 0.56626928 0.057114609
vn 0.8222391 0.56626934 0.057114616
vn 0.82223904 0.56626934 0.057114616
vn 0.083579957 0.59654689 0.79821444
vn 0.083579965 0.59654689 0.79821444
vn -0.99172407 -6.4283468e-06 0.12838763
vn -0.99172419 -5.9021254e-06 0.128387
vn -0.99172407 -6.6059674e-06 0.12838784
vn 4.4051347e-07 1 2.5647738e-05
vn 2.4106532e-07 1 3.2865737e-05
vn -6.75612e-07 1 -8.4998856e-06
vn -9.1457821e-08 1 -9.0184875e-07
vn -4.0851446e-06 1 -9.7892853e-06
vn 6.2268231e-07 1 8.9921559e-06
vn 0.59814596 0 0.80138719
vn 0.59814203 8.5236678e-07 0.80139017
vn 0.59814775 0 0.80138594
vn 0.39491263 9.2221053e-06 -0.9187187
vn 0.39491263 9.2221044e-06 -0.91871876
vn 0.39491266 9.2221044e-06 -0.91871876
vn -0.39493039 0 0.91871113
vn -0.39493036 0 0.91871107
vn -0.39493036 0 0.91871113
vn -0.99309236 9.2229203e-07 0.11733539
vn -0.99309212 1.710311e-06 0.11733716
vn -0.9930926 0 0.11733367
vn 0.39493838 -5.5332098e-06 -0.91870767
vn 0.39493838 -5.5332093e-06 -0.91870773
vn 0.39493835 -5.5332089e-06 -0.91870767
vn 0.59817815 1.8442515e-06 0.80136323
vn 0.59816879 9.2079785e-07 0.80137026
vn 0.59818292 3.6888439e-06 0.80135959
vn -0.59818202 7.3776764e-06 -0.80136025
vn -0.59818208 7.3776769e-06 -0.80136031
vn -0.59818208 7.3776773e-06 -0.80136031
vn 0.99308997 0 -0.11735527
vn 0.9930898 -1.1520386e-07 -0.11735774
vn 0.99309021 0 -0.11735357
vn 0.99309248 0 -0.11733459
vn 0.9930923 -4.6724065e-08 -0.11733633
vn 0.9930926 0 -0.11733374
vn -0.59817564 -3.6889764e-06 -0.80136508
vn -0.59817564 -3.6889764e-06 -0.80136502
vn -0.59817564 -3.6889769e-06 -0.80136514
vn -0.9930898 0 0.11735722
vn -0.99308962 1.180726e-06 0.11735881
vn -0.99308991 0 0.11735624
vn -0.39492813 4.150073e-06 0.91871202
vn -0.39494061 4.5658876e-06 0.91870677
vn -0.39492193 3.6889282e-06 0.91871476
vn 0.50000793 -1.2623274e-05 0.86602086
vn 0.50000787 -1.2623273e-05 0.86602086
vn 0.50000793 -1.2623274e-05 0.86602086
vn -0.49999315 -6.9159887e-06 0.86602938
vn -0.49999723 -1.8329549e-05 0.86602706
vn -0.49999967 -2.5245161e-05 0.86602569
vn 0.49999425 1.4578402e-05 -0.86602873
vn 0.49999428 1.8289838e-05 -0.86602873
vn 0.49999428 0 -0.86602873
vn 1 -5.7068905e-06 0
vn 1 5.7068823e-06 0
vn 1 1.2622788e-05 0
vn 0.50000066 -1.8329585e-05 0.86602503
vn 0.50000107 -6.9160687e-06 0.86602485
vn 0.50000131 0 0.86602473
vn 0.50001138 1.0443688e-05 -0.86601889
vn 0.50000572 1.5172468e-05 -0.86602217
vn 0.49999321 2.5616506e-05 -0.86602938
vn -0.49998546 1.2622688e-05 -0.86603385
vn -0.49998546 1.2622686e-05 -0.86603379
vn -0.49999872 -1.4424187e-05 0.86602616
vn -0.49999309 -1.6315789e-05 0.86602944
vn -0.49998057 -2.0493526e-05 0.86603665
vn -0.49994251 8.2167917e-06 0.86605859
vn -0.49994248 8.2167917e-06 0.86605865
vn -0.49994254 8.2167926e-06 0.86605871
vn -0.50010204 2.8082999e-05 -0.86596656
vn -0.5001021 2.8082999e-05 -0.86596656
vn 0.50001526 -1.262312e-05 -0.86601669
vn 0.50001526 -1.2623119e-05 -0.86601663
vn 0.50001526 -1.262312e-05 -0.86601663
vn -1 -5.7068055e-06 0
vn -1 5.7068778e-06 0
vn -1 1.262279e-05 0
vn -0.50000113 7.7077621e-06 -0.86602485
vn -0.50000119 1.904021e-05 -0.86602485
vn -0.50000107 0 -0.86602479
vn 0 1 6.8253122e-08
vn 0 1 9.6555468e-08
vn 0 1 5.0351773e-08
vn 0 1 -5.3864637e-09
vn 0 1 3.3318372e-08
vn 0 1 5.8668061e-08
vn 0 -1 -2.3195701e-08
vn 0 -1 -9.0406242e-09
vn 0 -1 -9.1019947e-09
vn -0.13710092 0 -0.99055707
vn 4.5779007e-07 -1 -4.9214254e-06
vn 5.5934163e-07 -1 -1.6116949e-06
vn 2.5737549e-07 -1 -5.5113924e-06
vn -0.35434797 6.1279479e-06 0.93511367
vn -0.35434797 6.1279479e-06 0.93511373
vn -0.35434797 6.1279475e-06 0.93511367
vn 0.98820406 0 -0.15314294
vn 0 -1 2.2576728e-07
vn 0 -1 7.7865597e-10
vn 0.82558745 5.3449535e-06 0.56427431
vn 0.028118297 2.4054646e-06 -0.99960458
vn 0.028118297 2.4054648e-06 -0.99960464
vn 0.028118297 2.4054648e-06 -0.99960458
vn 0.1041391 1.0054621e-05 0.9945628
vn 0.10414225 8.7598373e-06 0.99456251
vn 0.99759632 0 0.06929449
vn 0.92764807 3.8285657e-07 0.37345555
vn 0.92764831 8.0401842e-06 0.37345508
vn 0 -1 1.3977473e-08
vn -0.4615652 9.4555899e-06 0.88710642
vn -0.46156526 9.4555862e-06 0.88710636
vn -0.059447605 -0.90110403 -0.42950863
vn -0.05944613 -0.90110713 -0.4295024
vn -0.059446037 -0.90110719 -0.42950195
vn -0.39779794 -0.90110177 -0.17254676
vn -0.39778534 -0.90110898 -0.17253815
vn -0.39779958 -0.90110093 -0.17254782
vn 0.14048494 -9.7152997e-06 0.99008286
vn 0.11250918 -0.59885198 0.79291737
vn 0.11250675 -0.59885609 0.79291469
vn 0.1125093 -0.5988518 0.79291743
vn -0.3250069 -0.71005481 0.62465411
vn -0.32500687 -0.71005476 0.62465411
vn 0.69039607 -0.66790861 0.27794147
vn 0.69039607 -0.66790861 0.27794144
vn -0.25264341 -0.70118499 0.66671664
vn -0.25264475 -0.70118433 0.66671669
vn -0.25264105 -0.70118594 0.66671646
vn 0.73547405 -0.66789758 -0.11397741
vn 0.73547405 -0.66789752 -0.11397741
vn 0.61445427 -0.66788763 0.4199667
vn 0.61445433 -0.66788757 0.41996676
vn 0.61445439 -0.66788757 0.41996676
vn 0.82224303 -0.56626475 0.057103928
vn 0.82224 -0.56626821 0.057111856
vn 0.82228261 -0.56621802 0.056997512
vn 0.083590731 -0.59655154 0.79820979
vn 0.083590746 -0.59655154 0.79820985
vn 0.083590746 -0.5965516 0.79820985
vn -0.99172354 -8.8518746e-06 0.12839252
vn -0.99172354 -8.8518755e-06 0.12839253
vn -0.99172348 -8.8518755e-06 0.12839253
vn 0 -1 3.1709698e-07
vn 0 -1 2.7054571e-07
vn 0 -1 -1.5538322e-07
vn 0.59814161 5.1133215e-06 0.80139041
vn 0.59814161 6.818057e-06 0.80139041
vn 0.39491346 -5.3214085e-06 -0.91871834
vn 0.39491346 -5.3214085e-06 -0.9187184
vn 0.39491349 -5.3214085e-06 -0.9187184
vn -0.39493042 4.6240934e-06 0.91871113
vn -0.39493036 4.6240934e-06 0.91871107
vn -0.39493033 4.6240934e-06 0.91871107
vn -0.993092 1.9618662e-06 0.1173389
vn -0.99309182 2.615928e-06 0.11734062
vn 0.39493838 -2.929386e-06 -0.91870767
vn 0.59817821 3.6797419e-06 0.80136323
vn 0.59818292 3.6766858e-06 0.80135959
vn -0.59818292 -1.9819879e-06 -0.80135959
vn -0.59818298 -1.9819881e-06 -0.80135965
vn -0.59818298 -1.9819884e-06 -0.80135959
vn 0.99308985 -6.9112355e-07 -0.11735673
vn 0.99308991 -9.215301e-07 -0.11735673
vn 0.99309242 -2.8030237e-07 -0.11733459
vn 0.9930926 -3.7374645e-07 -0.11733375
vn -0.59817511 -1.4344773e-06 -0.80136544
vn -0.59817517 -1.4344773e-06 -0.80136538
vn -0.99308926 -2.9299244e-07 0.11736189
vn -0.99308902 -1.6204839e-06 0.1173636
vn -0.39492813 4.8008628e-06 0.91871214
vn -0.3949219 5.1715692e-06 0.91871476
vn 0.50000787 1.3493125e-05 0.86602086
vn 0.50000793 1.3493127e-05 0.86602086
vn 0.50000793 1.3493128e-05 0.86602086
vn -0.49999493 2.8647355e-06 0.86602837
vn -0.49998638 -6.779298e-06 0.86603338
vn -0.50000012 8.7081935e-06 0.86602539
vn 0.50000519 -1.2375631e-05 -0.86602241
vn 0.50001347 -1.3434143e-05 -0.86601758
vn 0.50004625 -1.7592261e-05 -0.86599874
vn 0.50000066 -5.8320056e-06 0.86602497
vn 0.49999207 9.589814e-06 0.8660301
vn 0.5000059 -1.5176531e-05 0.86602211
vn 0.50000787 -1.3547437e-05 -0.86602086
vn 0.49999937 -1.2518741e-05 -0.86602581
vn 0.50002676 -1.5819332e-05 -0.86601007
vn -0.49997956 2.350551e-05 -0.86603731
vn -0.4999795 2.3505507e-05 -0.86603725
vn -0.4999795 2.3505507e-05 -0.86603731
vn -1 1.7146998e-06 0
vn -1 2.3969026e-06 0
vn -0.49999318 1.3805022e-05 0.86602944
vn -0.49999884 1.2695955e-05 0.86602616
vn -0.49998057 1.625448e-05 0.86603665
vn -1 7.1247581e-07 0
vn -0.49994227 1.8291183e-05 0.86605877
vn -0.49994227 1.8291181e-05 0.86605883
vn -0.49994227 1.8291181e-05 0.86605877
vn -0.4999364 1.1594708e-05 -0.86606222
vn -0.49993625 -1.5085185e-05 -0.86606222
vn -0.49993622 -1.753337e-05 -0.86606222
vn 0.50001734 2.3190803e-05 -0.86601543
vn 0.50001734 2.3190807e-05 -0.86601549
vn 0.50001734 2.3190807e-05 -0.86601543
vn 1 -3.7387397e-06 0
vn 1 6.4495398e-06 0
vn 1 -9.9121171e-06 0
vn -1 -5.1003772e-06 0
vn -1 -1.9244133e-06 0
vn -1 -7.0247984e-06 0
vn -0.50000381 -1.3374092e-05 -0.86602324
vn -0.50000387 -1.3374094e-05 -0.8660233
vn -0.50000387 -1.3374095e-05 -0.86602324
vn 0 -1 3.4126597e-08
vn 0 -1 8.0434308e-09
vn 1.9047428e-06 -1 -5.3966733e-07
vn -4.198493e-07 -1 -2.9771186e-06
vn 1.0484123e-08 -1 -1.1410368e-06
vn -0.13710095 0 -0.99055707
vn -7.1844127e-08 1 -2.9268048e-08
vn -7.6854366e-07 1 4.2393194e-06
vn 5.5934134e-07 1 -1.6116988e-06
vn 0 1 -4.8415535e-07
vn 3.9295995e-07 1 -2.0793241e-06
vn -8.1548171e-07 1 1.5743618e-07
vn 0 1 3.5866996e-08
vn 3.2416207e-08 1 7.3812498e-07
vn -0.91741794 0 -0.39792508
vn -0.35433701 2.6418808e-11 0.93511784
vn -0.35433701 0 0.9351179
vn -0.35433239 -1.2255972e-05 0.93511963
vn 0.98820388 0 -0.15314399
vn 0.82558745 -8.1470307e-06 0.56427419
vn 0.028120082 3.4815871e-06 -0.99960452
vn 0.028120084 3.4815871e-06 -0.99960452
vn 0.028120084 3.4815876e-06 -0.99960458
vn 0.028105315 8.5702623e-06 -0.999605
vn 0.028105311 8.5702604e-06 -0.99960494
vn 0.028105313 8.5702613e-06 -0.999605
vn 0.028111512 0 -0.99960488
vn 0.028111512 0 -0.99960482
vn 0.10413753 0 0.99456292
vn 0.99759614 0 0.069295771
vn 0.92764801 0 0.37345582
vn -2.2889155e-08 1 8.0768842e-07
vn 1.8001783e-06 1 2.6831162e-06
vn 9.9132887e-07 1 0
vn 9.913291e-07 1 0
vn 0 1 8.5756582e-08
vn 0 1 8.4178971e-08
vn -0.46156517 -8.1327089e-12 0.88710642
vn -0.059448034 0.90110421 -0.42950803
vn -0.39779407 0.90110457 -0.17254116
vn 0.14048496 -1.022713e-05 0.9900828
vn 0.11250683 0.59884983 0.79291946
vn -0.32499817 0.71006417 0.62464797
vn 0.6903984 0.66790563 0.27794275
vn -0.25264776 0.70118141 0.66671866
vn 0.73547423 0.66789716 -0.11397831
vn 0.73547423 0.66789722 -0.1139783
vn 0.61445123 0.6678921 0.41996413
vn 0.61445123 0.6678921 0.41996419
vn 0.61445117 0.6678921 0.41996413
vn 0.82229084 0.5662058 0.056998298
vn 0.8222909 0.56620586 0.056998305
vn 0.82229084 0.56620586 0.056998305
vn 0.083568677 0.59654021 0.79822052
vn 0.083568692 0.59654027 0.79822057
vn 0.083568677 0.59654027 0.79822046
vn -0.99172604 0 0.12837224
vn -0.9917261 0 0.12837224
vn -0.99172604 0 0.12837225
vn -0.9917236 8.8518282e-06 0.12839152
vn -0.9917236 8.8518291e-06 0.12839152
vn -0.9917236 8.85183e-06 0.12839153
vn -0.99172509 0 0.12837997
vn -8.0892175e-07 1 1.2213488e-07
vn 2.168873e-07 1 -1.7782967e-06
vn 0 1 8.796512e-08
vn -1.9845234e-07 1 -2.0241835e-06
vn 0 1 1.5651644e-09
vn -9.0266758e-07 1 -1.2304388e-06
vn -6.7311942e-07 1 -4.387779e-07
vn -1.4217321e-06 1 4.2399438e-07
vn -1.3830648e-06 1 1.9737026e-06
vn -9.6242036e-07 1 -1.1341813e-06
vn 0.59814113 0 0.80139083
vn 0.39490065 2.7666542e-06 -0.91872388
vn 0.39490062 2.766649e-06 -0.91872394
vn -0.39493033 1.8445023e-06 0.91871107
vn -0.39493036 1.8445049e-06 0.91871107
vn -0.99309218 1.8444757e-06 0.11733718
vn 0.39491346 -3.6888491e-06 -0.91871834
vn 0.39491346 -4.6110626e-06 -0.91871834
vn 0.39491343 -4.6110604e-06 -0.91871834
vn 0.59816402 0 0.80137372
vn -0.59816301 7.3778065e-06 -0.8013745
vn -0.59816349 -6.438977e-12 -0.80137408
vn -0.5981636 1.0451943e-11 -0.80137414
vn 0.99308968 0 -0.11735859
vn 0.99309218 0 -0.11733718
vn -0.59821212 7.3776837e-06 -0.80133778
vn -0.59821266 -6.4388707e-12 -0.80133748
vn -0.5982126 1.0451754e-11 -0.80133748
vn -0.99308968 1.8444351e-06 0.11735846
vn -0.39494684 4.6111081e-06 0.91870403
vn 0.50001734 1.2623194e-05 0.86601537
vn 0.50001734 1.2623195e-05 0.86601549
vn 0.50001734 1.2623194e-05 0.86601549
vn -0.49999064 0 0.86603087
vn 0.49999431 3.2868411e-05 -0.86602879
vn 1 -1.2622756e-05 0
vn 0.50000048 -2.5245536e-05 0.86602515
vn 0.5000239 0 -0.86601168
vn -0.49997261 -6.3113516e-06 -0.8660413
vn -0.49997264 -6.3113516e-06 -0.8660413
vn -0.49997261 -6.3113507e-06 -0.86604124
vn -0.50001121 -1.0246551e-05 0.86601907
vn -0.50001639 -8.216386e-06 0.86601603
vn -0.50001633 -8.2163851e-06 0.86601597
vn -0.49976513 0 -0.86616105
vn -0.49976507 0 -0.86616099
vn 0.49998894 1.2623434e-05 -0.86603189
vn 0.49998897 1.2623434e-05 -0.86603189
vn 0.49998894 1.2623433e-05 -0.86603177
vn -1 -1.2622756e-05 0
vn -0.50000119 2.6748046e-05 -0.86602479
vn 0 1 7.2524891e-08
vn 0 1 7.2521068e-08
vn 0 1 -3.3942953e-07
vn 0 1 -2.7013105e-08
vn -0.13710068 0 -0.99055719
vn -4.0731661e-07 -1 -1.1674248e-07
vn -8.2592976e-07 -1 -2.2056977e-06
vn 7.2071117e-07 -1 4.0784589e-06
vn 9.8523273e-08 -1 1.6947498e-08
vn 0 -1 6.7068811e-08
vn 0 -1 9.9880806e-09
vn 3.9295594e-07 -1 -2.0793061e-06
vn -0.917418 0 -0.39792493
vn -0.35434151 1.2255861e-05 0.93511605
vn 0.98820388 0 -0.15314397
vn 0.82558745 8.1470298e-06 0.56427419
vn 0.028104421 0 -0.999605
vn 0.028104424 0 -0.99960506
vn 0.028104426 0 -0.999605
vn 0.028128389 2.8252161e-06 -0.9996044
vn 0.028162107 0 -0.99960345
vn 0.028125545 3.0634915e-06 -0.99960446
vn 0.028124718 3.1327766e-06 -0.99960446
vn 0 -1 2.8795251e-09
vn -0.059447657 -0.90110385 -0.42950884
vn -0.39778191 -0.90111095 -0.17253579
vn 0.14048496 1.0227129e-05 0.9900828
vn 0.11250666 -0.59885627 0.79291463
vn -0.32500482 -0.71006101 0.62464809
vn -0.32500479 -0.71006107 0.62464809
vn -0.32500479 -0.71006101 0.62464815
vn 0.69040823 -0.66789484 0.27794439
vn 0.69040823 -0.66789484 0.27794436
vn -0.25264707 -0.70118344 0.66671675
vn 0.73546821 -0.66790521 -0.11397005
vn 0.73546821 -0.66790521 -0.11397006
vn 0.73546821 -0.66790521 -0.11397006
vn 0.61444819 -0.66789305 0.41996697
vn 0.61444825 -0.66789305 0.41996697
vn 0.61444825 -0.66789305 0.41996706
vn 0.82223904 -0.56626934 0.057114393
vn 0.083568506 -0.59653902 0.79822141
vn 0.083568513 -0.59653902 0.79822159
vn 0.083568513 -0.59653902 0.79822147
vn -0.99172723 0 0.12836391
vn -0.99172717 0 0.12836391
vn -0.99172413 9.9089175e-06 0.12838742
vn -0.99172515 0 0.12837948
vn -0.99172521 0 0.12837949
vn -4.6032423e-07 -1 -1.0266147e-06
vn 0 -1 -7.316148e-08
vn 0 -1 -2.4995049e-07
vn 0 -1 3.3391423e-08
vn 0 -1 2.4924514e-08
vn 0 -1 1.5267059e-07
vn 0 -1 2.5553479e-08
vn 2.1688774e-07 -1 -1.7783003e-06
vn 0 -1 -3.7277291e-06
vn 0 -1 -1.1323575e-10
vn 0 -1 1.4504502e-07
vn 0.39488858 -3.6888925e-06 -0.91872913
vn -0.39493042 3.6890076e-06 0.91871113
vn 0.39491346 -5.5332739e-06 -0.91871834
vn -0.59816402 -7.3778174e-06 -0.80137372
vn -0.59821302 -7.3776955e-06 -0.80133712
vn 0.50001717 0 0.86601555
vn 0.50001717 0 0.86601561
vn 0.50001717 0 0.86601549
vn -0.49998116 -1.2622917e-05 0.8660363
vn 0.49997243 -8.2172837e-06 -0.86604136
vn 0.49998677 1.893459e-05 0.86603302
vn 0.49998063 -1.0246766e-05 -0.86603665
vn -0.49999431 1.2622611e-05 -0.86602867
vn -0.49999431 1.2622613e-05 -0.86602873
vn -0.49999431 1.2622612e-05 -0.86602873
vn -0.50001132 1.0246553e-05 0.86601889
vn -0.50001645 8.2163879e-06 0.86601597
vn -0.50001645 8.216386e-06 0.86601585
vn -0.50001645 8.216387e-06 0.86601591
vn -0.49993637 1.4043157e-05 -0.86606216
vn 0.50001192 2.5246116e-05 -0.86601865
vn 0.50001186 2.524611e-05 -0.86601859
vn 0.5000118 2.524611e-05 -0.86601853
vn 1 1.2622917e-05 0
vn -0.50000376 -1.337409e-05 -0.86602318
vn 0 -1 -3.6261966e-08
vn 0 -1 2.749861e-08
vn 1.9191602e-06 -1 -3.2660676e-06
vn -4.4295462e-06 -1 -1.5803722e-06
vn 1.0629965e-06 -1 3.0428384e-07
vn 1 2.00108e-07 0
vn 1 2.5383906e-06 0
vn 1 1.6925723e-06 0
vn 0 0.56874764 -0.82251215
vn 0 0.56874764 -0.82251221
vn 1 -5.8416163e-07 0
vn 0 -0.56876397 -0.82250082
vn 0 -0.56876391 -0.82250082
vn 1 -1.718665e-06 0
vn -1 -4.2911088e-06 0
vn -1 -4.2911083e-06 0
vn 1 -4.0466171e-06 0
vn -1 5.5269857e-06 0
vn -1 5.5269861e-06 0
vn -1 5.5269866e-06 0
vn -1 5.2099121e-09 0
vn 0 0.56875157 -0.82250935
vn 0 0.56875163 -0.82250947
vn 0 0.56875157 -0.82250941
vn 1 1.1781024e-11 0
vn -1 3.3845672e-06 0
vn -1 2.2567847e-06 0
vn -1 -1.7315153e-07 0
vn 0 -0.56876183 -0.82250232
vn 1 1.692211e-06 0
vn 1 1.1283811e-06 0
vn -1 6.515196e-07 0
vn -1 -7.721639e-07 0
vn 0 0.56876367 -0.82250112
vn 0 0.56876373 -0.82250106
vn 1 -1.1283693e-06 0
vn -1 -1.8277223e-06 0
vn -1 1.3743746e-06 0
vn 1 -2.0012239e-07 0
vn -1 1.1682562e-06 0
vn -1 5.0378185e-07 0
vn 1.6125881e-05 -8.5929578e-06 -1
vn 1.3962693e-05 0 -1
vn 0 1 -2.7137126e-05
vn 0 1 -2.713713e-05
vn 1 -8.4612975e-07 0
vn 1 -5.6418776e-07 0
vn -1 5.6418776e-07 0
vn -1 -9.2365532e-08 0
vn 0 0.56875366 -0.82250792
vn 0 0.56875372 -0.82250792
vn 0 0.56875372 -0.82250798
vn 1.6125881e-05 8.5929578e-06 -1
vn -1 5.4373936e-07 0
vn 3.0088575e-05 0 -1
vn 0 0.5687536 -0.82250804
vn 0 0.5687536 -0.82250798
vn 0 0.56875354 -0.8225081
vn 1 2.2877853e-06 0
vn -1 4.5136117e-06 0
vn -1 7.2519993e-06 0
vn 1 6.4419589e-07 0
vn -1 -9.2035356e-07 0
vn -1 -1.6329001e-06 0
vn 1 -1.1283742e-06 0
vn -1 -2.1784158e-06 0
vn 1 8.4615465e-07 0
vn 1 4.0023986e-07 0
vn -1 -5.5153514e-08 0
vn 0 -0.56873614 -0.82252014
vn 0 -0.56873614 -0.82252002
vn 0 0.56876248 -0.82250178
vn 0 0.56876248 -0.82250196
vn 1 5.6416371e-07 0
vn -1 -7.6957583e-08 0
vn 0 -0.56873542 -0.82252061
vn 0 -0.56873536 -0.82252055
vn 1 -2.7650585e-06 0
vn -1 -1.5391439e-07 0
vn 0.50000548 -0.86602229 0
vn 0.50000548 -0.86602223 0
vn -0.49998653 0.86603326 0
vn -0.49999052 0.86603081 0
vn -0.49999136 0.86603045 0
vn -0.49998799 -0.86603242 0
vn -0.49998909 -0.86603165 0
vn -0.49998933 -0.86603165 0
vn 1.8676585e-05 0 1
vn -8.7153639e-06 0 1
vn 3.9220795e-05 0 1
vn 0.50000197 -0.86602426 0
vn -0.49998578 0.86603361 0
vn -0.49998781 -0.86603248 0
vn -5.2292155e-05 0 1
vn -5.2292151e-05 0 1
vn 0.50005072 2.7626188e-06 -0.86599612
vn 0.50001121 1.8876453e-07 -0.86601901
vn 0.50000829 0 -0.86602062
vn 0.50001121 0 0.86601901
vn 0.50005072 0 0.86599612
vn 0.50005358 0 0.86599445
vn -0.49999365 0 0.86602902
vn -0.49999362 0 0.86602914
vn -0.49999365 0 0.86602908
vn -0.49999365 0 -0.86602902
vn -0.49999362 0 -0.86602914
vn -0.49999365 0 -0.86602908
vn 0.50005364 2.9513697e-06 -0.86599451
vn 0.50000829 0 0.86602062
vn 0.49998501 3.0990373e-06 -0.86603409
vn 0.49998549 2.9011098e-06 -0.86603379
vn 0.49998558 2.8778709e-06 -0.86603385
vn 1 -1.754786e-09 0
vn 1 -1.6700916e-08 0
vn 1 -1.8455625e-08 0
vn 0.49998555 0 0.86603385
vn 0.49998558 0 0.86603379
vn -0.50002545 0 0.86601073
vn -0.50002551 0 0.86601079
vn -0.50002551 0 0.86601067
vn -0.50002551 2.9602768e-06 -0.86601067
vn -0.50002557 2.9780838e-06 -0.86601067
vn -0.50002551 2.980174e-06 -0.86601067
vn -4.9996174e-06 -1 2.9951732e-06
vn -4.166428e-06 -1 4.5714696e-06
vn -5.8331211e-06 -1 1.5763478e-06
vn 0.49998495 3.1222767e-06 -0.86603421
vn -0.50002551 0 0.86601073
vn -0.50002545 2.9581863e-06 -0.86601073
vn -6.6663133e-06 -1 -1.2610944e-05
vn 6.6659595e-06 -1 1.134925e-05
vn 1 6.769335e-06 0
vn 1 3.2021132e-06 0
vn 0 -0.56874466 -0.82251424
vn 1 -4.9489927e-06 0
vn 1 -6.3034649e-06 0
vn -1 1.2873325e-05 0
vn -1 1.2873327e-05 0
vn 1 4.5135889e-06 0
vn -1 -6.842698e-06 0
vn -1 -6.8426989e-06 0
vn -1 -6.8426984e-06 0
vn -0.64172095 -0.70855802 0.29349586
vn -0.64172089 -0.70855808 0.29349586
vn -0.64172083 -0.70855808 0.29349583
vn 0 0.38268244 -0.92388004
vn 0 0.38268194 -0.92388016
vn -0.64170045 0.29349333 0.70857757
vn -0.64170051 0.29349333 0.70857757
vn -0.641729 0.70855308 -0.2934902
vn -0.641729 0.70855302 -0.29349023
vn -0.641729 0.70855302 -0.29349026
vn -0.64169711 -0.29350591 -0.70857543
vn -0.64169717 -0.29350594 -0.70857543
vn -0.64169717 -0.29350591 -0.70857543
vn -0.6417191 -0.29349825 0.70855874
vn -0.64171904 -0.29349825 0.70855868
vn -0.64172029 0.70855725 0.29349908
vn -0.64172029 0.70855731 0.29349905
vn -0.64168966 0.29349607 -0.70858622
vn -0.64168966 0.29349607 -0.70858628
vn -0.64173687 -0.70854443 -0.29349372
vn -0.64173687 -0.70854443 -0.29349369
vn -0.64173692 -0.70854449 -0.29349372
vn 1 2.7407978e-06 0
vn 1 1.0918739e-06 0
vn 1 9.9459089e-07 0
vn 0 -0.92388046 -0.38268119
vn 0 -0.92388099 -0.38268018
vn 0 -0.92387986 0.38268265
vn 0 -0.92387974 0.38268325
vn 0 -0.9238798 0.38268283
vn 0 0.38267869 0.92388159
vn 0 0.3826783 0.92388171
vn 0 0.38267878 0.92388153
vn 0 0.92387986 -0.38268265
vn 0 0.92387968 -0.38268319
vn 0 0.9238798 -0.3826828
vn 0 -0.3826817 -0.92388028
vn 0 -0.38268194 -0.92388016
vn 0 -0.38268173 -0.92388022
vn 0 -0.38267931 0.92388123
vn 0 -0.38267875 0.92388153
vn 0 -0.38267872 0.92388153
vn 0 0.92387962 0.38268337
vn 0 0.92387968 0.38268331
vn 0 0.38267687 -0.92388237
vn 0 0.38267407 -0.92388344
vn 0 0.38267761 -0.92388207
vn 1 4.1789852e-07 0
vn 1 1.3844604e-07 0
vn 1 -1.0647436e-06 0
vn 1 -7.0736969e-06 0
vn 1 -7.956779e-06 0
vn 1 5.3238597e-07 0
vn 1 5.6197894e-07 0
vn 1 -1.5610176e-06 0
vn 1 6.0731912e-07 0
vn 1 -2.4949604e-06 0
vn 0 -0.9238804 -0.38268158
vn 0 -0.92388028 -0.38268161
vn 0 -0.92388028 -0.38268164
vn 0 -0.38268635 0.92387843
vn -9.7055445e-06 0.92387956 0.38268363
vn -9.7055427e-06 0.9238795 0.38268358
vn -9.7055436e-06 0.9238795 0.38268358
vn -8.2735833e-06 0.92387968 -0.38268322
vn -1.8935802e-06 0.92388022 -0.38268203
vn 0 -0.38268122 -0.92388058
vn 0 -0.38267842 -0.92388171
vn 0 -0.38267761 -0.92388207
vn 0 -0.9238804 0.38268158
vn 0 0.38268629 0.92387837
vn 0 0.38268635 0.92387843
vn 0 0.92388034 0.38268158
vn 0 0.92388034 0.38268149
vn 0 -0.38267884 0.92388147
vn 0 -0.38267881 0.92388147
vn 0 -0.38268632 -0.92387843
vn 0 -0.38268635 -0.92387843
vn 0 -0.38268632 -0.92387837
vn 0 0.92387992 -0.38268277
vn 0 0.38267884 0.92388147
vn 0 -0.92387992 0.38268277
vn 0 -0.9238798 0.3826828
vn 0 -0.92388034 -0.38268158
vn 0 -0.92388016 -0.38268188
vn 0 0.3826839 -0.92387938
vn 0 0.38268539 -0.92387879
vn -0.64172029 -0.70855731 0.29349908
vn -0.64172024 -0.70855731 0.29349905
vn 0 0.38268191 -0.92388016
vn -0.6417191 0.29349825 0.70855874
vn -0.64171904 0.29349825 0.70855868
vn -0.64173722 0.70854479 -0.29349235
vn -0.64173722 0.70854473 -0.29349232
vn -0.64168966 -0.29349607 -0.70858622
vn -0.64168966 -0.29349607 -0.70858628
vn -0.64169973 -0.29349303 0.70857835
vn -0.64169979 -0.29349303 0.70857835
vn -0.64169973 -0.293493 0.70857835
vn -0.64175224 0.70853978 0.29347137
vn -0.6417523 0.70853978 0.2934714
vn -0.64175224 0.70853972 0.2934714
vn -0.64173043 0.2934953 -0.70854974
vn -0.64173037 0.29349527 -0.70854974
vn -0.64173037 0.29349527 -0.70854968
vn -0.64170438 -0.70857686 -0.29348674
vn -0.64170432 -0.7085768 -0.29348674
vn -0.64170432 -0.7085768 -0.29348668
vn 1 3.7424406e-06 0
vn 0 -0.92387974 -0.38268325
vn 0 -0.92387968 -0.38268322
vn 0 -0.92387843 0.38268632
vn 0 -0.92387843 0.38268629
vn 0 -0.92387837 0.38268623
vn 0 0.38267821 0.92388171
vn 0 0.92387962 -0.38268331
vn 0 0.92387968 -0.38268331
vn 0 0.92387962 -0.38268328
vn 0 -0.38268197 -0.92388022
vn 0 -0.38268197 0.92388022
vn 0 0.92388058 0.38268101
vn 0 0.92388099 0.38268018
vn 0 0.38267326 -0.92388374
vn 1 9.9458941e-07 0
vn 0 -0.38268191 0.92388016
vn 0 -0.38268194 0.92388016
vn 0 0.92388028 0.38268164
vn -1.0167159e-05 0.9238795 -0.38268358
vn 0 -0.38268203 -0.92388022
vn 0 -0.92388028 0.38268167
vn 0 -0.92388028 0.38268164
vn 0 -0.92388034 0.38268167
vn 0 0.38269058 0.92387658
vn 0 0.38269064 0.92387664
vn 0 -0.38268164 -0.92388028
vn 1 3.3844956e-06 0
vn 1 1.6009855e-06 0
vn 0 5.9800013e-06 1
vn 0 -2.9899934e-06 1
vn 0 -0.56876165 -0.82250243
vn 0 -0.56876105 -0.82250285
vn 0 -0.5687598 -0.82250369
vn 0 8.0166792e-06 -1
vn 1 -1.0168759e-06 0
vn 1 1.7898628e-06 0
vn -1 -5.0929094e-07 0
vn -1 -1.6650874e-07 0
vn 1 2.2567483e-06 0
vn 0 8.0166055e-06 -1
vn -1 -4.8343404e-06 0
vn -1 -4.8343409e-06 0
vn -1 -1.0742839e-06 0
vn -0.4985165 -0.38268059 0.77784121
vn -0.49851176 -0.38268256 0.77784336
vn -0.49851027 -0.38268316 0.77784401
vn -0.20649357 0.92388022 0.32218915
vn -0.20649372 0.92388004 0.3221896
vn -0.20649375 0.92387992 0.32218972
vn 0.49849322 0.38268897 -0.77785206
vn 0.49849316 0.38268894 -0.77785194
vn 0.49849322 0.382689 -0.77785206
vn 0.20650168 -0.9238776 -0.32219124
vn 0.20648851 -0.92388028 -0.32219195
vn 0.20648445 -0.92388123 -0.32219222
vn -0.20648821 -0.92388058 0.32219151
vn -0.20650122 -0.92387795 0.32219052
vn -0.20650524 -0.92387718 0.3221902
vn -0.49851978 0.38267943 0.77783966
vn -0.4985255 0.38267863 0.77783644
vn -0.49851805 0.38267973 0.77784073
vn 0.20650168 0.92387778 -0.32219115
vn 0.20648849 0.92388028 -0.32219207
vn 0.2065057 0.92387688 -0.32219076
vn 0.49850085 -0.38268727 -0.77784783
vn 0.49852613 -0.38268116 -0.77783471
vn 0.49853393 -0.38267931 -0.7778306
vn 0.84191984 -2.6852524e-07 0.53960264
vn 0.84192091 -1.2858897e-06 0.53960109
vn 0.84192133 -3.3064038e-07 0.53960025
vn -0.84191906 0 -0.53960389
vn -0.84192014 0 -0.53960228
vn -0.84191984 0 -0.53960252
vn -0.49851793 -0.38268 0.77784067
vn -0.20649353 0.92388022 0.322189
vn 0.49853399 0.38267931 -0.77783066
vn 0.49853399 0.38267934 -0.77783066
vn 0.49853393 0.38267928 -0.77783066
vn 0.20650576 -0.92387682 -0.322191
vn -0.20648418 -0.92388141 0.3221918
vn -0.49852723 0.38267842 0.77783549
vn 0.20648445 0.92388111 -0.32219243
vn 0.49849308 -0.38268921 -0.777852
vn 0.84192175 0 0.53959972
vn 0.84191984 0 0.53960258
vn 0.84192318 0 0.53959739
vn 0.841919 0 0.53960395
vn 0.84192038 -1.528035e-06 0.53960198
vn -0.84191138 0 -0.53961587
vn -0.84192151 0 -0.53960013
vn -0.84192926 0 -0.53958803
vn -0.84192163 0 -0.53959984
vn -0.84191877 0 -0.53960449
vn -0.88936454 1.7442355e-07 -0.45719877
vn -0.88936418 -1.7440399e-07 -0.45719948
vn -0.88936192 -2.34195e-06 -0.45720392
vn 0 -1 -2.1273687e-08
vn 0 -1 3.9290111e-08
vn 0 -1 7.2065717e-08
vn 0.88936424 -1.7441228e-07 0.45719936
vn 0.88936412 1.7441597e-07 0.45719957
vn 0.88936353 2.3419339e-06 0.45720083
vn 0 5.1056104e-06 -1
vn 0 5.1056099e-06 -1
vn 0 3.1694119e-06 1
vn 0 3.1694126e-06 1
vn 0 3.1694117e-06 1
vn 0 6.3388043e-06 -1
vn 0 6.3388038e-06 -1
vn 0 -1.2727987e-05 1
vn 0 -1.2727993e-05 1
vn 0.8893488 0.0053908578 0.45719758
vn 0.88934886 0.0053908583 0.45719761
vn -0.888502 0 -0.45887288
vn -0.88850552 2.7977997e-06 -0.45886594
vn -0.88850331 -2.578008e-06 -0.45887038
vn 0 0.84797311 0.53003931
vn 0 0.84797293 0.53003949
vn 0 0.84797275 0.53003991
vn 0 1 9.9726641e-08
vn 0 1 -8.2309533e-08
vn -0.88850528 7.3989929e-07 -0.4588666
vn 7.1604823e-06 -2.7859735e-06 -1
vn 0.88850129 5.2719543e-07 0.45887411
vn 0.88850081 -7.828375e-07 0.458875
vn 0.88849705 -3.4680618e-06 0.45888233
vn 0.88359761 4.9249179e-06 0.468247
vn 0.88359332 2.3955729e-06 0.46825537
vn 0.8835972 5.2150626e-06 0.46824795
vn 2.0722171e-05 -8.062505e-06 -1
vn 3.2713368e-05 -1.2727994e-05 -1
vn -0.88359553 -6.6661519e-06 -0.4682509
vn -0.88359755 -2.2861277e-05 -0.46824721
vn -0.88359314 -5.1968527e-06 -0.46825558
vn -0.8835991 -6.7132933e-06 -0.46824422
vn -0.88360149 -8.1050266e-06 -0.46823984
vn 0 -1 1.828727e-07
vn 0 -1 -1.0840682e-07
vn 0 -1 -1.2388149e-07
vn 0 1 -6.7075803e-08
vn 0 1 -3.6574656e-07
vn 0.88360441 5.3914164e-06 0.46823421
vn 0.88360673 5.4550887e-06 0.46822992
vn 0.88359153 6.0162796e-07 0.4682585
vn 0.88359272 1.653185e-06 0.46825635
vn 0.88359052 0 0.46826062
vn -0.88360268 3.019363e-06 -0.46823764
vn -0.88360208 -1.9920868e-05 -0.4682385
vn -0.74619693 0.49144626 0.44907767
vn -0.74619693 0.49144632 0.4490777
vn -0.74619687 0.49144629 0.44907767
vn -0.85679334 0 0.51566011
vn -0.85678428 0 0.51567501
vn -0.8567825 0 0.51567817
vn -0.88360459 0 -0.46823385
vn -0.88360494 0 -0.46823317
vn 0.85679203 -7.228999e-06 -0.51566213
vn 0.85679752 -1.8648916e-06 -0.51565313
vn 0.85679615 0 -0.51565546
vn 0.85679138 0 -0.51566327
vn 0.85680407 0 -0.51564217
vn 0.85680777 0 -0.51563615
vn 0 -1 -2.1774707e-07
vn -0.88936687 2.3418936e-06 -0.45719439
vn 0 -1 -5.4049288e-08
vn 0.88936496 -2.3419132e-06 0.4571982
vn 0 -1.2727984e-05 1
vn 0.88849819 0 0.45888028
vn -0.88934857 -0.0053666327 -0.45719853
vn -0.88934857 -0.0053666327 -0.45719859
vn -0.88934857 -0.0053666322 -0.45719853
vn 0 0.84797329 0.53003895
vn -0.88850719 7.6565084e-06 -0.45886269
vn 0.88850677 3.8281864e-06 0.45886368
vn 0.88359368 0 0.4682546
vn 0.88359416 2.463076e-06 0.46825352
vn -0.85679519 0 0.51565695
vn -0.88360459 0 -0.46823391
vn 0.85679203 -1.035173e-05 -0.51566207
vn 0.85678774 0 -0.51566941
vn -0.70712358 0.70708996 0
vn -0.70712364 0.70708996 0
vn 0.70712507 0.70708853 0
vn 0.70712507 0.70708859 0
vn 0 0.00025154144 1
vn 0 0.00025154042 1
vn 0 0.00025154039 1
vn -0.5000304 0.49997729 0.7071014
vn -0.5000304 0.49997729 0.70710135
vn -0.50003046 0.49997732 0.7071014
vn -0.49999651 0.49999857 -0.70711035
vn -0.49999654 0.49999857 -0.70711035
vn -0.49999645 0.49999848 -0.70711035
vn 0.49998018 0.50000679 -0.70711607
vn 0.49998015 0.50000679 -0.70711607
vn 0.5000295 0.49997637 0.70710266
vn 0.50002956 0.49997643 0.70710266
vn 0.5000295 0.49997643 0.70710266
vn -0.70712364 0 0.7070899
vn -0.70711845 0 0.70709515
vn -0.70711136 0 0.7071023
vn -0.70711482 0 -0.70709872
vn -0.70711899 -1.5627202e-06 -0.70709461
vn -0.7071119 0 -0.70710176
vn 0 0.70710403 0.70710951
vn 0 0.70710391 0.70710963
vn 0 0.70710385 0.70710975
vn 0 0.70710963 -0.70710397
vn 0 0.70710975 -0.70710385
vn 0 0.70710981 -0.70710385
vn 0.70710707 0 0.70710659
vn 0.70711225 0 0.70710135
vn 0.70709985 0 0.70711368
vn 0.70710737 -1.6562918e-06 -0.70710623
vn 0.70710176 0 -0.70711184
vn 0.70709813 0 -0.70711553
vn -0.7071237 -0.70708996 0
vn -0.70712358 -0.70708996 0
vn 0.70712489 -0.70708877 0
vn 0.70712376 -0.70708978 0
vn 0.70712501 -0.70708859 0
vn 0 0.00025154147 1
vn 0.50017041 0.49990442 -0.7070539
vn 0.50017035 0.49990433 -0.7070539
vn 0.4999356 0.50001973 0.70713836
vn 0.49993557 0.50001979 0.70713836
vn 0.49993557 0.50001979 0.70713842
vn -0.49970505 0.50017995 0.70718807
vn -0.49970508 0.50017995 0.70718801
vn -0.49970508 0.50017995 0.70718807
vn -0.49993831 0.50010449 -0.70707661
vn -0.49993822 0.50010443 -0.70707661
vn -0.49993825 0.50010455 -0.70707661
vn -0.70712364 0 0.70708996
vn -0.70710945 -1.4945821e-06 -0.70710415
vn -0.70712829 -2.6769117e-06 -0.70708531
vn 0 -0.70710963 0.70710397
vn 0 -0.70710975 0.70710385
vn 0 -0.70710981 0.70710385
vn 0 -0.70710963 -0.70710391
vn 0 -0.70710963 -0.70710397
vn 0 -0.70710969 -0.70710391
vn 0.70711708 0 0.70709652
vn 0.70709896 -1.5841135e-06 -0.70711458
vn 0.70708984 0 -0.70712382
vn -0.70712358 0.70709002 0
vn 0 -3.7949085e-06 -1
vn 0 -3.7949083e-06 -1
vn 0.50002092 -0.49995446 -0.70712423
vn 0.50002092 -0.49995443 -0.70712423
vn 0.50012308 -0.49979055 0.70716786
vn 0.50012302 -0.49979055 0.70716786
vn 0.50012308 -0.49979055 0.7071678
vn -0.49991095 -0.50002724 0.70715046
vn -0.49991101 -0.5000273 0.70715046
vn -0.49991098 -0.5000273 0.70715046
vn -0.49993816 -0.50010437 -0.70707679
vn -0.49993819 -0.50010437 -0.70707673
vn -0.49993819 -0.50010443 -0.70707673
vn -0.70712847 0 0.70708513
vn 0 0.70710415 0.70710951
vn 0 0.70710957 -0.70710409
vn 0.7071169 -2.8372244e-06 -0.7070967
vn 0.70712358 -0.70708996 0
vn 0 -7.5898165e-06 -1
vn 0 -7.589817e-06 -1
vn -0.50001413 -0.49999362 0.7071014
vn -0.50001407 -0.49999365 0.70710135
vn -0.50001413 -0.49999365 0.7071014
vn -0.49999806 -0.49999404 -0.70711237
vn -0.49999806 -0.49999398 -0.70711237
vn -0.49999809 -0.49999401 -0.70711237
vn 0.49999806 -0.49998584 -0.70711821
vn 0.49999812 -0.49998584 -0.70711821
vn 0.49999809 -0.49998581 -0.70711821
vn 0.50000739 -0.49999318 0.70710635
vn 0.50000745 -0.49999315 0.70710635
vn 0.50000751 -0.49999315 0.70710641
vn -0.70709997 0 -0.70711356
vn 0 -0.70710957 0.70710409
vn 0 -0.70710957 -0.70710403
vn -1 -8.2267225e-06 -9.1419379e-06
vn 1 8.004896e-07 0
vn -1 -3.4473927e-05 -2.577309e-05
vn -1 -3.0460686e-05 -3.865251e-05
vn 1 -1.8130255e-06 0
vn -1 -2.9875719e-05 0
vn 0 0.56874806 -0.82251185
vn 0 0.56874812 -0.82251179
vn 0 -0.8660261 0.49999884
vn 0 -0.86602616 0.49999872
vn 0 -0.8660261 0.49999887
vn 0 3.7277687e-06 1
vn 0 3.7277691e-06 1
vn 0 0.86602688 0.49999756
vn 0 0.86602676 0.49999774
vn 0 0.86602676 0.49999768
vn 0 0.86602491 -0.50000083
vn 0 0.86602503 -0.50000077
vn 0 0.86602509 -0.50000077
vn 1 -1.0954004e-08 0
vn 1 -9.3891579e-09 0
vn 0 7.4555373e-06 -1
vn 0 7.4555383e-06 -1
vn 0 -0.86602533 -0.50000036
vn 0 -0.86602521 -0.50000042
vn 0 -0.86602515 -0.50000048
vn 0 -0.86602616 0.49999869
vn 0 0.86602497 -0.50000083
vn 1 -6.5723064e-08 0
vn 1 -7.9449993e-09 0
vn -1 -1.069886e-09 0
vn 0 -1.1417469e-12 -1
vn 1 -1.5864478e-07 0
vn 1 -1.0578572e-07 0
vn -1 3.4576473e-09 0
vn -1 -9.9818054e-10 0
vn 0 0.5687623 -0.82250202
vn 1 1.3335551e-07 0
vn 1 1.3374313e-07 0
vn -1 -2.3626949e-09 0
vn 0 -5.7087337e-13 -1
vn -1 7.2938757e-09 0
vn 0 1.634837e-06 1
vn 0 9.0211461e-06 1
vn 0 1.0655982e-05 1
vn 6.1932574e-06 0 -1
vn 1.122359e-06 0 -1
vn 7.3156157e-06 0 -1
vn 0.49998772 -9.8185149e-07 -0.86603254
vn 0.49999246 -2.344523e-06 -0.8660298
vn 0.49998435 0 -0.86603439
vn 1 3.3493444e-07 0
vn 1 1.4026406e-07 0
vn 1 4.7519507e-07 0
vn 0.49998727 9.8185342e-07 0.86603284
vn 0.49998596 2.3445364e-06 0.86603349
vn 0.4999882 0 0.86603224
vn -0.50000888 0 0.86602032
vn -0.50000417 0 0.86602312
vn -0.50001228 0 0.86601841
vn 0 1 1.3718103e-07
vn 0 1 -1.5677996e-07
vn 0 1 -9.1452719e-08
vn -0.50000888 -2.344628e-06 -0.86602032
vn -0.50000423 -9.8185569e-07 -0.866023
vn -0.50000089 0 -0.86602497
vn 1.648967e-06 -1 8.9166764e-07
vn 2.8268196e-06 -1 -1.6461481e-06
vn 1.0993325e-06 -1 6.401674e-07
vn 0.4999958 -3.3263614e-06 -0.86602783
vn 0.49998507 3.3263912e-06 0.86603409
vn -0.50000077 0 0.86602497
vn 0 1 2.3516593e-07
vn 0 1 -1.0974294e-06
vn -0.50001222 -3.3264705e-06 -0.86601847
vn 0 -1 2.7436153e-07
vn 0 -1 3.2139176e-06
vn 0.49999264 -0.86602968 0
vn 0.49998614 -0.86603349 0
vn 0.49998483 -0.86603421 0
vn 0.49998441 0.86603451 0
vn 0.49999446 0.86602861 0
vn 0.49999648 0.86602747 0
vn -0.50001973 0.86601412 0
vn -0.50001967 0.86601412 0
vn -0.49999642 -0.86602741 0
vn -0.49999645 -0.86602747 0
vn -0.49999651 -0.86602753 0
vn 0.49998233 0.8660357 0
vn -0.49999398 0.86602896 0
vn -0.49999398 0.8660289 0
vn -0.50001717 -0.86601543 0
vn -0.50001717 -0.86601549 0
vn 0 -0.86602527 0.50000036
vn 0 -0.86602652 0.49999806
vn 0 -0.86602342 0.50000346
vn -2.0806403e-06 1.4667896e-05 1
vn -3.6037461e-06 8.4686635e-06 1
vn -5.6844342e-06 0 1
vn 0 0.86602128 0.50000703
vn 0 0.86601979 0.50000983
vn 0 0.86602354 0.50000328
vn 0 0.8660292 -0.49999341
vn 0 0.86602926 -0.49999338
vn 0 0.86602932 -0.49999332
vn -1.4411496e-05 -2.3136463e-05 -1
vn -8.3206187e-06 -2.3136536e-05 -1
vn 0 -2.3136632e-05 -1
vn 0 -0.86602521 -0.50000036
vn 0 -0.86602658 -0.499998
vn 0 -0.86602342 -0.50000358
vn -4.2139028e-08 -0.86602688 -0.49999768
vn -1.1988286e-06 -0.86602575 -0.49999961
vn 0 -0.86602682 -0.49999753
vn -1 9.5836424e-07 0
vn -1 -1.031114e-11 0
vn -1 8.3865604e-07 0
vn 0 0.86602682 -0.49999765
vn 0 0.8660177 -0.50001323
vn 0 0.86602712 -0.49999708
vn 0 1.2789916e-06 1
vn 0 3.6385085e-05 1
vn -1.6855998e-07 -1.2789916e-06 -1
vn -4.7952385e-06 -3.6385085e-05 -1
vn -4.2141149e-08 0.86601776 0.50001329
vn -1.1987823e-06 0.86602688 0.49999762
vn 0 0.86601752 0.50001383
vn 0 -0.86601824 0.50001258
vn 0 -0.86603433 0.49998459
vn 0 -0.86601764 0.50001365
vn 0 -0.86602837 0.49999493
vn 0 2.3136363e-05 1
vn 0 0.86601764 0.50001359
vn 0 0.86602914 -0.49999356
vn 1 -3.1644933e-07 0
vn -2.2731925e-05 -2.3136363e-05 -1
vn 0 -0.86602843 -0.49999481
vn -1.2409718e-06 -0.86602575 -0.49999964
vn -1 -3.3551644e-06 0
vn 0 0.86601752 -0.50001383
vn 0 3.7664082e-05 1
vn -4.9637988e-06 -3.7664082e-05 -1
vn -1.2409198e-06 0.86602712 0.49999699
vn 0 -0.86603498 0.49998361
vn 1 6.2129021e-07 0
vn 1 -1.2830712e-06 0
vn 1 -6.9542369e-07 0
vn 0 7.9021132e-13 1
vn 0 -1.9896532e-05 1
vn 0 -1.975528e-13 1
vn 0 1.9896539e-05 -1
vn 0 1.9896532e-05 -1
vn 0 1.989653e-05 -1
vn -1 -1.4724368e-07 0
vn -1 -1.0216005e-07 0
vn -1 2.0321347e-07 0
vn -1 -6.4155438e-07 0
vn -1 1.0977045e-06 0
vn -1 -8.5029001e-08 0
vn 0 4.6121104e-06 1
vn 0 4.6121095e-06 1
vn 1 1.2533768e-07 0
vn 2.3528119e-06 -9.6656186e-07 -1
vn 3.3782251e-06 -7.2910966e-06 -1
vn 4.0419222e-06 -4.6121145e-06 -1
vn 1 -6.1897236e-07 0
vn 1.5755994e-06 -1 0
vn 1.5756042e-06 -1 0
vn 1.5756071e-06 -1 0
vn 4.5199208e-06 -1.9896147e-06 -1
vn 7.8071098e-06 -1.7906976e-05 -1
vn 4.1090339e-06 0 -1
vn -1 5.9116029e-08 0
vn -1 7.2247524e-08 0
vn -1 8.6962956e-07 0
vn 3.8099297e-06 0 -1
vn 1 2.1954861e-06 0
vn 0 -1.9896541e-05 1
vn 0 1.9896541e-05 -1
vn 1 -5.1079979e-07 0
vn 1.5755962e-06 -1 0
vn 8.2179859e-06 -1.9896539e-05 -1
vn 3.8099436e-06 0 -1
vn 0.50000602 2.2743752e-06 -0.86602205
vn 0.50000596 2.274375e-06 -0.86602199
vn 0.50000602 2.274375e-06 -0.86602193
vn 1 -1.7532836e-06 0
vn 1 -3.374623e-07 0
vn 1 -2.0907205e-06 0
vn 0.50000197 2.897885e-06 0.86602426
vn 0.49998501 1.8983336e-06 0.86603409
vn 0.49998099 1.6600933e-06 0.86603647
vn -0.49999052 2.0908208e-06 0.86603087
vn -0.49999058 2.090821e-06 0.86603087
vn -0.49999052 2.090821e-06 0.86603093
vn -1 6.3548512e-08 0
vn -1 6.3548519e-08 0
vn -0.50001562 3.136179e-06 -0.86601633
vn -0.50001568 3.1361792e-06 -0.86601639
vn -0.50001568 3.1361792e-06 -0.86601645
vn 0 -1 7.2793775e-08
vn 0 -1 1.4558424e-07
vn 0 -1 7.2793362e-08
vn 0.4999809 3.1361708e-06 -0.86603642
vn 0.49998096 3.136171e-06 -0.86603642
vn 0.50000608 3.1361187e-06 0.86602193
vn -0.50001574 3.136179e-06 0.86601645
vn -0.50001568 3.1361787e-06 0.86601639
vn -0.50001574 3.1361794e-06 0.86601645
vn -0.49999058 2.090821e-06 -0.86603087
vn -0.49999055 2.0908208e-06 -0.86603081
vn -0.49999061 2.0908212e-06 -0.86603081
vn 0 -1 -5.8234878e-07
vn -1 1.0488954e-07 0
vn -1 -1.0063706e-07 0
vn -1 1.2264937e-07 0
vn 0 -0.78295803 -0.62207454
vn 0 -0.78295803 -0.6220746
vn 0 -0.78295797 -0.6220746
vn 0 -1.3004917e-05 1
vn 0 -1.3004917e-05 1
vn 0 -1.300492e-05 1
vn 0 3.963221e-05 -1
vn 0 3.9632214e-05 -1
vn -1 -2.4965545e-06 0
vn 0 -0.78295809 -0.62207454
vn 0 -1.3004915e-05 1
vn 0.49998471 1.7781315e-07 -0.86603421
vn 0.50000286 2.0419022e-06 -0.86602384
vn 0.50000459 2.2197096e-06 -0.86602288
vn 0.49994507 -2.2514791e-06 0.8660571
vn 0.49999931 -2.3319933e-06 0.86602581
vn 0.50000459 -2.3396731e-06 0.86602288
vn -0.50004441 -2.2439119e-06 0.86599976
vn -0.49999017 -2.2439933e-06 0.86603111
vn -0.50004965 -2.2439044e-06 0.86599678
vn 0 1 1.2802454e-07
vn 0 1 8.5345e-08
vn -1 -3.9105302e-07 0
vn -1 2.1410203e-07 0
vn -1 2.7182102e-07 0
vn -0.50004447 2.2477122e-06 -0.86599976
vn -0.49999011 2.287637e-06 -0.86603117
vn -0.49998498 2.2914451e-06 -0.86603421
vn 0 -1 8.5345128e-08
vn 0 -1 1.2802421e-07
vn 0.49998301 0 -0.86603528
vn 0.49993992 -2.2437987e-06 0.86606008
vn -0.49998501 -2.2440013e-06 0.86603415
vn 0 1 2.1946957e-07
vn -1 -4.4877504e-07 0
vn -0.50004959 2.2439046e-06 -0.86599678
vn 0 -1 2.1947288e-07
vn 1 2.9652872e-05 2.6108799e-05
vn 1 4.4240936e-05 0
vn 1 3.6357153e-05 1.2350421e-05
vn 0 9.5693767e-06 1
vn 0 1.7946995e-06 1
vn -1 2.0232903e-06 0
vn -1 2.9207894e-07 0
vn 0 8.0164282e-06 -1
vn 1 -2.1455542e-06 0
vn 0 -3.5892651e-06 1
vn -1 -1.128401e-06 0
vn -1 -5.7457464e-07 0
vn -1 2.1544845e-06 0
vn 1 2.9875717e-05 0
vn 1 2.7703651e-05 1.7409084e-05
vn 0 8.6882022e-11 1
vn -1 4.2679599e-06 0
vn -1 5.2913788e-06 0
vn -0.22887014 0.38268647 -0.8950808
vn -0.22888513 0.38268769 -0.89507639
vn -0.22889106 0.38268816 -0.89507461
vn -0.094807044 0.92387813 -0.37075713
vn -0.094788641 0.92387974 -0.37075782
vn -0.094781332 0.92388046 -0.37075812
vn 0.094798133 0.9238795 0.37075618
vn 0.094799772 0.92387921 0.37075639
vn 0.094800413 0.92387909 0.37075642
vn 0.22885576 0.38268256 0.89508611
vn 0.22887577 0.38268003 0.89508206
vn 0.22888373 0.38267908 0.89508057
vn -0.96883613 1.9954759e-05 0.24770273
vn -0.96884358 1.4577776e-05 0.24767342
vn -0.96883541 1.789519e-05 0.24770552
vn -0.96882588 -3.0566184e-06 0.247743
vn -0.96882582 -3.0566187e-06 0.247743
vn -0.96882582 -3.0566189e-06 0.24774298
vn -0.96883297 1.4257572e-06 0.24771519
vn -0.96883243 -2.5879392e-06 0.24771713
vn -0.96883643 -4.2158831e-06 0.24770166
vn -0.96883649 -3.7794823e-06 0.24770124
vn -0.094797358 -0.92387933 -0.37075683
vn -0.094800733 -0.92387849 -0.37075785
vn -0.094802722 -0.92387807 -0.37075847
vn 0.22887595 -0.38268065 0.89508182
vn 0.22887409 -0.38267973 0.89508265
vn 0.22887303 -0.38267925 0.89508319
vn -0.22887178 -0.38267973 -0.89508325
vn -0.22886257 -0.38268059 -0.89508528
vn -0.22885714 -0.38268113 -0.89508635
vn 0.094801947 -0.92387843 0.37075779
vn 0.094794415 -0.92387927 0.37075746
vn 0.094806343 -0.92387789 0.37075791
vn 0.97210044 -0.0056520584 -0.23449697
vn 0.97210789 -0.0056542889 -0.23446605
vn 0.97210926 -0.0056546945 -0.23446044
vn 0.97012466 -0.013620486 -0.24222454
vn 0.97012472 -0.013620488 -0.2422246
vn 0.96732354 -0.013666622 -0.25317693
vn 0.96732348 -0.013666621 -0.2531769
vn 0.96533382 -0.0056684581 -0.26095703
vn 0.96533382 -0.0056684585 -0.26095706
vn -0.22886418 0.38268593 -0.89508253
vn -0.094814353 0.92387748 -0.37075686
vn 0.22884779 0.38268355 0.89508772
vn -0.96884412 1.4901298e-05 0.24767154
vn -0.96883649 -7.4469999e-06 0.24770129
vn -0.094795361 -0.92387974 -0.37075621
vn 0.22887699 -0.38268119 0.89508122
vn -0.22887717 -0.38267916 -0.895082
vn 0.094790012 -0.9238798 0.37075734
vn 0.97209716 -0.0056510791 -0.23451057
vn 0.97013253 -0.013669007 -0.24219045
vn 0.97013253 -0.013669007 -0.24219048
vn 0.97013247 -0.013669006 -0.24219045
vn 0.96731842 -0.013683219 -0.25319526
vn 0.96731848 -0.01368322 -0.25319529
vn 0.96731842 -0.013683221 -0.25319526
vn 0.9653331 -0.0056691417 -0.26095983
vn 0.9653331 -0.0056691431 -0.26095989
vn 0.9653331 -0.0056691421 -0.26095986
vn 0.50000995 -0.86601979 0
vn 0.50001717 -0.86601561 0
vn 0.50002003 -0.86601382 0
vn 1 -4.6629998e-06 0
vn 1 -1.6297605e-05 0
vn 1 -2.0960626e-05 0
vn 0.50000596 0.86602199 0
vn 0.50000024 0.86602533 0
vn 0.49999797 0.86602664 0
vn -0.49999812 0.86602658 0
vn -0.50000811 0.86602074 0
vn -0.5000121 0.86601835 0
vn -9.488389e-06 0 -1
vn -0.50001299 -0.866018 0
vn -0.50000191 -0.86602443 0
vn -4.7442009e-06 -1.0580634e-06 1
vn 0 -2.4688959e-06 1
vn 0.50000703 -0.86602145 0
vn 0.50000829 0.86602074 0
vn -0.49999401 0.86602885 0
vn -6.6420238e-05 0 -1
vn 6.6420238e-05 0 -1
vn 9.488389e-06 0 -1
vn -0.50001615 -0.86601621 0
vn 4.7442009e-06 -1.0580634e-06 1
vn -3.3210115e-05 -7.406602e-06 1
vn 3.3210115e-05 -7.406602e-06 1
vn 0.38268915 0.92387718 0
vn 0.38268924 0.92387724 0
vn 0.92387807 0.38268706 0
vn 0.92387807 0.38268712 0
vn 0.92387801 0.38268706 0
vn 0.92387557 -0.38269308 -2.9533185e-06
vn 0.38268065 -0.9238807 0
vn 0.38268071 -0.9238807 0
vn -0.38268316 -0.92387968 0
vn -0.92387664 -0.38269043 0
vn -0.92387664 -0.3826904 0
vn -0.92387253 0.3827005 0
vn -0.92387253 0.38270044 0
vn -0.92387247 0.38270044 0
vn -0.38268375 0.92387944 0
vn -0.38268369 0.92387944 0
vn 0.0026522679 0.0011006054 0.99999589
vn 0.0026687703 0.0011005995 0.99999583
vn 0.0026728553 0.0011005981 0.99999589
vn 0.92387205 -0.38270178 0
vn 0.92387277 -0.38269991 0
vn 0.92387396 -0.38269684 0
vn 0.0026256212 -0.001119266 0.99999601
vn 0.0026858172 -0.0011210706 0.99999583
vn 0.00261072 -0.0011188192 0.99999601
vn 0.38269845 0.92387336 0
vn 0.38269663 0.92387414 0
vn 0.38269359 0.92387545 0
vn -0.92388207 0.38267758 0
vn -0.92388207 0.38267761 0
vn -0.38266963 -0.92388535 0
vn -0.3826696 -0.92388535 0
vn 0.38270253 -0.92387164 0
vn 0.38270217 -0.92387176 0
vn 0.38270155 -0.92387211 0
vn 0.92387396 0.38269684 0
vn -0.38266963 0.92388535 0
vn -0.38266954 0.92388529 0
vn -0.3826696 0.92388535 0
vn -0.92388201 -0.38267756 0
vn -0.92388207 -0.38267758 0
vn -0.92388207 -0.38267761 0
vn 0.0011534941 -0.0026913662 0.99999577
vn 0.0011046549 -0.0026706283 0.99999589
vn 0.0011655807 -0.0026964983 0.99999571
vn -0.0011098775 -0.0026707409 0.99999583
vn -0.0011670692 -0.0026915583 0.99999571
vn -0.0011812238 -0.0026967109 0.99999577
vn -0.0026653002 -0.0011212467 0.99999589
vn -0.0025720403 -0.001119448 0.99999613
vn -0.0025489628 -0.0011190029 0.99999619
vn -0.0026503922 0.0011194285 0.99999595
vn -0.0026454646 0.0011212336 0.99999595
vn -0.0026516118 0.0011189821 0.99999595
vn -0.0011535615 0.0026915667 0.99999571
vn -0.0011045935 0.0026707016 0.99999583
vn -0.0011656814 0.0026967311 0.99999577
vn 0.0010888383 0.0026572945 0.99999589
vn 0.0011129824 0.0026572845 0.99999589
vn 0.001118958 0.0026572824 0.99999589
vn 0.38268313 0.92387968 0
vn 0.3826831 0.92387968 0
vn 0.38268316 0.92387968 0
vn 0.92387426 0.38269645 2.9201308e-06
vn 0.92387426 0.38269648 2.920131e-06
vn 0.92387426 0.38269645 2.920131e-06
vn 0.9238767 -0.38269046 0
vn 0.92387664 -0.3826904 0
vn 0.38268915 -0.92387718 0
vn 0.38268924 -0.92387724 0
vn -0.38268915 -0.92387718 0
vn -0.38268924 -0.92387724 0
vn -0.9238742 -0.38269639 0
vn -0.92387426 -0.38269648 0
vn -0.92387426 -0.38269642 0
vn -0.9238767 0.3826904 0
vn -0.92387664 0.3826904 0
vn -0.9238767 0.38269046 0
vn -0.38268316 0.92387968 0
vn 0.0026417195 0.001100609 0.99999601
vn 0.92387068 -0.38270479 0
vn 0.0027242955 -0.001122224 0.99999565
vn 0.38270155 0.92387211 0
vn -0.38267925 -0.92388129 0
vn -0.38267922 -0.92388129 0
vn -0.38267919 -0.92388129 0
vn 0.38270319 -0.9238714 0
vn -0.92387873 -0.38268557 0
vn -0.92387867 -0.38268554 0
vn 0.0010734308 -0.0026573702 0.99999589
vn -0.0010733273 -0.0026574365 0.99999589
vn -0.0027249095 -0.0011223964 0.99999571
vn -0.0026423149 0.0011223871 0.99999595
vn -0.0010732992 0.0026573669 0.99999589
vn 0.0010734027 0.0026573003 0.99999589
vn 1 1.3825363e-06 0
vn 1 1.3825188e-06 0
vn -1 -3.9664087e-08 0
vn 0 -0.56874102 -0.82251674
vn 0 -0.56874347 -0.82251495
vn 0 -0.56874877 -0.82251132
vn 1.3962021e-05 8.5931024e-06 -1
vn 8.0628779e-06 -4.2965685e-06 -1
vn 3.0087715e-05 0 -1
vn 1 -1.609e-06 0
vn 1 -1.6090002e-06 0
vn -1 -4.5896607e-07 0
vn -1 -7.3043611e-07 0
vn 0 0.5687626 -0.82250172
vn 0 0.56876248 -0.8225019
vn 0 0.56876296 -0.82250148
vn 1 -1.0727771e-06 0
vn -1 2.7373505e-07 0
vn 0 -0.56873572 -0.82252038
vn 1 2.7650585e-06 0
vn -1 2.2194223e-07 0
vn -1 -3.7920072e-06 0
vn -1 -4.1278322e-06 0
vn -1 7.6285501e-06 0
vn -1 7.6285505e-06 0
vn -1 -3.2384814e-06 0
vn 0 0.50000596 0.86602193
vn 0 0.50000596 0.86602199
vn 0 0.50000602 0.86602205
vn 0 -0.50000799 -0.8660208
vn 0 -0.50000793 -0.86602092
vn 0 -0.50000793 -0.8660208
vn 0 -0.49999213 -0.86602998
vn 0 -0.49999067 -0.86603081
vn 0 -0.49999842 -0.8660264
vn 0.90749794 0.42005655 0
vn 0.90749794 0.42005658 0
vn 0 -0.49999398 0.86602896
vn 0 -0.49999392 0.86602896
vn 0 -0.49999398 0.8660289
vn 0 0.49999264 -0.86602962
vn 0 0.49999118 -0.86603051
vn 0 0.49998495 -0.86603415
vn 0 -0.49998444 0.86603451
vn 0 -0.49998444 0.86603445
vn 0 0.49999061 -0.86603087
vn 0 0.49999061 -0.86603081
vn -0.90752029 0.42000824 0
vn -0.90752029 0.42000821 0
vn -0.90752035 0.42000824 0
vn 0.90750939 -0.42003205 0
vn 0.90750939 -0.42003208 0
vn 0.90750933 -0.42003202 0
vn 0 0.50000459 0.86602288
vn 0 0.50000459 0.86602283
vn 0 0.50000453 0.86602283
vn -0.90750611 -0.42003891 0
vn -0.90750611 -0.42003894 0
vn 0 0.49999198 0.8660301
vn 0 0.49999201 0.8660301
vn 0 -0.49999398 -0.86602896
vn 0 -0.49999398 -0.8660289
vn 0 -0.49999392 -0.86602896
vn 0 -0.49998444 -0.86603451
vn 0.90750879 0.42003313 0
vn 0.90750957 0.42003149 -1.5352853e-05
vn 0.90750962 0.42003146 -1.5352851e-05
vn 0.90750957 0.42003146 -1.5352853e-05
vn 0.90750879 0.42003316 0
vn 0.90750885 0.42003316 0
vn 0.90749556 0.42006174 0
vn 0.90749556 0.42006171 0
vn 0.907516 0.42001775 1.5352351e-05
vn 0.90751594 0.42001769 1.5352349e-05
vn 0.90751594 0.42001772 1.5352347e-05
vn 0 -0.50000799 0.8660208
vn 0 -0.50000793 0.8660208
vn 0 -0.50000793 0.86602092
vn 0 0.49999887 -0.86602604
vn 0 -0.49999842 0.8660264
vn 0 -0.49999836 0.86602634
vn 0 -0.49999839 0.86602634
vn 0 0.50000459 -0.86602288
vn 0 0.50000453 -0.86602283
vn 0 0.50000459 -0.86602283
vn -0.90751368 0.42002261 0
vn -0.90751374 0.42002261 0
vn -0.90751326 0.42002353 -4.0848013e-06
vn -0.90751326 0.4200235 -4.0848013e-06
vn -0.90751326 0.42002347 -4.0848008e-06
vn -0.90752208 0.4200044 0
vn -0.90752214 0.42000446 0
vn -0.90751332 0.4200235 4.0848013e-06
vn -0.90751332 0.42002353 4.0848017e-06
vn -0.90751326 0.42002347 4.0848008e-06
vn 0.90751296 -0.42002407 0
vn 0.90751296 -0.42002404 0
vn 0.90751308 -0.42002407 0
vn 0.90750641 -0.42003834 2.746656e-05
vn 0.90750641 -0.42003834 2.7466562e-05
vn 0.90750635 -0.42003828 2.7466558e-05
vn 0.90750468 -0.42004222 0
vn 0.90750462 -0.42004216 0
vn 0.90750223 -0.42004749 0
vn 0.90750217 -0.42004743 0
vn 0.90750223 -0.42004746 0
vn 0.90751332 -0.4200235 -2.7466769e-05
vn 0.90751326 -0.42002353 -2.7466769e-05
vn 0.90751326 -0.4200235 -2.7466767e-05
vn 0 0.49999061 0.86603087
vn 0 0.49999061 0.86603081
vn -0.90751791 -0.42001349 0
vn -0.90751785 -0.42001352 0
vn -0.90751255 -0.4200252 1.6126949e-05
vn -0.90751255 -0.42002517 1.6126951e-05
vn -0.90751821 -0.42001271 0
vn -0.90751821 -0.42001274 0
vn -0.90751642 -0.42001659 -1.612766e-05
vn -0.90751642 -0.42001659 -1.6127658e-05
vn -1 1.8358056e-05 0
vn -1 1.8358058e-05 0
vn 0 0.49999654 0.86602741
vn 0 0.49999654 0.86602747
vn -1 1.8359404e-05 0
vn -1 1.8359406e-05 0
vn -1 -6.9731228e-05 0
vn -1 -5.1155448e-06 0
vn -1 -3.8974045e-05 0
vn -1 -3.4904915e-05 0
vn -1 6.3916159e-05 0
vn -1 8.4484433e-05 0
vn 0 0.50000131 -0.86602473
vn 0 0.50000131 -0.86602467
vn 0 0.50000137 -0.86602473
vn 0 -0.50000197 0.86602426
vn 0 -0.50000334 0.86602354
vn 0 -0.50000089 0.86602491
vn 0 -0.49999472 -0.86602843
vn 0 -0.49999475 -0.86602843
vn 0 0.50001699 0.86601573
vn 0 0.50001693 0.86601567
vn 1 6.1531646e-06 0
vn 1 6.153165e-06 0
vn 1 6.1531655e-06 0
vn 1 -4.5184174e-06 0
vn 1 -4.5184402e-06 0
vn 1 2.2796357e-05 0
vn 1 -2.8118957e-05 0
vn 1 -3.6147412e-05 0
vn 1.5083533e-08 0.49999306 -0.86602944
vn 1.5083534e-08 0.49999309 -0.86602938
vn 2.3997422e-06 -1 -5.4669471e-07
vn 1.4187811e-05 -1 -3.2321807e-06
vn 1.6587277e-05 -1 -3.7788127e-06
vn 1.2352824e-05 -0.49999043 0.86603093
vn 1.2352825e-05 -0.49999049 0.86603093
vn 1.2352824e-05 -0.49999049 0.86603087
vn 0 1 3.8904882e-06
vn 0 1 3.7977004e-06
vn 0 1 3.7788127e-06
vn 0 -0.4999902 -0.86603117
vn 0 -0.49999017 -0.86603105
vn 0 -0.49999017 -0.86603117
vn 0.90750009 0.42005205 1.5820145e-06
vn 0.90750009 0.42005199 1.5820145e-06
vn 0.90750003 0.42005199 1.5820143e-06
vn 1.6702909e-07 -1 0
vn 1.6702805e-07 -1 0
vn 2.7633192e-07 -0.50000262 -0.8660239
vn -1.6150977e-07 -0.50000256 -0.86602402
vn -1.6893621e-07 -0.50000256 -0.86602402
vn 2.7824709e-07 0.49999633 -0.86602753
vn -4.6693081e-08 0.49999633 -0.86602759
vn -5.2204534e-08 0.49999627 -0.86602753
vn -1.6702749e-07 1 0
vn -1.6702748e-07 1 0
vn 0.027720304 -0.49980828 -0.8656925
vn 0.02771844 -0.4998076 -0.86569291
vn 0.027715808 -0.49980658 -0.86569345
vn -2.857042e-07 0.50000489 0.86602259
vn -4.004508e-07 0.49999398 0.8660289
vn -4.0239715e-07 0.49999383 0.86602902
vn -2.7637819e-07 -0.50000125 0.86602479
vn 1.586952e-07 -0.49999771 0.8660267
vn 1.6607473e-07 -0.49999771 0.86602682
vn 0.55216253 0.41686845 -0.72203684
vn 0.55216259 0.41686851 -0.7220369
vn 0.027725654 0.49980927 0.8656916
vn 0.027722673 0.49980763 0.86569273
vn 0.027718464 0.49980524 0.86569422
vn 0.027723378 -0.99961573 0
vn 0.027723344 -0.99961567 0
vn 0.027723299 -0.99961573 0
vn 0.027718592 0.49980441 -0.8656947
vn 0.027720233 0.49980456 -0.86569452
vn 0.027716041 0.49980402 -0.865695
vn 0.027725596 -0.49980676 0.86569309
vn 0.027727198 -0.49980596 0.86569345
vn 0.027723111 -0.49980795 0.86569256
vn 0.02772313 0.99961573 0
vn 0.027723143 0.99961573 0
vn 0.027723109 0.99961573 0
vn 1.4297336e-06 -0.50000131 -0.86602473
vn 1.4297337e-06 -0.50000131 -0.86602467
vn 1.4297339e-06 -0.50000125 -0.86602473
vn 0.55218393 -0.83372235 0
vn 0.55217969 -0.83372521 0
vn 0.55218536 -0.8337214 0
vn 0.55218035 -0.41685954 0.72202843
vn 0.55218029 -0.41685957 0.72202843
vn 0.55218035 -0.41685957 0.72202843
vn 0.55216885 0.83373237 0
vn 0.55216879 0.83373237 0
vn 0.55216879 0.83373243 0
vn 0.55217505 -0.41686437 -0.72202975
vn 0.55217505 -0.41686437 -0.72202969
vn 0.55217505 -0.4168644 -0.72202975
vn 0.55216253 0.41687012 0.72203594
vn 0.55216253 0.41687006 0.72203594
vn 0.55216253 0.41687009 0.722036
vn -1 -3.4488164e-07 0
vn -1 -1.7021465e-07 0
vn -5.361402e-08 0.50000274 0.8660239
vn -6.6125341e-07 0.49999967 0.86602569
vn 0 0.50000304 0.86602372
vn 7.148667e-07 0.50000125 -0.86602473
vn 7.1486693e-07 0.50000113 -0.86602479
vn 7.148667e-07 0.50000125 -0.86602467
vn 2.8405663e-07 -1 0
vn 2.8405734e-07 -1 0
vn 1.2688904e-06 -0.5000028 0.86602384
vn -5.5402518e-07 -0.4999997 0.86602569
vn 1.429732e-06 -0.50000304 0.86602366
vn -2.8405898e-07 1 0
vn -2.8405495e-07 1 0
vn -2.8405933e-07 1 0
vn 2.0593454e-06 -0.50000262 -0.8660239
vn 1.8262575e-06 -0.50000417 -0.86602306
vn 1.8138862e-06 -0.50000423 -0.86602294
vn -1 -1.4229522e-07 0
vn -1 6.8975709e-07 0
vn -1 3.4043893e-07 0
vn -1 -2.8119268e-07 0
vn -1 -2.5620218e-07 0
vn -1 2.3502088e-07 0
vn -0.31336769 -0.47480994 0.8224088
vn -0.31336772 -0.47480994 0.82240885
vn -0.31336766 -0.47480991 0.82240891
vn -7.9200042e-08 -0.5000053 0.86602229
vn -1.5714328e-06 -0.50000149 0.86602467
vn -1.6506347e-06 -0.50000125 0.86602467
vn -1.2615031e-06 1 0
vn -1.2615029e-06 1 0
vn -1.261503e-06 1 0
vn 6.5743586e-07 0.50000519 -0.86602241
vn 3.3135375e-08 0.49999973 -0.86602563
vn 6.9057074e-07 0.50000554 -0.86602223
vn 9.461358e-07 -1 0
vn 9.4612653e-07 -1 0
vn 9.461362e-07 -1 0
vn -3.4197333e-06 0.49999931 0.86602581
vn -2.7954293e-06 0.4999994 0.86602581
vn -3.4528684e-06 0.49999931 0.86602581
vn -0.31341627 -0.9496159 0
vn -0.3134163 -0.9496159 0
vn -0.31331873 0.47482541 0.82241857
vn -0.31331867 0.47482532 0.82241857
vn -0.31331873 0.47482541 0.82241863
vn -0.31336269 0.94963354 0
vn -0.31336275 0.9496336 0
vn -0.31336272 0.9496336 0
vn -0.31340975 0.47480533 -0.82239544
vn -0.31340978 0.47480533 -0.8223955
vn -0.31340978 0.47480536 -0.8223955
vn -0.31344649 -0.47480255 -0.82238305
vn -0.31344658 -0.47480333 -0.82238263
vn -0.31344688 -0.47480813 -0.82237965
vn -6.7188029e-07 0.49999785 0.86602664
vn -6.718804e-07 0.49999788 0.8660267
vn -4.4319412e-07 1 0
vn -4.4320768e-07 1 0
vn -4.4319404e-07 1 0
vn 6.9004784e-07 -0.49999103 -0.86603057
vn 6.9004778e-07 -0.49999103 -0.86603063
vn 6.9004778e-07 -0.49999103 -0.86603057
vn 2.2369301e-07 0.49999771 -0.86602682
vn 2.2369301e-07 0.49999768 -0.86602682
vn 2.2369298e-07 0.49999765 -0.86602676
vn -2.2369048e-07 -0.50000405 0.86602318
vn -2.2369046e-07 -0.50000405 0.86602312
vn 4.4320353e-07 -1 0
vn 4.431985e-07 -1 0
vn 4.4320356e-07 -1 0
vn 0 0.5000025 0.86602402
vn 0 0.5000025 0.86602408
vn -1 -7.3434931e-05 0
vn -1 3.6716112e-05 0
vn -1 3.6716116e-05 0
vn 0 0.50000095 -0.86602485
vn 0 0.50000095 -0.86602497
vn 0 0.50000095 -0.86602491
vn 0 -0.50000441 0.86602288
vn 0 -0.5000025 -0.86602402
vn 0 -0.5000025 -0.86602408
vn 1.2203922e-05 0.49999472 0.86602843
vn 1.2203923e-05 0.49999475 0.86602849
vn 1.2203925e-05 0.49999475 0.86602855
vn 1 -9.0370158e-06 0
vn 1 4.9227736e-05 0
vn 0 0.49999022 -0.86603105
vn 0 0.4999902 -0.86603105
vn 3.3358705e-05 -0.50001365 0.86601764
vn 3.3358701e-05 -0.50001353 0.86601764
vn 3.3358694e-05 -0.50001347 0.86601758
vn 0 1 3.9093775e-06
vn -1.2203914e-05 -0.49999434 -0.86602879
vn -1.2203913e-05 -0.49999434 -0.86602867
vn -1.2203915e-05 -0.49999434 -0.86602879
vn 0.90750229 -0.42004713 0
vn 0.90750229 -0.4200471 0
vn 0.90750235 -0.42004713 0
vn 0.90752226 -0.42000398 2.0351759e-05
vn 0.90752226 -0.42000398 2.0351757e-05
vn 0.9074955 -0.42006183 0
vn 0.90749556 -0.42006186 0
vn 0.9074955 -0.4200618 0
vn 0.90749794 -0.42005655 0
vn 0.90749794 -0.42005658 0
vn 0.90751302 -0.42002404 -2.0353169e-05
vn 0.90751296 -0.42002404 -2.0353169e-05
vn 0.9074955 0.42006189 0
vn 0.9074955 0.42006183 0
vn 0.90750611 0.42003888 -1.7817691e-05
vn 0.90750617 0.42003897 -1.7817692e-05
vn 0.90750241 0.4200471 0
vn 0.90750229 0.42004713 0
vn 0.90750241 0.42004713 0
vn 0.90752304 0.42000237 0
vn 0.9075231 0.42000234 0
vn 0.9075231 0.42000231 0
vn 0.90751916 0.42001089 2.2605609e-05
vn 0.90751916 0.42001083 2.2605613e-05
vn 0.90751916 0.42001089 2.2605611e-05
vn 2.8375837e-07 -0.50000262 -0.8660239
vn 2.8375851e-07 0.4999963 -0.86602753
vn -1.6702751e-07 1 0
vn 0.027723191 -0.49980932 -0.86569172
vn -2.8375794e-07 0.50000507 0.86602253
vn -2.837576e-07 -0.50000125 0.86602473
vn 0.55217505 0.41686437 -0.72202975
vn 0.55217505 0.4168644 -0.72202975
vn 0.55217505 0.41686437 -0.72202969
vn 0.027730282 0.49981189 0.86568999
vn 0.027723426 -0.99961567 0
vn 0.027722551 0.49980491 -0.86569428
vn 0.027729461 -0.49980494 0.86569411
vn 0.027723163 0.99961573 0
vn 1.4297337e-06 -0.50000137 -0.86602473
vn 0.55217648 -0.8337273 0
vn 0.55216253 -0.41687012 0.72203594
vn 0.55216253 -0.41687009 0.722036
vn 0.55216253 -0.41687006 0.72203594
vn 0.55218381 0.83372253 0
vn 0.55218381 0.83372241 0
vn 0.55217963 -0.41686186 -0.7220276
vn 0.55217969 -0.41686186 -0.7220276
vn 0.55217803 0.41686344 0.72202796
vn 0.55217803 0.41686335 0.72202802
vn 0.55217803 0.41686338 0.72202796
vn -7.1486767e-07 0.49999937 0.86602587
vn 7.1486699e-07 0.50000119 -0.86602485
vn 2.8405736e-07 -1 0
vn -7.1486772e-07 -0.49999937 0.86602575
vn -2.8405466e-07 1 0
vn 2.0717168e-06 -0.50000262 -0.86602402
vn -1 1.0248423e-06 0
vn -1 1.0248422e-06 0
vn -0.31337315 -0.47481704 0.82240272
vn -0.31337315 -0.47481707 0.82240272
vn -0.31337312 -0.47481701 0.82240266
vn 0 -0.50000554 0.86602223
vn -1.2615028e-06 1 0
vn 0 0.49999943 -0.86602575
vn 9.4612597e-07 -1 0
vn -2.7622941e-06 0.4999994 0.86602581
vn -0.31341934 -0.94961482 0
vn -0.31341937 -0.94961482 0
vn -0.31341937 -0.94961488 0
vn -0.31332847 0.47481877 0.82241869
vn -0.31332847 0.47481874 0.82241869
vn -0.31332847 0.4748188 0.82241875
vn -0.31335688 0.94963551 0
vn -0.31335691 0.94963551 0
vn -0.31341463 0.47480848 -0.82239175
vn -0.31341463 0.47480848 -0.82239181
vn -0.31341463 0.47480848 -0.82239187
vn -0.3134459 -0.47479388 -0.82238823
vn -8.9476669e-07 0.50000668 0.86602163
vn -8.9476652e-07 0.50000662 0.86602157
vn -8.9476663e-07 0.50000668 0.86602157
vn -4.4320777e-07 1 0
vn 8.9476453e-07 -0.49999937 -0.86602575
vn 8.9476458e-07 -0.4999994 -0.86602575
vn 8.947647e-07 -0.49999943 -0.86602581
vn 2.248338e-07 0.49999785 -0.86602664
vn 2.248338e-07 0.49999788 -0.8660267
vn 2.2483377e-07 0.49999785 -0.86602664
vn -2.2483269e-07 -0.49999544 0.86602813
vn -2.248327e-07 -0.49999541 0.86602819
vn -2.2483266e-07 -0.49999538 0.86602813
vn 4.4319839e-07 -1 0
vn 0 6.7972856e-06 -1
vn 0 6.7972683e-06 -1
vn 0 6.7972651e-06 -1
vn 9.7765314e-06 1 9.7880029e-06
vn 9.7745824e-06 1 9.786052e-06
vn 1.9551129e-05 1 1.9574069e-05
vn 1 -2.0414829e-05 0
vn 1 -2.041705e-05 0
vn 1 -2.0414518e-05 0
vn 0 6.7972878e-06 -1
vn 1 -2.0417363e-05 0
vn 1 -1.514282e-06 0
vn 1 1.6373804e-06 0
vn 1 -1.582579e-06 0
vn 0 0.90486741 -0.42569375
vn 0 0.90486628 -0.4256959
vn 0 0.90486604 -0.42569655
vn 0 0.99341393 0.11458094
vn 0 0.99341393 0.11458096
vn 0 0.99341398 0.11458096
vn 0 3.7339971e-06 -1
vn 0 7.467981e-06 -1
vn 0.13584006 0 0.99073082
vn 0.13583992 0 0.99073082
vn 0.99822247 0 -0.059598323
vn 0.99822253 0 -0.059598334
vn 0.99822241 0 -0.059598316
vn -0.99822462 0.0032311322 0.059475224
vn -0.99822462 0.0032311322 0.059475232
vn -0.99822456 0.0032311322 0.059475224
vn -1 -3.1651582e-06 0
vn -1 -3.165158e-06 0
vn 1 -1.87272e-06 0
vn 1 3.1515244e-06 0
vn 0 -0.9048661 -0.42569655
vn 0 -0.9048661 -0.42569643
vn 0 -0.90486604 -0.42569655
vn 0 -0.99341393 0.11458076
vn 0 -0.99341398 0.11458079
vn 0 -0.99341393 0.11458077
vn 0.13584019 0 0.99073088
vn 0.99823695 0.0032201286 -0.059268642
vn 0.99823695 0.0032201286 -0.05926865
vn -0.99822462 -0.0032306183 0.059475254
vn -0.99822456 -0.0032306174 0.059475243
vn -0.99822462 -0.0032306181 0.059475254
vn -1 -2.0771349e-06 0
vn 0 0.90486771 -0.42569312
vn 0.015432984 0.99352658 0.11254725
vn 0.015432983 0.99352652 0.11254723
vn 0.015432985 0.99352658 0.11254725
vn 0.1358508 0 0.99072939
vn 0.1358508 0 0.99072933
vn 0.13585082 0 0.99072939
vn 0.99823689 -0.0032171984 -0.059268575
vn 0.99823689 -0.003217198 -0.059268568
vn 0.99823695 -0.0032171984 -0.059268579
vn -0.99821019 0 0.059802853
vn -0.99821025 0 0.059802856
vn -0.99821019 0 0.05980286
vn -1 6.3030643e-06 0
vn -1 3.1515244e-06 0
vn -1 3.151541e-06 0
vn 1 -3.1651477e-06 0
vn 0 -0.90486604 -0.42569646
vn 0.015432849 -0.9935267 0.11254605
vn 0.015432849 -0.99352676 0.11254606
vn 0.13585106 0 0.99072927
vn 0.99822253 0 -0.059598319
vn -0.99821025 0 0.059802841
vn 0.4999809 -1.4318454e-06 -0.86603647
vn 0.49998093 -1.4318457e-06 -0.86603653
vn 0.4999809 -1.4318454e-06 -0.86603642
vn 1 -7.7368236e-09 0
vn 1 -5.5170712e-08 0
vn 1 -6.2908157e-08 0
vn 0.5000034 -1.4207714e-06 0.86602348
vn 0.50000346 -1.4207714e-06 0.86602354
vn -0.49998876 0 0.86603189
vn -0.49998882 0 0.86603194
vn -0.49998879 0 0.86603194
vn 2.7302835e-11 1 -5.8379819e-06
vn 2.0186295e-11 1 -4.3785012e-06
vn -1.4488184e-06 1 -5.0040944e-06
vn -1 -2.0478339e-08 0
vn -1 -1.460279e-07 0
vn -1 -1.6650741e-07 0
vn -0.49998948 -1.5644107e-06 -0.86603153
vn -0.49998942 -1.5644107e-06 -0.86603153
vn -0.49998951 -1.5644109e-06 -0.86603159
vn -2.1733283e-06 -1 -1.2510357e-06
vn 0 -1 -2.9189648e-06
vn 0.50000471 -1.4836818e-06 -0.86602271
vn 0.50000471 -1.483682e-06 -0.86602277
vn 0.50000471 -1.4836817e-06 -0.86602271
vn 0.50000405 0 0.86602306
vn -0.4999882 -1.6072688e-06 0.8660323
vn -0.49998823 -1.607269e-06 0.8660323
vn -0.49998817 -1.6072687e-06 0.8660323
vn 5.0710973e-06 1 -8.7571434e-06
vn -5.0708895e-06 1 -8.7567842e-06
vn 1.4487074e-06 1 -5.0039262e-06
vn -0.49996579 -1.3600218e-06 -0.86604524
vn -0.49996573 -1.3600217e-06 -0.8660453
vn -0.49996573 -1.3600218e-06 -0.86604524
vn 2.1733445e-06 -1 -1.251045e-06
vn -1.521338e-05 -1 -8.7572971e-06
vn 1.521278e-05 -1 -8.7569524e-06
vn 0.085657239 -0.92388052 -0.37297133
vn 0.085655965 -0.92387974 -0.37297377
vn 0.085657761 -0.92388093 -0.3729704
vn 0.20680027 -0.38268128 -0.90043807
vn 0.20681767 -0.38268384 -0.900433
vn 0.20679338 -0.3826803 -0.9004401
vn -0.97462845 4.310617e-06 -0.22382927
vn -0.9746207 1.1706779e-05 -0.22386301
vn -0.9746294 0 -0.22382489
vn -0.20678999 -0.38268274 0.90043986
vn -0.2067911 -0.38268837 0.90043724
vn -0.20678958 -0.38268057 0.90044093
vn -0.085654669 -0.9238798 0.37297389
vn -0.085663438 -0.92387986 0.37297162
vn -0.085651167 -0.92387974 0.37297478
vn 0.97326368 0.013608976 0.22928737
vn 0.97324908 0.013689472 0.22934437
vn 0.97327012 0.013573627 0.22926235
vn 0.20679595 0.38268432 -0.90043783
vn 0.20679225 0.3826856 -0.90043801
vn 0.20679806 0.38268352 -0.90043765
vn -0.9746241 -2.1396663e-05 -0.22384788
vn -0.97462398 -1.8048142e-05 -0.22384864
vn -0.97462392 -1.8740571e-05 -0.22384845
vn -0.97462159 1.2519028e-05 -0.2238588
vn -0.97462696 -8.5733463e-06 -0.22383568
vn -0.97462833 -1.2226257e-05 -0.22382939
vn -0.97462839 -1.222626e-05 -0.22382942
vn -0.97462833 -1.2226256e-05 -0.22382939
vn 0.97145367 0.0056702392 0.23716165
vn 0.97146231 0.0056643067 0.23712662
vn 0.97144997 0.0056728446 0.23717706
vn -0.085660368 0.923877 0.37297949
vn -0.085658088 0.92387712 0.37297958
vn -0.085661694 0.92387688 0.3729794
vn 0.085656382 0.92387867 -0.37297601
vn 0.085657157 0.92387861 -0.37297612
vn 0.085655943 0.92387879 -0.37297601
vn -0.20680293 0.38269094 0.90043336
vn -0.20679957 0.38268921 0.90043479
vn -0.20679761 0.38268831 0.90043575
vn 0.97756988 0.005644951 0.21053597
vn 0.97756982 0.0056449515 0.21053597
vn 0.97756988 0.0056449524 0.21053599
vn 0.97578168 0.013585045 0.21832453
vn 0.9757852 0.013608587 0.21830727
vn 0.97578591 0.01361286 0.21830411
vn 0.085655458 -0.92387938 -0.37297469
vn 0.20682457 -0.3826848 -0.90043098
vn -0.20679154 -0.38269064 0.90043616
vn -0.085666917 -0.92387992 0.37297067
vn 0.97324646 0.013704079 0.22935474
vn 0.20679016 0.38268644 -0.90043825
vn -0.9746294 0 -0.2238249
vn -0.97462815 -9.169692e-06 -0.22383019
vn -0.97462374 -1.4413643e-05 -0.22384945
vn 0.97146386 0.0056632301 0.23712026
vn -0.085656762 0.9238773 0.37297961
vn 0.085657611 0.92387855 -0.37297621
vn -0.20680493 0.38269192 0.90043253
vn 0.97756577 0.0056452872 0.21055467
vn 0.97756582 0.0056452872 0.21055469
vn 0.97578007 0.013574706 0.2183321
vn 1.6125947e-05 5.7634895e-07 -1
vn -1 6.2367872e-07 0
vn -1 -1.2988846e-06 0
vn 1.0939339e-05 0.56876397 -0.82250088
vn 7.3795582e-06 0.56875908 -0.82250428
vn 1.8318588e-05 0.56877381 -0.82249397
vn 2.7925384e-05 -1.1526932e-06 -1
vn 6.017715e-05 1.6033222e-05 -1
vn -1 -2.529109e-06 0
vn 1 -2.5682391e-07 0
vn 0 4.7846779e-06 1
vn -1 1.7098141e-07 0
vn 0 -0.56873596 -0.8225202
vn 0 -0.5687359 -0.8225202
vn 1 -8.4608217e-07 0
vn 1 -5.6417633e-07 0
vn -1 5.2897771e-08 0
vn -1 4.8920606e-07 0
vn 0 0.56876218 -0.82250196
vn 1 1.0727773e-06 0
vn 1 1.0727771e-06 0
vn -1 1.5661544e-07 0
vn 0 -0.56873584 -0.82252026
vn 0 -0.56873578 -0.82252026
vn 0 -0.56873584 -0.82252032
vn -1 -4.8347977e-07 0
vn 0.5000031 0.86602366 0
vn 0.50000316 0.86602366 0
vn 1 9.4305296e-06 0
vn 1 2.6982636e-06 0
vn 1 1.2128738e-05 0
vn 0.4999961 -0.86602777 0
vn 0.50000107 -0.86602479 0
vn 0.49999401 -0.86602885 0
vn -0.50001037 -0.86601955 0
vn -0.49999586 -0.86602777 0
vn -0.50001609 -0.86601621 0
vn -2.8465989e-05 -2.1161409e-06 -1
vn 0 -4.9378041e-06 -1
vn -1 -4.0224381e-07 0
vn -1 -1.1508864e-07 0
vn -1 -5.1733116e-07 0
vn -0.49999809 0.86602658 0
vn -9.4887619e-06 4.232239e-06 1
vn 0 4.9376767e-06 1
vn 0 3.7031873e-06 1
vn -0.49999011 -0.86603123 0
vn 0 -1.4813204e-05 -1
vn 2.8465989e-05 -2.1161409e-06 -1
vn 9.4887619e-06 4.232239e-06 1
vn 3.3210126e-05 7.4066038e-06 1
vn -3.3210126e-05 7.4066038e-06 1
vn -2.958457e-09 1 -4.6875277e-07
vn -9.2543679e-09 1 -2.8368365e-06
vn -1.6599893e-06 1 1.034508e-07
vn -1.690417e-06 1 -2.0857296e-06
vn -6.1029791e-06 1 2.2892101e-07
vn 0.20084487 -2.4243402e-06 0.97962314
vn 0.20085754 -2.2382151e-06 0.97962046
vn 0.20084321 -4.4799121e-06 0.9796235
vn 5.5455985e-07 0.9286347 -0.37099543
vn 8.7024119e-08 0.928635 -0.3709946
vn 0 0.92863512 -0.37099445
vn -2.7609897e-07 -0.92863548 0.37099347
vn -4.7748387e-08 -0.92863518 0.37099421
vn 0 -0.92863518 0.3709943
vn 0.14607789 4.180848e-06 0.98927307
vn 0.14607236 2.0165851e-05 0.98927391
vn 0.14607926 1.1419434e-05 0.98927289
vn 5.3446854e-08 1 -2.2895857e-07
vn -1.5965485e-08 1 -2.943857e-06
vn 0 -1 -2.7705346e-07
vn 0 -1 -2.7799683e-07
vn 0 -1 -2.7799678e-07
vn 1.7666957e-07 1 3.7626156e-09
vn 8.8315502e-08 1 -3.0099143e-06
vn 0 0.92863494 -0.37099481
vn 0 0.92863506 -0.37099475
vn 0 0.92863506 -0.37099469
vn -0.0079446882 3.7850885e-05 -0.99996853
vn -0.0079419203 -3.5989426e-05 -0.99996847
vn -0.0079418626 -3.7493392e-05 -0.99996847
vn 3.4181113e-08 1 2.4374773e-07
vn -8.880166e-10 1 1.9383776e-07
vn -2.4904677e-08 1.3133874e-05 -1
vn -2.9733295e-07 1.3133833e-05 -1
vn -2.2577362e-07 9.2900491e-06 -1
vn -1.0800856e-07 1 1.7814141e-07
vn 0.14606498 6.3285213e-09 0.98927498
vn 0.14606914 1.3306963e-05 0.98927444
vn 0.14606827 2.1095222e-08 0.9892745
vn 1 3.9081619e-06 6.703111e-06
vn 1 -3.0582364e-10 0
vn 0 1.3133832e-05 -1
vn 0 2.999137e-06 -1
vn -1 2.0769705e-05 0
vn -1 1.2687858e-07 0
vn -1 2.0896574e-05 0
vn -9.6547254e-08 -1 4.0960366e-08
vn -8.1391356e-08 -1 2.1838508e-08
vn 0 -1 -6.8480817e-09
vn -1 0.00022944809 5.4704689e-11
vn -1 0.00022944812 5.4704696e-11
vn 0 2.9969557e-14 -1
vn 0 3.8866469e-06 -1
vn 6.8588506e-08 -1 -8.0916223e-08
vn 2.4037325e-07 -1 0
vn -2.419699e-07 1 1.9673774e-07
vn -3.7475496e-07 1 2.5504707e-07
vn 1 -1.3115877e-05 0
vn 1 1.3115651e-05 0
vn 1 1.3267517e-05 0
vn 1.18021e-08 1 8.1218758e-08
vn 0 -9.9992725e-13 -1
vn 0 -3.2916278e-06 -1
vn 0.14607054 2.7002936e-06 0.9892742
vn 0.14606881 0 0.98927444
vn 0.14606702 2.7002957e-06 0.9892748
vn 0.13876885 2.6593998e-06 0.9903248
vn 0.13876869 1.2553434e-05 0.99032485
vn 0.13876724 -1.5925657e-06 0.99032503
vn 3.1412473e-18 0 0
vn 1.0000001e-36 0 0
vn -5.532072e-07 1 5.35806e-08
vn -1.1666725e-07 1 -5.2758129e-08
vn -6.5396682e-07 1 7.8125105e-08
vn -3.1415929e-18 0 0
vn 1.0148723e-08 1 9.4545335e-08
vn 2.7762523e-09 1 8.0509388e-08
vn 1.1961061e-08 1 9.7995724e-08
vn -2.3841859e-24 0 0
vn 0.14608772 2.5900879e-05 0.98927164
vn 0.14608817 2.5915171e-05 0.98927164
vn 0.14609323 2.6073105e-05 0.98927093
vn 1 1.0167727e-07 0
vn 0.14606343 -2.9657311e-08 0.98927522
vn 0.14606477 -3.8459311e-06 0.9892751
vn 0.14606363 -2.7642729e-08 0.98927528
vn 0 -1.9433435e-06 -1
vn 0 -1.9433442e-06 -1
vn 0.1460686 2.8089748e-06 0.98927456
vn 0.14606521 -3.2166838e-08 0.98927498
vn -0.0075378171 -3.7483882e-05 -0.99997169
vn -0.0075409454 -3.7483878e-05 -0.99997157
vn -0.0075410199 -3.7483878e-05 -0.99997157
vn 0.13876869 -1.7556997e-06 0.9903248
vn 0.13876763 -1.9056027e-06 0.99032503
vn -4.8828127e-22 0 0
vn 1 -2.3098825e-07 0
vn 1 1.1990722e-08 0
vn 1 1.3086536e-07 0
vn -1 2.9732275e-08 0
vn -1 -2.9776226e-07 0
vn 0 -3.8866501e-06 -1
vn -4.2967843e-09 2.7566266e-13 -1
vn 3.1415929e-18 0 0
vn 4.8828127e-22 0 0
vn -8.4441602e-08 -8.1750647e-07 -1
vn -5.3466831e-08 0 -1
vn 0.1460662 -2.1396668e-06 0.9892748
vn 0.14606611 -3.9238321e-06 0.98927486
vn 0.20087206 -1.0130468e-06 0.97961754
vn 0.20087661 -1.463988e-07 0.97961658
vn 0.14606586 -3.8632534e-06 0.98927486
vn 0.14609036 -3.8089934e-06 0.98927134
vn 3.283044e-07 -1 -1.1950073e-07
vn 0 8.9583241e-14 -1
vn 0 3.8866574e-06 -1
vn 0 -0.92863584 0.37099251
vn 0 -0.92863595 0.37099245
vn 0 -0.9286359 0.37099239
vn -1 9.5507971e-08 0
vn -1 3.1935639e-09 0
vn 0 1.3133877e-05 -1
vn 0 1.3133872e-05 -1
vn 0 1.3133871e-05 -1
vn -3.1673576e-08 1.3133871e-05 -1
vn -3.4241341e-07 1.3133877e-05 -1
vn -3.8379758e-07 1.3133877e-05 -1
vn -6.9876683e-07 1.3133876e-05 -1
vn -7.4206127e-07 1.3133876e-05 -1
vn 0.43488884 1.0513201e-05 -0.90048414
vn 0.43489155 1.4036515e-05 -0.90048289
vn 0.43488854 1.0123662e-05 -0.90048432
vn -5.4161899e-07 -0.9286359 0.37099248
vn -4.545947e-07 -0.92863584 0.3709926
vn -4.0144644e-07 -0.92863554 0.37099332
vn 4.7748085e-08 0.92863488 -0.37099513
vn 6.9175309e-07 0.92863464 -0.37099555
vn 0 0.928635 -0.37099463
vn -9.9949315e-10 -1 -1.1478293e-07
vn 1 2.9407696e-08 2.1208114e-06
vn 1 1.8131914e-05 3.9421862e-05
vn 1 6.4277742e-07 1.5642474e-06
vn -1.9022528e-09 -1 -1.4013092e-07
vn 0.2008799 2.5613925e-05 0.97961593
vn 0.20087774 2.9200082e-06 0.97961634
vn 0.20087752 2.8445847e-06 0.97961646
vn 0 -0.92863578 -0.37099269
vn 5.5219772e-07 -0.92863613 -0.37099189
vn 0 -0.92863566 -0.37099299
vn -9.168561e-07 0.9286347 0.3709954
vn -3.8742584e-07 0.92863405 0.37099719
vn -9.3198321e-07 0.92863482 0.37099522
vn 0.14607547 -7.4656027e-06 0.98927355
vn 0.14607047 7.6660444e-06 0.9892742
vn 0.14607732 -1.3117694e-05 0.98927319
vn 0 -1 -7.7574906e-09
vn -1.7842193e-07 1 1.2663779e-07
vn -4.262879e-07 1 9.4104678e-08
vn -2.3171326e-06 1 -1.4969056e-07
vn 2.6341874e-08 -1 -2.4140838e-09
vn 4.6022606e-07 -1 2.3240238e-08
vn 0 -0.9286359 -0.3709926
vn 0 -0.92863572 -0.37099299
vn 0 -0.92863566 -0.37099329
vn -0.0079446118 -3.4691222e-08 -0.99996853
vn -0.0079446984 -1.7380404e-06 -0.99996847
vn -0.00794461 0 -0.99996853
vn -2.2787289e-08 -1 -1.6963209e-07
vn 0 1.3133914e-05 -1
vn 0 1.3133874e-05 -1
vn 0 8.1524104e-06 -1
vn -3.1892619e-06 -1 6.9341255e-08
vn 7.0639055e-07 -1 -2.5013279e-07
vn 0.14606692 2.5826665e-05 0.98927474
vn 0.14606704 3.0085157e-06 0.98927474
vn 0.14606489 3.4070347e-06 0.9892751
vn -4.9803543e-06 -1 2.4128012e-08
vn 0 -1 -3.2398739e-06
vn 0 1.3133917e-05 -1
vn 0 8.7018247e-11 -1
vn -3.1819704e-07 1 7.84094e-08
vn -1.6278277e-07 1 6.6100824e-08
vn -7.0903718e-07 1 2.8791712e-07
vn -1 -0.00022944588 -3.6469439e-11
vn -1 -0.00022944584 -3.6469439e-11
vn -1 -0.00022944587 -3.6469442e-11
vn 4.8167562e-06 -1 -2.7030171e-07
vn 0 -3.8866497e-06 -1
vn 1 -1.5686051e-06 0
vn 1 -9.9348743e-09 0
vn 1 -1.5785406e-06 0
vn -1.419231e-07 1 -7.5728321e-09
vn -5.0003361e-08 1 -5.7385037e-08
vn 1 5.2996415e-06 0
vn 1 3.0506524e-08 0
vn 1 5.3301237e-06 0
vn -1.9183121e-06 -1 -1.1813525e-07
vn -9.772554e-08 -1 -1.3659398e-07
vn 1 -1.3494951e-06 0
vn 1 -1.6649521e-07 0
vn 0 3.291633e-06 -1
vn 0.1460655 -1.4359e-06 0.98927498
vn 0.14606763 -2.4762755e-06 0.98927462
vn 0.14606555 -1.6844397e-06 0.98927492
vn 0.13876992 0 0.99032474
vn 0.13876885 -2.6428586e-06 0.9903248
vn 0.1387693 1.6014733e-06 0.9903248
vn 5.5320697e-07 -1 -5.3580582e-08
vn 1.1666721e-07 -1 5.2758132e-08
vn 6.9912326e-10 -1 8.1007329e-08
vn -1.0148723e-08 -1 -7.8071608e-08
vn -2.7762523e-09 -1 -9.6681646e-08
vn -6.6982631e-10 -1 -1.0199881e-07
vn 3.1415923e-18 0 0
vn 3.45267e-22 0 0
vn 0.14606248 5.7621742e-07 0.9892754
vn 0.14606243 -5.3971763e-07 0.98927546
vn 0.14606293 1.290818e-05 0.98927534
vn 0.14606448 3.8135911e-06 0.9892751
vn -0.0075375498 7.5026939e-05 -0.99997169
vn -0.0075377384 7.4969132e-05 -0.99997169
vn -0.0075375442 7.50283e-05 -0.99997163
vn 7.8678131e-24 0 0
vn 1 4.6873791e-07 0
vn -1 -4.0904666e-08 0
vn -1 3.1134284e-08 0
vn -1 -7.5106303e-09 0
vn -1 2.1233877e-06 0
vn 0 3.8866579e-06 -1
vn 0 8.1750466e-07 -1
vn 0.14604142 -3.9175147e-06 0.98927855
vn -3.2830459e-07 1 -2.0489573e-08
vn 0 0.92863518 0.37099439
vn 0 0.92863512 0.37099445
vn 2.0226223e-06 0.928635 0.37099481
vn -1 -7.7376839e-08 0
vn 0 1.3134008e-05 -1
vn 0 1.3134002e-05 -1
vn 0 1.3134006e-05 -1
vn 2.0875434e-06 1.3133837e-05 -1
vn -8.8693724e-08 1.3134e-05 -1
vn 1.8531709e-06 1.2384891e-05 -1
vn 3.637015e-07 -1.1601338e-05 -1
vn 0 -1.3133916e-05 -1
vn 0.43488955 -1.1813821e-05 -0.90048391
vn 0.43488866 1.1813802e-05 -0.90048432
vn 0.4348886 1.4426078e-05 -0.90048438
vn 5.2945273e-07 0.92863476 0.37099531
vn 1.0832517e-06 0.92863464 0.3709957
vn -3.458762e-07 0.92863405 0.37099728
vn 9.5497505e-08 -0.92863411 -0.37099695
vn 0 -0.92863393 -0.3709974
vn -1 -1.704061e-06 0
vn 0 -0.92863572 -0.37099284
vn 0.20089588 1.2854866e-05 0.97961265
vn 0.14606284 0 0.98927534
vn -0.0079447459 3.9354993e-05 -0.99996853
vn 0 1.3133877e-05 -1
vn 0.14606422 1.2632764e-05 0.98927516
vn -3.5451836e-07 -1 1.5704558e-07
vn -1 0 -1.9442052e-06
vn -1 0 -1.944205e-06
vn 0 3.8866465e-06 -1
vn 1 -1.3267747e-05 0
vn 0.14606714 0 0.98927474
vn 0.13876791 1.1573637e-05 0.99032503
vn -2.3841859e-25 0 0
vn -6.9912326e-10 1 -8.1007329e-08
vn 4.7683718e-25 0 0
vn 6.6982631e-10 1 7.6499113e-08
vn 0.14608264 2.5742949e-05 0.98927248
vn 0.14608158 3.7952066e-06 0.98927253
vn -9.5367436e-25 0 0
vn -0.0075377426 -3.7483882e-05 -0.99997169
vn -9.0599066e-24 0 0
vn 1 5.7390719e-07 0
vn 0.14606616 -3.9066822e-06 0.98927492
vn 0 -0.92863595 0.37099248
vn 0.43489182 1.4426052e-05 -0.90048271
vn 0 0.92863488 -0.37099507
vn 1 0 3.9421746e-05
vn 0.20088071 2.5709987e-05 0.97961581
vn 6.9174354e-07 -0.92863655 -0.37099099
vn 0.14606862 1.3318069e-05 0.9892745
vn -0.0079447003 -1.7727374e-06 -0.99996853
vn 0 1.3133867e-05 -1
vn 0.14606605 1.2632678e-05 0.98927486
vn -1 0 -1.9442068e-06
vn 5.0247704e-06 -1 -2.779436e-07
vn -2.4037334e-07 1 -1.5084831e-07
vn -6.2014765e-06 -1 0
vn 0.14606892 -2.4105284e-05 0.98927444
vn 0.13876876 0 0.99032485
vn 6.5396654e-07 -1 -7.8125076e-08
vn -1.1961061e-08 -1 -7.3496793e-08
vn -7.1525575e-25 0 0
vn 0.14606197 -1.2871513e-05 0.98927546
vn 1.9073487e-24 0 0
vn 0.14608185 -3.7952136e-06 0.98927259
vn 0.14608185 -3.7952132e-06 0.98927253
vn 0.14608185 -3.7952138e-06 0.98927248
vn -0.0075377435 7.4967771e-05 -0.99997169
vn -3.8146974e-24 0 0
vn 1 -5.7390588e-07 0
vn 0.14606585 3.906674e-06 0.98927486
vn 0 -3.8866492e-06 -1
vn 0 0.92863512 0.37099439
vn 0 1.3133999e-05 -1
vn 0.43488958 -1.4426113e-05 -0.90048385
vn -1 -2.0732091e-06 0
vn -1 -8.5497852e-08 0
vn -1 -8.5498748e-08 0
vn 0.0001062359 0.5000059 -0.86602199
vn 0.00010623589 0.50000596 -0.86602199
vn 0 0.50000179 0.86602437
vn 0 0.50000364 0.86602336
vn 0 0.50000405 0.86602318
vn 0 -0.49999496 -0.86602831
vn 0 -0.49999502 -0.86602837
vn 1.0025057e-05 1 -2.7873887e-07
vn 1.3946275e-06 1 -2.0036498e-06
vn 0 1 -2.2823854e-06
vn 0 -0.50001085 0.86601913
vn 0.0088834288 0.49998736 0.86598718
vn 0.0088783037 0.49998429 0.86598897
vn 0.0088732252 0.49998125 0.86599076
vn 0.11886203 -0.49645969 0.85988349
vn 0.11886211 -0.4964622 0.859882
vn 0.11886196 -0.49645776 0.85988462
vn 0.0088743716 -0.49997917 -0.86599195
vn 0.0088771889 -0.49998042 -0.86599123
vn 0.0088799791 -0.49998164 -0.86599046
vn 0.008877703 0.9999606 3.0622475e-06
vn 0.0088785905 0.9999606 1.5241613e-06
vn 0.0088794725 0.9999606 0
vn 0.0088797044 -0.49999121 0.86598492
vn 0.0088765537 -0.49998659 0.86598772
vn 0.0088827135 -0.49999556 0.86598247
vn 0.0088762753 -0.9999606 -4.8223319e-07
vn 0.0088757221 -0.99996066 4.7285033e-07
vn 0.0088768024 -0.9999606 -1.3940327e-06
vn 0.0088702543 0.49998164 -0.86599058
vn 0.0088746734 0.49998382 -0.86598933
vn 0.0088660354 0.49997959 -0.86599183
vn 0.2324558 -0.48630196 -0.84230322
vn 0.23245579 -0.48630196 -0.84230328
vn 0.23245578 -0.48630199 -0.84230328
vn 0.11886002 -0.9929111 1.1990821e-06
vn 0.11885967 -0.99291116 6.6385525e-07
vn 0.11886027 -0.9929111 1.6002666e-06
vn 0.11886448 0.49645966 -0.85988325
vn 0.11886036 0.49645799 -0.85988468
vn 0.11886755 0.49646086 -0.85988212
vn 0.11886188 0.49645919 0.8598839
vn 0.11886221 0.49646285 0.85988164
vn 0.11886261 0.49646738 0.85987896
vn 0.11885844 -0.4964568 -0.85988569
vn 0.1188624 -0.49645588 -0.85988563
vn 0.11886733 -0.49645478 -0.85988569
vn 0.11886024 0.99291104 0
vn 0.11885979 0.99291104 0
vn 0.11886057 0.99291104 0
vn 0.32649252 -0.94519985 -9.3468498e-06
vn 0.32649252 -0.94519979 -9.3468489e-06
vn 0.23245397 0.97260749 0
vn 0.23245549 0.97260714 0
vn 0.23245379 0.97260743 0
vn 0.23245117 -0.48631328 0.84229809
vn 0.23245116 -0.48631322 0.84229803
vn 0.23245399 -0.97260749 -2.2741575e-07
vn 0.23245546 -0.97260708 -2.6235145e-06
vn 0.23245382 -0.97260749 0
vn 0.23245323 0.4863025 -0.84230363
vn 0.23245327 0.48630252 -0.84230369
vn 0.23245324 0.4863025 -0.84230363
vn 0.23243739 0.48630202 0.84230834
vn 0.23243736 0.48630202 0.84230828
vn 0.23243736 0.48630196 0.84230834
vn 1 -2.8349698e-11 0
vn 1 -4.970388e-07 0
vn 1 -4.9702339e-07 0
vn 0.32652533 0.47258517 -0.81856257
vn 0.32652533 0.47258517 -0.81856251
vn 0.32652533 0.47258514 -0.81856245
vn 0.3264879 0.47260091 0.81856841
vn 0.32648793 0.47260094 0.81856841
vn 0.3264879 0.47260094 0.81856829
vn 0.32647982 -0.47262534 -0.81855738
vn 0.32647979 -0.47262534 -0.81855744
vn 0.32647982 -0.47262537 -0.8185575
vn 0.32649511 0.94519895 0
vn 0.32649514 0.94519889 0
vn 0.32649511 0.94519889 0
vn 0.32656375 -0.47257853 0.818551
vn 0.32656375 -0.4725785 0.81855094
vn 0.0095369704 -0.49997562 0.865987
vn 0.0095365373 -0.4999786 0.86598527
vn 0.0095370188 -0.49997529 0.86598718
vn 0.0095377006 0.49998105 0.8659839
vn 0.0095364265 0.49997658 0.86598647
vn 0.0095362831 0.49997616 0.8659867
vn 0.0095366379 0.99995452 8.4244232e-07
vn 0.0095367981 0.99995458 -8.0917158e-07
vn 0.0095368149 0.99995452 -9.9550948e-07
vn 0.0095368102 0.49998149 -0.86598361
vn 0.009535226 0.49998084 -0.86598396
vn 0.00953699 0.49998161 -0.86598355
vn 0.25292525 0.48374662 -0.83786529
vn 0.25292528 0.48374662 -0.83786529
vn 0.25292525 0.48374656 -0.83786523
vn 0.0095351823 -0.49997982 -0.86598462
vn 0.0095360419 -0.49998182 -0.86598349
vn 0.0095361397 -0.49998203 -0.86598325
vn 0.0095364498 -0.99995458 0
vn 0.0095364796 -0.99995452 0
vn 0.0095364843 -0.99995452 0
vn -0.6091271 0.39653862 0.68681979
vn -0.60911191 0.39654168 0.68683147
vn -0.60910898 0.39654225 0.68683368
vn 0 -0.50000554 -0.86602223
vn 0.25289151 0.48374453 0.83787662
vn 0.25289151 0.48374456 0.83787662
vn 0.25289151 0.4837445 0.83787656
vn 0.25290826 -0.48375028 -0.83786821
vn 0.25290826 -0.48375034 -0.83786827
vn 0.25290829 -0.48375034 -0.83786821
vn 0.25290474 -0.4837473 0.83787096
vn 0.2529048 -0.48374742 0.83787102
vn 0.25290477 -0.48374733 0.83787102
vn 0.25290945 0.96749002 4.692415e-08
vn 0.25290924 0.96749002 1.4876373e-07
vn 0.25290778 0.96749043 9.9474141e-07
vn 0.25290588 -0.96749097 0
vn 0.25290602 -0.96749085 0
vn 0.25290737 -0.96749061 0
vn 1 -6.9662578e-06 0
vn 1 -6.2810436e-06 0
vn 0 1 -1.3782366e-06
vn 0 -0.49999642 0.86602753
vn 0 -0.49999657 0.86602741
vn 0 -0.4999966 0.86602736
vn 0 0.50000501 -0.86602265
vn 0 0.50000495 -0.86602265
vn 0 0.49999642 0.86602753
vn 0 0.49999657 0.86602741
vn 0 0.49999627 0.86602759
vn -0.60912776 -0.39653957 -0.6868186
vn -0.60912776 -0.39653954 -0.6868186
vn -0.60912776 -0.39653954 -0.68681854
vn -0.60911071 -0.39654469 0.68683076
vn -0.60911065 -0.39654472 0.68683082
vn -0.60911065 -0.39654472 0.68683076
vn -0.60911977 0.79307824 -2.2742647e-06
vn -0.60911775 0.79307979 -1.1040961e-06
vn -0.60911745 0.79308009 -8.7982818e-07
vn -0.60910612 -0.79308873 1.4802428e-06
vn -0.60911465 -0.7930823 2.3806338e-07
vn -0.60910267 -0.79309142 1.9880126e-06
vn -0.60911381 0.39654249 -0.68682927
vn -0.6091252 0.39653987 -0.68682069
vn -0.60910922 0.39654359 -0.68683279
vn 0 0.50000441 0.86602288
vn 0 0.50000507 0.86602247
vn 0 0.50000519 0.86602241
vn 4.2077027e-05 0.49999994 -0.86602551
vn 4.2077023e-05 0.49999994 -0.86602551
vn 4.2077019e-05 0.49999991 -0.86602545
vn -7.4337623e-07 -1 1.3841862e-06
vn -3.4399809e-06 -1 2.2317704e-06
vn -4.1833573e-06 -1 2.465425e-06
vn 0 -0.5000028 0.86602378
vn 0 -0.5000028 0.8660239
vn 0 -0.50000286 0.86602384
vn 6.8801269e-06 1 -1.588631e-06
vn 1.4868076e-06 1 -3.1778775e-06
vn 0 1 -3.615994e-06
vn 0 -0.49999383 -0.86602896
vn 1 6.6810216e-08 0
vn 1 -1.6036096e-06 0
vn 1 -1.6802001e-11 0
vn 1 1.424192e-07 0
vn 1 -1.458684e-07 0
vn 1 1.0459873e-06 0
vn 1 1.4486982e-06 0
vn 1 1.9819468e-06 0
vn 1 7.3643452e-07 0
vn 1 -1.9818797e-06 0
vn 1 -4.6248083e-12 0
vn 0 -1 -8.7626631e-07
vn 0 -1 -1.0076511e-06
vn 0 -1 -1.0275888e-06
vn 0 0.50000155 -0.86602449
vn 0 0.50000149 -0.86602455
vn 0 0.49999687 0.86602718
vn 0 0.4999969 0.86602718
vn 0 -0.50000143 -0.86602461
vn 0 1 8.7626631e-07
vn 0 1 1.0076511e-06
vn 0 1 1.0275888e-06
vn 0 -0.49999779 0.8660267
vn 0 -0.49999776 0.86602676
vn 0 -0.49999782 0.8660267
vn 1 4.4752564e-06 0
vn 1 8.9499235e-06 0
vn 1 4.4748999e-06 0
vn 1 -1.789944e-06 0
vn 1 -3.5806875e-06 0
vn 1 -1.7902603e-06 0
vn 1 -2.558308e-07 0
vn 0 0.50000161 -0.86602449
vn 0 0.50000167 -0.86602449
vn 0 0.50000167 -0.86602455
vn -1 4.6422471e-07 0
vn -1 -2.2121316e-07 0
vn -1 2.8930373e-07 0
vn -1 1.1726079e-06 0
vn -1 6.2294782e-07 0
vn -1 -6.7588741e-07 0
vn -1 -9.9473787e-08 0
vn -1 -1.1726033e-06 0
vn -1 -8.9267166e-07 0
vn -1 -2.2766284e-07 0
vn -1 -1.2258965e-07 0
vn 0 1 -2.0822697e-06
vn 0 1 -1.9505089e-06
vn 0 1 -1.9287202e-06
vn 0 -0.49999982 0.86602557
vn 0 -0.49999982 0.86602545
vn 0 -0.49999985 0.86602557
vn 0 -0.50000077 -0.86602503
vn 0 -0.50000072 -0.86602503
vn 0 0.50000167 0.86602443
vn 0 0.50000167 0.86602449
vn 0 0.50000167 0.86602455
vn -1 2.380182e-06 0
vn -1 2.3801817e-06 0
vn -1 -4.7614512e-06 0
vn -1 -5.9848901e-07 0
vn 0 0.5000025 -0.86602408
vn 0 0.50000244 -0.86602402
vn 0 0.50000244 -0.86602408
vn 0 0.50000149 0.86602455
vn 0 -0.49999496 -0.86602837
vn 1.1419703e-05 1 0
vn 0 -0.50001091 0.86601913
vn 0 -0.50001091 0.86601919
vn 0.008888321 0.49999037 0.86598539
vn 0.11886224 -0.49646536 0.85988021
vn 0.0088716848 -0.49997807 -0.86599272
vn 0.0088768518 0.9999606 4.530606e-06
vn 0.0088734301 -0.49998206 0.86599028
vn 0.0088751744 -0.9999606 1.4192898e-06
vn 0.0088790515 0.49998599 -0.86598802
vn 0.23245323 -0.4863025 -0.84230363
vn 0.23245324 -0.4863025 -0.84230363
vn 0.23245327 -0.48630252 -0.84230369
vn 0.11885925 -0.99291116 0
vn 0.11885526 0.49645597 -0.85988671
vn 0.11886162 0.49645638 0.85988545
vn 0.11885548 -0.49645752 -0.85988575
vn 0.11885925 0.99291116 0
vn 0.32651097 -0.94519341 -4.8731977e-06
vn 0.326511 -0.94519341 -4.8731981e-06
vn 0.326511 -0.94519347 -4.8731977e-06
vn 0.23245691 0.97260672 0
vn 0.23243739 -0.48630202 0.84230828
vn 0.23243742 -0.48630205 0.84230828
vn 0.23243737 -0.48630202 0.84230828
vn 0.23245688 -0.97260678 -4.899533e-06
vn 0.2324547 0.48630083 -0.84230429
vn 0.23245467 0.48630077 -0.84230423
vn 0.23245469 0.48630083 -0.84230429
vn 0.23245187 0.48631516 0.84229672
vn 0.23245187 0.48631519 0.84229678
vn 0.23245186 0.48631513 0.84229672
vn 1 1.7392615e-06 0
vn 0.3264879 0.47260094 -0.81856841
vn 0.32648787 0.47260085 -0.81856835
vn 0.32652491 0.47258726 0.81856143
vn 0.32652491 0.47258726 0.81856149
vn 0.32652488 0.47258723 0.81856143
vn 0.32652619 -0.47258914 -0.81855983
vn 0.32652622 -0.47258919 -0.81855989
vn 0.32652619 -0.47258916 -0.81855989
vn 0.32646871 0.94520801 -9.2253104e-06
vn 0.32646868 0.94520801 -9.2253104e-06
vn 0.32646871 0.94520807 -9.2253104e-06
vn 0.32647482 -0.47261813 0.81856364
vn 0.32647485 -0.47261816 0.81856364
vn 0.32647482 -0.47261813 0.81856358
vn 0.0095364787 -0.49997902 0.8659851
vn 0.0095378757 0.49998164 0.86598361
vn 0.0095366165 0.99995458 1.0676811e-06
vn 0.00953501 0.49998075 -0.86598402
vn 0.25289744 0.48375085 -0.83787113
vn 0.25289741 0.48375085 -0.83787113
vn 0.25289744 0.48375088 -0.83787119
vn 0.009535064 -0.49997953 -0.86598474
vn 0.0095364461 -0.99995452 0
vn -0.6091333 0.39653727 0.68681496
vn 0.25291485 0.48374882 0.83786702
vn 0.25291485 0.48374882 0.83786708
vn 0.25291488 0.48374885 0.83786708
vn 0.25291592 -0.48374584 -0.83786851
vn 0.25291589 -0.48374575 -0.83786845
vn 0.25289869 -0.48374283 0.83787543
vn 0.25289869 -0.4837428 0.83787537
vn 0.25289866 -0.4837428 0.83787537
vn 0.25291184 0.96748942 -1.3027219e-06
vn 0.25290382 -0.96749145 0
vn 0 -0.49999627 0.86602759
vn 0 0.50000489 -0.86602259
vn 0 0.49999666 0.86602736
vn -0.60911089 -0.39653718 -0.68683487
vn -0.60911089 -0.39653721 -0.68683493
vn -0.60911089 -0.39653721 -0.68683487
vn -0.60910803 -0.39654273 0.68683428
vn -0.60910809 -0.39654267 0.68683428
vn -0.60910809 -0.3965427 0.68683428
vn -0.60912055 0.79307765 -2.7526037e-06
vn -0.60911626 -0.79308105 0
vn -0.60912746 0.39653942 -0.68681902
vn 0 0.50000423 0.86602294
vn 0 0.49999201 -0.86603004
vn 0 0.49999204 -0.86603004
vn 0 0.49999204 -0.8660301
vn 0 -1 1.1505317e-06
vn 8.3668756e-06 1 -1.1505317e-06
vn 0 -0.49999341 -0.86602932
vn 0 -0.49999341 -0.86602926
vn 0 -0.49999344 -0.86602932
vn 0 -1 -8.5632854e-07
vn 0 0.50000346 -0.86602342
vn 0 0.50000352 -0.86602336
vn 0 0.50000352 -0.86602348
vn 0 0.4999969 0.8660273
vn 0 0.4999969 0.86602724
vn 0 0.49999687 0.86602724
vn 0 -0.50000346 -0.86602342
vn 0 -0.50000352 -0.86602336
vn 0 -0.50000352 -0.86602348
vn 0 1 8.5632854e-07
vn 0 -0.49999776 0.8660267
vn 0 -0.49999779 0.86602676
vn -1 -2.3452158e-06 0
vn -1 -1.1208251e-06 0
vn -1 -1.120825e-06 0
vn -1 -3.6643996e-07 0
vn 0 1 -2.1040585e-06
vn 0 -0.49999979 0.86602551
vn -1 1.9047618e-05 0
vn -1 1.9047622e-05 0
g Barrett_M82A1_Body
f 1//7 2//7 3//7
f 4//28 5//29 6//30
f 2//31 7//32 3//31
f 8//33 1//34 7//35
f 4//36 1//37 8//38
f 8//4 5//39 4//4
f 9//6 10//6 11//6
f 6//30 12//40 13//41
f 7//32 9//3 11//3
f 10//2 14//42 7//35
f 10//43 12//43 14//44
f 5//39 14//45 12//45
f 1//7 15//7 2//7
f 6//30 2//46 15//47
f 15//47 4//28 6//30
f 2//31 6//32 7//32
f 3//2 7//35 1//34
f 16//48 8//33 7//35
f 4//36 15//49 1//37
f 8//4 16//39 5//39
f 9//6 13//6 10//6
f 13//41 9//1 6//30
f 6//30 5//29 12//40
f 7//32 6//32 9//3
f 16//48 7//35 14//42
f 11//2 10//2 7//35
f 10//43 13//50 12//43
f 5//39 16//39 14//45
f 17//51 18//52 19//6
f 20//53 21//54 22//54
f 23//55 24//56 25//57
f 26//58 18//59 27//60
f 23//61 28//62 21//63
f 20//64 25//65 24//66
f 22//67 19//68 26//69
f 27//70 22//70 26//71
f 17//51 28//72 18//52
f 20//73 24//74 21//75
f 21//76 28//77 17//78
f 21//79 17//80 22//79
f 23//55 21//7 24//56
f 26//81 19//82 18//83
f 18//84 23//85 25//84
f 18//86 25//87 27//88
f 23//61 18//89 28//62
f 20//90 27//91 25//90
f 22//92 17//93 19//94
f 27//95 20//96 22//96
f 29//97 30//98 31//99
f 32//100 33//101 30//102
f 29//103 34//104 35//105
f 36//106 37//107 38//108
f 39//109 31//110 37//111
f 31//112 40//113 41//114
f 34//115 42//116 43//117
f 29//118 44//119 32//120
f 39//121 45//122 34//123
f 32//120 46//124 47//125
f 30//126 48//127 40//128
f 44//129 41//130 40//131
f 35//132 43//133 41//134
f 46//135 40//136 48//137
f 37//138 42//139 38//140
f 31//141 43//142 37//143
f 29//97 32//144 30//98
f 32//100 47//145 33//101
f 29//146 39//146 34//147
f 36//148 39//148 37//149
f 39//109 29//150 31//110
f 31//151 30//152 40//152
f 34//115 45//153 42//116
f 29//103 35//105 44//154
f 39//155 36//156 45//157
f 32//120 44//119 46//124
f 30//126 33//158 48//127
f 44//129 35//159 41//130
f 35//132 34//160 43//133
f 46//135 44//161 40//136
f 37//138 43//162 42//139
f 31//163 41//164 43//165
f 49//4 50//166 51//167
f 52//7 53//7 50//7
f 54//168 55//169 56//170
f 51//167 57//171 58//172
f 50//173 59//174 57//175
f 49//1 60//176 61//1
f 56//170 62//177 54//168
f 61//3 55//169 63//178
f 62//177 64//179 65//180
f 58//172 66//181 67//182
f 57//7 68//7 66//7
f 69//183 67//182 70//184
f 68//2 67//2 66//2
f 71//3 63//178 53//185
f 54//168 68//186 59//187
f 52//1 61//1 71//1
f 72//188 58//172 69//183
f 59//187 63//178 54//168
f 73//189 51//167 72//188
f 65//2 74//2 75//2
f 62//190 75//191 67//190
f 67//182 74//192 70//184
f 76//193 77//194 78//195
f 79//6 80//6 76//6
f 81//196 55//169 82//197
f 83//198 78//195 84//199
f 85//200 76//201 83//202
f 60//176 77//203 86//204
f 87//205 56//170 81//196
f 55//169 86//206 82//197
f 87//205 64//179 88//207
f 84//199 89//4 83//198
f 83//6 90//6 85//6
f 69//183 91//208 84//199
f 91//2 90//2 89//2
f 82//197 92//209 79//210
f 90//186 81//196 85//211
f 86//204 80//212 92//213
f 84//199 72//188 69//183
f 85//211 82//197 79//210
f 78//195 73//189 72//188
f 74//2 93//2 94//2
f 94//214 87//215 91//216
f 74//192 91//208 70//184
f 49//4 52//4 50//166
f 52//7 71//7 53//7
f 54//168 63//178 55//169
f 51//167 50//166 57//171
f 50//173 53//217 59//174
f 49//1 73//218 60//176
f 56//170 88//207 62//177
f 61//3 60//219 55//169
f 62//177 88//207 64//179
f 58//172 57//171 66//181
f 57//7 59//7 68//7
f 69//183 58//172 67//182
f 68//2 62//2 67//2
f 71//3 61//3 63//178
f 54//168 62//177 68//186
f 52//1 49//1 61//1
f 72//188 51//167 58//172
f 59//187 53//185 63//178
f 73//189 49//4 51//167
f 65//2 64//2 74//2
f 62//190 65//220 75//191
f 67//182 75//221 74//192
f 76//193 80//222 77//194
f 79//6 92//6 80//6
f 81//196 56//170 55//169
f 83//198 76//193 78//195
f 85//200 79//223 76//201
f 60//176 73//218 77//203
f 87//205 88//207 56//170
f 55//169 60//219 86//206
f 87//205 93//224 64//179
f 84//199 91//208 89//4
f 83//6 89//6 90//6
f 69//183 70//184 91//208
f 91//2 87//2 90//2
f 82//197 86//206 92//209
f 90//186 87//205 81//196
f 86//204 77//203 80//212
f 84//199 78//195 72//188
f 85//211 81//196 82//197
f 78//195 77//194 73//189
f 74//2 64//2 93//2
f 94//214 93//225 87//215
f 74//192 94//226 91//208
f 95//1 96//227 97//228
f 97//228 98//1 95//1
f 99//229 100//230 101//231
f 101//231 95//1 98//1
f 96//227 102//232 97//228
f 98//1 99//229 101//231
f 103//2 104//2 105//2
f 106//233 107//234 104//235
f 108//236 109//237 107//1
f 110//238 105//239 109//240
f 111//241 112//242 113//243
f 106//244 110//245 108//246
f 109//247 112//248 114//249
f 107//1 114//1 111//1
f 104//250 111//251 113//252
f 105//2 113//2 112//2
f 103//2 106//2 104//2
f 106//233 108//253 107//234
f 108//236 110//254 109//237
f 110//238 103//255 105//239
f 111//241 114//3 112//242
f 106//244 103//256 110//245
f 109//247 105//257 112//248
f 107//1 109//237 114//1
f 104//250 107//258 111//251
f 105//2 104//2 113//2
f 115//7 116//7 117//7
f 118//1 119//1 120//1
f 116//3 121//3 117//3
f 122//259 115//260 121//261
f 118//262 115//262 122//263
f 122//4 119//4 118//4
f 123//6 124//6 125//6
f 120//1 126//1 127//1
f 121//3 123//3 125//3
f 124//2 128//2 121//261
f 124//264 126//265 128//266
f 119//4 128//4 126//4
f 115//7 129//7 116//7
f 120//1 116//1 129//1
f 129//1 118//1 120//1
f 116//3 120//3 121//3
f 117//2 121//2 115//2
f 130//2 122//259 121//261
f 118//262 129//267 115//262
f 122//4 130//4 119//4
f 123//6 127//6 124//6
f 127//1 123//1 120//1
f 120//1 119//1 126//1
f 121//3 120//3 123//3
f 130//2 121//261 128//2
f 125//2 124//2 121//261
f 124//264 127//268 126//265
f 119//4 130//4 128//4
f 131//269 132//270 133//271
f 134//272 135//273 136//274
f 132//275 137//276 133//277
f 135//278 138//279 139//280
f 139//2 140//2 131//2
f 141//281 142//282 143//283
f 144//284 145//284 146//284
f 142//285 147//286 143//287
f 145//288 148//288 149//289
f 149//290 150//291 141//290
f 151//292 152//293 153//294
f 154//295 155//296 156//297
f 152//298 157//299 153//298
f 155//300 158//301 159//302
f 159//2 160//2 151//2
f 161//303 162//304 163//305
f 164//306 165//307 166//308
f 162//309 167//287 163//310
f 165//311 168//312 169//313
f 169//2 170//2 161//2
f 171//303 172//304 173//305
f 174//314 175//314 176//314
f 172//315 177//316 173//317
f 175//318 178//319 179//320
f 179//2 180//2 171//2
f 181//321 182//322 183//323
f 184//314 185//314 186//314
f 182//324 187//325 183//326
f 185//318 188//327 189//328
f 189//329 190//330 181//2
f 191//331 192//332 193//333
f 194//334 195//335 196//336
f 192//337 197//337 193//338
f 195//339 198//340 199//341
f 199//2 200//2 191//2
f 201//323 202//342 203//343
f 204//344 205//344 206//344
f 202//345 207//346 203//347
f 205//348 208//349 209//350
f 209//351 210//352 201//2
f 211//353 212//354 213//355
f 214//356 215//357 216//358
f 217//359 218//1 214//360
f 219//361 220//362 221//363
f 222//364 219//365 212//366
f 223//2 211//2 224//367
f 225//368 226//369 227//370
f 228//371 221//372 229//373
f 230//4 231//374 232//375
f 232//375 233//376 217//377
f 234//378 184//379 235//380
f 231//381 218//382 233//383
f 236//384 226//385 237//384
f 238//3 227//3 239//3
f 228//386 227//387 236//388
f 216//389 225//1 238//1
f 237//390 240//391 241//392
f 215//393 240//394 225//1
f 242//395 243//396 244//395
f 156//397 245//398 154//399
f 170//400 246//401 247//402
f 248//403 249//404 250//405
f 251//406 252//407 253//408
f 254//409 253//410 255//411
f 186//412 244//413 184//414
f 256//415 257//415 258//416
f 259//417 260//418 261//419
f 262//420 263//421 243//422
f 196//423 264//423 194//424
f 265//425 250//426 245//427
f 266//428 267//428 268//428
f 136//429 269//430 134//431
f 166//432 268//433 164//434
f 176//435 270//436 174//437
f 271//1 272//1 264//1
f 273//438 261//438 269//438
f 146//439 255//440 144//441
f 274//442 246//442 270//442
f 275//1 258//1 276//1
f 206//443 276//444 204//445
f 277//446 278//447 267//448
f 279//449 247//450 246//451
f 280//452 281//453 272//454
f 229//373 220//455 224//456
f 212//366 282//457 283//458
f 282//459 221//363 236//460
f 213//1 284//1 285//1
f 283//461 284//462 212//463
f 230//464 286//465 283//466
f 215//467 282//459 236//460
f 241//468 236//469 237//470
f 283//458 287//471 231//381
f 288//472 289//473 290//474
f 291//475 292//476 293//477
f 294//478 289//478 295//478
f 291//479 296//480 297//481
f 298//2 290//2 296//2
f 299//482 300//483 301//484
f 302//485 303//486 304//487
f 305//488 300//488 306//489
f 302//490 307//491 308//491
f 309//492 301//493 307//492
f 310//494 311//495 312//494
f 313//487 314//487 315//487
f 316//496 311//497 317//498
f 313//499 318//500 319//501
f 320//2 312//2 318//2
f 321//502 322//503 323//504
f 324//505 325//505 326//506
f 327//507 322//508 328//509
f 324//510 329//511 330//512
f 331//2 323//2 329//2
f 332//513 333//514 334//515
f 335//516 336//517 337//518
f 338//519 333//520 339//521
f 335//522 340//523 341//523
f 342//524 334//525 340//2
f 343//526 344//527 345//515
f 346//528 347//528 348//529
f 349//530 344//531 350//532
f 346//533 351//534 352//534
f 353//535 345//536 351//537
f 354//538 355//539 356//538
f 357//528 358//528 359//529
f 360//540 355//541 361//541
f 357//542 362//543 363//544
f 364//535 356//536 362//537
f 365//545 366//545 367//546
f 368//547 369//547 370//547
f 371//548 366//548 372//549
f 368//550 373//551 374//552
f 375//553 367//553 373//553
f 376//554 211//353 213//355
f 377//555 214//356 216//358
f 378//556 379//1 217//359
f 380//557 381//558 382//559
f 381//560 383//561 376//562
f 211//2 383//2 384//563
f 385//564 386//565 387//566
f 382//567 228//371 229//373
f 388//568 230//4 232//375
f 379//569 232//375 217//377
f 389//570 341//571 347//572
f 378//573 388//574 379//575
f 390//2 385//2 387//2
f 387//3 238//3 239//3
f 387//576 228//386 390//577
f 216//389 386//578 377//579
f 391//580 392//581 393//582
f 391//583 377//579 386//578
f 394//584 395//585 396//586
f 397//587 315//588 314//588
f 378//589 333//590 398//591
f 399//592 400//593 401//594
f 402//595 403//595 404//596
f 404//1 405//1 406//1
f 396//597 348//598 347//599
f 407//600 408//601 409//602
f 410//603 411//604 412//603
f 413//605 414//606 394//607
f 415//597 359//598 358//599
f 401//608 416//609 397//610
f 417//1 418//1 419//1
f 420//611 293//612 292//612
f 419//613 326//614 325//613
f 421//615 337//616 336//617
f 422//1 423//1 415//1
f 412//618 424//618 420//619
f 406//620 304//621 303//620
f 425//1 426//1 421//1
f 409//1 427//1 428//1
f 428//622 370//623 369//624
f 429//625 430//625 417//626
f 398//627 431//628 425//629
f 432//630 433//631 422//632
f 380//633 229//373 224//456
f 434//634 376//562 435//635
f 382//559 434//636 390//637
f 213//638 436//639 376//639
f 436//640 435//641 376//642
f 437//643 230//464 435//644
f 434//636 377//645 390//637
f 390//646 393//647 392//648
f 438//649 435//650 388//574
f 131//651 140//652 132//653
f 134//272 439//654 135//273
f 132//655 260//656 137//657
f 135//658 439//658 138//659
f 139//2 138//2 140//2
f 141//660 150//661 142//662
f 144//284 440//284 145//284
f 142//285 252//663 147//286
f 145//664 440//665 148//666
f 149//667 148//668 150//669
f 151//670 160//671 152//672
f 154//295 441//314 155//296
f 152//673 249//674 157//674
f 155//675 441//676 158//677
f 159//2 158//2 160//2
f 161//678 170//679 162//679
f 164//306 442//680 165//307
f 162//287 278//310 167//309
f 165//681 442//682 168//681
f 169//2 168//2 170//2
f 171//670 180//671 172//672
f 174//314 235//314 175//314
f 172//315 247//683 177//316
f 175//684 235//685 178//684
f 179//2 178//2 180//2
f 181//686 190//687 182//688
f 184//314 443//314 185//314
f 182//324 263//683 187//325
f 185//689 443//690 188//691
f 189//329 188//692 190//330
f 191//693 200//694 192//695
f 194//334 444//696 195//335
f 192//337 281//338 197//337
f 195//697 444//698 198//699
f 199//2 198//2 200//2
f 201//700 210//701 202//702
f 204//344 445//344 205//344
f 202//345 257//703 207//346
f 205//704 445//705 208//706
f 209//351 208//692 210//352
f 211//353 222//707 212//354
f 214//356 234//708 215//357
f 234//1 214//360 218//1
f 217//359 233//1 218//1
f 219//361 223//709 220//362
f 222//364 223//710 219//365
f 224//367 220//2 223//2
f 223//2 222//2 211//2
f 225//368 240//711 226//369
f 228//371 236//712 221//372
f 230//4 283//713 231//374
f 232//375 231//374 233//376
f 234//714 218//715 208//716
f 218//715 210//717 208//716
f 269//718 287//719 215//467
f 134//720 269//718 215//467
f 234//714 208//716 445//721
f 204//722 276//722 198//723
f 234//714 445//721 204//724
f 134//720 215//467 439//725
f 255//726 138//726 439//726
f 439//725 215//467 144//727
f 204//724 198//728 444//729
f 144//727 255//730 439//725
f 245//731 148//401 440//732
f 144//727 215//467 440//733
f 154//734 245//731 440//732
f 440//735 215//736 154//737
f 234//714 204//724 444//729
f 194//738 264//739 443//740
f 234//714 444//729 194//738
f 154//741 215//742 441//743
f 268//744 158//745 441//746
f 441//743 215//742 234//747
f 264//739 188//748 443//740
f 164//749 268//744 441//746
f 270//750 168//751 174//752
f 164//753 441//743 234//747
f 174//752 168//751 442//754
f 442//754 164//753 234//747
f 234//714 194//738 443//740
f 184//755 244//756 178//757
f 234//714 443//740 184//758
f 174//752 442//754 234//747
f 184//379 178//759 235//380
f 235//760 174//761 234//762
f 231//381 287//471 218//382
f 236//763 227//763 226//764
f 238//3 225//3 227//3
f 228//386 239//2 227//387
f 216//389 215//393 225//1
f 237//390 226//765 240//391
f 215//393 241//766 240//394
f 242//1 262//1 243//1
f 156//767 265//768 245//769
f 287//719 269//718 261//770
f 287//719 261//770 260//771
f 202//772 210//772 218//773
f 257//774 202//775 218//740
f 218//776 287//777 152//778
f 287//779 260//780 132//780
f 140//781 138//782 255//783
f 140//781 255//783 253//784
f 198//785 276//786 258//786
f 200//787 198//788 258//789
f 200//787 258//789 257//790
f 192//791 200//787 257//790
f 132//792 140//781 253//784
f 132//792 253//784 252//793
f 192//794 257//795 218//794
f 281//796 192//797 218//798
f 287//799 132//800 252//801
f 287//802 252//802 142//802
f 150//803 148//401 245//731
f 150//803 245//731 250//782
f 188//748 264//739 272//804
f 190//805 188//752 272//806
f 190//805 272//806 281//807
f 182//808 190//809 281//810
f 142//811 150//402 250//402
f 142//812 250//813 249//814
f 182//815 281//816 218//817
f 263//818 182//815 218//817
f 287//819 142//820 249//821
f 287//822 249//823 152//824
f 160//825 158//745 268//744
f 160//825 268//744 267//826
f 178//757 244//756 243//827
f 180//828 178//829 243//828
f 180//830 243//831 263//832
f 172//833 180//830 263//832
f 152//834 160//825 267//826
f 152//834 267//826 278//835
f 172//836 263//818 218//817
f 247//837 172//838 218//798
f 218//839 152//840 278//840
f 218//841 278//841 162//842
f 247//843 218//844 162//845
f 170//846 168//782 270//846
f 247//847 162//835 170//847
f 170//400 270//848 246//401
f 248//849 157//850 249//851
f 251//852 147//853 252//854
f 254//409 251//1 253//410
f 186//855 242//856 244//856
f 256//857 207//858 257//859
f 259//860 137//861 260//860
f 262//862 187//863 263//864
f 196//855 271//856 264//856
f 265//865 248//865 250//865
f 266//1 277//1 267//1
f 136//866 273//866 269//867
f 166//868 266//869 268//870
f 176//871 274//872 270//873
f 271//1 280//1 272//1
f 273//874 259//874 261//875
f 146//876 254//877 255//878
f 274//1 279//1 246//1
f 275//1 256//1 258//1
f 206//879 275//880 276//881
f 277//862 167//863 278//864
f 279//853 177//882 247//883
f 280//884 197//885 281//886
f 229//373 221//372 220//455
f 212//366 219//365 282//457
f 282//459 219//361 221//363
f 213//1 212//1 284//1
f 283//461 286//887 284//462
f 230//464 446//888 286//465
f 215//467 287//719 282//459
f 241//468 215//889 236//469
f 283//458 282//457 287//471
f 288//890 295//891 289//892
f 291//893 297//894 292//895
f 294//478 410//478 289//478
f 291//896 298//896 296//897
f 298//2 288//2 290//2
f 299//898 306//899 300//900
f 302//485 308//901 303//486
f 305//488 402//489 300//488
f 302//902 309//903 307//904
f 309//905 299//905 301//906
f 310//907 317//908 311//909
f 313//487 319//487 314//487
f 316//910 399//911 311//912
f 313//913 320//914 318//915
f 320//916 310//917 312//916
f 321//907 328//918 322//919
f 324//505 330//506 325//505
f 327//920 429//921 322//922
f 324//923 331//924 329//925
f 331//2 321//2 323//2
f 332//926 339//927 333//907
f 335//516 341//928 336//517
f 338//519 398//929 333//520
f 335//923 342//924 340//925
f 342//524 332//930 334//525
f 343//931 350//932 344//933
f 346//528 352//529 347//528
f 349//530 413//929 344//531
f 346//934 353//935 351//936
f 353//535 343//2 345//536
f 354//937 361//938 355//939
f 357//528 363//529 358//528
f 360//540 432//940 355//541
f 357//941 364//942 362//942
f 364//535 354//2 356//536
f 365//943 372//944 366//945
f 368//547 374//547 369//547
f 371//548 407//549 366//548
f 368//946 375//947 373//948
f 375//916 365//916 367//916
f 376//554 383//949 211//353
f 377//555 389//950 214//356
f 217//359 214//360 378//556
f 389//951 378//556 214//360
f 380//557 384//952 381//558
f 381//560 384//953 383//561
f 384//563 380//954 224//367
f 224//367 211//2 384//563
f 385//564 391//955 386//565
f 382//567 390//956 228//371
f 388//568 435//569 230//4
f 379//569 388//568 232//375
f 377//645 438//957 420//958
f 377//645 420//958 292//959
f 367//960 378//961 373//962
f 373//962 378//961 389//570
f 389//963 377//964 319//965
f 297//966 296//966 406//967
f 377//645 292//959 297//968
f 374//969 373//962 389//570
f 362//970 428//971 369//972
f 369//973 374//969 389//570
f 297//968 406//974 303//975
f 308//976 307//977 397//977
f 377//645 297//968 303//975
f 308//978 397//979 314//980
f 377//964 303//971 308//981
f 363//982 362//983 369//973
f 377//964 308//981 314//984
f 319//985 318//986 419//987
f 377//964 314//984 319//965
f 363//982 369//973 389//570
f 351//988 415//989 358//990
f 358//990 363//982 389//570
f 319//985 419//987 325//991
f 330//992 329//993 336//994
f 389//963 319//965 325//995
f 329//996 421//997 336//998
f 389//963 325//995 330//992
f 352//999 351//988 358//990
f 389//963 330//992 336//994
f 341//1000 340//988 396//1001
f 389//1002 336//1003 341//1003
f 352//999 358//990 389//570
f 341//571 396//1004 347//572
f 347//572 352//999 389//570
f 378//573 438//649 388//574
f 390//2 392//2 385//2
f 387//3 386//3 238//3
f 387//576 239//2 228//386
f 216//389 238//1 386//578
f 391//580 385//1005 392//581
f 391//1 393//1 377//1
f 394//584 414//1006 395//585
f 397//1007 416//1008 315//1009
f 378//1010 367//1011 366//1012
f 378//1010 366//1012 407//1013
f 412//1014 420//958 438//957
f 410//1015 412//1014 438//957
f 438//1016 378//1016 311//1017
f 409//1018 428//971 362//970
f 289//1019 410//1020 438//1019
f 406//1021 296//1022 290//1023
f 406//1021 290//1023 404//1024
f 404//1024 290//1023 289//1025
f 407//1026 409//1027 356//1028
f 409//1027 362//1029 356//1028
f 402//1030 404//1024 289//1025
f 300//1031 402//1032 438//1033
f 407//1026 356//1028 355//1034
f 407//1035 355//1036 378//1037
f 402//1038 289//1039 438//1038
f 397//1040 307//1041 301//1042
f 397//1040 301//1042 401//1043
f 401//1044 301//1044 300//1045
f 378//1046 355//590 432//1047
f 422//1048 415//989 351//988
f 399//1049 401//983 300//1050
f 311//1051 399//1052 438//1053
f 432//1054 422//1048 345//1055
f 422//1048 351//988 345//1055
f 399//1052 300//1056 438//1053
f 419//987 318//986 312//1057
f 419//987 312//1057 417//1058
f 417//1058 312//1057 311//1059
f 432//1060 345//1060 344//1061
f 432//1047 344//1062 378//1046
f 429//1061 417//1058 311//1059
f 322//1063 429//1064 378//1064
f 378//1065 344//1066 413//1067
f 394//1068 396//1001 340//988
f 429//1069 311//1069 378//1069
f 421//997 329//996 323//1070
f 421//1071 323//1072 425//1073
f 425//1073 323//1072 322//1074
f 413//1075 394//1076 334//1077
f 394//1076 340//1078 334//1077
f 398//1061 425//1073 322//1074
f 413//1075 334//1077 333//1040
f 398//1079 322//1080 378//1080
f 378//1081 413//1082 333//1083
f 399//1084 316//1085 400//1086
f 402//1087 305//1088 403//1089
f 404//1 403//1 405//1
f 396//1090 395//1091 348//1092
f 407//1093 371//1093 408//1094
f 410//1095 294//1096 411//1097
f 413//1098 349//1099 414//1100
f 415//1090 423//1091 359//1092
f 401//1101 400//1101 416//1101
f 417//1 430//1 418//1
f 420//1102 424//1103 293//1104
f 419//1105 418//1106 326//1105
f 421//1107 426//1108 337//1109
f 422//1110 433//1006 423//1006
f 412//1111 411//1111 424//1111
f 406//1112 405//1113 304//1113
f 425//1 431//1 426//1
f 409//1 408//1 427//1
f 428//1114 427//1115 370//1116
f 429//1089 327//1117 430//1118
f 398//1119 338//1120 431//1120
f 432//1121 360//1122 433//1121
f 380//633 382//567 229//373
f 434//634 381//560 376//562
f 382//559 381//558 434//636
f 213//1 285//1 436//1
f 436//640 437//1123 435//641
f 437//643 446//888 230//464
f 434//636 438//957 377//645
f 390//646 377//1124 393//647
f 438//1125 434//1126 435//1127
f 447//1128 448//1 449//1129
f 450//1130 451//1131 448//1131
f 449//3 451//3 452//3
f 453//4 454//4 455//4
f 456//1132 453//1133 457//1134
f 450//1130 458//6 456//1135
f 447//1136 459//1137 457//1136
f 457//2 460//2 452//2
f 456//2 452//2 451//2
f 447//1128 454//1 450//1
f 447//1138 453//1139 455//7
f 461//3 452//3 460//3
f 462//1140 449//1129 461//1
f 463//1 464//1141 465//1142
f 466//7 467//1143 463//7
f 466//3 465//3 468//3
f 469//4 470//4 471//4
f 470//1144 472//1145 473//1146
f 474//1147 467//1143 472//1148
f 459//1137 464//1149 473//1149
f 460//2 473//2 468//2
f 468//2 472//2 466//2
f 469//1 464//1141 467//1
f 464//6 470//6 473//6
f 468//3 461//3 460//3
f 465//1142 462//1140 461//1
f 447//1128 450//1 448//1
f 450//1130 456//1135 451//1131
f 449//3 448//3 451//3
f 453//4 458//4 454//4
f 456//1132 458//1150 453//1133
f 450//1130 454//6 458//6
f 447//1136 462//4 459//1137
f 457//2 459//2 460//2
f 456//2 457//2 452//2
f 447//1128 455//1 454//1
f 447//1138 457//1151 453//1139
f 461//3 449//3 452//3
f 462//1140 447//1128 449//1129
f 463//1 467//1 464//1141
f 466//7 472//1148 467//1143
f 466//3 463//3 465//3
f 469//4 474//4 470//4
f 470//1144 474//1150 472//1145
f 474//1147 469//7 467//1143
f 459//1137 462//4 464//1149
f 460//2 459//2 473//2
f 468//2 473//2 472//2
f 469//1 471//1 464//1141
f 464//6 471//6 470//6
f 468//3 465//3 461//3
f 465//1142 464//1141 462//1140
f 475//1152 476//1153 477//1154
f 477//1155 478//1156 479//1157
f 479//1158 480//1159 481//1160
f 481//1161 482//1162 483//1163
f 476//1164 484//1165 485//1166
f 480//1167 486//1168 482//1169
f 478//1170 485//1171 487//1172
f 478//1173 488//1174 480//1175
f 487//1176 489//1177 488//1178
f 484//1179 490//1180 485//1181
f 486//1182 489//1183 491//1184
f 485//1185 492//1186 487//1187
f 477//1188 493//1189 475//1190
f 479//1191 490//1192 477//1193
f 479//1194 489//1195 492//1196
f 481//1197 491//1198 489//1197
f 475//1152 494//1199 476//1153
f 477//1155 476//1200 478//1156
f 479//1158 478//1201 480//1159
f 481//1161 480//1202 482//1162
f 476//1164 494//1203 484//1165
f 480//1204 488//1204 486//1205
f 478//1206 476//1207 485//1208
f 478//1170 487//1172 488//1209
f 487//1176 492//1210 489//1177
f 484//1211 493//1212 490//1213
f 486//1182 488//1214 489//1183
f 485//1185 490//1215 492//1186
f 477//1216 490//1217 493//1218
f 479//1219 492//1220 490//1221
f 479//1222 481//1223 489//1224
f 481//1225 483//1226 491//1227
f 495//7 496//7 497//7
f 498//1228 499//1 500//1229
f 497//3 501//1230 495//3
f 502//2 503//2 501//2
f 498//1231 503//49 502//49
f 502//4 499//1232 498//4
f 504//6 505//6 506//6
f 500//1233 507//1234 505//1234
f 501//1230 508//1235 504//1236
f 506//1237 509//1238 501//1239
f 506//1240 507//1241 509//1242
f 499//1232 509//1243 507//1244
f 495//7 503//7 496//7
f 500//1 497//1 496//1
f 496//1245 498//1228 500//1229
f 497//3 500//1246 501//1230
f 495//2 501//2 503//2
f 510//1247 502//2 501//1239
f 498//1248 496//1249 503//1250
f 502//4 510//1232 499//1232
f 504//6 508//6 505//6
f 505//1 508//1 500//1
f 500//1229 499//1 507//1
f 501//1230 500//1246 508//1235
f 510//1247 501//1239 509//1238
f 504//1251 506//1237 501//1239
f 506//1240 505//1252 507//1241
f 499//1232 510//1232 509//1243
f 511//7 512//7 513//7
f 514//1 515//1 516//1
f 513//1253 517//3 511//1254
f 518//2 519//2 517//2
f 514//1255 519//1256 518//1257
f 518//1258 515//1259 514//1260
f 520//1261 521//1262 522//1263
f 516//1264 523//1265 524//1266
f 517//3 520//1267 522//1235
f 521//1268 525//1269 517//1270
f 521//1271 523//1272 525//1273
f 515//1259 525//1274 523//4
f 511//7 519//7 512//7
f 516//1275 513//1 512//1276
f 512//1276 514//1277 516//1275
f 513//1253 516//3 517//3
f 511//2 517//2 519//2
f 526//1278 518//2 517//1270
f 514//1255 512//1279 519//1256
f 518//1258 526//1280 515//1259
f 520//1261 524//6 521//1262
f 524//1266 520//1 516//1264
f 516//1 515//1 523//1
f 517//3 516//3 520//1267
f 526//1278 517//1270 525//1269
f 522//1281 521//1268 517//1270
f 521//1271 524//1282 523//1272
f 515//1259 526//1280 525//1274
f 527//7 528//7 529//7
f 530//1283 531//1 532//1284
f 528//1285 533//1286 529//1285
f 534//1287 527//1288 533//1289
f 530//1290 527//1291 534//1292
f 534//1293 531//1294 530//1293
f 535//6 536//6 537//6
f 532//1284 538//1295 539//1296
f 533//1286 535//1254 537//1253
f 536//1297 540//1298 533//1299
f 536//1300 538//1300 540//1301
f 531//1294 540//1302 538//1302
f 527//7 541//7 528//7
f 532//1284 528//1 541//1303
f 541//1303 530//1283 532//1284
f 528//1285 532//1304 533//1286
f 529//1305 533//1289 527//1288
f 542//1306 534//1287 533//1289
f 530//1290 541//1307 527//1291
f 534//1293 542//4 531//1294
f 535//6 539//6 536//6
f 539//1296 535//1 532//1284
f 532//1284 531//1 538//1295
f 533//1286 532//1304 535//1254
f 542//1306 533//1289 540//1308
f 537//1309 536//1297 533//1299
f 536//1300 539//1300 538//1300
f 531//1294 542//4 540//1302
f 543//1310 544//1311 545//1312
f 546//1 547//1 543//1
f 548//1313 549//1314 546//1315
f 550//1316 551//1317 548//1318
f 551//1319 552//1320 544//1319
f 553//2 552//2 550//2
f 545//1321 554//1322 553//1323
f 553//1324 548//1325 545//1325
f 543//1310 547//1326 544//1311
f 546//1 549//1 547//1
f 548//1313 551//1327 549//1314
f 550//1316 552//1328 551//1317
f 544//4 547//4 549//4
f 549//4 551//4 544//4
f 552//1329 554//1330 544//1331
f 553//2 554//2 552//2
f 545//1321 544//1332 554//1322
f 543//1333 545//1334 548//1334
f 553//1335 550//1336 548//1337
f 548//1338 546//1338 543//1338
f 555//2 556//2 557//2
f 558//6 559//6 555//6
f 560//1339 561//1339 558//1340
f 557//1341 562//1342 560//1343
f 557//1344 558//1345 555//3
f 562//1346 559//1347 561//1348
f 555//2 559//2 556//2
f 558//6 561//6 559//6
f 560//1339 562//1349 561//1339
f 557//1341 556//1350 562//1342
f 557//1344 560//1351 558//1345
f 562//1346 556//4 559//1347
f 563//7 564//7 565//7
f 566//1352 567//1 568//1353
f 565//3 569//1246 563//3
f 570//2 571//2 569//1354
f 566//1355 571//1355 570//1356
f 570//4 567//1232 566//4
f 572//6 573//6 574//6
f 568//1353 575//1357 573//1358
f 569//1246 576//1285 572//1235
f 574//1359 577//1360 569//1354
f 574//1361 575//1362 577//1363
f 567//1232 577//1364 575//1364
f 563//7 571//7 564//7
f 568//1353 565//1 564//1365
f 564//1365 566//1352 568//1353
f 565//3 568//1230 569//1246
f 563//2 569//1354 571//2
f 578//1366 570//2 569//1354
f 566//1355 564//1279 571//1355
f 570//4 578//1232 567//1232
f 572//6 576//6 573//6
f 573//1367 576//1368 568//1369
f 568//1353 567//1 575//1357
f 569//1246 568//1230 576//1285
f 578//1366 569//1354 577//1360
f 572//1370 574//1370 569//1371
f 574//1361 573//1372 575//1362
f 567//1232 578//1232 577//1364
f 579//1373 580//1374 581//1375
f 582//1376 583//1377 580//1378
f 579//1379 584//1380 585//1381
f 586//1382 587//1383 588//1384
f 589//1385 581//1386 587//1387
f 581//1388 590//1389 591//1390
f 584//1391 592//1392 593//1393
f 579//1379 594//1394 582//1395
f 589//1396 595//1397 584//1398
f 582//1395 596//1399 597//1400
f 580//1401 598//1402 590//1403
f 594//1404 591//1405 590//1406
f 585//1407 593//1408 591//1409
f 594//1410 598//1411 596//1412
f 587//1413 592//1414 588//1415
f 581//1416 593//1417 587//1418
f 579//1373 582//1419 580//1374
f 582//1376 597//1420 583//1377
f 579//1421 589//1396 584//1398
f 586//1382 589//1422 587//1383
f 589//1385 579//1423 581//1386
f 581//1388 580//1424 590//1389
f 584//1425 595//1426 592//1427
f 579//1379 585//1381 594//1394
f 589//1396 586//1428 595//1397
f 582//1395 594//1394 596//1399
f 580//1401 583//1429 598//1402
f 594//1404 585//1430 591//1405
f 585//1407 584//1431 593//1408
f 594//1410 590//1432 598//1411
f 587//1433 593//1434 592//1435
f 581//1436 591//1437 593//1438
f 599//1439 600//1440 601//1441
f 600//1 602//1 603//1
f 602//1442 604//1443 603//1444
f 605//1445 606//1446 604//1447
f 607//1448 608//1449 602//1450
f 608//1451 609//1452 606//1453
f 607//1454 601//1455 609//1456
f 603//1457 604//1458 609//1459
f 599//1439 610//1460 600//1440
f 600//1 610//1 602//1
f 602//1442 605//1461 604//1443
f 605//1445 608//1462 606//1446
f 602//1450 610//6 599//1463
f 599//1463 607//1448 602//1450
f 608//1449 605//1464 602//1450
f 608//1451 607//2 609//1452
f 607//1454 599//1465 601//1455
f 609//1459 601//1466 600//1467
f 600//1467 603//1457 609//1459
f 604//1458 606//7 609//1459
f 611//1468 612//1469 613//1469
f 614//7 615//7 612//7
f 616//1470 617//1471 615//1472
f 617//1473 611//1474 613//1475
f 618//1476 619//1477 620//1478
f 614//1479 621//1479 616//1479
f 622//6 613//1475 623//6
f 615//1480 622//1481 618//1482
f 612//7 618//1476 620//1478
f 613//2 620//2 623//2
f 624//1483 625//1484 626//1485
f 620//1486 627//1487 623//1488
f 622//1489 626//1490 618//1491
f 622//6 627//6 624//6
f 628//1492 629//1493 625//1494
f 627//1495 630//1496 631//1497
f 624//6 631//1498 628//1499
f 626//1500 630//1501 619//1477
f 632//1502 633//1503 634//6
f 630//1504 635//1505 631//1504
f 631//1498 632//1502 628//1499
f 630//1501 629//1506 636//1507
f 637//1508 638//1508 639//1509
f 629//1506 640//1510 636//1507
f 632//1511 637//1512 629//1513
f 636//1514 633//1515 635//1516
f 639//1517 641//1518 642//1519
f 640//1520 641//1521 633//1522
f 634//6 641//6 638//6
f 637//1523 642//1524 640//1510
f 611//1525 614//1526 612//1527
f 614//7 616//7 615//7
f 616//1528 621//1529 617//1530
f 617//1473 621//1531 611//1474
f 618//1476 626//1500 619//1477
f 614//1479 611//1479 621//1479
f 622//6 617//1473 613//1475
f 615//1480 617//1532 622//1481
f 612//7 615//7 618//1476
f 613//2 612//2 620//2
f 624//1533 628//1534 625//1535
f 620//1486 619//1536 627//1487
f 622//1537 624//1538 626//1539
f 622//6 623//6 627//6
f 628//1492 632//1540 629//1493
f 627//1541 619//1542 630//1543
f 624//6 627//6 631//1498
f 626//1500 625//7 630//1501
f 632//1502 635//1544 633//1503
f 630//1545 636//1546 635//1547
f 631//1498 635//1544 632//1502
f 630//1501 625//7 629//1506
f 637//1548 634//1549 638//1548
f 629//1506 637//1523 640//1510
f 632//1550 634//1551 637//1551
f 636//1514 640//1552 633//1515
f 639//1553 638//1554 641//1553
f 640//1520 642//1555 641//1521
f 634//6 633//1503 641//6
f 637//1523 639//7 642//1524
f 643//7 644//7 645//7
f 646//1 647//1 648//1
f 644//3 649//3 645//3
f 650//1556 643//1557 649//1558
f 646//1559 643//1560 650//1561
f 650//45 647//1562 646//45
f 651//1563 652//1564 653//1565
f 648//1 654//1 655//1
f 649//3 651//3 653//3
f 652//1566 656//1567 649//1558
f 652//1568 654//1569 656//1570
f 647//1562 656//1571 654//1572
f 643//7 657//7 644//7
f 648//1573 644//1 657//1574
f 657//1574 646//1575 648//1573
f 644//3 648//3 649//3
f 645//2 649//2 643//2
f 658//2 650//1556 649//1558
f 646//1559 657//1576 643//1560
f 650//45 658//39 647//1562
f 651//1563 655//1577 652//1564
f 655//1 651//1 648//1
f 648//1 647//1 654//1
f 649//3 648//3 651//3
f 658//2 649//1558 656//1567
f 653//2 652//2 649//2
f 652//1568 655//1578 654//1569
f 647//1562 658//39 656//1571
f 659//7 660//7 661//7
f 662//1 663//1 664//1579
f 660//1580 665//1581 661//1580
f 666//2 659//2 665//1582
f 662//36 659//36 666//1583
f 666//1584 663//1585 662//1584
f 667//6 668//6 669//6
f 664//1579 670//1 671//1586
f 665//1581 667//31 669//31
f 668//1587 672//1588 665//1582
f 668//1300 670//1300 672//1300
f 663//1585 672//1302 670//1302
f 659//7 673//7 660//7
f 664//1579 660//1589 673//1590
f 673//1590 662//1 664//1579
f 660//1580 664//3 665//1581
f 661//2 665//1582 659//2
f 674//1591 666//2 665//1582
f 662//36 673//1592 659//36
f 666//1584 674//1593 663//1585
f 667//6 671//6 668//6
f 671//1586 667//1594 664//1579
f 664//1579 663//1 670//1
f 665//1581 664//3 667//31
f 674//1591 665//1582 672//1588
f 669//1595 668//1587 665//1582
f 668//1300 671//1300 670//1300
f 663//1585 674//1593 672//1302
f 675//1596 676//1597 677//1598
f 677//1599 678//1600 679//1601
f 679//1602 680//1603 681//1604
f 681//1605 682//1606 683//1607
f 676//1608 684//1609 685//1610
f 680//1611 686//1612 682//1613
f 678//1614 685//1610 687//1615
f 678//1614 688//1616 680//1617
f 687//1618 689//1619 688//1620
f 684//1621 690//1622 685//1623
f 688//1624 691//1625 686//1626
f 685//1627 692//1628 687//1629
f 677//1630 693//1631 675//1632
f 679//1633 690//1634 677//1635
f 679//1636 689//1637 692//1638
f 681//1639 691//1640 689//1641
f 675//1596 694//1642 676//1597
f 677//1599 676//1643 678//1600
f 679//1602 678//1644 680//1603
f 681//1645 680//1646 682//1647
f 676//1608 694//1648 684//1609
f 680//1617 688//1616 686//1649
f 678//1614 676//1608 685//1610
f 678//1614 687//1615 688//1616
f 687//1618 692//1650 689//1619
f 684//1621 693//1651 690//1622
f 688//1624 689//1652 691//1625
f 685//1627 690//1653 692//1628
f 677//1630 690//1217 693//1631
f 679//1633 692//1654 690//1634
f 679//1655 681//1656 689//1655
f 681//1657 683//1658 691//1659
f 695//1660 696//1661 697//1662
f 696//1663 698//1664 697//1665
f 699//1666 700//1667 698//1668
f 700//1669 701//1670 695//1671
f 698//1672 695//1673 697//1674
f 699//1675 702//1676 703//1677
f 704//1678 702//1679 705//1680
f 701//1681 704//1682 696//1683
f 701//1670 702//1684 706//1685
f 696//1663 705//1686 699//1687
f 695//1660 701//1688 696//1661
f 696//1663 699//1687 698//1664
f 699//1666 703//1689 700//1667
f 700//1669 703//1690 701//1670
f 698//1672 700//1691 695//1673
f 699//1675 705//1692 702//1676
f 704//1678 706//1693 702//1679
f 701//1681 706//1694 704//1682
f 701//1670 703//1690 702//1684
f 696//1663 704//1695 705//1686
f 707//1696 708//1697 709//1698
f 710//1 711//1 708//1
f 712//1699 713//1700 711//1701
f 714//1702 715//1702 713//1703
f 707//4 714//4 712//4
f 716//2 717//2 715//2
f 718//1704 709//1705 717//1706
f 708//1707 713//1708 709//1708
f 707//1696 710//1709 708//1697
f 710//1 712//1 711//1
f 712//1699 714//1710 713//1700
f 714//1711 716//1712 715//1711
f 712//1713 710//1714 707//1715
f 707//1716 718//1717 716//1716
f 716//4 714//4 707//4
f 716//2 718//2 717//2
f 718//1704 707//1718 709//1705
f 717//1719 709//1720 713//1719
f 708//1721 711//1722 713//1723
f 713//1724 715//1724 717//1724
f 719//7 720//7 721//7
f 722//1 723//1 724//1
f 720//3 725//1246 721//3
f 726//2 719//2 725//2
f 722//1725 719//1726 726//1725
f 726//4 723//1727 722//4
f 727//6 728//6 729//6
f 724//1 730//1 731//1
f 725//1246 727//1235 729//1235
f 728//1728 732//1729 725//1730
f 728//1731 730//1732 732//1733
f 723//1727 732//1364 730//1364
f 719//7 733//7 720//7
f 724//1 720//1 733//1
f 733//1 722//1 724//1
f 720//3 724//1246 725//1246
f 721//2 725//2 719//2
f 734//2 726//2 725//2
f 722//1734 733//1735 719//1734
f 726//4 734//1727 723//1727
f 727//6 731//6 728//6
f 731//1 727//1 724//1
f 724//1 723//1 730//1
f 725//1246 724//1246 727//1235
f 734//1736 725//1730 732//1729
f 729//1737 728//1728 725//1730
f 728//1738 731//1738 730//1738
f 723//1727 734//1727 732//1364
f 735//1739 736//1740 737//1741
f 738//1 739//1 736//1
f 740//1742 741//1743 739//1742
f 742//1744 743//1745 741//1746
f 744//6 745//6 740//6
f 745//1747 746//1748 743//1749
f 744//1750 737//1751 746//1752
f 736//7 743//7 746//7
f 735//1753 738//1754 736//1754
f 738//1 740//1 739//1
f 740//1755 742//1756 741//1756
f 742//1757 745//1757 743//1758
f 740//6 738//6 735//6
f 735//6 744//6 740//6
f 745//6 742//6 740//6
f 745//1747 744//2 746//1748
f 744//1759 735//1760 737//1761
f 746//7 737//7 736//7
f 736//7 739//7 741//7
f 741//7 743//7 736//7
f 747//1762 748//1763 749//1764
f 750//7 751//7 748//7
f 752//3 748//3 751//3
f 753//1765 754//1765 755//1765
f 756//1766 753//1767 757//1768
f 750//7 758//7 756//7
f 757//1769 759//1770 760//1771
f 757//1 761//1 752//1
f 756//1 752//1 751//1
f 747//1762 754//1772 750//1773
f 747//6 753//6 755//6
f 762//3 752//3 761//3
f 759//1774 749//1764 762//2
f 763//1775 764//1776 765//2
f 766//6 767//1777 763//6
f 766//3 765//3 768//3
f 769//1778 770//1779 771//1780
f 770//1781 772//1782 773//1783
f 774//1784 767//1777 772//1785
f 760//1771 764//4 773//4
f 761//1 773//1 768//1
f 768//1 772//1 766//1
f 769//2 764//1776 767//1786
f 764//7 770//7 773//7
f 768//3 762//3 761//3
f 765//2 759//1774 762//2
f 747//1762 750//1773 748//1763
f 750//7 756//7 751//7
f 752//3 749//3 748//3
f 753//1765 758//1765 754//1765
f 756//1766 758//1787 753//1767
f 750//7 754//7 758//7
f 757//1769 747//1788 759//1770
f 757//1 760//1 761//1
f 756//1 757//1 752//1
f 747//1762 755//1789 754//1772
f 747//6 757//6 753//6
f 762//3 749//3 752//3
f 759//1774 747//1762 749//1764
f 763//1775 767//1786 764//1776
f 766//6 772//1785 767//1777
f 766//3 763//3 765//3
f 769//1778 774//1765 770//1779
f 770//1781 774//1790 772//1782
f 774//1784 769//6 767//1777
f 760//1771 759//1770 764//4
f 761//1 760//1 773//1
f 768//1 773//1 772//1
f 769//2 771//2 764//1776
f 764//7 771//7 770//7
f 768//3 765//3 762//3
f 765//2 764//1776 759//1774
f 775//1791 776//1792 777//1793
f 778//1794 779//1795 780//1796
f 781//1797 780//1798 782//1799
f 783//1800 784//1801 785//1802
f 786//1803 787//1803 775//1804
f 788//1805 776//1805 779//1806
f 781//1807 784//1808 789//1809
f 786//1810 785//1811 790//1812
f 788//1813 778//1814 786//1815
f 790//1816 785//1817 782//1818
f 775//1819 787//1820 776//1819
f 778//1821 788//1822 779//1821
f 781//1823 778//1823 780//1824
f 783//1825 789//1826 784//1825
f 786//1827 790//1828 787//1829
f 788//1830 777//1831 776//1831
f 781//1832 782//1833 784//1834
f 786//1835 783//1836 785//1837
f 789//1838 783//1839 781//1840
f 786//1841 775//1842 788//1841
f 777//1843 788//1844 775//1844
f 778//1814 781//1840 786//1815
f 783//1839 786//1815 781//1840
f 782//1818 780//1845 790//1816
f 779//1846 776//1847 787//1848
f 787//1848 790//1849 780//1850
f 785//1851 784//1852 782//1851
f 780//1850 779//1846 787//1848
f 791//7 792//7 793//7
f 794//1853 795//1 796//1854
f 793//3 797//3 791//3
f 798//2 799//2 797//1855
f 794//1856 799//267 798//267
f 798//4 795//1857 794//4
f 800//6 801//6 802//6
f 796//1854 803//1858 801//1859
f 797//3 804//3 800//3
f 802//1860 805//1861 797//1855
f 802//1862 803//1863 805//1864
f 795//1857 805//1865 803//1865
f 791//7 799//7 792//7
f 796//1854 793//1 792//1866
f 792//1866 794//1853 796//1854
f 793//3 796//3 797//3
f 791//2 797//1855 799//2
f 806//1867 798//2 797//1855
f 794//1868 792//263 799//1869
f 798//4 806//1857 795//1857
f 800//6 804//6 801//6
f 801//1859 804//1 796//1854
f 796//1854 795//1 803//1858
f 797//3 796//3 804//3
f 806//1867 797//1855 805//1861
f 800//2 802//1860 797//1855
f 802//1862 801//1870 803//1863
f 795//1857 806//1857 805//1865
f 807//7 808//7 809//7
f 810//1871 811//1 812//1872
f 809//3 813//3 807//3
f 814//2 815//2 813//2
f 810//1561 815//1873 814//1869
f 814//4 811//4 810//4
f 816//6 817//6 818//6
f 812//1872 819//1874 817//1875
f 813//3 820//3 816//3
f 818//2 821//2 813//2
f 818//1876 819//1876 821//1877
f 811//4 821//4 819//4
f 807//7 815//7 808//7
f 812//1872 809//1 808//1878
f 808//1878 810//1871 812//1872
f 809//3 812//3 813//3
f 807//2 813//2 815//2
f 822//2 814//2 813//2
f 810//1561 808//1735 815//1873
f 814//4 822//4 811//4
f 816//6 820//6 817//6
f 817//1875 820//1 812//1872
f 812//1872 811//1 819//1874
f 813//3 812//3 820//3
f 822//2 813//2 821//2
f 816//2 818//2 813//2
f 818//1876 817//1879 819//1876
f 811//4 822//4 821//4
f 823//1 824//1880 825//1881
f 826//1882 827//1883 828//1884
f 829//1885 830//1886 831//1887
f 832//1888 833//1889 834//1
f 829//1885 824//1890 826//1891
f 831//1887 833//1889 835//1892
f 823//1893 834//1894 836//1895
f 830//1896 837//1897 833//1897
f 834//6 838//6 836//6
f 836//1898 827//1899 824//1900
f 830//7 828//7 839//7
f 834//1901 837//1901 840//1902
f 841//1903 832//1904 823//1905
f 828//1906 842//1907 839//1908
f 840//1909 843//1910 841//1911
f 844//1912 832//1913 843//1912
f 842//1914 831//1915 845//1916
f 846//1917 823//1918 825//1918
f 844//1919 831//1920 835//1921
f 846//1922 829//1922 842//1923
f 823//1893 836//1895 824//1
f 826//1924 824//1924 827//1925
f 829//1885 826//1891 830//1886
f 832//1888 835//1892 833//1889
f 829//1926 825//1881 824//1880
f 831//1887 830//1886 833//1889
f 823//1893 832//1 834//1894
f 830//1927 839//1928 837//26
f 834//6 840//6 838//6
f 836//1929 838//1930 827//1930
f 830//7 826//7 828//7
f 834//1931 833//1932 837//1932
f 841//1903 843//1933 832//1904
f 845//1934 844//1934 837//1935
f 845//1936 837//1936 839//1937
f 827//1938 846//1938 842//1939
f 845//1940 839//1941 842//1942
f 828//1943 827//1944 842//1945
f 841//1946 846//1947 827//1946
f 841//1948 827//1949 838//1949
f 837//1950 844//1951 843//1952
f 841//1953 838//1953 840//1954
f 840//1955 837//1950 843//1952
f 844//1956 835//1957 832//1958
f 842//1914 829//1959 831//1915
f 846//1960 841//1961 823//1960
f 844//1962 845//1963 831//1963
f 846//1964 825//1964 829//1965
f 847//1966 848//1967 849//1968
f 848//1 850//1 851//1
f 850//1969 852//1970 851//1971
f 852//1972 853//1973 854//1972
f 847//6 853//6 855//6
f 853//2 856//2 854//2
f 856//1974 847//1975 849//1976
f 848//1977 854//7 856//1978
f 847//1966 855//1979 848//1967
f 848//1 855//1 850//1
f 850//1969 857//1980 852//1970
f 852//1981 857//1982 853//1983
f 850//6 855//6 853//6
f 847//6 858//6 853//6
f 853//6 857//6 850//6
f 853//2 858//2 856//2
f 856//1974 858//1984 847//1975
f 856//1978 849//1985 848//1977
f 848//1977 851//7 852//7
f 852//7 854//7 848//1977
f 859//7 860//7 861//7
f 862//1 863//1 864//1
f 860//3 865//3 861//3
f 866//2 859//2 865//2
f 862//1561 859//1561 866//1561
f 866//4 863//4 862//4
f 867//6 868//6 869//6
f 864//1986 870//1987 871//1987
f 865//3 867//3 869//3
f 868//2 872//2 865//2
f 868//1988 870//1988 872//1988
f 863//4 872//4 870//4
f 859//7 873//7 860//7
f 864//1 860//1 873//1
f 873//1 862//1 864//1
f 860//3 864//3 865//3
f 861//2 865//2 859//2
f 874//2 866//2 865//2
f 862//1989 873//1576 859//1576
f 866//4 874//4 863//4
f 867//6 871//6 868//6
f 871//1 867//1 864//1
f 864//1 863//1 870//1
f 865//3 864//3 867//3
f 874//2 865//2 872//2
f 869//2 868//2 865//2
f 868//1990 871//1252 870//1991
f 863//4 874//4 872//4
f 875//1992 876//1993 877//1994
f 876//1 878//1 879//1
f 878//1995 880//1996 879//1997
f 881//1998 882//1999 880//2000
f 883//6 884//6 878//6
f 884//2 885//2 882//2
f 883//2001 877//2002 885//2003
f 876//7 882//7 885//7
f 875//1992 886//2004 876//1993
f 876//1 886//1 878//1
f 878//2005 881//2006 880//2005
f 881//2007 884//2008 882//2009
f 878//6 886//6 875//6
f 875//6 883//6 878//6
f 884//6 881//6 878//6
f 884//2 883//2 885//2
f 883//2001 875//2010 877//2002
f 885//7 877//7 876//7
f 876//7 879//7 880//7
f 880//7 882//7 876//7
f 887//2011 888//2012 889//2011
f 890//2013 891//2014 887//2015
f 892//2016 893//2017 890//2018
f 894//2019 895//2020 892//2019
f 895//2021 896//2022 888//2021
f 894//2023 897//2024 896//2
f 889//2025 897//2025 898//2026
f 898//2027 892//2028 889//2029
f 887//2030 891//1701 888//2031
f 890//2013 893//2032 891//2014
f 892//2016 895//2033 893//2017
f 894//2034 896//1706 895//1706
f 888//1715 891//1714 893//1713
f 893//2035 895//2021 888//2021
f 896//4 897//4 888//4
f 894//2023 898//2036 897//2024
f 889//2037 888//2038 897//2037
f 887//2039 889//2029 892//2028
f 898//2027 894//2040 892//2028
f 892//2028 890//2041 887//2039
f 899//2042 900//2043 901//2044
f 901//2045 902//2046 903//2047
f 903//2048 904//2049 905//2050
f 905//2051 906//2052 907//2053
f 900//2054 908//2055 909//2056
f 904//2057 910//2058 906//2059
f 902//2060 909//2061 911//2061
f 902//2062 912//2063 904//2064
f 911//2065 913//2066 912//2067
f 908//2068 914//2069 909//2070
f 910//2071 913//2072 915//2073
f 909//2074 916//2075 911//2076
f 901//2077 917//2078 899//2079
f 903//2080 914//2081 901//2082
f 903//2083 913//2083 916//2084
f 905//2085 915//2086 913//2086
f 899//2042 918//2087 900//2043
f 901//2045 900//2088 902//2046
f 903//2048 902//2089 904//2049
f 905//2090 904//1647 906//2091
f 900//2054 918//2092 908//2055
f 904//2093 912//2094 910//2094
f 902//2095 900//2096 909//2097
f 902//2098 911//2098 912//2061
f 911//2065 916//2099 913//2066
f 908//2068 917//2100 914//2069
f 910//2101 912//2102 913//2103
f 909//2074 914//2104 916//2075
f 901//2105 914//2106 917//2106
f 903//2080 916//2107 914//2081
f 903//2108 905//2109 913//2110
f 905//2111 907//2112 915//2113
f 919//7 920//7 921//7
f 922//1228 923//1 924//2114
f 920//3 925//2115 921//3
f 926//2 919//2 925//2
f 922//1355 919//1355 926//1356
f 926//4 923//2116 922//4
f 927//2117 928//2118 929//2119
f 924//2120 930//2121 931//2122
f 925//2115 927//2123 929//2124
f 928//2 932//2125 925//2126
f 928//2127 930//2127 932//2128
f 923//2116 932//1293 930//1260
f 919//7 933//7 920//7
f 924//2114 920//1 933//2129
f 933//2129 922//1228 924//2114
f 920//3 924//1230 925//2115
f 921//2 925//2 919//2
f 934//2130 926//2 925//2126
f 922//1355 933//1279 919//1355
f 926//4 934//2131 923//2116
f 927//2117 931//2132 928//2118
f 931//1 927//1 924//1
f 924//2120 923//1 930//2121
f 925//2115 924//1230 927//2123
f 934//2130 925//2126 932//2125
f 929//2133 928//2134 925//2135
f 928//2127 931//1282 930//2127
f 923//2116 934//2131 932//1293
f 935//7 936//7 937//7
f 938//1 939//1 940//1
f 936//3 941//3 937//3
f 942//2 935//2 941//2
f 938//2136 935//2137 942//2138
f 942//4 939//4 938//4
f 943//6 944//6 945//6
f 940//1 946//1 947//1
f 941//3 943//3 945//3
f 944//2 948//2 941//2
f 944//264 946//265 948//266
f 939//4 948//4 946//4
f 935//7 949//7 936//7
f 940//1 936//1 949//1
f 949//1 938//1 940//1
f 936//3 940//3 941//3
f 937//2 941//2 935//2
f 950//2 942//2 941//2
f 938//2136 949//267 935//2137
f 942//4 950//4 939//4
f 943//6 947//6 944//6
f 947//1 943//1 940//1
f 940//1 939//1 946//1
f 941//3 940//3 943//3
f 950//2 941//2 948//2
f 945//2 944//2 941//2
f 944//264 947//268 946//265
f 939//4 950//4 948//4
f 951//7 952//7 953//7
f 954//1 955//1 956//2139
f 953//1254 957//2140 951//2141
f 958//2 959//2 957//2
f 954//2142 959//2143 958//2143
f 958//2144 955//2145 954//2146
f 960//6 961//6 962//6
f 956//1 963//1 961//1
f 957//2140 964//1580 960//2147
f 962//2148 965//2149 957//2150
f 962//2151 963//2152 965//2153
f 955//2145 965//4 963//4
f 951//7 959//7 952//7
f 956//2139 953//1368 952//2154
f 952//2154 954//1 956//2139
f 953//1254 956//2140 957//2140
f 951//2 957//2 959//2
f 966//2 958//2 957//2
f 954//2155 952//2156 959//2157
f 958//2144 966//4 955//2145
f 960//6 964//6 961//6
f 961//1 964//1 956//1
f 956//1 955//1 963//1
f 957//2140 956//2140 964//1580
f 966//2 957//2150 965//2149
f 960//2158 962//2148 957//2150
f 962//2159 961//2160 963//2160
f 955//2145 966//4 965//4
f 967//2161 968//2162 969//2163
f 968//1 970//1 971//1
f 971//2164 972//2165 973//2166
f 972//2167 974//2168 973//2169
f 967//6 975//6 970//6
f 974//2 976//2 977//2
f 976//2170 969//2171 977//2172
f 968//7 973//7 977//7
f 967//2161 978//2173 968//2162
f 968//1 978//1 970//1
f 971//2164 970//2174 972//2165
f 972//2167 975//2175 974//2168
f 970//6 978//6 967//6
f 967//6 976//6 975//6
f 975//6 972//6 970//6
f 974//2 975//2 976//2
f 976//2170 967//2176 969//2171
f 977//7 969//7 968//7
f 968//7 971//7 973//7
f 973//7 974//7 977//7
f 979//2177 980//2177 981//2178
f 980//2179 982//2180 981//2181
f 983//2182 984//2183 982//2184
f 985//2185 986//2186 984//2187
f 987//2188 988//2189 986//2190
f 988//2191 989//2192 990//2193
f 991//1 987//1 992//1
f 989//17 993//13 990//2194
f 994//2195 979//2195 993//2196
f 986//2 988//2 993//2
f 984//2186 987//2185 986//2187
f 982//2197 985//2198 984//2199
f 981//2200 983//2201 982//2202
f 993//2195 992//2195 979//2196
f 994//1 991//1 987//1
f 986//2189 991//2188 988//2190
f 979//2177 992//2178 980//2177
f 980//2179 983//2203 982//2180
f 983//2182 985//2204 984//2183
f 985//2185 987//2185 986//2186
f 987//2188 991//2188 988//2189
f 988//2191 991//2205 989//2192
f 983//1 980//1 985//1
f 992//1 994//1 991//1
f 989//1 991//1 994//1
f 987//1 985//1 980//1
f 980//1 992//1 987//1
f 989//17 994//2206 993//13
f 994//2195 992//2196 979//2195
f 993//2 979//2 986//2
f 981//2 982//2 984//2
f 984//2 986//2 979//2
f 988//2 990//2 993//2
f 979//2 981//2 984//2
f 984//2186 985//2185 987//2185
f 982//2197 983//2207 985//2198
f 981//2200 980//2208 983//2201
f 993//2195 994//2196 992//2195
f 992//1 994//1 987//1
f 986//2189 987//2188 991//2188
f 995//7 996//7 997//7
f 998//2209 999//1 1000//2210
f 997//3 1001//1246 995//3
f 1002//2 1003//2 1001//2211
f 998//1856 1003//267 1002//267
f 1002//4 999//1727 998//4
f 1004//6 1005//6 1006//6
f 1000//1 1007//1 1005//1
f 1001//1246 1008//1235 1004//1235
f 1006//2212 1009//2213 1001//2211
f 1006//264 1007//265 1009//266
f 999//1727 1009//2214 1007//1243
f 995//7 1003//7 996//7
f 1000//2210 997//1 996//1276
f 996//1276 998//2209 1000//2210
f 997//3 1000//1230 1001//1246
f 995//2 1001//2211 1003//2
f 1010//2215 1002//2 1001//2211
f 998//1868 996//263 1003//1869
f 1002//4 1010//2216 999//1727
f 1004//6 1008//6 1005//6
f 1005//1 1008//1 1000//1
f 1000//1 999//1 1007//1
f 1001//1246 1000//1230 1008//1235
f 1010//2215 1001//2211 1009//2213
f 1004//2217 1006//2217 1001//2218
f 1006//264 1005//268 1007//265
f 999//1727 1010//2216 1009//2214
f 1011//7 1012//7 1013//7
f 1014//1 1015//1 1016//1
f 1013//1253 1017//2219 1011//1254
f 1018//2 1019//2220 1017//2221
f 1014//2222 1019//2223 1018//49
f 1018//4 1015//2224 1014//4
f 1020//2225 1021//2226 1022//2227
f 1016//2228 1023//2228 1021//1277
f 1017//2219 1024//1235 1020//1236
f 1022//2229 1025//2230 1017//2221
f 1022//2231 1023//2232 1025//2233
f 1015//2224 1025//2234 1023//2214
f 1011//7 1019//7 1012//7
f 1016//1 1013//1 1012//1
f 1012//2235 1014//1265 1016//1265
f 1013//1253 1016//3 1017//2219
f 1011//2236 1017//2221 1019//2220
f 1026//2237 1018//2 1017//2221
f 1014//2222 1012//1249 1019//2223
f 1018//4 1026//2116 1015//2224
f 1020//2225 1024//2238 1021//2226
f 1021//1 1024//1 1016//1
f 1016//1 1015//1 1023//1
f 1017//2219 1016//3 1024//1235
f 1026//2237 1017//2221 1025//2230
f 1020//2239 1022//2229 1017//2221
f 1022//2231 1021//2240 1023//2232
f 1015//2224 1026//2116 1025//2234
f 1027//2241 1028//2242 1029//2243
f 1030//2244 1031//2245 1032//2244
f 1033//2246 1027//2247 1034//2248
f 1030//2249 1034//2250 1035//2251
f 1035//2252 1036//2253 1037//2254
f 1036//2255 1027//2256 1033//2257
f 1029//2258 1035//2259 1034//2260
f 1037//2261 1033//2262 1031//2263
f 1027//2241 1038//2264 1028//2242
f 1030//1 1037//1 1031//1
f 1034//2248 1032//2265 1031//2266
f 1031//2266 1033//2246 1034//2248
f 1027//2247 1029//2267 1034//2248
f 1030//2249 1032//2268 1034//2250
f 1037//2254 1030//2269 1035//2252
f 1035//2270 1028//2271 1038//2272
f 1038//2273 1036//2253 1035//2252
f 1036//2255 1038//2274 1027//2256
f 1029//2258 1028//2275 1035//2259
f 1037//2261 1036//2276 1033//2262
f 1039//7 1040//7 1041//7
f 1042//2277 1043//1 1044//2278
f 1040//3 1045//3 1041//3
f 1046//2279 1039//2 1045//2280
f 1042//2281 1039//1583 1046//1592
f 1046//2282 1043//39 1042//2283
f 1047//2284 1048//2285 1049//2286
f 1044//2287 1050//2288 1051//2288
f 1045//3 1047//3 1049//3
f 1048//2289 1052//1567 1045//2280
f 1048//2290 1050//2291 1052//1300
f 1043//39 1052//4 1050//4
f 1039//7 1053//7 1040//7
f 1044//2278 1040//1 1053//1574
f 1053//1574 1042//2277 1044//2278
f 1040//3 1044//3 1045//3
f 1041//2 1045//2280 1039//2
f 1054//2292 1046//2279 1045//2280
f 1042//2281 1053//2293 1039//1583
f 1046//2282 1054//2294 1043//39
f 1047//2284 1051//2295 1048//2285
f 1051//1 1047//1 1044//1
f 1044//1 1043//1 1050//1
f 1045//3 1044//3 1047//3
f 1054//2292 1045//2280 1052//1567
f 1049//2 1048//2289 1045//2280
f 1048//2290 1051//2296 1050//2291
f 1043//39 1054//2294 1052//4
f 1055//7 1056//7 1057//7
f 1058//2297 1059//1 1060//2298
f 1056//1235 1061//2299 1057//1236
f 1062//2 1055//2300 1061//2301
f 1058//2302 1055//2302 1062//2303
f 1062//1364 1059//2304 1058//1364
f 1063//6 1064//6 1065//6
f 1060//2298 1066//2305 1067//2306
f 1061//2299 1063//1254 1065//1254
f 1064//2307 1068//2308 1061//2301
f 1064//2309 1066//2310 1068//2311
f 1059//2304 1068//1865 1066//1865
f 1055//7 1069//7 1056//7
f 1060//2298 1056//2312 1069//2313
f 1069//2313 1058//2297 1060//2298
f 1056//1235 1060//2314 1061//2299
f 1057//2315 1061//2301 1055//2300
f 1070//2316 1062//2 1061//2301
f 1058//2302 1069//2302 1055//2302
f 1062//1364 1070//2304 1059//2304
f 1063//6 1067//6 1064//6
f 1067//2306 1063//1 1060//2298
f 1060//2298 1059//1 1066//2305
f 1061//2299 1060//2314 1063//1254
f 1070//2316 1061//2301 1068//2308
f 1065//2317 1064//2307 1061//2301
f 1064//2309 1067//2318 1066//2310
f 1059//2304 1070//2304 1068//1865
f 1071//2 1072//2 1073//2
f 1074//7 1075//7 1072//7
f 1076//1 1077//1 1075//2319
f 1078//6 1073//6 1077//6
f 1075//2320 1073//2321 1072//3
f 1074//2322 1078//2323 1076//2324
f 1071//2 1074//2 1072//2
f 1074//7 1076//7 1075//7
f 1076//1 1078//2325 1077//1
f 1078//6 1071//6 1073//6
f 1075//2320 1077//2326 1073//2321
f 1074//2322 1071//4 1078//2323
f 1079//7 1080//7 1081//7
f 1082//2327 1083//1 1084//2328
f 1081//1580 1085//2329 1079//2147
f 1086//2 1087//2 1085//2330
f 1082//1592 1087//2136 1086//36
f 1086//1572 1083//2331 1082//1572
f 1088//6 1089//6 1090//6
f 1084//2328 1091//2332 1089//2333
f 1085//2329 1092//2334 1088//2334
f 1090//2335 1093//2336 1085//2330
f 1090//1300 1091//2337 1093//1300
f 1083//2331 1093//2338 1091//2339
f 1079//7 1087//7 1080//7
f 1084//2328 1081//2340 1080//2341
f 1080//2341 1082//2327 1084//2328
f 1081//1580 1084//3 1085//2329
f 1079//2 1085//2330 1087//2
f 1094//2342 1086//2 1085//2330
f 1082//1592 1080//1592 1087//2136
f 1086//1572 1094//4 1083//2331
f 1088//6 1092//6 1089//6
f 1089//2333 1092//2343 1084//2328
f 1084//2328 1083//1 1091//2332
f 1085//2329 1084//3 1092//2334
f 1094//2342 1085//2330 1093//2336
f 1088//2344 1090//2335 1085//2330
f 1090//1300 1089//2318 1091//2337
f 1083//2331 1094//4 1093//2338
f 1095//7 1096//7 1097//7
f 1098//1 1099//1 1100//1
f 1097//2345 1101//2346 1095//1254
f 1102//2 1103//2 1101//2
f 1098//2347 1103//2348 1102//2348
f 1102//4 1099//4 1098//4
f 1104//6 1105//6 1106//6
f 1100//2349 1107//2349 1108//2350
f 1101//2346 1104//2351 1106//1580
f 1105//2 1109//2 1101//2
f 1105//2352 1107//2233 1109//2352
f 1099//4 1109//4 1107//4
f 1095//7 1103//7 1096//7
f 1100//1 1097//1 1096//1
f 1096//1 1098//1 1100//1
f 1097//2345 1100//2353 1101//2346
f 1095//2 1101//2 1103//2
f 1110//2 1102//2 1101//2
f 1098//2348 1096//2348 1103//2347
f 1102//4 1110//4 1099//4
f 1104//6 1108//6 1105//6
f 1108//1 1104//1 1100//1
f 1100//1 1099//1 1107//1
f 1101//2346 1100//2353 1104//2351
f 1110//2 1101//2 1109//2
f 1106//2354 1105//2355 1101//2354
f 1105//2233 1108//2352 1107//2352
f 1099//4 1110//4 1109//4
f 1111//2356 1112//2357 1113//2358
f 1114//2359 1115//2359 1111//2360
f 1116//2361 1117//2362 1114//2361
f 1118//2363 1119//2364 1116//2365
f 1119//2366 1120//2367 1112//2368
f 1121//2369 1120//2370 1118//2371
f 1113//2372 1122//2373 1121//2374
f 1121//2375 1116//2376 1113//2377
f 1111//2356 1115//2378 1112//2357
f 1114//1 1117//1 1115//1
f 1116//2361 1119//2379 1117//2362
f 1118//2363 1120//2380 1119//2364
f 1112//2368 1115//2381 1119//2366
f 1117//2382 1119//2366 1115//2381
f 1120//2367 1122//2383 1112//2368
f 1121//2369 1122//2 1120//2370
f 1113//2372 1112//2384 1122//2373
f 1111//2385 1113//2377 1116//2376
f 1121//2375 1118//2386 1116//2376
f 1116//2376 1114//2387 1111//2385
f 1123//2388 1124//2389 1125//2390
f 1126//1 1127//1 1123//1
f 1128//2391 1129//2392 1126//2393
f 1130//2394 1131//2395 1128//2395
f 1131//4 1132//4 1124//4
f 1133//2 1132//2 1130//2
f 1125//2396 1134//2396 1133//2397
f 1133//2398 1128//2399 1125//2400
f 1123//2388 1127//2401 1124//2389
f 1126//1 1129//1 1127//1
f 1128//2391 1131//2402 1129//2392
f 1130//2403 1132//2404 1131//2404
f 1124//4 1127//4 1129//4
f 1129//4 1131//4 1124//4
f 1132//4 1134//4 1124//4
f 1133//2 1134//2 1132//2
f 1125//2405 1124//2406 1134//2407
f 1123//2408 1125//2400 1128//2399
f 1133//2398 1130//2409 1128//2399
f 1128//2399 1126//2410 1123//2408
f 1135//7 1136//7 1137//7
f 1138//1 1139//1 1140//1
f 1136//3 1141//3 1137//3
f 1142//2 1135//2 1141//2
f 1138//2411 1135//36 1142//263
f 1142//4 1139//4 1138//4
f 1143//6 1144//6 1145//6
f 1140//2412 1146//1987 1147//1875
f 1141//3 1143//3 1145//3
f 1144//2 1148//2 1141//2
f 1144//2311 1146//1877 1148//266
f 1139//4 1148//4 1146//4
f 1135//7 1149//7 1136//7
f 1140//1 1136//1 1149//1
f 1149//2413 1138//2414 1140//2414
f 1136//3 1140//3 1141//3
f 1137//2 1141//2 1135//2
f 1150//2 1142//2 1141//2
f 1138//2411 1149//2415 1135//36
f 1142//4 1150//4 1139//4
f 1143//6 1147//6 1144//6
f 1147//1875 1143//1 1140//2412
f 1140//1 1139//1 1146//1
f 1141//3 1140//3 1143//3
f 1150//2 1141//2 1148//2
f 1145//2 1144//2 1141//2
f 1144//2416 1147//268 1146//2417
f 1139//4 1150//4 1148//4
f 1151//2418 1152//2418 1153//2419
f 1154//2420 1155//2420 1156//2421
f 1157//2422 1158//2423 1159//2423
f 1160//2424 1152//2425 1161//2425
f 1154//2426 1162//2426 1151//2427
f 1163//2428 1155//2428 1164//2429
f 1159//2430 1165//2430 1163//2431
f 1160//2432 1166//2433 1157//2433
f 1167//2434 1168//19 1169//2435
f 1170//2436 1171//2437 1172//2
f 1173//2438 1170//2439 1174//2440
f 1175//2441 1176//2442 1177//2443
f 1178//2444 1179//2444 1180//2445
f 1169//2446 1181//2447 1178//2448
f 1167//2449 1174//2450 1182//2451
f 1183//2452 1177//2452 1170//2453
f 1180//2454 1176//25 1184//2455
f 1185//2456 1186//2457 1187//2458
f 1179//2459 1188//2460 1176//2461
f 1168//2462 1189//2463 1190//2464
f 1170//2436 1191//2465 1174//2466
f 1177//2467 1188//2460 1171//2437
f 1181//2 1192//2 1179//2459
f 1181//2 1190//2464 1185//2
f 1174//2466 1189//2463 1182//2468
f 1191//2469 1193//2470 1189//2471
f 1171//24 1194//2472 1172//2473
f 1188//20 1195//2474 1196//2475
f 1189//2476 1186//2477 1190//2478
f 1172//2479 1197//2480 1191//2481
f 1188//2482 1198//2483 1171//2484
f 1192//2485 1187//2485 1195//2486
f 1199//2487 1184//2455 1200//2488
f 1201//2489 1175//2490 1183//2452
f 1202//2491 1173//2492 1167//2449
f 1203//2493 1178//2448 1204//2494
f 1204//2495 1180//2445 1199//2444
f 1205//2496 1184//2497 1175//2441
f 1206//2498 1183//2499 1173//2438
f 1202//2500 1169//2435 1203//2501
f 1197//2 1194//2 1187//2
f 1207//2502 1208//2503 1209//2504
f 1210//2505 1211//2506 1208//2507
f 1212//2508 1213//2509 1211//2510
f 1213//2511 1214//2512 1215//2513
f 1214//2514 1216//2515 1215//2516
f 1217//2517 1218//2518 1216//2519
f 1217//2520 1153//2521 1160//2522
f 1219//2523 1220//2524 1218//2525
f 1221//2526 1209//2527 1220//2528
f 1213//2529 1222//2530 1223//2531
f 1224//2532 1225//2533 1226//2534
f 1218//2535 1227//2536 1228//2537
f 1211//2538 1224//2539 1208//2540
f 1216//2541 1222//2542 1215//2543
f 1220//2544 1229//2545 1227//2546
f 1208//2547 1229//2548 1209//2549
f 1211//2550 1223//2551 1230//2552
f 1218//2553 1231//2554 1216//2555
f 1228//2556 1232//2557 1233//2558
f 1231//2559 1234//2560 1222//2561
f 1223//2562 1225//2563 1230//2564
f 1224//2565 1235//2566 1229//2567
f 1229//2568 1232//2569 1227//2570
f 1228//2571 1236//2572 1231//2573
f 1222//2574 1237//2575 1223//2576
f 1221//2577 1163//2578 1207//2579
f 1210//2580 1163//2581 1164//2582
f 1212//2583 1151//2584 1238//2585
f 1219//2586 1160//2587 1157//2588
f 1238//2589 1153//2590 1214//2591
f 1219//2592 1159//2593 1221//2592
f 1212//2594 1164//2595 1154//2596
f 1158//2597 1239//2598 1165//2599
f 1240//2600 1201//2601 1206//2602
f 1166//2603 1240//2604 1241//2605
f 1162//2606 1242//2607 1152//2608
f 1156//2609 1243//2610 1244//2611
f 1166//2612 1245//2613 1158//2614
f 1161//2615 1242//2616 1240//2617
f 1156//2618 1246//2619 1162//2620
f 1155//2621 1239//2622 1243//2623
f 1244//2624 1205//2625 1246//2626
f 1243//2627 1204//2628 1199//2629
f 1245//2630 1204//2631 1239//2632
f 1241//2633 1206//2634 1202//2635
f 1246//2636 1201//2637 1242//2638
f 1244//2639 1199//2640 1200//2641
f 1241//2642 1203//2643 1245//2644
f 1151//2418 1162//2419 1152//2418
f 1154//2420 1164//2421 1155//2420
f 1157//2422 1166//2422 1158//2423
f 1160//2424 1153//2424 1152//2425
f 1154//2426 1156//2427 1162//2426
f 1163//2428 1165//2645 1155//2428
f 1159//2430 1158//2646 1165//2430
f 1160//2432 1161//2647 1166//2433
f 1167//2434 1182//2648 1168//19
f 1170//2436 1177//2467 1171//2437
f 1173//2438 1183//2499 1170//2439
f 1175//2441 1184//2497 1176//2442
f 1178//2444 1181//2649 1179//2444
f 1169//2446 1168//2650 1181//2447
f 1167//2449 1173//2492 1174//2450
f 1183//2452 1175//2490 1177//2452
f 1180//2454 1179//2651 1176//25
f 1185//2456 1190//2652 1186//2457
f 1179//2459 1192//2 1188//2460
f 1168//2462 1182//2468 1189//2463
f 1170//2436 1172//2 1191//2465
f 1177//2467 1176//2461 1188//2460
f 1181//2 1185//2 1192//2
f 1181//2 1168//2462 1190//2464
f 1174//2466 1191//2465 1189//2463
f 1191//2469 1197//2653 1193//2470
f 1171//24 1198//2654 1194//2472
f 1188//20 1192//2655 1195//2474
f 1189//2476 1193//2656 1186//2477
f 1172//2479 1194//5 1197//2480
f 1188//2482 1196//2657 1198//2483
f 1192//2485 1185//2486 1187//2485
f 1199//2487 1180//2454 1184//2455
f 1201//2489 1205//12 1175//2490
f 1202//2491 1206//2658 1173//2492
f 1203//2493 1169//2446 1178//2448
f 1204//2495 1178//2444 1180//2445
f 1205//2496 1200//2659 1184//2497
f 1206//2498 1201//2660 1183//2499
f 1202//2500 1167//2434 1169//2435
f 1196//2 1195//2 1198//2
f 1187//2 1186//2 1197//2
f 1193//2 1197//2 1186//2
f 1194//2 1198//2 1195//2
f 1195//2 1187//2 1194//2
f 1207//2502 1210//2661 1208//2503
f 1210//2505 1212//2662 1211//2506
f 1212//2508 1238//2663 1213//2509
f 1213//2511 1238//2664 1214//2512
f 1214//2514 1217//2665 1216//2515
f 1217//2517 1219//2666 1218//2518
f 1217//2520 1214//2667 1153//2521
f 1219//2523 1221//2668 1220//2524
f 1221//2526 1207//2669 1209//2527
f 1213//2529 1215//2670 1222//2530
f 1224//2532 1230//2671 1225//2533
f 1218//2535 1220//2672 1227//2536
f 1211//2538 1230//2673 1224//2539
f 1216//2541 1231//2674 1222//2542
f 1220//2544 1209//2675 1229//2545
f 1208//2547 1224//2676 1229//2548
f 1211//2550 1213//2677 1223//2551
f 1218//2553 1228//2678 1231//2554
f 1228//2556 1227//2679 1232//2557
f 1231//2559 1236//2560 1234//2560
f 1223//2562 1237//2680 1225//2563
f 1224//2565 1226//2681 1235//2566
f 1229//2568 1235//2682 1232//2569
f 1228//2571 1233//2683 1236//2572
f 1222//2574 1234//2684 1237//2575
f 1221//2577 1159//2685 1163//2578
f 1210//2580 1207//2686 1163//2581
f 1212//2583 1154//2687 1151//2584
f 1219//2688 1217//2689 1160//2690
f 1238//2589 1151//2691 1153//2590
f 1219//2692 1157//2693 1159//2694
f 1212//2594 1210//2695 1164//2595
f 1158//2597 1245//2696 1239//2598
f 1240//2600 1242//2697 1201//2601
f 1166//2603 1161//2698 1240//2604
f 1162//2606 1246//2699 1242//2607
f 1156//2609 1155//2700 1243//2610
f 1166//2612 1241//2701 1245//2613
f 1161//2615 1152//2702 1242//2616
f 1156//2618 1244//2703 1246//2619
f 1155//2621 1165//2704 1239//2622
f 1244//2624 1200//2705 1205//2625
f 1243//2627 1239//2706 1204//2628
f 1245//2630 1203//2707 1204//2631
f 1241//2633 1240//2708 1206//2634
f 1246//2636 1205//2709 1201//2637
f 1244//2639 1243//2710 1199//2640
f 1241//2642 1202//2711 1203//2643
f 1247//2712 1248//2713 1249//2714
f 1250//2715 1251//2716 1248//2717
f 1247//2718 1252//2719 1253//2720
f 1254//2721 1255//2722 1256//2723
f 1257//2724 1249//2725 1255//2726
f 1249//2727 1258//2728 1259//2729
f 1260//2730 1261//2731 1252//2732
f 1247//2733 1262//2734 1250//2735
f 1257//2736 1260//2737 1252//2738
f 1250//2735 1263//2739 1264//2740
f 1248//2741 1265//2742 1258//2743
f 1262//2744 1259//2745 1258//2746
f 1252//2747 1259//2748 1253//2749
f 1263//2750 1258//2751 1265//2752
f 1255//2753 1266//2754 1256//2755
f 1249//2756 1261//2757 1255//2758
f 1247//2712 1250//2759 1248//2713
f 1250//2715 1264//2760 1251//2716
f 1247//2761 1257//2762 1252//2761
f 1254//2721 1257//2763 1255//2722
f 1257//2724 1247//2764 1249//2725
f 1249//2727 1248//2765 1258//2728
f 1260//2730 1266//2766 1261//2731
f 1247//2718 1253//2720 1262//2767
f 1257//2736 1254//2768 1260//2737
f 1250//2735 1262//2734 1263//2739
f 1248//2741 1251//2769 1265//2742
f 1262//2744 1253//2770 1259//2745
f 1252//2747 1261//2771 1259//2748
f 1263//2750 1262//2772 1258//2751
f 1255//2753 1261//2773 1266//2754
f 1249//2774 1259//2775 1261//2776
f 1267//2777 1268//2777 1269//2778
f 1270//1 1271//2779 1272//2780
f 1268//3 1273//2781 1269//3
f 1274//2 1267//2 1273//2
f 1270//2782 1267//2783 1274//1356
f 1274//4 1271//2784 1270//4
f 1275//6 1276//6 1277//6
f 1272//2349 1278//2349 1279//2349
f 1273//2781 1275//1253 1277//1254
f 1276//2785 1280//2785 1273//2786
f 1276//2787 1278//2788 1280//2789
f 1271//2784 1280//2790 1278//2791
f 1267//2777 1281//2778 1268//2777
f 1272//1 1268//1 1281//1
f 1281//1 1270//1 1272//1
f 1268//3 1272//2792 1273//2781
f 1269//2 1273//2 1267//2
f 1282//2 1274//2 1273//2
f 1270//2793 1281//2793 1267//2794
f 1274//4 1282//4 1271//2784
f 1275//6 1279//6 1276//6
f 1279//1 1275//1 1272//1
f 1272//2780 1271//2779 1278//2795
f 1273//2781 1272//2792 1275//1253
f 1282//2 1273//2 1280//2
f 1277//2796 1276//2796 1273//2796
f 1276//2797 1279//2798 1278//2798
f 1271//2784 1282//4 1280//2790
f 1283//2799 1284//2800 1285//4
f 1285//4 1286//4 1287//4
f 1288//2801 1289//3 1290//2802
f 1291//6 1285//6 1289//6
f 1292//2 1293//2 1294//2
f 1295//2803 1291//2804 1288//2805
f 1289//6 1287//6 1296//2806
f 1290//2802 1296//2807 1297//2808
f 1298//2809 1299//2810 1284//2811
f 1295//2812 1298//2813 1284//2800
f 1290//2814 1300//2815 1301//2816
f 1302//2817 1288//2805 1303//2818
f 1304//2 1294//2 1305//2
f 1303//2819 1290//2802 1301//2820
f 1306//3 1292//3 1304//3
f 1286//4 1305//4 1294//4
f 1297//2808 1307//2821 1292//3
f 1296//2806 1293//2822 1307//2823
f 1293//4 1286//4 1294//4
f 1308//7 1290//7 1297//7
f 1284//7 1308//7 1286//7
f 1286//1 1309//1 1310//1
f 1306//1 1308//1 1297//1
f 1311//2824 1312//2825 1313//2826
f 1314//2827 1315//2828 1316//2829
f 1317//2 1318//2 1319//2
f 1320//2830 1321//2831 1315//2828
f 1322//2832 1315//2833 1323//2834
f 1322//2835 1311//2824 1324//2836
f 1325//2 1298//2809 1320//2
f 1298//2813 1326//2837 1320//2830
f 1300//2815 1311//2 1301//2816
f 1313//1 1302//2817 1303//2818
f 1319//2 1304//2 1305//2
f 1301//2820 1313//2826 1303//2819
f 1318//3 1306//3 1304//3
f 1319//2838 1310//4 1314//2827
f 1327//2839 1324//2836 1318//3
f 1317//7 1322//2832 1327//7
f 1319//2838 1316//2829 1317//2840
f 1311//6 1328//6 1324//6
f 1328//6 1320//6 1314//6
f 1309//1 1314//1 1310//1
f 1306//1 1328//1 1309//1
f 1321//2841 1313//2841 1312//2841
f 1315//2833 1312//2842 1323//2834
f 1283//2799 1295//2812 1284//2800
f 1285//4 1284//2800 1286//4
f 1288//2801 1291//3 1289//3
f 1291//6 1283//6 1285//6
f 1292//2 1307//2 1293//2
f 1295//2803 1283//2843 1291//2804
f 1289//6 1285//6 1287//6
f 1290//2802 1289//3 1296//2807
f 1298//2809 1300//2815 1299//2810
f 1295//2812 1302//4 1298//2813
f 1290//2814 1299//2810 1300//2815
f 1302//2817 1295//2803 1288//2805
f 1304//2 1292//2 1294//2
f 1303//2819 1288//2801 1290//2802
f 1306//3 1297//2808 1292//3
f 1286//4 1310//4 1305//4
f 1297//2808 1296//2807 1307//2821
f 1296//2806 1287//6 1293//2822
f 1293//4 1287//4 1286//4
f 1308//7 1299//7 1290//7
f 1284//7 1299//7 1308//7
f 1286//1 1308//1 1309//1
f 1306//2844 1293//2845 1309//2846
f 1309//1 1308//1 1306//1
f 1311//2824 1323//2847 1312//2825
f 1314//2827 1320//2830 1315//2828
f 1317//2 1327//2 1318//2
f 1320//2830 1326//2837 1321//2831
f 1322//2832 1316//2848 1315//2833
f 1322//2835 1323//2847 1311//2824
f 1325//2 1300//2815 1298//2809
f 1298//2813 1302//4 1326//2837
f 1300//2815 1325//2 1311//2
f 1313//1 1326//1 1302//2817
f 1319//2 1318//2 1304//2
f 1301//2820 1311//2824 1313//2826
f 1318//3 1324//2836 1306//3
f 1319//2838 1305//4 1310//4
f 1327//2839 1322//2835 1324//2836
f 1317//7 1316//2848 1322//2832
f 1319//2838 1314//2827 1316//2829
f 1311//6 1325//6 1328//6
f 1328//6 1325//6 1320//6
f 1309//1 1328//1 1314//1
f 1306//1 1324//1 1328//1
f 1309//2849 1317//2850 1306//2851
f 1321//2841 1326//2841 1313//2841
f 1315//2833 1321//7 1312//2842
f 1329//7 1330//7 1331//7
f 1332//1 1333//1 1334//2852
f 1330//3 1335//2853 1331//3
f 1336//2854 1329//2855 1335//2854
f 1332//36 1329//37 1336//38
f 1336//4 1333//1232 1332//4
f 1337//6 1338//6 1339//6
f 1334//2852 1340//2856 1341//2857
f 1335//2853 1337//2858 1339//1580
f 1338//2859 1342//2860 1335//2861
f 1338//1991 1340//2862 1342//1988
f 1333//1232 1342//1243 1340//1244
f 1329//7 1343//7 1330//7
f 1334//1 1330//1 1343//1
f 1343//2228 1332//1277 1334//1277
f 1330//3 1334//2863 1335//2853
f 1331//2 1335//2 1329//2
f 1344//2864 1336//2 1335//2861
f 1332//36 1343//49 1329//37
f 1336//4 1344//1232 1333//1232
f 1337//6 1341//6 1338//6
f 1341//2857 1337//1 1334//2852
f 1334//2852 1333//1 1340//2856
f 1335//2853 1334//2863 1337//2858
f 1344//2864 1335//2861 1342//2860
f 1339//2865 1338//2859 1335//2861
f 1338//1991 1341//1252 1340//2862
f 1333//1232 1344//1232 1342//1243
f 1345//2866 1346//2867 1347//2868
f 1348//2869 1349//1 1350//2870
f 1346//3 1351//3 1347//3
f 1352//2 1345//2 1351//2871
f 1348//1856 1345//267 1352//267
f 1352//4 1349//1857 1348//4
f 1353//6 1354//6 1355//6
f 1350//1 1356//1 1357//1
f 1351//3 1353//3 1355//3
f 1354//2872 1358//2873 1351//2873
f 1354//2874 1356//2875 1358//2876
f 1349//1857 1358//1865 1356//1865
f 1345//2866 1359//2877 1346//2867
f 1350//2870 1346//1 1359//2878
f 1359//2878 1348//2869 1350//2870
f 1346//3 1350//3 1351//3
f 1347//2 1351//2871 1345//2
f 1360//2879 1352//2 1351//2871
f 1348//2880 1359//2881 1345//2881
f 1352//4 1360//1857 1349//1857
f 1353//6 1357//6 1354//6
f 1357//1 1353//1 1350//1
f 1350//1 1349//1 1356//1
f 1351//3 1350//3 1353//3
f 1360//2879 1351//2871 1358//2882
f 1355//2 1354//2 1351//2
f 1354//2883 1357//2884 1356//2884
f 1349//1857 1360//1857 1358//1865
f 1361//7 1362//7 1363//7
f 1364//2885 1365//1 1366//2886
f 1362//3 1367//2887 1363//3
f 1368//2 1361//2 1367//2
f 1364//2888 1361//2889 1368//2889
f 1368//4 1365//2294 1364//4
f 1369//6 1370//6 1371//6
f 1366//2287 1372//2288 1373//2288
f 1367//2887 1369//2890 1371//31
f 1370//2891 1374//2892 1367//2893
f 1370//2894 1372//2894 1374//2894
f 1365//2294 1374//1302 1372//1302
f 1361//7 1375//7 1362//7
f 1366//1 1362//1 1375//1
f 1375//2895 1364//2885 1366//2886
f 1362//3 1366//3 1367//2887
f 1363//2 1367//2 1361//2
f 1376//2 1368//2 1367//2
f 1364//2896 1375//2897 1361//2896
f 1368//4 1376//2294 1365//2294
f 1369//6 1373//6 1370//6
f 1373//1 1369//1 1366//1
f 1366//2886 1365//1 1372//1
f 1367//2887 1366//3 1369//2890
f 1376//2898 1367//2893 1374//2892
f 1371//2899 1370//2891 1367//2893
f 1370//2894 1373//2894 1372//2894
f 1365//2294 1376//2294 1374//1302
f 1377//2900 1378//2901 1379//2902
f 1380//1 1381//1 1378//1
f 1382//2903 1383//2904 1381//2905
f 1384//2406 1385//2406 1383//2407
f 1380//2906 1386//2907 1387//2908
f 1388//2 1389//2 1385//2
f 1390//2909 1379//2910 1389//2911
f 1378//2912 1383//2913 1379//2914
f 1391//2915 1392//2915 1386//2915
f 1382//2916 1393//2917 1384//2918
f 1390//2919 1386//2920 1377//2920
f 1388//2921 1393//2921 1394//2922
f 1380//2923 1395//2924 1382//2925
f 1388//2926 1391//2927 1390//2928
f 1392//2929 1396//4 1397//2930
f 1393//2931 1398//2931 1394//2931
f 1387//2932 1397//2933 1395//2934
f 1394//2 1399//2 1391//2
f 1395//2935 1396//2935 1393//2935
f 1386//2936 1400//2937 1387//2938
f 1377//2900 1380//2939 1378//2901
f 1380//1 1382//1 1381//1
f 1382//2903 1384//2940 1383//2904
f 1384//2406 1388//2407 1385//2406
f 1380//2941 1377//2942 1386//2943
f 1388//2 1390//2 1389//2
f 1390//2909 1377//2944 1379//2910
f 1389//2945 1379//2914 1383//2913
f 1378//2912 1381//2946 1383//2913
f 1383//2913 1385//2947 1389//2945
f 1391//2915 1399//2915 1392//2915
f 1382//2948 1395//2949 1393//2950
f 1390//2951 1391//2952 1386//2953
f 1388//2954 1384//2955 1393//2956
f 1380//2957 1387//2958 1395//2959
f 1388//2960 1394//2960 1391//2960
f 1397//2930 1400//2961 1392//2929
f 1392//2929 1399//4 1398//4
f 1398//4 1396//4 1392//2929
f 1393//2931 1396//2931 1398//2931
f 1387//2932 1400//1 1397//2933
f 1394//2 1398//2 1399//2
f 1395//2935 1397//2935 1396//2935
f 1386//2936 1392//2962 1400//2937
f 1401//7 1402//7 1403//7
f 1404//1 1405//1 1406//1
f 1402//3 1407//1246 1403//3
f 1408//2 1401//2 1407//2963
f 1404//262 1401//262 1408//267
f 1408//4 1405//2116 1404//4
f 1409//2964 1410//2965 1411//2966
f 1406//2235 1412//1265 1413//1265
f 1407//1246 1409//1235 1411//1235
f 1410//2967 1414//2968 1407//2963
f 1410//2969 1412//2969 1414//2153
f 1405//2116 1414//1572 1412//1584
f 1401//7 1415//7 1402//7
f 1406//1 1402//1 1415//1
f 1415//2228 1404//1277 1406//1277
f 1402//3 1406//1230 1407//1246
f 1403//2 1407//2963 1401//2
f 1416//2970 1408//2 1407//2963
f 1404//262 1415//263 1401//262
f 1408//4 1416//2116 1405//2116
f 1409//2964 1413//2238 1410//2965
f 1413//1 1409//1 1406//1
f 1406//1 1405//1 1412//1
f 1407//1246 1406//1230 1409//1235
f 1416//2970 1407//2963 1414//2968
f 1411//2971 1410//2967 1407//2963
f 1410//2969 1413//2160 1412//2969
f 1405//2116 1416//2116 1414//1572
f 1417//7 1418//7 1419//7
f 1420//2972 1421//2973 1422//2974
f 1423//2975 1424//2976 1425//2977
f 1426//2978 1418//2979 1427//2979
f 1421//2980 1418//2981 1428//2982
f 1420//2983 1425//2984 1424//2983
f 1422//2985 1419//2986 1426//2987
f 1420//2988 1426//2989 1427//2990
f 1417//7 1428//7 1418//7
f 1420//2991 1424//2992 1421//2993
f 1421//2994 1428//2995 1417//2996
f 1421//2997 1417//2998 1422//2999
f 1423//2975 1421//6 1424//2976
f 1426//3000 1419//3001 1418//3002
f 1418//3003 1423//3004 1425//3005
f 1418//3006 1425//3006 1427//3007
f 1421//2980 1423//3008 1418//2981
f 1420//3009 1427//3010 1425//3011
f 1422//3012 1417//3013 1419//3014
f 1420//3015 1422//3016 1426//3017
f 1429//3018 1430//3019 1431//3020
f 1432//3021 1433//3022 1430//3023
f 1434//3024 1435//6 1436//3025
f 1437//3026 1438//3027 1439//3028
f 1436//3025 1440//3029 1441//3030
f 1442//3031 1443//3032 1438//3033
f 1444//3034 1445//3035 1446//3036
f 1440//3029 1447//6 1441//3030
f 1448//3037 1446//3038 1443//3039
f 1449//3040 1450//3041 1451//3042
f 1445//3043 1450//3044 1449//3045
f 1452//3046 1453//3047 1454//3048
f 1431//3049 1433//3050 1452//3051
f 1455//3052 1456//3053 1457//3054
f 1458//3055 1459//3056 1460//3057
f 1461//3058 1460//3059 1462//3060
f 1463//3061 1464//3062 1465//3063
f 1454//3064 1463//3065 1465//3066
f 1464//3067 1466//3068 1459//3068
f 1463//3069 1466//3070 1467//3071
f 1453//3072 1468//3073 1463//3074
f 1469//3075 1453//3076 1433//3077
f 1470//3078 1462//3079 1456//3080
f 1471//3081 1435//3082 1472//3083
f 1473//3084 1440//3085 1435//3086
f 1429//3087 1472//3088 1474//3089
f 1475//3090 1472//3091 1434//3024
f 1474//3092 1432//3092 1430//3093
f 1432//3094 1437//3094 1457//3095
f 1434//3096 1437//3097 1475//3098
f 1436//3099 1442//3100 1434//3101
f 1441//3102 1448//3103 1436//3104
f 1476//3105 1451//3106 1450//3107
f 1444//3108 1447//3109 1476//3110
f 1469//3111 1457//3112 1456//3113
f 1477//3114 1456//3115 1462//3116
f 1460//3117 1477//3118 1462//3117
f 1468//3119 1459//3120 1466//3121
f 1457//3122 1439//3123 1455//3124
f 1478//3125 1429//3018 1431//3020
f 1479//3126 1480//3127 1478//3128
f 1481//7 1482//7 1483//3129
f 1438//3027 1484//3130 1439//3028
f 1485//7 1486//3131 1482//7
f 1443//3032 1487//3132 1438//3033
f 1445//3035 1488//3133 1446//3036
f 1489//3134 1486//3131 1490//3135
f 1446//3038 1491//3136 1443//3039
f 1492//3137 1449//3138 1493//3139
f 1494//3140 1445//3043 1449//3045
f 1452//3046 1495//3141 1479//3142
f 1431//3049 1479//3143 1478//3144
f 1496//3145 1455//3052 1497//3146
f 1498//3147 1458//3055 1499//3148
f 1499//3149 1461//3058 1500//3150
f 1464//3062 1501//3151 1465//3063
f 1454//3064 1501//3152 1495//3153
f 1502//3154 1503//3155 1464//3154
f 1501//3156 1502//3157 1504//3158
f 1495//3159 1504//3160 1505//3161
f 1495//3162 1506//3163 1479//3164
f 1500//3165 1470//3078 1496//3166
f 1482//3167 1471//3081 1483//3168
f 1486//3169 1473//3084 1482//3170
f 1483//3171 1429//3087 1507//3171
f 1508//3172 1483//3129 1507//3173
f 1480//3174 1507//3175 1478//3175
f 1480//3176 1484//3177 1508//3178
f 1484//3179 1481//3180 1508//3181
f 1487//3182 1485//3183 1481//3184
f 1491//3185 1490//3186 1485//3185
f 1492//3187 1509//3188 1494//3189
f 1489//3190 1488//3191 1509//3192
f 1506//3193 1497//3194 1480//3195
f 1505//3196 1496//3197 1506//3198
f 1505//3199 1499//3200 1500//3201
f 1498//3202 1504//3203 1502//3204
f 1497//3205 1439//3123 1484//3206
f 1429//3018 1474//3207 1430//3019
f 1432//3208 1469//3209 1433//3210
f 1434//3024 1472//3091 1435//6
f 1437//3026 1442//3211 1438//3027
f 1436//3025 1435//6 1440//3029
f 1442//3031 1448//3212 1443//3032
f 1444//3034 1476//3213 1445//3035
f 1440//3029 1451//6 1447//6
f 1448//3037 1444//3214 1446//3038
f 1451//3215 1440//3215 1493//3216
f 1493//3217 1449//3218 1451//3218
f 1445//3043 1476//3044 1450//3044
f 1452//3046 1433//3219 1453//3047
f 1431//3049 1430//3220 1433//3050
f 1455//3052 1470//3221 1456//3053
f 1458//3055 1510//3222 1459//3056
f 1461//3058 1458//3223 1460//3059
f 1463//3224 1467//3225 1464//3226
f 1454//3064 1453//3227 1463//3065
f 1459//3228 1510//3229 1464//3230
f 1464//3231 1467//3232 1466//3232
f 1463//3069 1468//3233 1466//3070
f 1453//3234 1477//3235 1468//3236
f 1469//3237 1477//3238 1453//3239
f 1470//3078 1461//3240 1462//3079
f 1471//3081 1473//3241 1435//3082
f 1473//3084 1493//3242 1440//3085
f 1429//3087 1471//3171 1472//3088
f 1475//3090 1474//6 1472//3091
f 1474//3243 1475//3244 1432//3245
f 1432//3246 1475//3247 1437//3247
f 1434//3096 1442//3248 1437//3097
f 1436//3249 1448//3250 1442//3251
f 1441//3252 1444//3253 1448//3254
f 1476//3105 1447//3255 1451//3106
f 1444//3256 1441//3256 1447//3257
f 1469//3258 1432//3259 1457//3258
f 1477//3260 1469//3261 1456//3262
f 1460//3263 1468//3264 1477//3265
f 1468//3119 1460//3266 1459//3120
f 1457//3122 1437//3267 1439//3123
f 1478//3125 1507//3207 1429//3018
f 1479//3268 1506//3269 1480//3270
f 1481//7 1485//7 1482//7
f 1438//3027 1487//3271 1484//3130
f 1485//7 1490//3135 1486//3131
f 1443//3032 1491//3272 1487//3132
f 1445//3035 1509//3273 1488//3133
f 1489//3134 1492//7 1486//3131
f 1446//3038 1488//3274 1491//3136
f 1493//3275 1486//3275 1492//3276
f 1492//3277 1494//3278 1449//3279
f 1494//3140 1509//3280 1445//3043
f 1452//3046 1454//3048 1495//3141
f 1431//3049 1452//3051 1479//3143
f 1496//3145 1470//3221 1455//3052
f 1498//3147 1510//3222 1458//3055
f 1499//3149 1458//3223 1461//3058
f 1464//3281 1503//3282 1501//3283
f 1454//3064 1465//3066 1501//3152
f 1464//3230 1510//3229 1498//3284
f 1498//3285 1502//3285 1464//3286
f 1501//3156 1503//3287 1502//3157
f 1495//3288 1501//3289 1504//3290
f 1495//3291 1505//3292 1506//3293
f 1500//3165 1461//3240 1470//3078
f 1482//3167 1473//3241 1471//3081
f 1486//3169 1493//3242 1473//3084
f 1483//3171 1471//3171 1429//3087
f 1508//3172 1481//7 1483//3129
f 1480//3294 1508//3295 1507//3296
f 1480//3297 1497//3298 1484//3297
f 1484//3179 1487//3299 1481//3180
f 1487//3300 1491//3301 1485//3302
f 1491//3303 1488//3304 1490//3305
f 1492//3187 1489//3306 1509//3188
f 1489//3307 1490//3308 1488//3309
f 1506//3310 1496//3311 1497//3312
f 1505//3313 1500//3314 1496//3315
f 1505//3316 1504//3317 1499//3318
f 1498//3202 1499//3319 1504//3203
f 1497//3205 1455//3124 1439//3123
f 1511//7 1512//7 1513//7
f 1514//1 1515//1 1516//1
f 1512//3 1517//3320 1513//3
f 1518//2 1511//2 1517//2
f 1514//3321 1511//3322 1518//1725
f 1518//4 1515//3323 1514//4
f 1519//6 1520//6 1521//6
f 1516//1 1522//1 1523//1
f 1517//3320 1519//1580 1521//1580
f 1520//3324 1524//3325 1517//3325
f 1520//3326 1522//3327 1524//3328
f 1515//3323 1524//3329 1522//1293
f 1511//7 1525//7 1512//7
f 1516//1 1512//1 1525//1
f 1525//1 1514//1 1516//1
f 1512//3 1516//3320 1517//3320
f 1513//2 1517//2 1511//2
f 1526//2 1518//2 1517//2
f 1514//3321 1525//3330 1511//3322
f 1518//4 1526//1727 1515//3323
f 1519//6 1523//6 1520//6
f 1523//1 1519//1 1516//1
f 1516//1 1515//1 1522//1
f 1517//3320 1516//3320 1519//1580
f 1526//3331 1517//3332 1524//3333
f 1521//3334 1520//3334 1517//3334
f 1520//3326 1523//3335 1522//3327
f 1515//3323 1526//1727 1524//3329
f 1527//3336 1528//3337 1529//3338
f 1530//7 1531//7 1528//7
f 1532//1 1533//1 1531//1
f 1533//3339 1527//6 1529//3340
f 1528//2 1534//2 1529//2
f 1530//4 1535//4 1532//4
f 1536//3 1534//3 1537//3
f 1533//1 1536//1 1531//1
f 1529//3340 1538//3341 1533//3339
f 1531//7 1537//7 1528//7
f 1527//3336 1530//3342 1528//3337
f 1530//7 1532//7 1531//7
f 1532//1 1535//1 1533//1
f 1533//3339 1535//6 1527//6
f 1528//2 1537//2 1534//2
f 1530//4 1527//4 1535//4
f 1536//3 1538//3 1534//3
f 1533//1 1538//1 1536//1
f 1529//3340 1534//3343 1538//3341
f 1531//7 1536//7 1537//7
f 1539//3344 1540//3345 1541//3346
f 1542//3347 1543//3348 1540//3349
f 1539//3350 1544//3351 1545//3352
f 1546//3353 1547//3354 1548//3354
f 1549//3355 1541//3356 1547//3357
f 1541//3358 1550//3359 1551//3360
f 1544//3361 1552//3362 1553//3363
f 1539//3364 1554//3365 1542//3366
f 1549//3367 1555//3368 1544//3369
f 1542//3366 1556//3370 1557//3371
f 1540//3372 1558//3373 1550//3374
f 1554//3375 1551//3376 1550//3377
f 1544//3378 1551//3379 1545//3380
f 1554//3381 1558//3382 1556//3383
f 1547//3384 1552//3385 1548//3386
f 1541//3387 1553//3388 1547//3389
f 1539//3344 1542//3390 1540//3345
f 1542//3347 1557//3391 1543//3348
f 1539//3392 1549//3367 1544//3369
f 1546//3393 1549//3394 1547//3394
f 1549//3355 1539//3395 1541//3356
f 1541//3358 1540//3396 1550//3359
f 1544//3361 1555//3397 1552//3362
f 1539//3398 1545//3399 1554//3400
f 1549//3367 1546//3401 1555//3368
f 1542//3366 1554//3365 1556//3370
f 1540//3372 1543//3402 1558//3373
f 1554//3375 1545//3403 1551//3376
f 1544//3378 1553//3404 1551//3379
f 1554//3381 1550//3405 1558//3382
f 1547//3384 1553//3406 1552//3385
f 1541//3407 1551//3408 1553//3409
f 1559//3410 1560//3411 1561//3412
f 1561//3413 1562//3414 1563//3415
f 1564//3416 1565//3417 1560//3418
f 1561//3419 1566//3420 1562//3421
f 1565//3422 1567//3423 1562//3424
f 1567//3425 1568//3426 1569//3427
f 1570//3428 1560//3429 1565//3430
f 1571//3431 1572//3431 1573//3432
f 1574//3433 1575//3434 1576//3435
f 1566//3436 1577//3437 1578//3438
f 1579//3439 1580//3440 1581//3441
f 1570//3 1582//3 1583//3
f 1578//3442 1584//3443 1585//3444
f 1586//3445 1587//3446 1572//3447
f 1581//3448 1588//3449 1580//3450
f 1570//3451 1589//3452 1566//3453
f 1579//3454 1571//3455 1590//3456
f 1591//3457 1590//3458 1592//3459
f 1593//3460 1594//3461 1595//3462
f 1596//3463 1593//3464 1563//3415
f 1597//4 1598//4 1564//3416
f 1593//3465 1599//3466 1600//7
f 1601//3467 1597//3468 1596//3469
f 1601//3470 1602//3471 1598//3472
f 1603//3473 1604//7 1605//3474
f 1606//3475 1572//3476 1600//3477
f 1607//3478 1608//3479 1604//3480
f 1577//3437 1609//3481 1610//3482
f 1580//3440 1599//3483 1611//3484
f 1605//3 1582//3 1612//3
f 1613//3485 1614//3486 1610//3487
f 1600//3 1587//3446 1604//3
f 1611//3488 1588//3449 1609//3489
f 1615//3490 1616//3491 1605//3492
f 1599//3493 1606//3494 1600//3495
f 1617//3496 1591//3496 1592//3497
f 1561//3498 1618//3499 1619//3500
f 1618//3501 1620//3502 1619//3503
f 1621//3504 1560//3505 1559//3506
f 1559//3507 1622//3508 1621//3509
f 1561//3510 1619//3511 1559//3510
f 1567//3512 1563//3415 1562//3414
f 1618//3513 1561//3413 1563//3415
f 1560//3418 1621//3514 1564//3416
f 1564//3416 1623//4 1565//3417
f 1561//3419 1560//3429 1586//6
f 1579//3515 1581//3516 1561//3419
f 1561//3419 1586//6 1579//3515
f 1578//3517 1562//3421 1566//3420
f 1561//3419 1581//3516 1566//3420
f 1565//3422 1623//3518 1567//3423
f 1623//3519 1564//3520 1568//3521
f 1564//3522 1624//3523 1568//3524
f 1625//3525 1563//3526 1569//3525
f 1623//3527 1568//3527 1567//3528
f 1569//3529 1563//3530 1567//3531
f 1565//3430 1562//3421 1578//3517
f 1565//3430 1578//3517 1585//6
f 1586//6 1560//3429 1576//3532
f 1566//3533 1581//3534 1576//3532
f 1576//3532 1560//3429 1570//3428
f 1565//3430 1585//6 1570//3428
f 1570//3428 1566//3533 1576//3532
f 1571//3535 1586//3536 1572//3537
f 1587//3538 1576//3539 1575//3540
f 1581//3541 1580//3542 1574//3543
f 1580//3544 1626//3545 1574//3546
f 1575//3547 1627//3548 1587//3547
f 1581//3549 1574//3550 1576//3551
f 1566//3436 1588//3552 1577//3437
f 1579//3439 1591//3553 1580//3440
f 1570//3 1585//3 1582//3
f 1582//3554 1585//3555 1584//3556
f 1578//3557 1577//3558 1628//3559
f 1577//3560 1629//3561 1628//3562
f 1584//3563 1630//3564 1582//3565
f 1578//3566 1628//3567 1584//3568
f 1586//3445 1576//3569 1587//3446
f 1581//3448 1566//3448 1588//3449
f 1588//3570 1566//3571 1589//3572
f 1570//3573 1583//3574 1631//3573
f 1583//3575 1632//3576 1631//3576
f 1589//3577 1633//3578 1588//3577
f 1570//3579 1631//3580 1589//3581
f 1579//3582 1586//3582 1571//3583
f 1591//3584 1579//3585 1590//3586
f 1620//3587 1618//3587 1595//3588
f 1593//3589 1603//3590 1594//3591
f 1621//3592 1622//3593 1594//3593
f 1595//3594 1618//3595 1593//3596
f 1603//3597 1621//3598 1594//3599
f 1618//3513 1563//3415 1593//3464
f 1601//3600 1596//3463 1563//3415
f 1564//3416 1621//3514 1603//4
f 1603//4 1597//4 1564//3416
f 1593//3465 1596//3601 1609//3602
f 1609//3602 1611//3603 1593//3465
f 1596//3601 1610//7 1609//3602
f 1600//7 1603//3473 1593//3465
f 1593//3465 1611//3603 1599//3466
f 1601//3467 1598//3604 1597//3468
f 1601//3605 1563//3606 1634//3607
f 1563//3608 1625//3609 1634//3609
f 1624//3610 1564//3611 1602//3611
f 1601//3612 1634//3613 1602//3614
f 1602//3615 1564//3616 1598//3616
f 1610//7 1596//3601 1597//3617
f 1597//3617 1603//3473 1605//3474
f 1604//7 1611//7 1609//7
f 1603//3473 1600//7 1604//7
f 1612//7 1610//7 1597//3617
f 1604//7 1609//7 1605//3474
f 1605//3474 1612//7 1597//3617
f 1606//3618 1573//3619 1572//3620
f 1611//3621 1604//3621 1608//3622
f 1587//3623 1627//3624 1607//3625
f 1608//3626 1626//3627 1580//3628
f 1604//3629 1587//3630 1607//3631
f 1608//3632 1580//3633 1611//3632
f 1577//3437 1588//3552 1609//3481
f 1580//3440 1591//3553 1599//3483
f 1605//3 1583//3 1582//3
f 1610//3634 1612//3635 1613//3634
f 1582//3636 1630//3637 1613//3638
f 1614//3639 1629//3640 1577//3641
f 1612//3642 1582//3643 1613//3644
f 1614//3645 1577//3646 1610//3647
f 1600//3 1572//3447 1587//3446
f 1611//3488 1580//3450 1588//3449
f 1605//3648 1609//3649 1615//3648
f 1588//3650 1633//3651 1615//3652
f 1616//3653 1632//3654 1583//3654
f 1609//3655 1588//3656 1615//3657
f 1616//3658 1583//3659 1605//3660
f 1599//3661 1617//3662 1606//3663
f 1617//3664 1599//3665 1591//3666
f 1635//7 1636//7 1637//7
f 1638//1 1639//1 1640//3667
f 1636//2147 1641//3668 1637//1580
f 1642//2 1635//2 1641//3669
f 1642//3670 1643//3671 1635//2302
f 1642//1572 1639//3672 1638//1572
f 1644//6 1645//6 1646//6
f 1640//3667 1647//3673 1648//3674
f 1641//3668 1644//2334 1646//31
f 1645//3675 1649//3676 1641//3669
f 1645//2894 1647//2240 1649//3677
f 1639//3672 1649//1302 1647//1302
f 1635//7 1643//7 1636//7
f 1640//3667 1636//1 1643//1
f 1643//1 1638//1 1640//3667
f 1636//2147 1640//3678 1641//3668
f 1637//2 1641//3669 1635//2
f 1650//3679 1642//2 1641//3669
f 1642//3670 1638//3680 1643//3671
f 1642//1572 1650//3672 1639//3672
f 1644//6 1648//6 1645//6
f 1648//3674 1644//3681 1640//3667
f 1640//3667 1639//1 1647//3673
f 1641//3668 1640//3678 1644//2334
f 1650//3679 1641//3669 1649//3676
f 1646//3682 1645//3675 1641//3669
f 1645//2894 1648//3683 1647//2240
f 1639//3672 1650//3672 1649//1302
f 1651//7 1652//7 1653//7
f 1654//3684 1655//1 1656//3685
f 1652//3686 1657//3687 1653//1236
f 1658//2 1651//2 1657//3688
f 1654//3689 1651//2302 1658//3690
f 1658//2214 1655//3691 1654//3692
f 1659//6 1660//6 1661//6
f 1656//3685 1662//2327 1660//3693
f 1657//3687 1663//1253 1659//3694
f 1661//3695 1664//3696 1657//3688
f 1661//1300 1662//3697 1664//2318
f 1655//3691 1664//1865 1662//45
f 1651//7 1665//7 1652//7
f 1656//3685 1652//1 1665//3698
f 1665//3698 1654//3684 1656//3685
f 1652//3686 1656//3 1657//3687
f 1653//2 1657//3688 1651//2
f 1666//3699 1658//2 1657//3688
f 1654//3689 1665//3700 1651//2302
f 1658//2214 1666//3701 1655//3691
f 1659//6 1663//6 1660//6
f 1660//3693 1663//2343 1656//3685
f 1656//3685 1655//1 1662//2327
f 1657//3687 1656//3 1663//1253
f 1666//3699 1657//3688 1664//3696
f 1659//3702 1661//3695 1657//3688
f 1661//1300 1660//3703 1662//3697
f 1655//3691 1666//3701 1664//1865
f 1667//2867 1668//2866 1669//2877
f 1670//1 1671//1 1672//1
f 1668//3 1673//3704 1669//3
f 1674//2 1667//2 1673//2
f 1670//262 1667//262 1674//267
f 1674//4 1671//1857 1670//4
f 1675//6 1676//6 1677//6
f 1672//3705 1678//3706 1679//3707
f 1673//3704 1675//3708 1677//2141
f 1676//3709 1680//2873 1673//3710
f 1676//2151 1678//2152 1680//2153
f 1671//1857 1680//1865 1678//1865
f 1667//2867 1681//2868 1668//2866
f 1672//1 1668//1 1681//1
f 1681//1 1670//1 1672//1
f 1668//3 1672//3 1673//3704
f 1669//2 1673//2 1667//2
f 1682//2 1674//2 1673//2
f 1670//262 1681//263 1667//262
f 1674//4 1682//1857 1671//1857
f 1675//6 1679//6 1676//6
f 1679//3707 1675//1 1672//3705
f 1672//3705 1671//1 1678//3706
f 1673//3704 1672//3 1675//3708
f 1682//3711 1673//3712 1680//3712
f 1677//3713 1676//3709 1673//3710
f 1676//3714 1679//3715 1678//3716
f 1671//1857 1682//1857 1680//1865
f 1683//7 1684//7 1685//7
f 1686//1 1687//1 1688//3717
f 1684//1580 1689//2329 1685//2147
f 1690//2 1683//3718 1689//3719
f 1686//3720 1683//3670 1690//3721
f 1690//1572 1687//2331 1686//1572
f 1691//6 1692//6 1693//6
f 1688//3717 1694//1 1695//3722
f 1689//2329 1691//2334 1693//2334
f 1692//3723 1696//3724 1689//3719
f 1692//2337 1694//2296 1696//3725
f 1687//2331 1696//2338 1694//2339
f 1683//7 1697//7 1684//7
f 1688//3717 1684//1 1697//1
f 1697//1 1686//1 1688//3717
f 1684//1580 1688//3 1689//2329
f 1685//3726 1689//3719 1683//3718
f 1698//3727 1690//2 1689//3719
f 1686//3720 1697//3728 1683//3670
f 1690//1572 1698//4 1687//2331
f 1691//6 1695//6 1692//6
f 1695//3722 1691//3729 1688//3717
f 1688//3717 1687//1 1694//1
f 1689//2329 1688//3 1691//2334
f 1698//3727 1689//3719 1696//3724
f 1693//3730 1692//3723 1689//3719
f 1692//2337 1695//3731 1694//2296
f 1687//2331 1698//4 1696//2338
f 1699//3732 1700//3733 1701//3734
f 1702//1 1703//1 1699//1
f 1704//3735 1705//3736 1702//3737
f 1706//3738 1707//3739 1704//3740
f 1707//4 1708//4 1700//4
f 1709//2 1708//2 1706//2
f 1701//3741 1710//3742 1709//3743
f 1709//3744 1704//3745 1701//3746
f 1699//3732 1703//3747 1700//3733
f 1702//1 1705//1 1703//1
f 1704//3735 1707//3748 1705//3736
f 1706//3738 1708//3749 1707//3739
f 1700//4 1703//4 1705//4
f 1705//4 1707//4 1700//4
f 1708//4 1710//4 1700//4
f 1709//2 1710//2 1708//2
f 1701//3741 1700//3750 1710//3742
f 1699//3751 1701//3746 1704//3745
f 1709//3744 1706//1724 1704//3745
f 1704//3745 1702//3752 1699//3751
f 1711//3753 1712//3754 1713//3755
f 1713//3756 1714//3757 1715//3758
f 1715//3759 1716//3760 1717//3761
f 1717//3762 1718//3763 1719//3764
f 1712//3765 1720//3766 1721//3767
f 1716//3768 1722//3769 1718//3770
f 1714//3771 1721//3772 1723//3773
f 1714//3774 1724//3775 1716//3776
f 1724//3777 1725//3778 1726//3779
f 1720//3780 1727//3781 1721//3782
f 1724//3783 1728//3784 1722//3785
f 1721//3786 1725//3787 1723//3788
f 1713//3789 1729//3790 1711//3791
f 1715//3792 1727//3793 1713//3794
f 1715//3795 1726//3796 1725//3797
f 1717//3798 1728//3799 1726//3800
f 1711//3753 1730//3801 1712//3754
f 1713//3756 1712//3802 1714//3757
f 1715//3759 1714//3803 1716//3760
f 1717//3804 1716//3805 1718//3806
f 1712//3807 1730//3808 1720//3809
f 1716//3810 1724//3811 1722//3812
f 1714//3813 1712//3814 1721//3815
f 1714//3816 1723//3816 1724//3817
f 1724//3777 1723//3818 1725//3778
f 1720//3780 1729//3819 1727//3781
f 1724//3783 1726//3820 1728//3784
f 1721//3786 1727//3821 1725//3787
f 1713//3789 1727//3822 1729//3790
f 1715//3792 1725//3823 1727//3793
f 1715//3824 1717//3825 1726//3826
f 1717//3798 1719//3827 1728//3799
f 1731//7 1732//7 1733//7
f 1734//1 1735//1 1736//1
f 1732//3 1737//3 1733//3
f 1738//2 1731//2 1737//3828
f 1734//3829 1731//1560 1738//1725
f 1738//4 1735//4 1734//4
f 1739//6 1740//6 1741//6
f 1736//3830 1742//3831 1743//3832
f 1737//3 1739//3 1741//3
f 1740//3833 1744//3834 1737//3828
f 1740//1876 1742//1876 1744//1877
f 1735//4 1744//4 1742//4
f 1731//7 1745//7 1732//7
f 1736//3835 1732//1 1745//3836
f 1745//3836 1734//3837 1736//3835
f 1732//3 1736//3 1737//3
f 1733//2 1737//2 1731//2
f 1746//2 1738//2 1737//3828
f 1734//3829 1745//3838 1731//1560
f 1738//4 1746//4 1735//4
f 1739//6 1743//6 1740//6
f 1743//1 1739//1 1736//1
f 1736//3830 1735//1 1742//3831
f 1737//3 1736//3 1739//3
f 1746//2 1737//3828 1744//3834
f 1741//2 1740//3833 1737//3828
f 1740//1876 1743//1879 1742//1876
f 1735//4 1746//4 1744//4
f 1747//3839 1748//3840 1749//3841
f 1750//3842 1751//3842 1752//3843
f 1753//3844 1754//3845 1748//3846
f 1755//3847 1756//3848 1751//3849
f 1757//3850 1749//3851 1756//3852
f 1758//3853 1759//3854 1760//3855
f 1761//3856 1762//3857 1763//3858
f 1764//3859 1765//3860 1759//3861
f 1766//3862 1767//3863 1762//3864
f 1768//3865 1760//3866 1767//3867
f 1769//3868 1770//3869 1771//3870
f 1772//3871 1773//3872 1774//3872
f 1775//3873 1776//3874 1770//3875
f 1777//3876 1778//3877 1773//3877
f 1779//3878 1771//3879 1778//3878
f 1780//3880 1781//3881 1782//3882
f 1783//3883 1784//3884 1785//3885
f 1786//3886 1787//3887 1781//3888
f 1788//3889 1789//3890 1784//3891
f 1790//3892 1782//3893 1789//2
f 1791//3894 1792//3894 1793//3895
f 1794//3896 1795//3896 1796//3896
f 1792//3897 1797//3898 1798//3899
f 1799//3900 1800//3901 1795//3902
f 1801//2 1802//2 1793//2
f 1803//3903 1804//3904 1805//3905
f 1806//3906 1807//3907 1808//3908
f 1809//3909 1810//3910 1804//3911
f 1811//3912 1812//3913 1807//3914
f 1813//2 1805//2 1812//2
f 1814//3915 1815//3916 1816//3917
f 1817//3907 1818//3906 1819//3918
f 1820//3919 1821//3920 1815//3921
f 1822//3922 1823//3923 1818//3924
f 1824//2 1825//2 1816//2
f 1826//3925 1827//3926 1828//3925
f 1829//3906 1830//3907 1831//3908
f 1827//3927 1832//3928 1833//3929
f 1834//3930 1835//3931 1830//3932
f 1836//2 1828//2 1835//2
f 1837//3933 1838//1 1839//1
f 1840//3934 1841//3935 1842//3936
f 1839//3937 1843//3938 1844//3939
f 1845//3940 1846//3941 1847//3942
f 1848//2 1849//2 1845//2
f 1775//3943 1850//3944 1846//3945
f 1851//3946 1847//3947 1837//3933
f 1848//2 1852//3948 1853//2
f 1854//3949 1855//3950 1856//3951
f 1772//3952 1857//3952 1858//3953
f 1859//3954 1776//3955 1860//3956
f 1861//3957 1765//3958 1862//3957
f 1863//3959 1864//3960 1861//3961
f 1806//3962 1865//3963 1866//3964
f 1867//3965 1833//3966 1832//3967
f 1868//3968 1754//3969 1869//3968
f 1855//3970 1810//3971 1870//3972
f 1817//3973 1871//3973 1872//3974
f 1858//1 1873//1 1859//1
f 1874//3975 1875//3976 1876//1
f 1750//3977 1877//3977 1878//3978
f 1783//3979 1879//3980 1874//3980
f 1794//3981 1880//3982 1881//3980
f 1872//1 1882//1 1883//1
f 1878//1 1884//1 1868//1
f 1761//3983 1885//3984 1863//3985
f 1881//1 1886//1 1887//1
f 1888//1 1867//1 1889//1
f 1829//3986 1890//3986 1891//3987
f 1876//3988 1787//3989 1850//3990
f 1887//3991 1798//3992 1797//3993
f 1883//3994 1821//3995 1892//3996
f 1893//2 1853//2 1841//2
f 1837//3933 1846//1 1894//1
f 1895//3997 1845//2 1896//2
f 1896//3998 1847//3942 1897//3999
f 1898//4000 1844//3939 1899//3
f 1851//3946 1839//1 1898//4001
f 1900//3 1842//4002 1901//4003
f 1894//6 1843//4004 1838//6
f 1901//4003 1841//4005 1853//4006
f 1902//4007 1853//4006 1852//4008
f 1903//4004 1904//4009 1843//4004
f 1905//4010 1906//4011 1907//4012
f 1908//4013 1909//4014 1910//4015
f 1911//4016 1912//4017 1905//4018
f 1913//4019 1909//4019 1914//4020
f 1907//2 1915//2 1913//2
f 1916//4021 1917//4022 1918//4023
f 1919//4024 1920//4025 1921//4026
f 1922//4027 1923//4028 1916//4029
f 1924//4030 1925//4031 1919//4032
f 1918//2 1926//2 1924//2
f 1927//4021 1928//4033 1929//4034
f 1930//4035 1931//4036 1932//4037
f 1933//4038 1934//4039 1927//4040
f 1935//4041 1936//4042 1930//4043
f 1929//4044 1937//4045 1935//2
f 1938//4046 1939//4047 1940//4048
f 1941//4049 1942//4050 1943//4050
f 1944//4051 1945//4052 1938//4053
f 1946//4054 1947//4041 1941//4055
f 1940//4056 1948//4057 1946//2
f 1949//4058 1950//4058 1951//4059
f 1952//4060 1953//4061 1954//4062
f 1949//4063 1955//4064 1956//4065
f 1957//4066 1958//4067 1952//4068
f 1951//4069 1959//4070 1960//4071
f 1961//4072 1962//4073 1963//4074
f 1964//4075 1965//4076 1966//4037
f 1967//4077 1968//4078 1961//4079
f 1969//4080 1970//4081 1964//4082
f 1963//4083 1971//4084 1969//4083
f 1972//4085 1973//4086 1974//4087
f 1975//4088 1976//4089 1977//4090
f 1978//4091 1979//4092 1972//4093
f 1980//4094 1981//4095 1975//4096
f 1974//4097 1982//4098 1983//4099
f 1984//4100 1985//4101 1986//4102
f 1987//4103 1988//4104 1989//4105
f 1984//4106 1990//4107 1991//4108
f 1992//4109 1993//4110 1987//4111
f 1986//4112 1994//4113 1992//2
f 1995//1 1996//4114 1997//4115
f 1998//4116 1999//4117 2000//4118
f 2001//4119 1997//4120 2002//4121
f 2003//4122 2004//4123 2005//4124
f 2006//4125 2007//2 2008//2
f 2003//4126 1956//4127 1955//4128
f 2005//4129 1851//3946 1996//4114
f 1852//3948 2006//4125 2009//4130
f 2010//1 2011//1 2012//1
f 1931//4131 2013//4132 1932//4133
f 2014//4134 1933//4135 2015//4136
f 2016//4137 1922//4138 2017//4139
f 2018//4140 2017//4141 2019//4142
f 1965//4143 2012//4144 1966//4145
f 2020//4146 2021//4146 2022//4147
f 2023//4148 1911//4149 2024//4150
f 1953//4151 1958//4151 2025//4152
f 2026//4153 1967//4154 2011//4146
f 1976//4155 2027//4156 1977//4157
f 2028//1 2015//1 2013//1
f 2029//4158 2030//4159 2031//4160
f 1910//4161 2032//4162 1908//4163
f 1942//4164 2031//4165 1943//4166
f 1953//4143 2033//4144 1954//4145
f 2034//4167 2035//4168 2027//1
f 2036//4169 2024//4170 2032//4171
f 1920//4172 2019//4173 1921//4174
f 2037//4175 2038//4176 2033//4177
f 2039//1 2022//1 2040//1
f 1988//4178 2040//4179 1989//4180
f 2041//4181 1944//4182 2030//4183
f 2042//4184 2043//4185 2038//4186
f 2044//4187 1978//4188 2035//4189
f 2009//4130 2008//2 1998//2
f 2003//1 1996//4114 2045//1
f 1895//3997 2004//4190 2006//4125
f 2005//4124 1896//3998 1897//3999
f 2002//4121 1898//4000 1899//3
f 1997//4115 1851//3946 1898//4001
f 2000//4191 2002//4121 2046//4192
f 2001//4193 2045//7 1995//7
f 1998//4194 2046//4192 2009//4195
f 2009//4195 1902//4007 1852//4008
f 2000//4118 2025//4196 2001//4193
f 2047//6 1840//3934 1842//3936
f 1866//4197 1801//4198 1799//4199
f 2048//4200 1843//3938 1904//3
f 2049//4201 2050//4202 1893//4203
f 2051//1 2052//1 2047//1
f 2053//2 2054//2 2055//2
f 2049//3 2056//3 2057//3
f 2049//4204 2058//4205 2059//4206
f 2060//4207 2061//4208 2062//4209
f 2063//2 2064//2 1904//2
f 2050//4210 2056//4211 2065//4212
f 2062//4213 2066//4214 2053//4215
f 2067//4216 2052//4217 2058//4218
f 2055//4219 2068//4220 2063//4221
f 2060//4222 2065//4223 2069//4224
f 1747//4225 1753//4226 1748//4225
f 1750//3842 1755//3843 1751//3842
f 1753//4227 1869//4227 1754//4228
f 1755//4229 1757//4230 1756//4231
f 1757//3850 1747//4232 1749//3851
f 1758//4233 1764//4234 1759//4233
f 1761//3856 1766//4235 1762//3857
f 1764//3859 1862//4236 1765//3860
f 1766//4237 1768//4238 1767//4239
f 1768//4240 1758//4241 1760//4240
f 1769//4242 1775//4243 1770//4244
f 1772//3872 1777//3872 1773//3871
f 1775//3873 1860//4245 1776//3874
f 1777//4246 1779//4247 1778//4248
f 1779//4249 1769//4250 1771//4249
f 1780//4251 1786//4252 1781//4244
f 1783//3883 1788//4253 1784//3884
f 1786//4254 1850//4255 1787//4256
f 1788//4257 1790//4246 1789//4258
f 1790//3892 1780//4250 1782//3893
f 1791//4259 2070//4260 1792//4261
f 1794//3896 1799//3896 1795//3896
f 1792//3897 2070//4245 1797//3898
f 1799//4262 1801//4263 1800//4264
f 1793//2 1800//2 1801//2
f 1802//4265 1791//4266 1793//4265
f 1803//4267 1809//4268 1804//4269
f 1806//3906 1811//3918 1807//3907
f 1809//3909 1870//4270 1810//3910
f 1811//4271 1813//4272 1812//4273
f 1813//2 1803//2 1805//2
f 1814//4274 1820//4275 1815//4276
f 1817//3907 1822//3908 1818//3906
f 1820//3919 1892//4277 1821//3920
f 1822//4278 1824//4279 1823//4280
f 1816//2 1823//2 1824//2
f 1825//4281 1814//4281 1816//4281
f 1826//4282 2071//4283 1827//4284
f 1829//3906 1834//3918 1830//3907
f 1827//3927 2071//4285 1832//3928
f 1834//4286 1836//4287 1835//4288
f 1836//4289 1826//4290 1828//4289
f 1837//3933 1894//1 1838//1
f 1840//3934 1893//4291 1841//3935
f 1839//3937 1838//3 1843//3938
f 1845//3940 1849//4292 1846//3941
f 1848//2 1893//2 1849//2
f 1849//4293 1893//4203 2050//4202
f 1849//4293 2050//4202 2060//4294
f 2071//4295 1826//4296 1846//4297
f 1832//4298 2071//4295 1846//4297
f 1846//3945 1849//4293 1869//4299
f 1849//4293 2060//4294 1869//4299
f 2053//4300 2055//4301 1878//4302
f 2053//4300 1878//4302 1868//4303
f 1825//4304 1889//4305 1867//4306
f 1814//4307 1825//4304 1867//4306
f 1814//4307 1867//4306 1832//4308
f 1820//4309 1814//4310 1832//4309
f 2062//4311 2053//4300 1869//4299
f 2053//4300 1868//4303 1869//4299
f 1820//4312 1832//4313 1846//4314
f 1892//4315 1820//4315 1846//4315
f 2060//4294 2062//4311 1869//4299
f 1846//3945 1869//4299 1753//4316
f 1747//4317 1757//4318 1863//4319
f 1747//4317 1863//4319 1861//4320
f 1813//4321 1872//4322 1883//4322
f 1803//4323 1813//4324 1883//4325
f 1803//4323 1883//4325 1892//4326
f 1809//4327 1803//4323 1892//4326
f 1753//4316 1747//4328 1861//4329
f 1753//4316 1861//4329 1862//4330
f 1809//4327 1892//4326 1846//4331
f 1870//4332 1809//4333 1846//4334
f 1846//3945 1753//4316 1862//4330
f 1846//3945 1862//4330 1764//4335
f 1758//4322 1768//4336 1858//4337
f 1758//4338 1858//4324 1859//4339
f 1802//4340 1856//4341 1855//4342
f 1791//4343 1802//4344 1855//4345
f 1791//4343 1855//4345 2070//4346
f 2070//4346 1855//4345 1870//4347
f 1764//4335 1758//4338 1859//4339
f 1764//4335 1859//4339 1860//4348
f 2070//4346 1870//4347 1846//4349
f 1797//4350 2070//4351 1846//4352
f 1846//3945 1764//4335 1860//4348
f 1846//3945 1860//4348 1775//3943
f 1769//4322 1779//4322 1874//4321
f 1769//4353 1874//4324 1876//4354
f 1790//4325 1881//4330 1887//4324
f 1780//4322 1790//4322 1887//4321
f 1780//4308 1887//4355 1786//4308
f 1786//4356 1887//4357 1797//4350
f 1775//3943 1769//4358 1850//3944
f 1850//3944 1786//4359 1846//3945
f 1769//4353 1876//4354 1850//4324
f 1786//4356 1797//4350 1846//4352
f 1851//3946 1897//1 1847//3947
f 1848//2 1895//3997 1852//3948
f 1856//1 1866//1 1865//1
f 1865//1 1854//3949 1856//3951
f 1772//4360 1774//4361 1857//4361
f 1859//4362 1873//4363 1776//4364
f 1861//4365 1864//4366 1765//4367
f 1863//3959 1885//1 1864//3960
f 1806//4368 1808//4369 1865//4370
f 1867//4371 1888//4372 1833//4373
f 1868//4374 1884//4375 1754//4376
f 1855//4377 1854//4378 1810//4379
f 1817//4368 1819//4369 1871//4370
f 1858//1 1857//1 1873//1
f 1874//3975 1879//4380 1875//3976
f 1750//4381 1752//4382 1877//4383
f 1783//4368 1785//4369 1879//4370
f 1794//4368 1796//4369 1880//4370
f 1872//4177 1871//4177 1882//4177
f 1878//1 1877//1 1884//1
f 1761//4384 1763//4385 1885//4386
f 1881//1 1880//1 1886//1
f 1889//1 1891//1 1890//1
f 1890//1 1888//1 1889//1
f 1829//4387 1831//4388 1890//4389
f 1876//4390 1875//4391 1787//4392
f 1887//4393 1886//4393 1798//4394
f 1883//4371 1882//4372 1821//4373
f 1893//2 1848//2 1853//2
f 1837//3933 1847//3947 1846//1
f 1895//3997 1848//2 1845//2
f 1896//3998 1845//3940 1847//3942
f 1898//4000 1839//3937 1844//3939
f 1851//3946 1837//3933 1839//1
f 1900//3 2051//3 1842//4002
f 1894//6 1903//4004 1843//4004
f 1901//4003 1842//4002 1841//4005
f 1902//4007 1901//4003 1853//4006
f 1903//4004 2063//4395 1904//4009
f 1905//4396 1912//4397 1906//4397
f 1908//4013 1914//4398 1909//4014
f 1911//4399 2072//4400 1912//4401
f 1913//4402 1915//4402 1909//4402
f 1907//2 1906//2 1915//2
f 1916//4403 1923//4404 1917//4405
f 1919//4024 1925//4406 1920//4025
f 1922//4027 2073//4407 1923//4028
f 1924//4408 1926//4409 1925//4410
f 1918//4411 1917//4412 1926//4411
f 1927//4413 1934//4414 1928//4415
f 1930//4416 1936//4417 1931//4418
f 1933//4038 2074//4419 1934//4039
f 1935//4420 1937//4421 1936//4422
f 1929//4044 1928//4412 1937//4045
f 1938//4423 1945//4424 1939//4425
f 1941//4049 1947//4426 1942//4050
f 1944//4427 2075//4428 1945//4429
f 1946//4421 1948//4430 1947//4431
f 1940//4056 1939//4232 1948//4057
f 1949//4432 1956//4433 1950//4434
f 1952//4060 1958//4435 1953//4061
f 1949//4063 2043//4436 1955//4064
f 1957//4437 1960//4438 1958//4439
f 1960//4071 1957//4440 1951//4069
f 1951//4069 1950//4441 1959//4070
f 1961//4442 1968//4442 1962//4443
f 1964//4075 1970//4444 1965//4076
f 1967//4077 2076//4445 1968//4078
f 1969//4446 1971//4447 1970//4448
f 1963//2 1962//2 1971//2
f 1972//4449 1979//4450 1973//4451
f 1975//4088 1981//4452 1976//4089
f 1978//4091 2077//4445 1979//4092
f 1980//4453 1983//4454 1981//4455
f 1983//4099 1980//4456 1974//4097
f 1974//4097 1973//4457 1982//4098
f 1984//4458 1991//4459 1985//4460
f 1987//4103 1993//4461 1988//4104
f 1984//4106 2021//4462 1990//4107
f 1992//4463 1994//4464 1993//4464
f 1986//4112 1985//4240 1994//4113
f 1995//1 2045//1 1996//4114
f 1998//4116 2008//4465 1999//4117
f 2001//4119 1995//3 1997//4120
f 2003//4122 2007//4466 2004//4123
f 2006//4125 2004//4190 2007//2
f 2036//4467 2008//4468 2007//4469
f 2003//4470 1985//4471 1991//4472
f 2003//4470 1991//4472 1990//4473
f 2023//4474 2036//4467 2007//4469
f 2072//4475 2023//4474 2007//4469
f 2007//4469 2003//4476 2072//4475
f 2020//4477 2039//4478 1982//4479
f 1912//4480 2072//4481 2003//4482
f 2018//4483 1915//4484 1906//4485
f 2018//4483 1906//4485 2016//4486
f 2016//4487 1906//4488 1912//4489
f 1990//4490 2020//4477 1973//4491
f 2020//4477 1982//4479 1973//4491
f 2073//4492 2016//4487 1912//4489
f 1923//4493 2073//4494 2003//4495
f 1990//4490 1973//4491 1979//4496
f 1990//4473 1979//4497 2003//4470
f 2073//4494 1912//4498 2003//4495
f 2028//4499 1926//4500 1917//4501
f 2028//4502 1917//4503 2014//4504
f 2014//4504 1917//4503 1923//4505
f 2003//4470 1979//4497 2077//4506
f 2044//4507 2034//4508 1971//4509
f 2074//4510 2014//4504 1923//4505
f 1934//4511 2074//4512 2003//4511
f 2077//4513 2044//4514 1962//4515
f 2044//4514 1971//4516 1962//4515
f 2074//4494 1923//4517 2003//4518
f 2029//4488 1937//4501 1928//4501
f 2029//4502 1928//4519 2041//4520
f 2041//4520 1928//4519 2075//4515
f 2077//4521 1962//4522 1968//4521
f 2077//4523 1968//4524 2003//4525
f 2075//4515 1928//4519 1934//4526
f 1945//4527 2075//4528 2003//4126
f 2003//4126 1968//4529 2076//4530
f 2026//4531 2010//4532 1959//4533
f 2075//4534 1934//4535 2003//4536
f 2037//4537 1948//4538 1939//4539
f 2037//4540 1939//4541 2042//4542
f 2042//4542 1939//4541 1945//4543
f 2076//4530 2026//4544 1956//4127
f 2026//4545 1959//4546 1950//4547
f 1955//4128 2042//4548 1945//4527
f 2026//4545 1950//4547 1956//4549
f 1955//4128 1945//4527 2003//4126
f 2003//4126 2076//4530 1956//4127
f 2005//4129 1897//1 1851//3946
f 1852//3948 1895//3997 2006//4125
f 2012//1 2078//1 2010//1
f 2010//1 2026//1 2011//1
f 1931//4550 2028//4551 2013//4552
f 2014//4553 2074//4554 1933//4555
f 2016//4556 2073//4557 1922//4558
f 2018//4140 2016//1 2017//4141
f 1965//4559 2078//4560 2012//4561
f 2020//4562 1990//4563 2021//4564
f 2023//4565 2072//4566 1911//4567
f 1985//4471 2003//4470 2025//4568
f 2003//4470 2045//4569 2025//4568
f 1994//4570 1985//4571 2025//4572
f 1999//4573 2008//4468 2036//4467
f 1993//4574 1994//4575 2025//4576
f 1988//4577 1993//4574 2025//4576
f 1999//4573 2036//4467 1910//4578
f 1909//4579 1915//4580 2018//4581
f 1999//4573 1910//4578 2025//4582
f 1988//4577 2025//4576 1981//4583
f 1982//4479 2039//4478 1983//4584
f 1909//4585 2018//4586 1920//4587
f 1925//4588 1926//4500 2028//4499
f 1910//4578 1909//4589 2025//4582
f 1925//4588 2028//4499 1931//4590
f 1909//4591 1920//4591 2025//4592
f 2039//4593 2079//4594 1983//4595
f 1983//4595 2079//4594 1988//4577
f 1920//4596 1925//4597 2025//4598
f 1936//4599 1937//4600 1942//4601
f 1925//4597 1931//4602 2025//4598
f 1981//4583 1983//4595 1988//4577
f 1971//4603 2034//4513 1976//4513
f 1981//4583 2025//4576 1976//4604
f 1970//4605 1971//4606 1976//4604
f 1976//4604 2025//4576 1970//4605
f 1937//4607 2029//4608 1942//4609
f 1970//4605 2025//4576 1965//4610
f 1965//4610 2025//4576 1958//4611
f 1931//4612 1936//4612 2025//4613
f 1947//4614 1948//4608 2037//4615
f 1936//4599 1942//4601 2025//4616
f 1959//4617 2010//4618 1960//4618
f 1960//4619 2010//4620 2078//4621
f 1947//4614 2037//4615 1953//4622
f 1958//4611 1960//4619 2078//4621
f 1942//4623 1947//4624 2025//4625
f 1958//4611 2078//4621 1965//4610
f 1947//4614 1953//4622 2025//4626
f 2026//4627 2076//4628 1967//4629
f 1976//4630 2034//4630 2027//4631
f 2028//4632 2014//4633 2015//4632
f 2029//4158 2041//1 2030//4159
f 1910//4634 2036//4635 2032//4636
f 1942//4559 2029//4637 2031//4638
f 1953//4639 2037//4640 2033//4640
f 2034//4167 2044//4641 2035//4168
f 2036//4169 2023//1 2024//4170
f 1920//4642 2018//4643 2019//4644
f 2037//4175 2042//1 2038//4176
f 2040//1 2079//1 2039//1
f 2039//1 2020//1 2022//1
f 1988//4645 2079//4646 2040//4645
f 2041//4647 2075//4648 1944//4647
f 2042//4649 1955//4650 2043//4651
f 2044//4627 2077//4628 1978//4629
f 2009//4130 2006//4125 2008//2
f 2003//1 2005//4129 1996//4114
f 1895//3997 1896//2 2004//4190
f 2005//4124 2004//4123 1896//3998
f 2002//4121 1997//4120 1898//4000
f 1997//4115 1996//4114 1851//3946
f 2000//4191 2001//4119 2002//4121
f 2001//4193 2025//4196 2045//7
f 1998//4194 2000//4191 2046//4192
f 2009//4195 2046//4192 1902//4007
f 2000//4118 1999//4117 2025//4196
f 1842//3936 2051//6 2047//6
f 2047//6 2067//6 1840//6
f 1894//4652 1846//4297 1903//4653
f 1846//4297 1826//4296 1903//4653
f 2055//4301 2063//4654 1878//4302
f 1903//4655 1826//4655 1836//4656
f 1903//4657 1836//4658 1834//4659
f 1750//4660 1878//4302 2063//4654
f 1863//4661 1757//4662 1755//4663
f 1750//4660 2063//4654 1755//4664
f 1761//4665 1863//4666 1755//4664
f 1755//4664 2063//4654 1761//4665
f 1903//4657 1834//4659 1829//4667
f 1891//4668 1889//4669 1824//4670
f 1829//4667 1891//4668 1824//4670
f 1889//4305 1825//4304 1824//4671
f 1761//4672 2063//4673 1766//4674
f 1858//4337 1768//4336 1766//4674
f 1766//4674 2063//4673 1772//4675
f 1829//4667 1824//4670 1822//4676
f 1772//4675 1858//4337 1766//4674
f 1874//4677 1779//4678 1783//4679
f 1772//4680 2063//4681 1777//4682
f 1783//4679 1779//4678 1777//4683
f 1777//4682 2063//4681 1903//4684
f 1903//4657 1829//4667 1822//4676
f 1817//4685 1872//4308 1813//4686
f 1903//4657 1822//4676 1817//4687
f 1783//4688 1777//4688 1903//4688
f 1881//4330 1790//4325 1788//4689
f 1788//4690 1783//4691 1903//4692
f 1817//4685 1813//4686 1811//4693
f 1794//4694 1881//4695 1788//4690
f 1799//4696 1794//4690 1903//4697
f 1903//4698 1817//4685 1811//4693
f 1903//4698 1811//4693 1806//4699
f 1794//4694 1788//4690 1903//4692
f 1856//4700 1802//4701 1801//4702
f 1799//4696 1903//4697 1806//4703
f 1866//4704 1856//4705 1801//4706
f 1799//4199 1806//4707 1866//4197
f 2048//4200 1844//3939 1843//3938
f 1840//4708 2067//4351 2049//4201
f 2049//4201 2057//4709 2050//4202
f 1893//4203 1840//4708 2049//4201
f 2051//1 2080//1 2052//1
f 2053//2 2066//2 2054//2
f 2049//3 2059//3 2056//3
f 2049//4204 2067//4710 2058//4205
f 2060//4207 2069//3 2061//4208
f 2063//2 2068//2 2064//2
f 2050//4210 2057//4711 2056//4211
f 2062//4213 2061//4712 2066//4214
f 2067//4216 2047//4713 2052//4217
f 2055//4219 2054//2 2068//4220
f 2060//4222 2050//4714 2065//4223
f 2081//4715 2082//4716 2083//4717
f 2082//1 2084//1 2085//1
f 2084//4718 2086//4719 2085//4720
f 2086//4721 2087//4721 2088//4722
f 2081//6 2087//6 2084//6
f 2087//2 2089//2 2088//2
f 2089//4723 2081//4724 2083//4725
f 2082//4726 2086//4727 2089//4728
f 2081//4729 2090//4730 2082//4731
f 2082//1 2090//1 2084//1
f 2084//4718 2091//4732 2086//4719
f 2086//4733 2091//4734 2087//4733
f 2084//6 2090//6 2081//6
f 2081//6 2092//6 2087//6
f 2087//6 2091//6 2084//6
f 2087//2 2092//2 2089//2
f 2089//4723 2092//4735 2081//4724
f 2089//4728 2083//7 2082//4726
f 2082//4726 2085//4736 2086//4727
f 2086//4727 2088//4737 2089//4728
f 2093//4738 2094//1 2095//1
f 2096//6 2097//6 2094//6
f 2095//4739 2097//4740 2098//4741
f 2099//4742 2096//4743 2093//4
f 2099//4744 2100//4745 2098//4746
f 2101//2 2098//4746 2097//2
f 2099//4744 2102//4747 2103//4748
f 2104//4749 2098//4741 2100//4749
f 2105//4750 2095//1 2104//1
f 2102//4751 2106//4752 2107//4753
f 2093//6 2108//6 2099//6
f 2105//4750 2106//4754 2093//4738
f 2109//1 2110//1 2111//1
f 2112//7 2113//7 2109//7
f 2112//3 2111//3 2114//3
f 2113//4 2115//4 2110//4
f 2100//4745 2115//2 2114//2
f 2114//2 2116//2 2112//2
f 2102//4747 2115//2 2103//4748
f 2114//3 2104//4749 2100//4749
f 2111//1 2105//4750 2104//1
f 2117//4755 2102//4751 2107//4753
f 2118//7 2110//7 2115//7
f 2117//1 2105//4750 2110//1
f 2093//4738 2096//1 2094//1
f 2096//6 2101//6 2097//6
f 2095//4739 2094//4756 2097//4740
f 2099//4742 2101//4757 2096//4743
f 2099//4744 2103//4748 2100//4745
f 2101//2 2099//4744 2098//4746
f 2099//4744 2108//4758 2102//4747
f 2104//4749 2095//4739 2098//4741
f 2105//4750 2093//4738 2095//1
f 2102//4751 2108//4759 2106//4752
f 2093//6 2106//6 2108//6
f 2105//4750 2107//1 2106//4754
f 2109//1 2113//1 2110//1
f 2112//7 2116//7 2113//7
f 2112//3 2109//3 2111//3
f 2113//4 2116//4 2115//4
f 2100//4745 2103//4748 2115//2
f 2114//2 2115//2 2116//2
f 2102//4747 2118//2 2115//2
f 2114//3 2111//3 2104//4749
f 2111//1 2110//1 2105//4750
f 2117//4755 2118//4 2102//4751
f 2118//7 2117//7 2110//7
f 2117//1 2107//1 2105//4750
f 2119//7 2120//7 2121//7
f 2122//2869 2123//1 2124//4760
f 2121//2334 2125//2329 2119//2334
f 2126//2 2127//2 2125//4761
f 2122//4762 2127//4763 2126//267
f 2126//4 2123//2216 2122//4
f 2128//6 2129//6 2130//6
f 2124//4760 2131//4764 2129//1277
f 2125//2329 2132//1580 2128//2147
f 2130//4765 2133//4766 2125//4761
f 2130//264 2131//265 2133//266
f 2123//2216 2133//1572 2131//1572
f 2119//7 2127//7 2120//7
f 2124//4760 2121//4767 2120//4768
f 2120//4768 2122//2869 2124//4760
f 2121//2334 2124//3 2125//2329
f 2119//2 2125//2 2127//2
f 2134//4769 2126//2 2125//4761
f 2122//4762 2120//2881 2127//4763
f 2126//4 2134//2216 2123//2216
f 2128//6 2132//6 2129//6
f 2129//1367 2132//1368 2124//1368
f 2124//4760 2123//1 2131//4764
f 2125//2329 2124//3 2132//1580
f 2134//4769 2125//4761 2133//4766
f 2128//4770 2130//4765 2125//4761
f 2130//264 2129//268 2131//265
f 2123//2216 2134//2216 2133//1572
f 2135//4771 2136//4772 2137//4773
f 2138//1 2139//1 2136//1
f 2140//4774 2141//4775 2139//4776
f 2142//4777 2143//4778 2141//4779
f 2144//4780 2145//4781 2140//4782
f 2145//2 2146//2 2143//2
f 2146//4783 2135//4784 2137//4785
f 2136//4786 2143//4787 2146//4788
f 2135//4771 2138//4789 2136//4772
f 2138//1 2140//1 2139//1
f 2140//4774 2142//4790 2141//4775
f 2142//4777 2145//4791 2143//4778
f 2140//4782 2138//6 2135//4792
f 2135//4792 2144//4780 2140//4782
f 2145//4781 2142//4793 2140//4782
f 2145//2 2144//2 2146//2
f 2146//4783 2144//4794 2135//4784
f 2146//4788 2137//4795 2136//4786
f 2136//4786 2139//4796 2141//4797
f 2141//4797 2143//4787 2136//4786
f 2147//4798 2148//4799 2149//4800
f 2150//4801 2151//4802 2148//4803
f 2147//4804 2152//4805 2153//4806
f 2154//4807 2155//4808 2156//4809
f 2157//4810 2149//4811 2155//4812
f 2149//4813 2158//4813 2159//4814
f 2152//4815 2160//4816 2161//4817
f 2147//4804 2162//4818 2150//4819
f 2157//4820 2163//4821 2152//4822
f 2150//4823 2164//4824 2165//4825
f 2148//4826 2166//4827 2158//4828
f 2153//4829 2158//4830 2162//4831
f 2152//4832 2159//4833 2153//4834
f 2164//4835 2158//4836 2166//4837
f 2155//4838 2160//4839 2156//4840
f 2149//4841 2161//4842 2155//4843
f 2147//4798 2150//4844 2148//4799
f 2150//4801 2165//4845 2151//4802
f 2147//4846 2157//4847 2152//4848
f 2154//4807 2157//4849 2155//4808
f 2157//4810 2147//4850 2149//4811
f 2149//4851 2148//4852 2158//4853
f 2152//4815 2163//4854 2160//4816
f 2147//4804 2153//4806 2162//4818
f 2157//4855 2154//4856 2163//4857
f 2150//4858 2162//4858 2164//4859
f 2148//4826 2151//4860 2166//4827
f 2153//4829 2159//4861 2158//4830
f 2152//4832 2161//4862 2159//4833
f 2164//4835 2162//4863 2158//4836
f 2155//4838 2161//4864 2160//4839
f 2149//4865 2159//4866 2161//4867
f 2167//7 2168//7 2169//7
f 2170//1 2171//4868 2172//4869
f 2169//2334 2173//2329 2167//2334
f 2174//2 2175//2 2173//4870
f 2170//1856 2175//267 2174//267
f 2174//4 2171//2216 2170//4
f 2176//6 2177//6 2178//6
f 2172//4869 2179//4871 2180//1265
f 2173//2329 2176//1580 2178//2147
f 2177//4872 2181//4873 2173//4870
f 2177//2311 2179//1877 2181//266
f 2171//2216 2181//1572 2179//1572
f 2167//7 2175//7 2168//7
f 2172//4869 2169//1 2168//1
f 2168//1 2170//1 2172//4869
f 2169//2334 2172//3 2173//2329
f 2167//2 2173//4870 2175//2
f 2182//4874 2174//2 2173//4870
f 2170//1868 2168//263 2175//1869
f 2174//4 2182//2216 2171//2216
f 2176//6 2180//6 2177//6
f 2180//1 2176//1 2172//1
f 2172//4869 2171//4868 2179//4871
f 2173//2329 2172//3 2176//1580
f 2182//4874 2173//4870 2181//4873
f 2178//4875 2177//4872 2173//4870
f 2177//2416 2180//268 2179//2417
f 2171//2216 2182//2216 2181//1572
f 2183//2379 2184//2379 2185//4876
f 2186//4877 2187//4878 2184//1
f 2188//4879 2189//4880 2187//4881
f 2190//4882 2191//4882 2189//4883
f 2183//4884 2190//4885 2188//4886
f 2191//4887 2192//4888 2193//4889
f 2192//4890 2185//4890 2193//4891
f 2184//4892 2189//4893 2185//4894
f 2183//4895 2186//4896 2184//4897
f 2186//4877 2188//2032 2187//4878
f 2188//4898 2190//2378 2189//4899
f 2190//4900 2194//4901 2191//4902
f 2188//4886 2186//4903 2183//4884
f 2183//4884 2192//4904 2194//4905
f 2194//4905 2190//4885 2183//4884
f 2191//4887 2194//4906 2192//4888
f 2192//4907 2183//4908 2185//2380
f 2193//4909 2185//4894 2189//4893
f 2184//4892 2187//1724 2189//4893
f 2189//4893 2191//1722 2193//4909
f 2195//4910 2196//4911 2197//4911
f 2198//2 2199//2 2196//2
f 2199//4912 2200//4912 2201//4913
f 2201//4914 2202//4915 2203//4916
f 2195//7 2200//7 2204//7
f 2202//1 2205//1 2203//1
f 2206//4917 2197//4917 2205//4918
f 2196//4919 2201//4920 2197//4921
f 2198//4922 2197//4922 2195//4910
f 2204//2 2196//2 2198//2
f 2204//4923 2201//4924 2199//4925
f 2200//4926 2203//4927 2201//4927
f 2201//4928 2203//4929 2197//4930
f 2206//1 2203//1 2202//1
f 2195//4931 2205//4917 2206//4932
f 2206//7 2200//7 2195//7
f 2195//4933 2198//4934 2196//4935
f 2198//2 2204//2 2199//2
f 2199//4925 2204//4936 2200//4937
f 2201//4938 2200//4939 2202//4940
f 2204//7 2198//7 2195//7
f 2195//7 2206//7 2202//7
f 2202//7 2200//7 2195//7
f 2202//1 2206//1 2205//1
f 2206//4941 2195//4942 2197//4943
f 2205//4944 2197//4945 2201//4946
f 2196//4919 2199//4947 2201//4920
f 2201//4946 2203//4948 2205//4944
f 2198//4949 2196//4950 2197//4949
f 2204//2 2199//2 2196//2
f 2204//4923 2200//4951 2201//4924
f 2200//4952 2202//4952 2203//4953
f 2197//4954 2196//4955 2199//4956
f 2199//4956 2201//4957 2197//4954
f 2203//4929 2205//4958 2197//4930
f 2206//1 2205//1 2203//1
f 2195//4942 2197//4943 2205//4941
f 2198//7 2195//7 2200//7
f 2206//7 2202//7 2200//7
f 2200//7 2204//7 2198//7
f 2207//6 2208//6 2209//6
f 2210//4959 2211//1 2212//4960
f 2213//4961 2214//4961 2215//4962
f 2216//2 2217//2 2218//2
f 2212//4960 2219//1 2220//4963
f 2221//4964 2222//4965 2223//4966
f 2222//4965 2224//4967 2223//4966
f 2225//4968 2226//4968 2227//4969
f 2228//4970 2221//4964 2229//4971
f 2230//4972 2227//4973 2231//4974
f 2232//4975 2233//4976 2234//4977
f 2223//4978 2235//4979 2232//4980
f 2236//4981 2232//4982 2234//4983
f 2237//4984 2238//4985 2214//4986
f 2239//4987 2240//4988 2241//4989
f 2242//4990 2239//4991 2241//4992
f 2243//4993 2239//4994 2244//4995
f 2245//4996 2246//4997 2243//4998
f 2247//4999 2244//5000 2242//5001
f 2248//5002 2235//5003 2224//5004
f 2219//6 2209//6 2249//6
f 2245//5005 2250//5006 2251//5007
f 2252//5008 2243//6 2244//5009
f 2253//5010 2254//5011 2255//5012
f 2208//5013 2218//5014 2209//5015
f 2249//5016 2218//5017 2256//5018
f 2228//5019 2256//5020 2257//5021
f 2258//5022 2226//5023 2259//5024
f 2260//5025 2227//5026 2226//5027
f 2252//5028 2238//5029 2250//5030
f 2218//5031 2261//5032 2256//5033
f 2207//5034 2210//5035 2262//5036
f 2263//5037 2208//5038 2262//5039
f 2264//5040 2259//5041 2215//5042
f 2258//5043 2265//5044 2266//5045
f 2267//5046 2268//5047 2269//5048
f 2270//5049 2259//5050 2226//5051
f 2252//5052 2215//5053 2214//5054
f 2265//5044 2252//5008 2244//5009
f 2260//5055 2266//5045 2224//4967
f 2271//5056 2215//5057 2259//5050
f 2222//5058 2231//5059 2227//5060
f 2249//6 2229//4971 2219//6
f 2257//5061 2230//5062 2231//5063
f 2272//5064 2223//5065 2236//5066
f 2261//5067 2257//5068 2256//5069
f 2219//5070 2253//5071 2220//5072
f 2273//5073 2257//5074 2231//5075
f 2266//5076 2267//5077 2274//5078
f 2247//5079 2265//5079 2275//5080
f 2272//5081 2221//5082 2276//5083
f 2229//5084 2253//5085 2277//5084
f 2266//5086 2247//5087 2267//5088
f 2229//5089 2272//5090 2253//5091
f 2224//5092 2267//5093 2248//5094
f 2278//5095 2279//7 2280//7
f 2280//5096 2210//4959 2212//4960
f 2281//4961 2213//5097 2282//4962
f 2217//2 2283//2 2284//2
f 2285//5098 2212//4960 2220//4963
f 2286//5099 2287//7 2288//5100
f 2289//5101 2286//5099 2290//5102
f 2291//5103 2225//5104 2292//5105
f 2288//5100 2293//5106 2294//5107
f 2292//5108 2230//4972 2295//5109
f 2233//4976 2296//5110 2234//4977
f 2290//5111 2297//5112 2289//5113
f 2236//5114 2296//5115 2290//5116
f 2298//5117 2237//4984 2281//5118
f 2240//4988 2299//5119 2241//4989
f 2242//4990 2299//5120 2300//5121
f 2299//5122 2301//5123 2300//5124
f 2302//5125 2245//5126 2301//5126
f 2300//5127 2303//5128 2304//5129
f 2297//5130 2248//5131 2289//5132
f 2285//5133 2278//5095 2280//7
f 2305//5134 2301//5135 2245//5005
f 2301//5136 2306//5137 2300//5138
f 2254//5011 2307//5139 2255//5012
f 2284//5140 2308//5141 2278//5142
f 2309//5143 2284//5144 2278//5145
f 2293//5146 2310//5147 2309//5148
f 2311//5149 2291//5150 2312//5151
f 2312//5152 2292//5153 2286//5154
f 2298//5155 2306//5156 2305//5157
f 2261//5032 2284//5158 2310//5159
f 2210//5035 2279//5160 2262//5036
f 2308//5161 2283//4 2263//5037
f 2313//5162 2314//5163 2311//5164
f 2315//5165 2311//5166 2316//5167
f 2268//5047 2317//5168 2269//5048
f 2314//5169 2270//5049 2291//5170
f 2306//5171 2282//5172 2313//5173
f 2306//5137 2313//5174 2315//5165
f 2316//5167 2311//5166 2312//5175
f 2282//5176 2271//5056 2314//5169
f 2286//5177 2295//5178 2287//5177
f 2294//5107 2293//5106 2309//5179
f 2318//5180 2230//5062 2319//5181
f 2290//5182 2320//5183 2321//5184
f 2310//5185 2319//5186 2261//5067
f 2307//5187 2322//5188 2285//5189
f 2287//5190 2318//5191 2293//5192
f 2316//5193 2323//5194 2317//5195
f 2304//5196 2303//5197 2315//5198
f 2321//5199 2320//5200 2288//5201
f 2294//5202 2322//5203 2307//5202
f 2316//5204 2304//5205 2315//5206
f 2294//5207 2321//5208 2288//5209
f 2317//5210 2323//5211 2289//5212
f 2209//6 2211//6 2207//6
f 2324//6 2207//6 2211//6
f 2210//4959 2324//1 2211//1
f 2213//4961 2237//4962 2214//4961
f 2216//2 2263//2 2217//2
f 2212//4960 2211//1 2219//1
f 2223//4966 2276//5213 2221//4964
f 2221//4964 2273//5214 2222//4965
f 2222//4965 2260//5055 2224//4967
f 2225//5104 2270//5215 2226//4969
f 2228//4970 2273//5214 2221//4964
f 2230//4972 2225//5216 2227//4973
f 2232//4975 2235//5217 2233//4976
f 2223//5218 2224//5219 2235//5220
f 2236//4981 2223//5221 2232//4982
f 2237//4984 2251//5222 2238//4985
f 2239//5223 2246//5224 2240//5224
f 2242//5225 2244//5226 2239//5226
f 2243//5227 2246//5228 2239//5229
f 2245//4996 2240//5230 2246//4997
f 2242//5231 2268//5232 2247//5233
f 2247//5234 2275//5235 2244//5236
f 2248//5002 2233//5237 2235//5003
f 2219//6 2211//6 2209//6
f 2238//5238 2251//5007 2250//5006
f 2245//5005 2243//5239 2250//5006
f 2252//5008 2250//6 2243//6
f 2253//5010 2272//5240 2254//5011
f 2208//5013 2216//5241 2218//5014
f 2249//5016 2209//5242 2218//5017
f 2228//5243 2249//5244 2256//5245
f 2258//5246 2260//5247 2226//5247
f 2260//5025 2222//5248 2227//5026
f 2252//5028 2214//5249 2238//5029
f 2218//5031 2217//5250 2261//5032
f 2207//5034 2324//5251 2210//5035
f 2207//5252 2262//5039 2208//5038
f 2263//5037 2216//5253 2208//5038
f 2264//5040 2258//5254 2259//5041
f 2258//5043 2264//5255 2265//5044
f 2267//5046 2247//5256 2268//5047
f 2270//5049 2271//5056 2259//5050
f 2252//5257 2264//5258 2215//5259
f 2244//5009 2275//6 2265//5044
f 2265//5044 2264//5255 2252//5008
f 2274//5260 2224//4967 2266//5045
f 2260//5055 2258//5043 2266//5045
f 2271//5056 2213//5261 2215//5057
f 2222//5262 2273//5263 2231//5263
f 2277//6 2219//6 2229//4971
f 2249//6 2228//4970 2229//4971
f 2257//5061 2319//5181 2230//5062
f 2236//5264 2254//5265 2272//5266
f 2272//5267 2276//5268 2223//5269
f 2261//5067 2319//5186 2257//5068
f 2255//5270 2220//5271 2253//5272
f 2219//5273 2277//5274 2253//5275
f 2273//5073 2228//5276 2257//5074
f 2266//5086 2265//5277 2247//5087
f 2229//5089 2221//5278 2272//5090
f 2269//5279 2248//5280 2267//5281
f 2224//5282 2274//5283 2267//5284
f 2325//7 2280//7 2279//7
f 2278//5095 2308//7 2279//7
f 2280//5096 2325//1 2210//4959
f 2281//5097 2237//4962 2213//4961
f 2217//2 2263//2 2283//2
f 2285//5098 2280//5096 2212//4960
f 2288//5100 2320//7 2290//5102
f 2290//5102 2286//5099 2288//5100
f 2289//5101 2312//5175 2286//5099
f 2291//5103 2270//5215 2225//5104
f 2288//5100 2287//7 2293//5106
f 2292//5108 2225//5216 2230//4972
f 2233//4976 2297//5285 2296//5110
f 2290//5286 2296//5286 2297//5287
f 2236//4981 2234//4983 2296//5288
f 2298//5117 2251//5222 2237//4984
f 2240//5119 2302//5289 2299//5290
f 2242//4990 2241//4992 2299//5120
f 2299//5291 2302//5292 2301//5291
f 2302//5293 2240//5230 2245//4996
f 2304//5294 2268//5232 2242//5231
f 2242//5295 2300//5296 2304//5297
f 2297//5298 2233//5237 2248//5002
f 2285//5133 2309//5179 2278//5095
f 2245//5005 2251//5007 2305//5134
f 2298//5299 2305//5134 2251//5007
f 2301//5136 2305//7 2306//5137
f 2254//5011 2321//5300 2307//5139
f 2284//5140 2283//5301 2308//5141
f 2309//5143 2310//5302 2284//5144
f 2293//5303 2318//5304 2310//5303
f 2311//5305 2314//5306 2291//5307
f 2312//5152 2291//5308 2292//5153
f 2298//5155 2281//5309 2306//5156
f 2261//5032 2217//5250 2284//5158
f 2210//5035 2325//5310 2279//5160
f 2263//5037 2262//5039 2308//5161
f 2279//5311 2308//5161 2262//5039
f 2313//5162 2282//5312 2314//5163
f 2315//5165 2313//5174 2311//5166
f 2268//5047 2304//5313 2317//5168
f 2314//5169 2271//5056 2270//5049
f 2306//5314 2281//5315 2282//5314
f 2315//5165 2303//5316 2300//5138
f 2300//5138 2306//5137 2315//5165
f 2312//5175 2289//5101 2316//5167
f 2323//5317 2316//5318 2289//5317
f 2282//5176 2213//5261 2271//5056
f 2286//5319 2292//5320 2295//5321
f 2309//5179 2285//5133 2294//5107
f 2322//5322 2294//5323 2285//5322
f 2318//5180 2295//5324 2230//5062
f 2321//5325 2254//5265 2236//5264
f 2236//5264 2290//5326 2321//5325
f 2310//5185 2318//5327 2319//5186
f 2285//5328 2220//5328 2307//5329
f 2255//5330 2307//5331 2220//5332
f 2287//5190 2295//5333 2318//5191
f 2316//5204 2317//5334 2304//5205
f 2294//5207 2307//5335 2321//5208
f 2289//5336 2248//5337 2317//5338
f 2269//5279 2317//5339 2248//5280
f 2326//5340 2327//5341 2328//3737
f 2329//1 2330//1 2327//1
f 2331//5342 2332//5343 2330//3734
f 2333//3742 2334//3741 2332//3743
f 2326//4 2333//4 2331//4
f 2335//2 2336//2 2334//2
f 2337//5344 2328//5345 2336//3740
f 2327//5346 2332//5347 2328//5348
f 2326//5349 2329//3748 2327//5350
f 2329//1 2331//1 2330//1
f 2331//5351 2333//3747 2332//5352
f 2333//3742 2335//3750 2334//3741
f 2331//4 2329//4 2326//4
f 2326//4 2337//4 2335//4
f 2335//4 2333//4 2326//4
f 2335//2 2337//2 2336//2
f 2337//5353 2326//3749 2328//5353
f 2336//1719 2328//1720 2332//1719
f 2327//5346 2330//3752 2332//5347
f 2332//1724 2334//1724 2336//1724
f 2338//5354 2339//5354 2340//5355
f 2341//5356 2342//5357 2339//5358
f 2343//6 2344//6 2342//6
f 2344//5359 2345//5359 2346//5359
f 2347//1 2348//1 2349//1
f 2346//5360 2347//5360 2350//5360
f 2347//7 2340//7 2350//7
f 2344//5361 2351//5362 2352//5363
f 2353//7 2354//7 2355//7
f 2342//5364 2356//5365 2339//2
f 2350//5366 2351//2 2346//2
f 2340//5367 2356//5365 2353//5368
f 2344//2 2357//2 2342//2
f 2340//5369 2355//5370 2350//5366
f 2358//2 2359//2 2354//2
f 2352//5371 2360//5371 2359//5372
f 2356//5373 2358//5373 2361//5374
f 2355//5375 2360//5375 2351//5376
f 2352//6 2358//6 2357//6
f 2356//5377 2362//5377 2353//5378
f 2349//6 2363//6 2364//6
f 2338//1 2365//1 2341//1
f 2366//1 2367//1 2368//1
f 2347//1 2364//1 2338//1
f 2366//5379 2348//5379 2345//5380
f 2343//1 2365//1 2367//1
f 2369//5381 2370//5382 2371//1
f 2348//5383 2372//5384 2373//5383
f 2365//5385 2374//5386 2367//5386
f 2348//5387 2369//5388 2349//5388
f 2367//7 2372//7 2368//7
f 2364//5389 2375//5390 2365//5390
f 2376//5391 2377//5392 2370//5393
f 2372//1 2378//1 2376//1
f 2363//1 2379//1 2375//1
f 2363//1 2371//1 2380//1
f 2372//1 2370//5382 2373//5394
f 2374//5395 2379//1 2378//5396
f 2381//1 2382//1 2383//1
f 2379//5397 2383//5398 2378//5399
f 2370//5400 2384//5400 2371//5401
f 2378//7 2382//7 2376//7
f 2380//5402 2385//5402 2379//5403
f 2380//6 2384//6 2381//6
f 2338//5404 2341//5405 2339//5406
f 2341//5356 2343//5407 2342//5357
f 2343//6 2366//6 2344//6
f 2344//5359 2366//5359 2345//5359
f 2347//5408 2345//5409 2348//5408
f 2346//5360 2345//5360 2347//5360
f 2347//7 2338//7 2340//7
f 2344//2 2346//2 2351//2
f 2353//7 2362//7 2354//7
f 2342//5364 2357//5410 2356//5365
f 2350//5366 2355//5370 2351//2
f 2340//5367 2339//2 2356//5365
f 2344//5361 2352//5363 2357//2
f 2340//5367 2353//5368 2355//2
f 2354//2 2362//2 2358//2
f 2361//2 2358//2 2362//2
f 2359//2 2360//2 2354//2
f 2352//5371 2351//5372 2360//5371
f 2356//5373 2357//5374 2358//5373
f 2355//5375 2354//5376 2360//5375
f 2352//6 2359//6 2358//6
f 2356//5377 2361//5378 2362//5377
f 2349//6 2369//6 2363//6
f 2338//1 2364//1 2365//1
f 2366//1 2343//1 2367//1
f 2347//1 2349//1 2364//1
f 2366//1 2368//1 2348//1
f 2343//5411 2341//5412 2365//5412
f 2369//5381 2373//5394 2370//5382
f 2348//5384 2368//5383 2372//5383
f 2365//5386 2375//5386 2374//5385
f 2348//5388 2373//5388 2369//5387
f 2367//7 2374//7 2372//7
f 2364//5390 2363//5390 2375//5389
f 2376//5391 2382//5413 2377//5392
f 2372//5414 2374//5395 2378//5396
f 2363//5415 2380//5416 2379//5417
f 2363//5418 2369//5419 2371//5420
f 2372//1 2376//1 2370//5382
f 2374//5421 2375//5421 2379//5421
f 2383//1 2385//1 2381//1
f 2381//1 2384//1 2382//1
f 2377//1 2382//1 2384//1
f 2379//5397 2385//5422 2383//5398
f 2370//5400 2377//5401 2384//5400
f 2378//7 2383//7 2382//7
f 2380//5402 2381//5403 2385//5402
f 2380//6 2371//6 2384//6
f 2386//7 2387//7 2388//7
f 2389//1 2390//1 2391//1
f 2387//1580 2392//3 2388//1580
f 2393//5423 2386//2 2392//5424
f 2389//5425 2386//5426 2393//5427
f 2393//1572 2390//5428 2389//1572
f 2394//6 2395//6 2396//6
f 2391//1 2397//1 2398//1
f 2392//3 2394//2334 2396//2334
f 2395//5429 2399//5430 2392//5431
f 2395//3697 2397//1300 2399//2894
f 2390//5428 2399//1302 2397//1302
f 2386//7 2400//7 2387//7
f 2391//1 2387//1 2400//1
f 2400//1 2389//1 2391//1
f 2387//1580 2391//3 2392//3
f 2388//2 2392//5424 2386//2
f 2401//5432 2393//5423 2392//5424
f 2389//5425 2400//3720 2386//5426
f 2393//1572 2401//5428 2390//5428
f 2394//6 2398//6 2395//6
f 2398//1 2394//1 2391//1
f 2391//1 2390//1 2397//1
f 2392//3 2391//3 2394//2334
f 2401//5433 2392//5431 2399//5430
f 2396//5434 2395//5429 2392//5431
f 2395//3697 2398//2290 2397//1300
f 2390//5428 2401//5428 2399//1302
f 2402//5435 2403//5436 2404//5437
f 2405//5438 2406//5439 2403//5440
f 2407//5441 2408//5442 2406//5443
f 2409//5444 2410//5445 2408//5446
f 2402//5447 2411//5448 2405//5449
f 2411//5450 2412//5451 2410//5452
f 2413//5453 2404//5454 2412//5455
f 2403//5456 2410//5457 2412//5458
f 2402//5459 2405//5460 2403//5460
f 2405//5438 2407//1 2406//5439
f 2407//5441 2409//5461 2408//5442
f 2409//5444 2411//5462 2410//5445
f 2407//5463 2405//5449 2411//5448
f 2402//5447 2413//6 2411//5448
f 2411//5448 2409//5464 2407//5463
f 2411//5450 2413//2 2412//5451
f 2413//5465 2402//5466 2404//5467
f 2412//5458 2404//5468 2403//5456
f 2403//5456 2406//7 2408//5469
f 2408//5469 2410//5457 2403//5456
f 2414//7 2415//7 2416//7
f 2417//1 2418//1 2419//5470
f 2415//1253 2420//3 2416//1254
f 2421//2 2414//2 2420//2
f 2417//5471 2414//5472 2421//5473
f 2421//4 2418//4 2417//4
f 2422//6 2423//6 2424//6
f 2419//1 2425//1 2423//1
f 2420//3 2426//1580 2422//1580
f 2424//5474 2427//5475 2420//5476
f 2424//2352 2425//2352 2427//2352
f 2418//4 2427//4 2425//4
f 2414//7 2428//7 2415//7
f 2419//5470 2415//1368 2428//5477
f 2428//5477 2417//1 2419//5470
f 2415//1253 2419//3 2420//3
f 2416//2 2420//2 2414//2
f 2429//2 2421//2 2420//2
f 2417//5472 2428//5473 2414//5471
f 2421//4 2429//4 2418//4
f 2422//6 2426//6 2423//6
f 2423//1 2426//1 2419//1
f 2419//1 2418//1 2425//1
f 2420//3 2419//3 2426//1580
f 2429//2 2420//5476 2427//5475
f 2422//5478 2424//5474 2420//5476
f 2424//2352 2423//2352 2425//2352
f 2418//4 2429//4 2427//4
f 2430//5479 2431//5480 2432//5481
f 2433//5482 2434//5483 2431//5484
f 2435//5485 2436//5486 2434//5487
f 2436//5488 2430//5489 2432//6
f 2434//5483 2437//7 2431//5484
f 2433//5490 2438//5491 2435//5492
f 2439//5493 2440//5494 2441//5495
f 2431//5496 2442//5497 2432//5498
f 2436//5499 2443//5499 2434//5500
f 2436//5488 2442//5501 2439//5493
f 2441//5502 2444//5503 2445//5504
f 2443//7 2446//7 2437//7
f 2443//5505 2441//5506 2445//5507
f 2437//5508 2440//5509 2442//5510
f 2444//5511 2447//5511 2448//5512
f 2446//5513 2447//5514 2440//5515
f 2441//5495 2447//5516 2449//5517
f 2445//5518 2448//5519 2446//7
f 2430//5479 2433//5520 2431//5480
f 2433//5482 2435//7 2434//5483
f 2435//5485 2438//5521 2436//5486
f 2436//5488 2438//5522 2430//5489
f 2434//5483 2443//7 2437//7
f 2433//5523 2430//5524 2438//5525
f 2439//5493 2442//5501 2440//5494
f 2431//5496 2437//5526 2442//5497
f 2436//5499 2439//5500 2443//5499
f 2436//5488 2432//6 2442//5501
f 2441//5502 2449//5527 2444//5503
f 2443//7 2445//5518 2446//7
f 2443//5528 2439//5528 2441//5529
f 2437//5508 2446//5530 2440//5509
f 2444//5511 2449//5512 2447//5511
f 2446//5513 2448//5531 2447//5514
f 2441//5495 2440//5494 2447//5516
f 2445//5518 2444//5532 2448//5519
f 2450//5533 2451//5534 2452//5535
f 2453//1 2454//1 2451//1
f 2455//5536 2456//5537 2454//5538
f 2457//5539 2458//5540 2456//5541
f 2450//6 2457//6 2455//6
f 2458//2 2459//2 2460//2
f 2459//5542 2452//5543 2460//5544
f 2451//7 2456//7 2452//7
f 2450//5533 2453//5533 2451//5534
f 2453//1 2455//1 2454//1
f 2455//5536 2457//5545 2456//5537
f 2457//5539 2461//5546 2458//5540
f 2455//6 2453//6 2450//6
f 2450//6 2459//6 2461//6
f 2461//6 2457//6 2450//6
f 2458//2 2461//2 2459//2
f 2459//5542 2450//5542 2452//5543
f 2460//7 2452//7 2456//7
f 2451//7 2454//7 2456//7
f 2456//7 2458//7 2460//7
f 2462//5547 2463//5548 2464//5549
f 2465//6 2466//6 2463//6
f 2467//5550 2468//5551 2466//2
f 2468//7 2462//7 2464//7
f 2464//1 2469//1 2470//1
f 2467//5552 2462//5553 2471//5554
f 2472//3 2470//3 2469//3
f 2466//2 2473//2 2472//2
f 2464//7 2473//7 2468//7
f 2466//6 2469//6 2463//6
f 2462//5547 2465//5555 2463//5548
f 2465//6 2467//6 2466//6
f 2467//5550 2471//5556 2468//5551
f 2468//7 2471//7 2462//7
f 2464//1 2463//1 2469//1
f 2467//5552 2465//5552 2462//5553
f 2472//3 2473//3 2470//3
f 2466//2 2468//5551 2473//2
f 2464//7 2470//7 2473//7
f 2466//6 2472//6 2469//6
f 2474//5557 2475//5557 2476//5558
f 2476//5559 2477//5560 2478//5561
f 2477//5562 2479//5563 2478//5564
f 2480//5565 2481//5565 2479//5566
f 2482//14 2483//15 2481//5567
f 2484//5568 2485//5569 2483//5570
f 2484//1 2482//1 2486//1
f 2485//5571 2486//5572 2487//5573
f 2486//5574 2474//5574 2487//5575
f 2481//2 2483//2 2487//2
f 2479//5576 2482//5577 2481//5578
f 2478//5563 2480//5562 2479//5564
f 2487//5579 2488//5580 2474//5581
f 2488//1 2484//1 2482//1
f 2485//5569 2484//5568 2489//5582
f 2481//16 2484//16 2483//5583
f 2474//5557 2488//5557 2475//5557
f 2476//5559 2475//5560 2477//5560
f 2477//5562 2480//5562 2479//5563
f 2480//5565 2482//5565 2481//5565
f 2482//14 2484//5584 2483//15
f 2477//1 2475//1 2480//1
f 2488//1 2486//1 2482//1
f 2489//1 2484//1 2486//1
f 2482//1 2480//1 2488//1
f 2475//1 2488//1 2480//1
f 2485//5571 2489//5585 2486//5572
f 2486//5574 2488//5574 2474//5574
f 2487//2 2474//2 2481//2
f 2476//2 2478//2 2479//2
f 2479//2 2481//2 2474//2
f 2483//2 2485//2 2487//2
f 2474//2 2476//2 2479//2
f 2479//5576 2480//5586 2482//5577
f 2478//5563 2477//5562 2480//5562
f 2487//5579 2486//5587 2488//5580
f 2482//1 2480//1 2475//1
f 2488//1 2486//1 2484//1
f 2482//1 2475//1 2488//1
f 2481//16 2482//16 2484//16
f 2490//5588 2491//5589 2492//5590
f 2493//5591 2494//5592 2491//1
f 2495//3 2496//3 2497//3
f 2498//5593 2499//5594 2500//5595
f 2501//1 2502//1 2495//1
f 2503//7 2495//7 2497//7
f 2500//2 2504//2 2505//5596
f 2506//5597 2507//5598 2508//5599
f 2509//2 2510//2 2511//2
f 2512//5600 2513//5600 2490//5601
f 2507//5602 2514//5603 2508//5604
f 2513//5605 2515//5606 2509//5607
f 2516//5608 2512//5609 2517//5610
f 2518//5611 2509//5607 2494//5612
f 2490//5601 2518//5600 2493//5601
f 2519//6 2496//6 2502//6
f 2520//1 2521//1 2522//1
f 2511//2 2523//2 2496//2
f 2517//5610 2490//5588 2492//5590
f 2515//3 2524//3 2509//3
f 2494//5612 2511//5613 2519//5614
f 2516//5608 2525//5615 2506//5616
f 2515//1 2521//1 2526//1
f 2527//5617 2528//5618 2529//5619
f 2501//1 2494//5592 2519//1
f 2492//5590 2501//5620 2503//5621
f 2508//2 2530//5622 2506//5623
f 2510//5624 2526//5625 2521//5626
f 2515//5606 2505//5627 2522//5628
f 2498//5629 2529//5630 2531//5631
f 2516//5632 2530//5622 2528//2
f 2508//5633 2532//5633 2533//2
f 2505//5596 2532//5634 2514//5635
f 2522//6 2514//6 2520//6
f 2527//5636 2534//5637 2512//5600
f 2534//5638 2500//5639 2515//5606
f 2535//2 2536//2 2537//2
f 2531//5640 2537//5641 2499//5642
f 2538//5643 2531//5631 2529//5630
f 2504//5644 2539//5645 2532//5646
f 2540//2 2541//2 2539//2
f 2499//5642 2540//5647 2504//5648
f 2540//2 2536//2 2542//2
f 2536//5649 2530//5650 2542//5651
f 2536//5649 2529//5652 2528//5653
f 2533//5654 2539//5655 2541//5656
f 2542//5657 2533//5658 2541//5659
f 2490//5588 2493//5660 2491//5589
f 2493//5591 2518//5661 2494//5592
f 2495//3 2502//3 2496//3
f 2498//5593 2531//5662 2499//5594
f 2501//1 2519//1 2502//1
f 2503//7 2501//7 2495//7
f 2500//2 2499//2 2504//2
f 2506//5597 2525//7 2507//5598
f 2509//2 2524//2 2510//2
f 2512//5600 2534//5637 2513//5600
f 2507//5602 2520//3 2514//5603
f 2513//5605 2534//5638 2515//5606
f 2516//5608 2527//5663 2512//5609
f 2518//5611 2513//5605 2509//5607
f 2490//5601 2513//5600 2518//5600
f 2519//6 2511//6 2496//6
f 2520//1 2543//1 2521//1
f 2511//2 2510//2 2523//2
f 2517//5610 2512//5609 2490//5588
f 2515//3 2526//3 2524//3
f 2494//5612 2509//5607 2511//5613
f 2516//5608 2517//5610 2525//5615
f 2515//1 2522//1 2521//1
f 2527//5617 2516//5664 2528//5618
f 2501//1 2491//1 2494//5592
f 2492//5590 2491//5589 2501//5620
f 2508//2 2533//2 2530//5622
f 2543//6 2523//6 2521//6
f 2510//5624 2524//5665 2526//5625
f 2521//6 2523//6 2510//6
f 2515//5606 2500//5639 2505//5627
f 2498//10 2527//10 2529//10
f 2516//5632 2506//5623 2530//5622
f 2508//10 2514//5635 2532//5634
f 2505//5596 2504//2 2532//5634
f 2522//6 2505//6 2514//6
f 2527//5636 2498//4 2534//5637
f 2534//5638 2498//5666 2500//5639
f 2535//2 2538//2 2536//2
f 2531//5640 2535//5667 2537//5641
f 2538//5643 2535//5668 2531//5631
f 2504//5644 2540//5669 2539//5645
f 2540//2 2542//2 2541//2
f 2499//5642 2537//5641 2540//5647
f 2540//2 2537//2 2536//2
f 2536//5649 2528//5653 2530//5650
f 2536//5649 2538//5670 2529//5652
f 2533//5654 2532//5671 2539//5655
f 2542//5657 2530//5672 2533//5658
f 2544//2 2545//2 2546//2
f 2547//5673 2548//5674 2544//5675
f 2549//1 2550//1 2547//1
f 2546//7 2551//7 2549//7
f 2546//5676 2547//5677 2544//5678
f 2551//5679 2548//5680 2550//5681
f 2544//2 2548//2 2545//2
f 2547//5673 2550//5682 2548//5674
f 2549//1 2551//1 2550//1
f 2546//7 2545//7 2551//7
f 2546//5676 2549//3 2547//5677
f 2551//5679 2545//5683 2548//5680
f 2552//7 2553//7 2554//7
f 2555//1 2556//1 2557//1
f 2553//3 2558//1246 2554//3
f 2559//2 2552//2 2558//2
f 2555//1856 2552//267 2559//267
f 2559//4 2556//1727 2555//4
f 2560//6 2561//6 2562//6
f 2557//1 2563//1 2564//1
f 2558//1246 2560//1235 2562//1235
f 2561//5684 2565//2212 2558//5685
f 2561//264 2563//265 2565//266
f 2556//1727 2565//2214 2563//1243
f 2552//7 2566//7 2553//7
f 2557//5686 2553//1 2566//1276
f 2566//1276 2555//1277 2557//5686
f 2553//3 2557//1230 2558//1246
f 2554//2 2558//2 2552//2
f 2567//2 2559//2 2558//2
f 2555//1868 2566//263 2552//1869
f 2559//4 2567//2216 2556//1727
f 2560//6 2564//6 2561//6
f 2564//1 2560//1 2557//1
f 2557//1 2556//1 2563//1
f 2558//1246 2557//1230 2560//1235
f 2567//5687 2558//5687 2565//5687
f 2562//5688 2561//5684 2558//5685
f 2561//264 2564//268 2563//265
f 2556//1727 2567//2216 2565//2214
f 2568//7 2569//7 2570//7
f 2571//1 2572//1 2573//1
f 2570//3 2574//3 2568//3
f 2575//5689 2576//5690 2574//5691
f 2571//5692 2576//5693 2575//5694
f 2575//4 2572//2294 2571//4
f 2577//6 2578//6 2579//6
f 2573//1 2580//1 2581//1
f 2574//3 2577//3 2579//3
f 2578//5695 2582//5696 2574//5691
f 2578//5697 2580//2318 2582//5698
f 2572//2294 2582//2338 2580//2339
f 2568//7 2576//7 2569//7
f 2573//1 2570//1 2569//1
f 2569//1 2571//1 2573//1
f 2570//3 2573//3 2574//3
f 2568//2 2574//5691 2576//5690
f 2583//5699 2575//5689 2574//5691
f 2571//5692 2569//5700 2576//5693
f 2575//4 2583//1857 2572//2294
f 2577//6 2581//6 2578//6
f 2581//1 2577//1 2573//1
f 2573//1 2572//1 2580//1
f 2574//3 2573//3 2577//3
f 2583//5699 2574//5691 2582//5696
f 2579//2 2578//5695 2574//5691
f 2578//5697 2581//2153 2580//2318
f 2572//2294 2583//1857 2582//2338
f 2584//5701 2585//5702 2586//5703
f 2587//5704 2588//5705 2589//5706
f 2590//5707 2591//5708 2592//5709
f 2585//5710 2593//5711 2594//5712
f 2595//5713 2591//5714 2596//5715
f 2584//5701 2596//5715 2597//5716
f 2591//6 2598//5717 2596//5718
f 2599//2 2600//2 2601//2
f 2602//2 2603//2 2604//2
f 2596//5718 2587//5719 2597//5720
f 2593//2 2605//2 2594//2
f 2598//5721 2606//5722 2587//5704
f 2607//2 2600//2 2602//2
f 2608//5723 2586//5703 2609//5724
f 2610//2 2611//2 2612//2
f 2595//5725 2613//5726 2614//5727
f 2615//5728 2616//5729 2617//5730
f 2607//2 2604//2 2605//2
f 2589//5706 2618//5731 2593//5706
f 2619//5732 2604//5733 2603//5734
f 2609//5735 2605//5736 2604//5737
f 2613//5738 2616//5729 2620//1
f 2613//5739 2611//5740 2614//5741
f 2597//5720 2589//5742 2585//5710
f 2586//5743 2594//5744 2605//5745
f 2617//1 2621//1 2615//1
f 2622//5746 2623//5747 2621//5748
f 2619//5749 2624//5750 2609//5751
f 2624//7 2608//7 2609//7
f 2620//5752 2625//5753 2611//5754
f 2626//5755 2588//5756 2627//5757
f 2611//5754 2628//5758 2629//5759
f 2600//5760 2627//5757 2630//5761
f 2601//5762 2630//5761 2631//4
f 2631//4 2616//5761 2632//4
f 2630//5761 2620//5752 2616//5761
f 2627//5757 2606//5763 2620//5752
f 2598//5721 2628//5764 2625//5765
f 2593//2 2626//2 2607//2
f 2633//2 2612//2 2634//2
f 2635//5766 2629//5767 2628//5768
f 2592//7 2614//5727 2590//7
f 2636//5769 2637//5770 2638//5771
f 2639//5772 2640//5773 2641//5774
f 2642//5775 2643//5776 2644//5777
f 2636//7 2645//7 2641//5778
f 2646//5779 2642//5780 2644//5781
f 2637//5770 2647//5782 2646//5779
f 2642//5783 2648//5784 2649//5785
f 2599//2 2650//2 2651//2
f 2603//2 2651//2 2652//2
f 2647//5786 2640//5787 2648//5784
f 2653//2 2645//2 2654//2
f 2655//5788 2648//5789 2640//5773
f 2650//2 2656//2 2651//2
f 2638//5771 2657//5790 2658//5791
f 2659//5792 2660//5793 2661//5794
f 2646//5795 2662//6 2637//6
f 2663//5796 2615//5728 2664//5797
f 2652//2 2656//2 2653//2
f 2665//5798 2641//5774 2645//5799
f 2652//5800 2619//5732 2603//5734
f 2653//5801 2658//5802 2652//5803
f 2662//5804 2663//5796 2664//5797
f 2660//5805 2662//5806 2661//5805
f 2666//5807 2641//5778 2640//5787
f 2654//5808 2638//5809 2653//5810
f 2621//1 2664//1 2615//1
f 2623//5747 2667//5811 2621//5748
f 2668//5812 2619//5749 2658//5813
f 2657//5814 2668//5815 2658//5816
f 2669//5817 2670//5818 2660//5819
f 2639//5820 2671//5821 2672//5822
f 2673//5823 2660//5819 2674//5824
f 2672//5822 2650//5825 2675//5826
f 2675//5826 2601//5762 2631//4
f 2663//5826 2631//4 2632//4
f 2670//5818 2675//5826 2663//5826
f 2655//5827 2672//5822 2670//5818
f 2648//5789 2673//5828 2649//5829
f 2671//2 2645//2 2656//2
f 2633//2 2676//2 2659//5792
f 2649//5830 2674//5831 2643//1
f 2674//5832 2661//5833 2643//5834
f 2584//5701 2597//5716 2585//5702
f 2587//5704 2606//5722 2588//5705
f 2590//5707 2635//5835 2591//5708
f 2585//5710 2589//5742 2593//5711
f 2595//5713 2592//5836 2591//5714
f 2584//5701 2595//5713 2596//5715
f 2591//6 2635//6 2598//5717
f 2599//2 2602//2 2600//2
f 2602//2 2599//2 2603//2
f 2596//5718 2598//5717 2587//5719
f 2593//2 2607//2 2605//2
f 2598//5721 2625//5765 2606//5722
f 2607//2 2626//2 2600//2
f 2608//5723 2584//5701 2586//5703
f 2610//2 2614//2 2611//2
f 2595//5725 2584//5837 2613//5726
f 2615//5728 2632//1 2616//5729
f 2607//2 2602//2 2604//2
f 2589//5706 2588//5705 2618//5731
f 2619//5732 2609//5838 2604//5733
f 2609//5839 2586//5743 2605//5745
f 2613//5738 2617//5730 2616//5729
f 2613//5840 2620//5841 2611//5842
f 2597//5720 2587//5719 2589//5742
f 2586//5743 2585//5843 2594//5744
f 2617//1 2622//1 2621//1
f 2622//5746 2624//5746 2623//5747
f 2619//5749 2623//5844 2624//5750
f 2624//7 2622//7 2608//7
f 2620//5752 2606//5763 2625//5753
f 2626//5755 2618//5845 2588//5756
f 2611//5754 2625//5753 2628//5758
f 2600//5760 2626//5755 2627//5757
f 2601//5762 2600//5760 2630//5761
f 2631//4 2630//5761 2616//5761
f 2630//5761 2627//5757 2620//5752
f 2627//5757 2588//5756 2606//5763
f 2598//5721 2635//5846 2628//5764
f 2593//2 2618//2 2626//2
f 2633//2 2610//2 2612//2
f 2635//5766 2590//1 2629//5767
f 2629//5847 2590//5848 2614//5849
f 2592//7 2595//5725 2614//5727
f 2614//5849 2611//5850 2629//5847
f 2636//5769 2666//5851 2637//5770
f 2639//5772 2655//5788 2640//5773
f 2642//5775 2649//5852 2643//5776
f 2636//7 2654//7 2645//7
f 2646//5779 2647//5782 2642//5780
f 2637//5770 2666//5851 2647//5782
f 2642//5783 2647//5786 2648//5784
f 2599//2 2601//2 2650//2
f 2603//2 2599//2 2651//2
f 2647//5786 2666//5807 2640//5787
f 2653//2 2656//2 2645//2
f 2655//5788 2669//5853 2648//5789
f 2650//2 2671//2 2656//2
f 2638//5771 2637//5770 2657//5790
f 2659//5792 2676//2 2660//5793
f 2646//5795 2661//5854 2662//6
f 2663//5796 2632//1 2615//5728
f 2652//2 2651//2 2656//2
f 2665//5798 2639//5772 2641//5774
f 2652//5800 2658//5855 2619//5732
f 2653//5810 2638//5809 2658//5856
f 2662//5804 2670//1 2663//5796
f 2660//5857 2670//5858 2662//5857
f 2666//5807 2636//7 2641//5778
f 2654//5808 2636//5859 2638//5808
f 2621//1 2667//1 2664//1
f 2623//5747 2668//5860 2667//5811
f 2668//5812 2623//5844 2619//5749
f 2657//5814 2667//5861 2668//5815
f 2669//5817 2655//5827 2670//5818
f 2639//5820 2665//5827 2671//5821
f 2673//5823 2669//5817 2660//5819
f 2672//5822 2671//5821 2650//5825
f 2675//5826 2650//5825 2601//5762
f 2663//5826 2675//5826 2631//4
f 2670//5818 2672//5822 2675//5826
f 2655//5827 2639//5820 2672//5822
f 2648//5789 2669//5853 2673//5828
f 2671//2 2665//2 2645//2
f 2633//2 2634//2 2676//2
f 2649//5830 2673//5862 2674//5831
f 2644//5863 2643//5864 2661//5854
f 2674//5832 2660//5865 2661//5833
f 2661//5854 2646//5795 2644//5863
f 2677//5866 2678//5867 2679//5868
f 2679//5869 2680//5870 2681//5871
f 2681//5872 2682//5873 2683//5874
f 2683//5875 2684//5876 2685//5877
f 2678//5878 2686//5879 2687//5880
f 2682//5881 2688//5882 2684//5883
f 2680//5884 2687//5880 2689//5885
f 2680//5886 2690//5887 2682//5881
f 2689//5888 2691//5889 2690//5890
f 2686//5891 2692//5892 2687//5893
f 2688//5894 2691//5895 2693//5896
f 2687//5897 2694//5898 2689//5899
f 2679//5900 2695//5901 2677//5902
f 2681//5903 2692//5904 2679//5905
f 2681//5906 2691//5907 2694//5908
f 2683//5909 2693//5910 2691//5911
f 2677//5866 2696//5912 2678//5867
f 2679//5869 2678//5913 2680//5870
f 2681//5872 2680//5914 2682//5873
f 2683//5875 2682//5915 2684//5876
f 2678//5878 2696//5916 2686//5879
f 2682//5881 2690//5887 2688//5882
f 2680//5884 2678//5878 2687//5880
f 2680//5884 2689//5885 2690//5917
f 2689//5888 2694//5918 2691//5889
f 2686//5891 2695//5919 2692//5892
f 2688//5920 2690//5921 2691//5922
f 2687//5897 2692//5923 2694//5898
f 2679//5924 2692//5925 2695//5926
f 2681//5903 2694//5927 2692//5904
f 2681//5928 2683//5929 2691//5930
f 2683//5931 2685//5932 2693//5933
f 2697//5934 2698//5935 2699//5936
f 2700//6 2701//6 2702//6
f 2703//4 2704//4 2705//4
f 2703//5937 2701//5938 2706//5939
f 2707//3 2708//3 2698//3
f 2707//3 2702//3 2709//3
f 2700//5940 2710//5941 2706//5942
f 2698//7 2704//7 2699//7
f 2711//5943 2712//5944 2710//5945
f 2709//5946 2701//5947 2705//5948
f 2712//5949 2713//5950 2714//5951
f 2715//5952 2716//5953 2717//5954
f 2708//5955 2705//5956 2704//5957
f 2713//5958 2718//5959 2714//5960
f 2718//5961 2719//5962 2697//5963
f 2697//5964 2720//5965 2721//5966
f 2722//5967 2716//5968 2723//5969
f 2710//5970 2724//5971 2725//4
f 2712//5972 2723//5973 2724//5974
f 2697//5975 2722//5976 2718//5977
f 2706//5939 2726//5978 2703//5937
f 2718//5977 2723//5979 2714//5980
f 2699//5981 2726//5978 2720//5982
f 2710//5983 2727//5984 2706//5939
f 2728//5985 2716//5986 2713//5987
f 2724//5988 2729//5989 2725//5990
f 2727//5991 2730//5992 2726//5993
f 2720//5994 2731//5995 2721//5996
f 2721//5997 2717//5998 2722//5999
f 2723//6000 2732//6001 2724//6002
f 2725//6003 2733//6004 2727//6005
f 2726//6006 2734//6007 2720//6008
f 2711//6009 2732//6010 2728//6011
f 2711//6012 2733//6013 2729//6013
f 2700//6014 2730//6015 2733//6016
f 2698//6017 2730//6018 2707//6019
f 2719//6020 2734//6021 2698//6022
f 2719//6023 2717//6024 2731//6025
f 2697//5934 2719//6026 2698//5935
f 2700//6 2706//6 2701//6
f 2703//5937 2699//5981 2704//4
f 2703//5938 2705//5938 2701//5938
f 2707//3 2709//3 2708//3
f 2707//6027 2700//6027 2702//6027
f 2700//5940 2711//6028 2710//5941
f 2698//7 2708//7 2704//7
f 2711//5943 2728//6029 2712//5944
f 2709//5946 2702//6030 2701//5947
f 2712//5949 2728//6031 2713//5950
f 2715//5952 2713//6032 2716//5953
f 2708//5955 2709//6033 2705//5956
f 2713//5958 2715//6034 2718//5959
f 2718//5961 2715//6035 2719//5962
f 2697//6036 2699//5981 2720//5982
f 2722//5967 2717//6037 2716//5968
f 2710//5970 2712//6038 2724//5971
f 2712//5938 2714//5980 2723//5979
f 2697//6039 2721//6040 2722//6041
f 2706//5939 2727//5984 2726//5978
f 2718//5977 2722//5976 2723//5979
f 2699//5981 2703//5937 2726//5978
f 2710//5983 2725//4 2727//5984
f 2728//5985 2732//6042 2716//5986
f 2724//5988 2732//6043 2729//5989
f 2727//5991 2733//6044 2730//5992
f 2720//5994 2734//6045 2731//5995
f 2721//5997 2731//6046 2717//5998
f 2723//6000 2716//6047 2732//6001
f 2725//6003 2729//6048 2733//6004
f 2726//6006 2730//6049 2734//6007
f 2711//6009 2729//6050 2732//6010
f 2711//6051 2700//6052 2733//6053
f 2700//6054 2707//6055 2730//6056
f 2698//6057 2734//6058 2730//6059
f 2719//6025 2731//6025 2734//6060
f 2719//6023 2715//6061 2717//6024
f 2735//7 2736//7 2737//7
f 2738//6062 2739//1 2740//6063
f 2736//1580 2741//1581 2737//1580
f 2742//2 2735//2 2741//6064
f 2738//6065 2735//6066 2742//6067
f 2742//1584 2739//1585 2738//1584
f 2743//6 2744//6 2745//6
f 2740//1 2746//1 2744//1
f 2741//1581 2747//31 2743//31
f 2745//6068 2748//6069 2741//6064
f 2745//6070 2746//2337 2748//6071
f 2739//1585 2748//1302 2746//1302
f 2735//7 2749//7 2736//7
f 2740//6063 2736//1 2749//6072
f 2749//6072 2738//6062 2740//6063
f 2736//1580 2740//3 2741//1581
f 2737//2 2741//6064 2735//2
f 2750//6073 2742//2 2741//6064
f 2738//6065 2749//6074 2735//6066
f 2742//1584 2750//1593 2739//1585
f 2743//6 2747//6 2744//6
f 2744//1 2747//1 2740//1
f 2740//6063 2739//1 2746//6075
f 2741//1581 2740//3 2747//31
f 2750//6073 2741//6064 2748//6069
f 2743//6076 2745//6068 2741//6064
f 2745//6070 2744//2894 2746//2337
f 2739//1585 2750//1593 2748//1302
f 2751//7 2752//7 2753//7
f 2754//6077 2755//1 2756//6078
f 2753//3 2757//3 2751//3
f 2758//2 2759//2 2757//2
f 2754//6079 2759//6080 2758//6081
f 2758//6082 2755//6083 2754//6084
f 2760//6 2761//6 2762//6
f 2756//1986 2763//1987 2761//1987
f 2757//3 2764//3 2760//3
f 2762//2 2765//2 2757//2
f 2762//1988 2763//1988 2765//1988
f 2755//6083 2765//4 2763//4
f 2751//7 2759//7 2752//7
f 2756//6078 2753//1 2752//6085
f 2752//6085 2754//6077 2756//6078
f 2753//3 2756//3 2757//3
f 2751//2 2757//2 2759//2
f 2766//2 2758//2 2757//2
f 2754//6079 2752//6086 2759//6080
f 2758//6082 2766//4 2755//6083
f 2760//6 2764//6 2761//6
f 2761//1 2764//1 2756//1
f 2756//6078 2755//1 2763//1
f 2757//3 2756//3 2764//3
f 2766//2 2757//2 2765//2
f 2760//2 2762//2 2757//2
f 2762//1990 2761//1252 2763//1991
f 2755//6083 2766//4 2765//4
f 2767//7 2768//7 2769//7
f 2770//6087 2771//1 2772//6088
f 2769//2141 2773//6089 2767//1254
f 2774//6090 2775//6090 2773//6090
f 2770//6091 2775//6092 2774//6093
f 2774//6094 2771//6095 2770//4
f 2776//6 2777//6 2778//6
f 2772//6096 2779//1277 2777//6097
f 2773//6089 2780//2124 2776//1580
f 2778//6098 2781//6099 2773//6100
f 2778//2127 2779//2127 2781//2128
f 2771//6095 2781//4 2779//4
f 2767//7 2775//7 2768//7
f 2772//6088 2769//1 2768//6101
f 2768//6101 2770//6087 2772//6088
f 2769//2141 2772//3 2773//6089
f 2767//6102 2773//6103 2775//6102
f 2782//6104 2774//6105 2773//6100
f 2770//6106 2768//6107 2775//6108
f 2774//6094 2782//6109 2771//6095
f 2776//6 2780//6 2777//6
f 2777//6097 2780//1 2772//6096
f 2772//1 2771//1 2779//1
f 2773//6089 2772//3 2780//2124
f 2782//6104 2773//6100 2781//6099
f 2776//6110 2778//6098 2773//6100
f 2778//2127 2777//1282 2779//2127
f 2771//6095 2782//6109 2781//4
f 2783//6111 2784//6112 2785//6113
f 2786//6114 2787//6115 2788//6116
f 2789//6117 2790//6118 2791//6119
f 2787//6120 2792//6121 2788//6122
f 2793//6123 2794//6124 2795//6124
f 2796//6125 2797//6126 2798//6127
f 2799//6128 2800//6129 2784//6112
f 2801//6130 2802//6131 2803//6132
f 2804//6133 2805//6134 2806//6135
f 2807//6136 2802//6137 2794//6138
f 2808//6139 2801//6140 2797//6141
f 2798//6142 2809//6143 2796//6144
f 2785//6145 2804//6146 2810//6147
f 2811//6148 2783//6111 2785//6113
f 2812//6149 2795//6150 2813//6151
f 2787//6152 2814//6153 2810//6154
f 2804//6155 2787//6156 2810//6157
f 2812//6158 2815//6159 2816//6160
f 2813//6161 2817//6162 2815//6163
f 2795//6164 2818//6165 2813//6166
f 2796//6167 2805//6168 2785//6169
f 2794//6170 2783//6171 2795//6172
f 2808//6173 2785//6174 2784//6175
f 2819//6176 2820//6177 2800//6177
f 2784//6178 2820//6179 2808//6180
f 2802//6181 2799//6181 2794//6182
f 2814//6183 2786//6184 2816//6185
f 2821//6186 2822//6187 2823//6188
f 2824//6189 2825//6190 2826//6191
f 2823//6192 2827//6193 2824//6194
f 2828//6195 2829//6196 2830//6197
f 2824//6198 2831//6199 2832//6200
f 2833//6201 2834//6202 2835//6203
f 2789//6204 2836//6205 2837//6206
f 2838//6207 2839//6208 2822//6209
f 2840//6210 2841//6211 2828//6212
f 2830//6213 2842//6214 2823//6215
f 2837//6216 2843//6217 2838//6218
f 2835//6219 2844//6220 2789//6221
f 2832//6222 2845//6223 2840//6224
f 2822//6225 2846//6226 2833//6227
f 2847//6228 2848//6229 2821//6230
f 2826//6231 2849//6232 2850//6233
f 2851//6234 2852//6235 2853//6236
f 2854//6237 2855//6238 2847//6239
f 2825//6240 2856//6241 2826//6242
f 2857//6243 2858//6244 2851//6245
f 2790//6246 2859//6247 2791//6247
f 2811//2 2860//2 2861//2
f 2821//6248 2862//6249 2863//6250
f 2850//2 2860//2 2864//2
f 2863//6251 2865//6252 2866//6253
f 2811//6254 2867//6254 2868//6255
f 2791//6256 2869//6257 2854//6258
f 2853//1 2870//1 2825//1
f 2866//6259 2871//6260 2790//6261
f 2857//6262 2867//6263 2872//6264
f 2849//6265 2856//6266 2858//6267
f 2862//6268 2869//6269 2859//6270
f 2873//6271 2874//6272 2875//6273
f 2876//6274 2786//6114 2788//6116
f 2877//6275 2878//6276 2879//6277
f 2792//6121 2876//6122 2788//6122
f 2880//6278 2793//6279 2881//6280
f 2797//6126 2882//6281 2798//6127
f 2883//6282 2884//6283 2873//6271
f 2885//6284 2801//6130 2803//6132
f 2806//6285 2886//6286 2792//6287
f 2885//6288 2807//6136 2880//6289
f 2801//6140 2887//6290 2797//6141
f 2888//6291 2798//6142 2882//6292
f 2886//7 2875//7 2889//6293
f 2874//7 2890//7 2891//7
f 2881//6294 2812//6149 2892//6295
f 2876//6296 2893//6297 2894//6298
f 2876//6299 2886//6300 2889//6301
f 2895//6302 2812//6158 2816//6160
f 2896//6303 2892//6304 2895//6305
f 2897//6306 2881//6306 2892//6307
f 2882//6308 2898//6309 2888//6309
f 2874//6310 2880//6311 2881//6312
f 2887//6313 2875//6314 2882//6313
f 2899//6315 2900//6316 2883//6317
f 2873//6318 2899//6319 2883//6320
f 2884//6321 2885//6322 2880//6323
f 2816//6324 2893//6325 2896//6326
f 2901//6327 2902//7 2903//7
f 2904//6328 2905//7 2906//6329
f 2827//6193 2901//6330 2906//6331
f 2829//6332 2907//6333 2908//6334
f 2831//6335 2906//6336 2909//6337
f 2834//6202 2910//6338 2911//6339
f 2836//6340 2879//6340 2878//6340
f 2839//6208 2912//6341 2902//6342
f 2841//6343 2913//6344 2907//6345
f 2842//6214 2908//6346 2901//6347
f 2843//6217 2878//6348 2912//6349
f 2844//6350 2911//6350 2879//6351
f 2845//6223 2909//6352 2913//6353
f 2846//6226 2902//6354 2910//6355
f 2914//6356 2915//6357 2903//6358
f 2916//6359 2904//6360 2917//6361
f 2918//6362 2919//6363 2920//6364
f 2921//1 2922//1 2915//1
f 2923//6365 2905//6366 2904//6367
f 2924//6368 2925//6369 2919//6370
f 2926//6371 2877//6372 2927//6373
f 2891//2 2928//6374 2929//6375
f 2930//6376 2903//6377 2931//6378
f 2928//6374 2917//6379 2929//6375
f 2932//6380 2931//6381 2933//6382
f 2934//6383 2891//6384 2890//6385
f 2935//6386 2927//6387 2922//6388
f 2936//6389 2920//6390 2905//6391
f 2937//6392 2933//6393 2877//6394
f 2925//6395 2934//6396 2890//6397
f 2916//6398 2934//7 2924//6399
f 2935//6400 2921//6401 2930//6402
f 2783//6111 2799//6128 2784//6112
f 2786//6114 2938//6403 2787//6115
f 2818//6404 2835//6405 2789//6117
f 2837//6406 2838//6407 2866//6408
f 2817//6409 2818//6404 2791//6119
f 2789//6117 2837//6406 2790//6118
f 2838//6407 2863//6410 2866//6408
f 2791//6119 2854//6411 2817//6409
f 2837//6406 2866//6408 2790//6118
f 2791//6119 2818//6404 2789//6117
f 2787//6120 2939//6412 2792//6121
f 2793//6413 2807//6414 2794//6415
f 2796//6125 2808//6416 2797//6126
f 2799//6128 2819//6 2800//6129
f 2801//6130 2820//6417 2802//6131
f 2806//6418 2792//6419 2804//6420
f 2939//6421 2804//6422 2792//6423
f 2805//6424 2809//6424 2806//6425
f 2807//6136 2803//6426 2802//6137
f 2808//6139 2820//6427 2801//6140
f 2798//6142 2806//6428 2809//6143
f 2785//6145 2805//6429 2804//6146
f 2785//6145 2810//6147 2864//6430
f 2811//6 2868//6 2783//6
f 2785//6431 2864//6432 2811//6431
f 2818//6404 2783//6433 2868//6434
f 2812//6149 2793//6435 2795//6150
f 2787//6152 2938//6436 2814//6153
f 2804//6155 2939//6437 2787//6156
f 2812//6158 2813//6438 2815//6159
f 2813//6161 2818//6439 2817//6162
f 2795//6440 2783//6440 2818//6440
f 2796//6167 2809//6441 2805//6168
f 2794//6170 2799//6442 2783//6171
f 2808//6443 2796//6444 2785//6444
f 2819//6445 2802//6446 2820//6447
f 2784//6448 2800//6449 2820//6450
f 2802//6451 2819//6452 2799//6453
f 2816//6454 2815//6455 2817//6456
f 2817//6457 2814//6458 2816//6459
f 2938//6460 2786//6184 2814//6183
f 2814//6461 2817//6409 2854//6411
f 2814//6461 2854//6411 2847//6462
f 2851//6463 2840//6464 2818//6404
f 2818//6404 2868//6434 2857//6465
f 2857//6465 2851//6463 2818//6404
f 2818//6404 2840//6464 2828//6
f 2833//6466 2835//6405 2830//6467
f 2863//6410 2838//6407 2822//6187
f 2822//6187 2833//6466 2823//6188
f 2835//6405 2818//6404 2828//6
f 2821//6186 2863//6410 2822//6187
f 2814//6461 2847//6462 2821//6186
f 2835//6405 2828//6 2830//6467
f 2823//6188 2814//6461 2821//6186
f 2833//6466 2830//6467 2823//6188
f 2814//6461 2823//6188 2824//6189
f 2832//6468 2840//6464 2853//6469
f 2810//6147 2814//6461 2826//6191
f 2824//6189 2832//6468 2825//6190
f 2840//6464 2851//6463 2853//6469
f 2850//6470 2864//6430 2810//6147
f 2826//6191 2850//6470 2810//6147
f 2832//6468 2853//6469 2825//6190
f 2826//6191 2814//6461 2824//6189
f 2823//6192 2842//6471 2827//6193
f 2828//6196 2841//6472 2829//6473
f 2824//6199 2827//6474 2831//6475
f 2833//6201 2846//6476 2834//6202
f 2789//6477 2844//6478 2836//6479
f 2838//6207 2843//6480 2839//6208
f 2840//6481 2845//6482 2841//6483
f 2830//6213 2829//6484 2842//6214
f 2837//6216 2836//6485 2843//6217
f 2835//6486 2834//6487 2844//6488
f 2832//6222 2831//6489 2845//6223
f 2822//6225 2839//6490 2846//6226
f 2847//6491 2855//6492 2848//6493
f 2826//6231 2856//6494 2849//6232
f 2851//6234 2858//6495 2852//6235
f 2854//6237 2869//6496 2855//6238
f 2825//6240 2870//6497 2856//6241
f 2857//6243 2872//6498 2858//6244
f 2790//6499 2871//6500 2859//6501
f 2811//2 2864//2 2860//2
f 2821//6248 2848//6502 2862//6249
f 2850//2 2849//2 2860//2
f 2863//6503 2862//6504 2865//6504
f 2811//6505 2861//6506 2867//6505
f 2791//6507 2859//6508 2869//6509
f 2853//1 2852//1 2870//1
f 2866//6259 2865//6510 2871//6260
f 2857//6262 2868//6511 2867//6263
f 2858//6267 2872//6 2867//6
f 2867//6 2861//6 2860//6
f 2860//6 2849//6265 2867//6
f 2856//6266 2870//6512 2858//6267
f 2852//6 2858//6267 2870//6512
f 2867//6 2849//6265 2858//6267
f 2859//6270 2871//6513 2862//6268
f 2862//6268 2848//6514 2855//6515
f 2871//6513 2865//6 2862//6268
f 2855//6515 2869//6269 2862//6268
f 2873//6271 2884//6283 2874//6272
f 2876//6274 2894//6516 2786//6114
f 2896//6517 2922//6518 2927//6519
f 2897//6520 2896//6517 2927//6519
f 2879//6277 2911//7 2897//6520
f 2931//6521 2912//6522 2933//6523
f 2879//6277 2897//6520 2927//6519
f 2912//6522 2878//6276 2933//6523
f 2933//6523 2878//6276 2877//6275
f 2879//6277 2927//6519 2877//6275
f 2792//6121 2940//6524 2876//6122
f 2880//6525 2807//6414 2793//6413
f 2797//6126 2887//6526 2882//6281
f 2883//6282 2900//7 2884//6283
f 2885//6284 2899//6527 2801//6130
f 2940//6528 2792//6529 2886//6530
f 2806//6531 2888//6532 2898//6533
f 2898//6533 2886//6534 2806//6531
f 2885//6288 2803//6426 2807//6136
f 2801//6140 2899//6427 2887//6290
f 2888//6291 2806//6428 2798//6142
f 2886//7 2898//7 2875//7
f 2929//7 2889//6293 2875//7
f 2875//6273 2874//6272 2891//7
f 2897//6520 2890//6535 2874//7
f 2891//7 2929//7 2875//7
f 2881//6294 2793//6435 2812//6149
f 2876//6296 2889//6536 2893//6297
f 2876//6299 2940//6537 2886//6300
f 2895//6302 2892//6538 2812//6158
f 2896//6303 2897//6539 2892//6304
f 2897//6540 2874//6541 2881//6542
f 2882//6543 2875//6544 2898//6543
f 2874//6310 2884//6545 2880//6311
f 2887//6546 2873//6547 2875//6548
f 2899//6549 2885//6550 2900//6551
f 2873//6318 2887//6552 2899//6319
f 2884//6553 2900//6554 2885//6555
f 2896//6556 2895//6556 2816//6557
f 2816//6558 2786//6558 2893//6558
f 2894//6559 2893//6560 2786//6560
f 2922//6518 2896//6517 2893//6561
f 2907//6562 2913//6563 2897//6520
f 2925//6564 2890//6535 2897//6520
f 2913//6563 2919//6565 2897//6520
f 2919//6565 2925//6564 2897//6520
f 2897//6520 2911//7 2907//6562
f 2902//7 2912//6522 2931//6521
f 2911//7 2908//6566 2907//6562
f 2911//7 2910//6567 2908//6566
f 2902//7 2931//6521 2903//7
f 2915//6568 2922//6518 2893//6561
f 2903//6569 2915//6568 2893//6561
f 2908//6566 2910//6567 2901//6327
f 2903//6569 2893//6561 2901//6570
f 2901//6327 2910//6567 2902//7
f 2889//6293 2929//7 2917//7
f 2889//6293 2917//7 2904//6328
f 2906//6329 2901//6570 2893//6561
f 2919//6565 2913//6563 2920//6571
f 2906//6329 2893//6561 2904//6328
f 2913//6563 2909//7 2920//6571
f 2920//6571 2909//7 2905//7
f 2893//6561 2889//6293 2904//6328
f 2905//7 2909//7 2906//6329
f 2827//6193 2842//6471 2901//6330
f 2829//6473 2841//6472 2907//6572
f 2831//6475 2827//6474 2906//6573
f 2834//6202 2846//6476 2910//6338
f 2836//6479 2844//6478 2879//6574
f 2839//6208 2843//6480 2912//6341
f 2841//6483 2845//6482 2913//6575
f 2842//6214 2829//6484 2908//6346
f 2843//6217 2836//6485 2878//6348
f 2844//6488 2834//6487 2911//6576
f 2845//6223 2831//6489 2909//6352
f 2846//6226 2839//6490 2902//6354
f 2914//6577 2921//6578 2915//6579
f 2916//6359 2923//6580 2904//6360
f 2918//6362 2924//6581 2919//6363
f 2921//1 2935//1 2922//1
f 2923//6365 2936//6582 2905//6366
f 2924//6368 2941//6583 2925//6369
f 2926//6584 2937//6585 2877//6586
f 2891//2 2942//2 2928//6374
f 2930//6376 2914//6587 2903//6377
f 2928//6374 2916//2 2917//6379
f 2932//6588 2930//6589 2931//6590
f 2934//6383 2942//6591 2891//6384
f 2935//6592 2926//6593 2927//6594
f 2936//6389 2918//6595 2920//6390
f 2937//6392 2932//2 2933//6393
f 2925//6395 2941//6596 2934//6396
f 2924//6399 2918//7 2936//6597
f 2936//6597 2923//6598 2924//6399
f 2928//7 2942//7 2934//7
f 2923//6598 2916//6398 2924//6399
f 2941//7 2924//6399 2934//7
f 2928//7 2934//7 2916//6398
f 2932//6599 2937//6600 2930//6402
f 2926//6601 2935//6400 2930//6402
f 2921//6401 2914//7 2930//6402
f 2930//6402 2937//6600 2926//6601
f 2943//7 2944//7 2945//7
f 2946//1871 2947//1 2948//6602
f 2944//3 2949//3 2945//3
f 2950//2 2943//2 2949//2
f 2946//2136 2943//2137 2950//2138
f 2950//4 2947//4 2946//4
f 2951//6 2952//6 2953//6
f 2948//6602 2954//6603 2955//6604
f 2949//3 2951//3 2953//3
f 2952//2 2956//2 2949//2
f 2952//2311 2954//1877 2956//266
f 2947//4 2956//4 2954//4
f 2943//7 2957//7 2944//7
f 2948//6602 2944//1 2957//1878
f 2957//1878 2946//1871 2948//6602
f 2944//3 2948//3 2949//3
f 2945//2 2949//2 2943//2
f 2958//2 2950//2 2949//2
f 2946//2136 2957//267 2943//2137
f 2950//4 2958//4 2947//4
f 2951//6 2955//6 2952//6
f 2955//6604 2951//1 2948//6602
f 2948//6602 2947//1 2954//6603
f 2949//3 2948//3 2951//3
f 2958//2 2949//2 2956//2
f 2953//2 2952//2 2949//2
f 2952//6605 2955//6605 2954//6606
f 2947//4 2958//4 2956//4
f 2959//7 2960//7 2961//7
f 2962//1 2963//1 2964//6607
f 2961//31 2965//1581 2959//31
f 2966//2 2967//2 2965//2
f 2962//6608 2967//6609 2966//38
f 2966//4 2963//1232 2962//4
f 2968//6 2969//6 2970//6
f 2964//6610 2971//4764 2969//1277
f 2965//1581 2972//1580 2968//1580
f 2970//6611 2973//6611 2965//6612
f 2970//1988 2971//1988 2973//1988
f 2963//1232 2973//1584 2971//1584
f 2959//7 2967//7 2960//7
f 2964//6607 2961//4767 2960//6613
f 2960//6613 2962//1 2964//6607
f 2961//31 2964//3 2965//1581
f 2959//2 2965//2 2967//2
f 2974//2 2966//2 2965//2
f 2962//49 2960//49 2967//1231
f 2966//4 2974//1232 2963//1232
f 2968//6 2972//6 2969//6
f 2969//1367 2972//1368 2964//1368
f 2964//6610 2963//1 2971//4764
f 2965//1581 2964//3 2972//1580
f 2974//6614 2965//6615 2973//6616
f 2968//6617 2970//6617 2965//6617
f 2970//6618 2969//6619 2971//6620
f 2963//1232 2974//1232 2973//1584
f 2975//2777 2976//2777 2977//2778
f 2978//28 2979//1 2980//6621
f 2976//3 2981//2781 2977//3
f 2982//6622 2975//6623 2981//6624
f 2978//6625 2975//1559 2982//1356
f 2982//4 2979//39 2978//4
f 2983//6 2984//6 2985//6
f 2980//6621 2986//6626 2987//6627
f 2981//2781 2983//1253 2985//1254
f 2984//6628 2988//6629 2981//6624
f 2984//6630 2986//6631 2988//1282
f 2979//39 2988//2282 2986//2283
f 2975//2777 2989//2778 2976//2777
f 2980//6621 2976//1 2989//6632
f 2989//6632 2978//28 2980//6621
f 2976//3 2980//2792 2981//2781
f 2977//2 2981//6624 2975//6623
f 2990//6633 2982//6622 2981//6624
f 2978//6625 2989//2793 2975//1559
f 2982//4 2990//2294 2979//39
f 2983//6 2987//6 2984//6
f 2987//6627 2983//1 2980//6621
f 2980//6621 2979//1 2986//6626
f 2981//2781 2980//2792 2983//1253
f 2990//6633 2981//6624 2988//6629
f 2985//6634 2984//6628 2981//6624
f 2984//2797 2987//2798 2986//2798
f 2979//39 2990//2294 2988//2282
f 2991//7 2992//7 2993//7
f 2994//1 2995//1 2996//6635
f 2993//3 2997//3 2991//3
f 2998//6636 2999//2 2997//6637
f 2994//2136 2999//2137 2998//2138
f 2998//6638 2995//6639 2994//4
f 3000//6640 3001//6640 3002//6641
f 2996//6635 3003//6642 3001//6643
f 2997//3 3004//3 3000//3
f 3002//6644 3005//6645 2997//6637
f 3002//6646 3003//6647 3005//6648
f 2995//6639 3005//6649 3003//4
f 2991//7 2999//7 2992//7
f 2996//6635 2993//1 2992//1
f 2992//1 2994//1 2996//6635
f 2993//3 2996//3 2997//3
f 2991//2 2997//6637 2999//2
f 3006//6650 2998//6636 2997//6637
f 2994//2136 2992//267 2999//2137
f 2998//6638 3006//6651 2995//6639
f 3000//6640 3004//6641 3001//6640
f 3001//6643 3004//1 2996//6635
f 2996//6635 2995//1 3003//6642
f 2997//3 2996//3 3004//3
f 3006//6650 2997//6637 3005//6645
f 3000//2 3002//6644 2997//6637
f 3002//6652 3001//6653 3003//6654
f 2995//6639 3006//6651 3005//6649
f 3007//7 3008//7 3009//7
f 3010//28 3011//29 3012//6655
f 3008//3 3013//3 3009//3
f 3014//2854 3007//6656 3013//6657
f 3010//4762 3007//4763 3014//267
f 3014//4 3011//1857 3010//4
f 3015//6 3016//6 3017//6
f 3012//6655 3018//6658 3016//1859
f 3013//3 3019//3 3015//3
f 3017//2 3020//6659 3013//6660
f 3017//1862 3018//1863 3020//1864
f 3011//1857 3020//1865 3018//1865
f 3007//7 3021//7 3008//7
f 3012//6655 3008//1 3021//6661
f 3021//6661 3010//28 3012//6655
f 3008//3 3012//3 3013//3
f 3009//2 3013//6657 3007//6656
f 3022//6662 3014//2 3013//6660
f 3010//4762 3021//2881 3007//4763
f 3014//4 3022//1857 3011//1857
f 3015//6 3019//6 3016//6
f 3016//1859 3019//1 3012//6655
f 3012//6655 3011//29 3018//6658
f 3013//3 3012//3 3019//3
f 3022//6662 3013//6660 3020//6659
f 3015//2 3017//2 3013//2
f 3017//1862 3016//1870 3018//1863
f 3011//1857 3022//1857 3020//1865
f 3023//7 3024//7 3025//7
f 3026//6663 3027//1 3028//6664
f 3025//3 3029//3 3023//3
f 3030//2 3031//2 3029//6665
f 3026//6666 3031//6667 3030//6666
f 3030//4 3027//39 3026//4
f 3032//6 3033//6 3034//6
f 3028//1 3035//1 3033//1
f 3029//3 3036//3 3032//3
f 3034//2 3037//2 3029//2
f 3034//2240 3035//6668 3037//6669
f 3027//39 3037//1302 3035//1302
f 3023//7 3031//7 3024//7
f 3028//6664 3025//1 3024//6670
f 3024//6670 3026//6663 3028//6664
f 3025//3 3028//3 3029//3
f 3023//2 3029//6665 3031//2
f 3038//6671 3030//2 3029//6665
f 3026//6672 3024//6673 3031//6673
f 3030//4 3038//39 3027//39
f 3032//6 3036//6 3033//6
f 3033//1 3036//1 3028//1
f 3028//6674 3027//6674 3035//6674
f 3029//3 3028//3 3036//3
f 3038//6671 3029//6665 3037//6675
f 3032//2 3034//2 3029//2
f 3034//6668 3033//6669 3035//2240
f 3027//39 3038//39 3037//1302
f 3039//6676 3040//6677 3041//1315
f 3042//1 3043//1 3040//1
f 3044//1311 3045//1310 3043//1312
f 3046//6678 3047//6679 3045//6680
f 3039//4 3046//4 3044//4
f 3048//2 3049//2 3047//2
f 3050//6681 3041//6682 3049//6683
f 3040//6684 3045//6685 3041//6686
f 3039//6687 3042//1327 3040//6687
f 3042//1 3044//1 3043//1
f 3044//1311 3046//1326 3045//1310
f 3046//6678 3048//6688 3047//6679
f 3044//4 3042//4 3039//4
f 3039//4 3050//4 3048//4
f 3048//4 3046//4 3039//4
f 3048//2 3050//2 3049//2
f 3050//6681 3039//6689 3041//6682
f 3049//6690 3041//6691 3045//6691
f 3040//6684 3043//1338 3045//6685
f 3045//1337 3047//1336 3049//1335
f 3051//6692 3052//6693 3053//6694
f 3052//1 3054//1 3055//1
f 3054//6695 3056//6696 3055//6697
f 3057//6698 3058//6699 3056//6700
f 3059//6 3060//6 3054//6
f 3060//2 3061//2 3058//2
f 3059//6701 3053//6702 3061//6703
f 3052//7 3058//7 3061//7
f 3051//6692 3062//6704 3052//6693
f 3052//1 3062//1 3054//1
f 3054//6695 3057//6705 3056//6696
f 3057//2009 3060//2008 3058//2009
f 3054//6 3062//6 3051//6
f 3051//6 3059//6 3054//6
f 3060//6 3057//6 3054//6
f 3060//2 3059//2 3061//2
f 3059//6702 3051//6703 3053//6701
f 3061//7 3053//7 3052//7
f 3052//7 3055//7 3056//7
f 3056//7 3058//7 3052//7
f 3063//6706 3064//6707 3065//6708
f 3066//6709 3067//6710 3064//6711
f 3068//6712 3069//6712 3067//6713
f 3070//6714 3071//6715 3069//6716
f 3063//6 3070//6 3068//6
f 3072//2 3073//2 3071//2
f 3074//6717 3065//6718 3073//6719
f 3064//6720 3069//6721 3073//6722
f 3063//6706 3066//6723 3064//6707
f 3066//6709 3068//1 3067//6710
f 3068//6712 3070//6713 3069//6712
f 3070//6714 3072//6724 3071//6715
f 3068//6 3066//6 3063//6
f 3063//6 3074//6 3072//6
f 3072//6 3070//6 3063//6
f 3072//2 3074//2 3073//2
f 3074//6717 3063//6725 3065//6718
f 3073//6722 3065//6726 3064//6720
f 3064//6720 3067//6727 3069//6721
f 3069//6721 3071//7 3073//6722
f 3075//7 3076//7 3077//7
f 3078//6728 3079//1 3080//6729
f 3076//1254 3081//2140 3077//2141
f 3082//2 3075//2 3081//2
f 3078//6730 3075//6730 3082//6730
f 3082//4 3079//4 3078//4
f 3083//6 3084//6 3085//6
f 3080//6731 3086//1277 3084//6732
f 3081//2140 3087//1580 3083//2147
f 3085//6733 3088//6734 3081//6734
f 3085//2151 3086//2152 3088//2153
f 3079//4 3088//4 3086//4
f 3075//7 3089//7 3076//7
f 3080//6729 3076//1 3089//6735
f 3089//6735 3078//6728 3080//6729
f 3076//1254 3080//2140 3081//2140
f 3077//2 3081//2 3075//2
f 3090//2 3082//2 3081//2
f 3078//2155 3089//2156 3075//2157
f 3082//4 3090//4 3079//4
f 3083//6 3087//6 3084//6
f 3084//6732 3087//4767 3080//6731
f 3080//1 3079//1 3086//1
f 3081//2140 3080//2140 3087//1580
f 3090//2 3081//2 3088//2
f 3083//6736 3085//6737 3081//6738
f 3085//2159 3084//2160 3086//2160
f 3079//4 3090//4 3088//4
f 3091//6739 3092//6740 3093//6741
f 3094//6742 3095//6743 3096//2441
f 3097//6744 3098//6745 3099//6745
f 3100//6746 3101//6747 3102//6748
f 3103//6749 3104//6750 3105//6751
f 3097//6752 3093//6752 3106//6753
f 3099//6754 3101//6755 3107//6755
f 3103//6756 3102//6756 3108//6757
f 3105//6758 3092//6759 3109//6760
f 3110//6761 3111//6762 3112//6763
f 3113//6764 3114//6765 3115//22
f 3115//6766 3110//6767 3116//6768
f 3117//6769 3118//6770 3119//6771
f 3120//6772 3121//6773 3094//6774
f 3096//6775 3122//6776 3113//6777
f 3116//6778 3112//6779 3117//6780
f 3120//6781 3118//6782 3123//6782
f 3111//6783 3124//6784 3125//6785
f 3123//1 3126//1 3127//1
f 3121//6786 3128//6787 3095//1
f 3114//6788 3129//1 3130//1
f 3114//6788 3131//6789 3110//6790
f 3118//6791 3111//6762 3126//1
f 3123//1 3132//6792 3121//6786
f 3122//6793 3128//6794 3129//6795
f 3126//6796 3133//6797 3127//6798
f 3132//23 3134//6799 3128//6799
f 3130//6800 3135//6801 3136//6802
f 3130//6803 3124//6804 3131//11
f 3111//6805 3137//6806 3126//6807
f 3127//6808 3138//18 3132//6808
f 3129//6809 3134//2492 3135//6810
f 3098//6811 3120//6812 3101//21
f 3093//6813 3117//6780 3106//6814
f 3108//6815 3113//6816 3104//6817
f 3101//6818 3094//6774 3102//6774
f 3106//6819 3119//6771 3098//6819
f 3092//6820 3116//6768 3093//6821
f 3104//6822 3115//22 3092//6823
f 3102//6824 3096//2441 3108//6825
f 3091//6826 3109//6827 3092//6826
f 3094//6742 3121//6828 3095//6743
f 3097//6829 3106//6830 3098//6829
f 3100//6831 3107//6831 3101//6832
f 3103//6833 3108//6834 3104//6833
f 3097//6835 3091//6836 3093//6837
f 3099//6838 3098//6839 3101//6840
f 3103//6841 3100//6842 3102//6843
f 3105//6844 3104//6845 3092//6846
f 3110//6761 3131//6847 3111//6762
f 3113//6848 3122//6848 3114//6849
f 3115//6850 3114//6851 3110//6852
f 3117//6769 3112//6853 3118//6770
f 3120//6854 3123//6855 3121//6856
f 3096//6775 3095//6857 3122//6776
f 3116//6778 3110//6858 3112//6779
f 3120//6812 3119//6859 3118//6860
f 3111//6783 3131//6861 3124//6784
f 3123//1 3118//1 3126//1
f 3121//6786 3132//6792 3128//6787
f 3114//6788 3122//1 3129//1
f 3114//6788 3130//1 3131//6789
f 3118//6791 3112//6763 3111//6762
f 3123//1 3127//1 3132//6792
f 3122//6793 3095//6862 3128//6794
f 3126//6796 3137//6796 3133//6797
f 3132//6863 3138//6864 3134//6863
f 3130//2186 3129//6865 3135//2185
f 3130//6803 3136//6866 3124//6804
f 3111//6805 3125//6867 3137//6806
f 3127//6868 3133//6869 3138//6870
f 3129//6871 3128//6872 3134//6872
f 3098//6811 3119//6859 3120//6812
f 3093//6813 3116//6778 3117//6780
f 3108//6873 3096//6775 3113//6777
f 3101//6818 3120//6772 3094//6774
f 3106//6819 3117//6769 3119//6771
f 3092//6820 3115//6766 3116//6768
f 3104//6822 3113//6764 3115//22
f 3102//6824 3094//6742 3096//2441
f 3139//7 3140//7 3141//7
f 3142//6874 3143//1 3144//6875
f 3141//6876 3145//6877 3139//2334
f 3146//2 3147//2 3145//2
f 3142//6878 3147//6879 3146//6880
f 3146//4 3143//6881 3142//4
f 3148//6 3149//6 3150//6
f 3144//6882 3151//4764 3149//6883
f 3145//6877 3152//1580 3148//1580
f 3150//6884 3153//2 3145//6885
f 3150//1731 3151//1732 3153//1733
f 3143//6881 3153//2234 3151//1364
f 3139//7 3147//7 3140//7
f 3144//6875 3141//1 3140//6886
f 3140//6886 3142//6874 3144//6875
f 3141//6876 3144//1246 3145//6877
f 3139//2 3145//2 3147//2
f 3154//2 3146//2 3145//2
f 3142//6878 3140//1735 3147//6879
f 3146//4 3154//6887 3143//6881
f 3148//6 3152//6 3149//6
f 3149//6883 3152//1368 3144//6882
f 3144//6882 3143//1 3151//4764
f 3145//6877 3144//1246 3152//1580
f 3154//6888 3145//6889 3153//6889
f 3148//6890 3150//6884 3145//6885
f 3150//1738 3149//1738 3151//1738
f 3143//6881 3154//6887 3153//2234
f 3155//6891 3156//6892 3157//6893
f 3158//6894 3159//6895 3160//6896
f 3161//6897 3162//6898 3163//6899
f 3164//6900 3165//6901 3166//6902
f 3157//6903 3167//6904 3164//6905
f 3155//6906 3159//6907 3168//6908
f 3158//6909 3163//6910 3169//6911
f 3166//6912 3162//6913 3170//6914
f 3160//6915 3157//6916 3164//6917
f 3159//6918 3169//6919 3167//6920
f 3155//6891 3168//6921 3156//6892
f 3158//6894 3169//6922 3159//6895
f 3161//6923 3170//6924 3162//6925
f 3164//6900 3167//6926 3165//6901
f 3157//6903 3156//6927 3167//6904
f 3155//6906 3160//6928 3159//6907
f 3158//6909 3161//6929 3163//6910
f 3166//6912 3165//6930 3162//6913
f 3164//6917 3166//6931 3158//6932
f 3170//6933 3161//6934 3166//6931
f 3158//6932 3160//6915 3164//6917
f 3155//6935 3157//6916 3160//6915
f 3166//6931 3161//6934 3158//6932
f 3162//6936 3165//6936 3163//6936
f 3167//6920 3156//6937 3159//6918
f 3168//6938 3159//6918 3156//6937
f 3169//6919 3163//6939 3167//6920
f 3165//6940 3167//6920 3163//6939
f 3171//6941 3172//6942 3173//6943
f 3174//6944 3175//6945 3172//6946
f 3176//6947 3177//6948 3175//6949
f 3171//6950 3178//4 3179//6951
f 3175//6952 3173//6953 3172//6954
f 3174//6955 3179//6951 3176//6956
f 3180//6957 3181//6957 3182//6958
f 3179//6959 3180//6960 3177//6960
f 3171//6961 3182//6962 3183//6963
f 3177//6964 3182//6965 3173//6966
f 3184//6967 3185//6968 3181//6
f 3182//6962 3185//6969 3183//6963
f 3186//4 3187//4 3188//6970
f 3178//6971 3184//6972 3180//6973
f 3189//6974 3190//6975 3191//6976
f 3192//4 3193//4 3187//4
f 3194//6977 3188//6970 3195//6978
f 3196//6979 3194//6980 3197//6981
f 3185//6982 3197//6981 3183//6983
f 3178//6984 3197//6985 3189//6986
f 3198//6987 3196//6988 3185//6968
f 3178//6989 3191//6976 3198//6990
f 3199//3 3200//3 3201//3
f 3191//3 3201//3 3196//3
f 3202//6991 3203//6992 3199//6993
f 3190//6975 3199//6993 3191//6976
f 3196//6979 3204//6994 3186//6995
f 3203//6 3205//6 3206//6
f 3201//6996 3204//6997 3196//6998
f 3204//6999 3200//7000 3207//7001
f 3204//6994 3206//7002 3192//7003
f 3208//7004 3188//7005 3190//7006
f 3193//7007 3202//7008 3187//7009
f 3187//7009 3190//7006 3188//7005
f 3194//7010 3195//7 3208//7
f 3171//6941 3174//7011 3172//6942
f 3174//6944 3176//7012 3175//6945
f 3176//6947 3179//7013 3177//6948
f 3171//6950 3183//4 3178//4
f 3175//6952 3177//6952 3173//6953
f 3174//6955 3171//6950 3179//6951
f 3180//6957 3184//7014 3181//6957
f 3179//7015 3178//6971 3180//6973
f 3171//7016 3173//7017 3182//7018
f 3177//6964 3180//7019 3182//6965
f 3184//6967 3198//6987 3185//6968
f 3182//6962 3181//7020 3185//6969
f 3186//4 3192//4 3187//4
f 3178//6971 3198//7021 3184//6972
f 3189//6974 3208//7022 3190//6975
f 3192//4 3206//4 3193//4
f 3194//6977 3186//4 3188//6970
f 3196//6979 3186//6995 3194//6980
f 3185//6982 3196//6979 3197//6981
f 3178//6984 3183//7 3197//6985
f 3198//6987 3191//6 3196//6988
f 3178//6989 3189//6974 3191//6976
f 3199//3 3203//3 3200//3
f 3191//3 3199//3 3201//3
f 3202//6991 3205//7023 3203//6992
f 3190//6975 3202//6991 3199//6993
f 3192//7003 3186//6995 3204//6994
f 3206//6 3207//6 3203//6
f 3200//6 3203//6 3207//6
f 3205//6 3193//6 3206//6
f 3204//6999 3201//7024 3200//7000
f 3204//6994 3207//7025 3206//7002
f 3208//7004 3195//7026 3188//7005
f 3193//7007 3205//7027 3202//7008
f 3187//7009 3202//7008 3190//7006
f 3208//7 3189//6986 3194//7010
f 3197//6985 3194//7010 3189//6986
f 3209//2 3210//2 3211//2
f 3212//1 3213//1 3214//1
f 3215//7028 3211//7029 3216//7028
f 3217//7030 3218//7031 3219//7030
f 3219//6 3216//6 3217//6
f 3220//7032 3221//7033 3222//7034
f 3223//7035 3216//7036 3211//7037
f 3224//7038 3209//7039 3215//7040
f 3222//7041 3219//7041 3218//7042
f 3225//7043 3213//7044 3217//7045
f 3223//7046 3210//7047 3226//7048
f 3220//7049 3227//7050 3209//7051
f 3225//7052 3216//7053 3228//7054
f 3224//7055 3219//7056 3221//7057
f 3214//7058 3229//7059 3230//7060
f 3212//7061 3222//7062 3218//7063
f 3229//4 3228//4 3223//4
f 3210//2 3231//2 3232//2
f 3233//1 3212//1 3214//1
f 3232//7064 3234//7064 3235//7065
f 3236//7066 3237//7067 3238//7068
f 3235//7 3238//7 3237//7
f 3239//7069 3240//7033 3241//7034
f 3242//7070 3235//7071 3243//7071
f 3240//7072 3231//7073 3241//7074
f 3239//7075 3238//7076 3244//7077
f 3245//7078 3233//7079 3246//7080
f 3210//7047 3242//7081 3226//7048
f 3241//7082 3227//7050 3247//7083
f 3243//7084 3237//7085 3245//7086
f 3238//7087 3240//7088 3244//7089
f 3214//7058 3246//7059 3233//7090
f 3239//7091 3212//7061 3236//7092
f 3242//4 3245//4 3246//4
f 3209//2 3227//2 3210//2
f 3212//1 3218//1 3213//1
f 3215//7028 3209//7093 3211//7029
f 3217//7030 3213//7030 3218//7031
f 3219//6 3215//6 3216//6
f 3222//4 3248//7094 3247//7095
f 3222//4 3247//7095 3220//4
f 3220//7032 3224//7069 3221//7033
f 3223//7096 3228//7096 3216//7097
f 3224//7098 3220//7099 3209//7100
f 3222//7101 3221//7102 3219//7103
f 3225//7104 3229//7105 3213//7106
f 3223//7046 3211//7107 3210//7047
f 3220//7049 3247//7083 3227//7050
f 3225//7052 3217//7108 3216//7053
f 3224//7055 3215//7109 3219//7056
f 3214//7058 3213//7090 3229//7059
f 3212//7061 3248//7110 3222//7062
f 3223//3 3226//3 3230//3
f 3223//3 3230//3 3229//3
f 3229//4 3225//4 3228//4
f 3210//2 3227//2 3231//2
f 3233//1 3236//1 3212//1
f 3232//7064 3231//7065 3234//7064
f 3236//7066 3233//7111 3237//7067
f 3235//7 3234//7 3238//7
f 3247//7095 3248//7094 3239//7112
f 3241//7113 3247//7095 3239//7112
f 3239//7069 3244//7069 3240//7033
f 3242//7114 3232//7115 3235//7116
f 3240//7117 3234//7118 3231//7119
f 3239//7120 3236//7121 3238//7122
f 3245//7123 3237//7124 3233//7125
f 3210//7047 3232//7107 3242//7081
f 3241//7082 3231//7126 3227//7050
f 3243//7084 3235//7127 3237//7085
f 3238//7087 3234//7128 3240//7088
f 3214//7058 3230//7060 3246//7059
f 3239//7091 3248//7110 3212//7061
f 3230//3 3226//3 3242//3
f 3246//3 3230//3 3242//3
f 3242//4 3243//4 3245//4
f 3249//7 3250//7 3251//7
f 3252//1 3253//1 3254//1
f 3250//3 3255//3 3251//3
f 3256//2 3249//2 3255//7129
f 3252//262 3249//262 3256//263
f 3256//4 3253//4 3252//4
f 3257//6 3258//6 3259//6
f 3254//7130 3260//1874 3261//1875
f 3255//3 3257//3 3259//3
f 3258//7131 3262//7132 3255//7129
f 3258//2416 3260//2416 3262//268
f 3253//4 3262//4 3260//4
f 3249//7 3263//7 3250//7
f 3254//7133 3250//1 3263//1878
f 3263//1878 3252//2414 3254//7133
f 3250//3 3254//3 3255//3
f 3251//2 3255//7129 3249//2
f 3264//2 3256//2 3255//7129
f 3252//262 3263//267 3249//262
f 3256//4 3264//4 3253//4
f 3257//6 3261//6 3258//6
f 3261//1875 3257//1 3254//7130
f 3254//7130 3253//1 3260//1874
f 3255//3 3254//3 3257//3
f 3264//2 3255//7129 3262//7132
f 3259//7134 3258//7131 3255//7129
f 3258//7135 3261//7136 3260//7135
f 3253//4 3264//4 3262//4
f 3265//7137 3266//7138 3267//7139
f 3266//7140 3268//7140 3267//7141
f 3269//7142 3270//7143 3268//7144
f 3271//7145 3272//7146 3270//7147
f 3273//7148 3271//1 3269//7149
f 3274//7150 3275//7150 3272//7151
f 3276//7152 3265//7153 3275//7154
f 3267//2 3270//2 3265//2
f 3265//7137 3273//7155 3266//7138
f 3266//7140 3269//7141 3268//7140
f 3269//7142 3271//7142 3270//7143
f 3271//7145 3274//7156 3272//7146
f 3269//7149 3266//7157 3273//7148
f 3273//7148 3276//1 3274//1
f 3274//1 3271//1 3273//7148
f 3274//7150 3276//7151 3275//7150
f 3276//7152 3273//7152 3265//7153
f 3275//2 3265//2 3270//2
f 3267//2 3268//2 3270//2
f 3270//2 3272//2 3275//2
f 3277//7 3278//7 3279//7
f 3280//3684 3281//1 3282//7158
f 3279//1235 3283//2219 3277//1236
f 3284//2 3285//2 3283//7159
f 3280//2302 3285//2302 3284//3720
f 3284//1243 3281//7160 3280//1244
f 3286//6 3287//6 3288//6
f 3282//7158 3289//7161 3287//7162
f 3283//2219 3290//1253 3286//1254
f 3288//7163 3291//7164 3283//7159
f 3288//3697 3289//7165 3291//3703
f 3281//7160 3291//45 3289//45
f 3277//7 3285//7 3278//7
f 3282//7158 3279//7166 3278//7167
f 3278//7167 3280//3684 3282//7158
f 3279//1235 3282//3 3283//2219
f 3277//2 3283//7159 3285//2
f 3292//7168 3284//2 3283//7159
f 3280//2302 3278//5425 3285//2302
f 3284//1243 3292//7169 3281//7160
f 3286//6 3290//6 3287//6
f 3287//7162 3290//1 3282//7158
f 3282//7158 3281//1 3289//7161
f 3283//2219 3282//3 3290//1253
f 3292//7168 3283//7159 3291//7164
f 3286//7170 3288//7163 3283//7159
f 3288//3697 3287//1300 3289//7165
f 3281//7160 3292//7169 3291//45
f 3293//2 3294//2 3295//2
f 3296//7 3297//7 3294//7
f 3298//1 3299//1 3297//1
f 3300//6 3295//6 3299//6
f 3297//7171 3295//7172 3294//7173
f 3296//7174 3300//7175 3298//4
f 3293//2 3296//2 3294//2
f 3296//7 3298//7 3297//7
f 3298//1 3300//1 3299//1
f 3300//6 3293//6 3295//6
f 3297//7171 3299//3 3295//7172
f 3296//7174 3293//7176 3300//7175
f 3301//7177 3302//7178 3303//7179
f 3303//7180 3304//7181 3305//7182
f 3305//7183 3306//7184 3307//7185
f 3307//7186 3308//7187 3309//7188
f 3310//7189 3308//7190 3304//7191
f 3308//2 3311//2 3309//2
f 3310//7192 3301//7193 3311//7194
f 3305//7195 3307//7196 3311//7197
f 3301//7177 3312//7198 3302//7178
f 3303//7180 3302//1 3304//7181
f 3305//7183 3304//7199 3306//7184
f 3307//7186 3306//7200 3308//7187
f 3304//7191 3302//6 3312//7201
f 3312//7201 3310//7189 3304//7191
f 3308//7190 3306//7202 3304//7191
f 3308//2 3310//2 3311//2
f 3310//7192 3312//7203 3301//7193
f 3311//7197 3301//7204 3303//7205
f 3303//7205 3305//7195 3311//7197
f 3307//7196 3309//7 3311//7197
f 3313//7206 3314//7207 3315//7208
f 3316//1 3317//1 3314//1
f 3318//7209 3319//7210 3317//7211
f 3320//7212 3321//7212 3319//7213
f 3313//4 3320//4 3318//4
f 3322//2 3323//2 3321//2
f 3324//7214 3315//7215 3323//7216
f 3314//3 3319//3 3315//3
f 3313//7206 3316//2402 3314//7207
f 3316//1 3318//1 3317//1
f 3318//7209 3320//7217 3319//7210
f 3320//7218 3322//7218 3321//7219
f 3318//4 3316//4 3313//4
f 3313//4 3324//4 3322//4
f 3322//4 3320//4 3313//4
f 3322//2 3324//2 3323//2
f 3324//7220 3313//7221 3315//7220
f 3323//3 3315//3 3319//3
f 3314//3 3317//3 3319//3
f 3319//3 3321//3 3323//3
f 3325//7222 3326//7223 3327//7224
f 3326//7225 3328//7226 3327//7227
f 3328//7228 3329//7229 3330//7230
f 3329//7231 3331//7232 3330//7233
f 3332//1 3329//1 3333//1
f 3334//7234 3335//7235 3331//7236
f 3335//7237 3332//7238 3325//7239
f 3330//2 3336//2 3337//2
f 3338//7240 3339//7241 3340//7242
f 3328//2 3341//2 3327//2
f 3335//2 3336//2 3331//2
f 3325//2 3341//2 3338//2
f 3330//2 3342//2 3328//2
f 3325//2 3340//2 3335//2
f 3343//7243 3344//7244 3345//7245
f 3336//7246 3344//7247 3337//7248
f 3342//7249 3343//7250 3341//3
f 3340//7251 3346//7252 3336//4
f 3337//7253 3347//7254 3342//7255
f 3341//7256 3345//7257 3338//7258
f 3325//7222 3332//7259 3326//7223
f 3326//7225 3333//7260 3328//7226
f 3328//7228 3333//7261 3329//7229
f 3329//7231 3334//7262 3331//7232
f 3333//7263 3326//7263 3332//7263
f 3332//1 3348//1 3334//1
f 3334//1 3329//1 3332//1
f 3334//7234 3348//7264 3335//7235
f 3335//7237 3348//7265 3332//7238
f 3330//2 3331//2 3336//2
f 3338//7240 3345//7266 3339//7241
f 3328//2 3342//2 3341//2
f 3335//2 3340//2 3336//2
f 3325//2 3327//2 3341//2
f 3330//2 3337//2 3342//2
f 3325//2 3338//2 3340//2
f 3339//2 3345//7245 3344//7244
f 3343//7243 3347//7267 3344//7244
f 3344//7244 3346//2 3339//2
f 3336//7246 3346//7268 3344//7247
f 3342//7249 3347//7269 3343//7250
f 3340//7251 3339//7270 3346//7252
f 3337//7253 3344//7271 3347//7254
f 3341//7256 3343//7272 3345//7257
f 3349//7273 3350//7274 3351//7275
f 3352//6 3353//6 3350//6
f 3351//7276 3353//7277 3354//7278
f 3355//7279 3352//7280 3349//7281
f 3355//7282 3356//7283 3354//7284
f 3357//7285 3354//7284 3353//7286
f 3355//7282 3358//2 3359//7287
f 3360//7288 3354//7278 3356//7289
f 3361//7290 3351//7275 3360//1
f 3358//7291 3362//7292 3363//7293
f 3349//6 3364//6 3355//6
f 3361//7290 3362//7294 3349//7273
f 3365//1 3366//1 3367//1
f 3368//7295 3369//7296 3365//7297
f 3368//3 3367//3 3370//3
f 3369//7298 3371//7299 3366//7300
f 3356//7283 3371//7301 3370//7302
f 3370//7302 3372//7303 3368//2
f 3358//2 3371//7301 3359//7287
f 3370//3 3360//7288 3356//7289
f 3367//1 3361//7290 3360//1
f 3373//7304 3358//7291 3363//7293
f 3374//7 3366//7 3371//7
f 3373//1 3361//7290 3366//1
f 3349//7273 3352//7305 3350//7274
f 3352//6 3357//6 3353//6
f 3351//7276 3350//7306 3353//7277
f 3355//7279 3357//7307 3352//7280
f 3355//7282 3359//7287 3356//7283
f 3357//7285 3355//7282 3354//7284
f 3355//7282 3364//2 3358//2
f 3360//7288 3351//7276 3354//7278
f 3361//7290 3349//7273 3351//7275
f 3358//7291 3364//4 3362//7292
f 3349//6 3362//6 3364//6
f 3361//7290 3363//7308 3362//7294
f 3365//1 3369//1 3366//1
f 3368//7295 3372//7309 3369//7296
f 3368//3 3365//3 3367//3
f 3369//7298 3372//7310 3371//7299
f 3356//7283 3359//7287 3371//7301
f 3370//7302 3371//7301 3372//7303
f 3358//2 3374//2 3371//7301
f 3370//3 3367//3 3360//7288
f 3367//1 3366//1 3361//7290
f 3373//7304 3374//7311 3358//7291
f 3374//7 3373//7 3366//7
f 3373//1 3363//7308 3361//7290
f 3375//7312 3376//7313 3377//7314
f 3376//7315 3378//7316 3379//7317
f 3378//7318 3380//7319 3379//7320
f 3380//7321 3381//7322 3382//7323
f 3375//6 3383//6 3378//6
f 3381//7324 3384//7324 3382//7325
f 3384//7326 3375//7327 3377//7328
f 3376//7329 3380//7330 3384//7331
f 3375//7332 3385//7333 3376//7332
f 3376//7315 3385//1 3378//7316
f 3378//7318 3383//7334 3380//7319
f 3380//7335 3383//7336 3381//7337
f 3378//6 3385//6 3375//6
f 3375//6 3386//6 3381//6
f 3381//6 3383//6 3375//6
f 3381//2 3386//2 3384//2
f 3384//7338 3386//7339 3375//7340
f 3384//7331 3377//7341 3376//7329
f 3376//7329 3379//7 3380//7330
f 3380//7330 3382//7 3384//7331
f 3387//7342 3388//7343 3389//7344
f 3388//7345 3390//7346 3389//7347
f 3391//1 3392//1 3390//1
f 3393//6 3387//6 3392//6
f 3394//7348 3395//7349 3396//7350
f 3388//7351 3393//7351 3391//7352
f 3392//6 3395//6 3397//6
f 3390//1 3397//1 3394//1
f 3389//7 3394//7 3396//7
f 3387//7342 3396//2 3395//2
f 3387//7342 3398//7353 3388//7343
f 3388//7345 3391//7354 3390//7346
f 3391//1 3393//1 3392//1
f 3393//6 3398//6 3387//6
f 3394//7348 3397//7355 3395//7349
f 3388//7351 3398//7352 3393//7351
f 3392//6 3387//6 3395//6
f 3390//1 3392//1 3397//1
f 3389//7 3390//7 3394//7
f 3387//7342 3389//7344 3396//2
f 3399//7356 3400//7357 3401//7358
f 3402//1 3403//1 3400//1
f 3404//7359 3405//7360 3403//7361
f 3405//7362 3406//7363 3407//7364
f 3408//7365 3406//6 3404//7366
f 3406//7367 3409//7368 3407//7369
f 3408//7370 3401//7371 3409//7372
f 3400//7373 3407//7374 3409//7
f 3399//7356 3402//7375 3400//7357
f 3402//1 3404//1 3403//1
f 3404//7359 3410//7376 3405//7360
f 3405//7362 3410//7377 3406//7363
f 3404//7366 3402//6 3399//7378
f 3399//7378 3408//7365 3404//7366
f 3406//6 3410//6 3404//7366
f 3406//7367 3408//7379 3409//7368
f 3408//7370 3399//7380 3401//7371
f 3409//7 3401//7 3400//7373
f 3400//7373 3403//7 3405//7381
f 3405//7381 3407//7374 3400//7373
f 3411//7 3412//7 3413//7
f 3414//7382 3415//7383 3416//7384
f 3412//7385 3417//7386 3413//2334
f 3418//2 3411//7387 3417//7388
f 3414//6625 3411//1559 3418//1356
f 3418//4 3415//7389 3414//4
f 3419//6 3420//6 3421//6
f 3416//7390 3422//2414 3423//2414
f 3417//7386 3419//7391 3421//3
f 3420//7392 3424//7393 3417//7394
f 3420//264 3422//265 3424//266
f 3415//7389 3424//1572 3422//1572
f 3411//7 3425//7 3412//7
f 3416//7384 3412//7395 3425//7396
f 3425//7396 3414//7382 3416//7384
f 3412//7385 3416//7397 3417//7386
f 3413//7398 3417//7388 3411//7387
f 3426//2 3418//2 3417//7388
f 3414//6625 3425//2793 3411//1559
f 3418//4 3426//2216 3415//7389
f 3419//6 3423//6 3420//6
f 3423//1 3419//1 3416//1
f 3416//1 3415//1 3422//1
f 3417//7386 3416//7397 3419//7391
f 3426//7399 3417//7394 3424//7393
f 3421//2 3420//7392 3417//7394
f 3420//264 3423//268 3422//265
f 3415//7389 3426//2216 3424//1572
f 3427//7400 3428//7401 3429//7402
f 3429//7403 3430//7404 3431//7405
f 3431//7406 3432//7407 3433//7408
f 3433//7409 3434//7410 3435//7411
f 3428//7412 3436//7413 3437//7414
f 3432//7415 3438//7416 3434//7417
f 3430//7418 3437//7414 3439//7419
f 3430//7418 3440//7420 3432//7421
f 3439//7422 3441//7423 3440//7424
f 3436//7425 3442//7426 3437//7427
f 3440//7428 3443//7429 3438//7430
f 3439//7431 3442//7432 3444//7433
f 3429//7434 3445//7435 3427//7436
f 3431//7437 3442//7438 3429//7438
f 3431//7439 3441//7440 3444//7440
f 3433//7441 3443//7442 3441//7441
f 3427//7400 3446//7443 3428//7401
f 3429//7403 3428//7444 3430//7404
f 3431//7406 3430//5914 3432//7407
f 3433//7409 3432//7445 3434//7410
f 3428//7412 3446//7446 3436//7413
f 3432//7421 3440//7420 3438//7447
f 3430//7418 3428//7412 3437//7414
f 3430//7418 3439//7419 3440//7420
f 3439//7422 3444//7448 3441//7423
f 3436//7425 3445//7449 3442//7426
f 3440//7428 3441//7450 3443//7429
f 3439//7431 3437//7451 3442//7432
f 3429//7434 3442//7452 3445//7435
f 3431//7453 3444//7454 3442//7455
f 3431//7456 3433//7457 3441//7458
f 3433//7459 3435//7460 3443//7461
f 3447//7462 3448//7463 3449//7464
f 3450//7465 3451//7466 3448//7467
f 3452//7468 3453//7469 3451//7470
f 3454//7471 3455//7472 3453//7473
f 3447//4 3454//4 3452//7474
f 3456//2 3457//2 3455//2
f 3458//7475 3449//3738 3457//7476
f 3448//7477 3453//7478 3449//3
f 3447//7462 3450//7479 3448//7463
f 3450//7465 3452//1 3451//7466
f 3452//7468 3454//7480 3453//7469
f 3454//7471 3456//7481 3455//7472
f 3452//7474 3450//7482 3447//4
f 3447//4 3458//7483 3456//7484
f 3456//7484 3454//4 3447//4
f 3456//2 3458//2 3457//2
f 3458//7475 3447//7485 3449//3738
f 3457//7486 3449//3 3453//7478
f 3448//7477 3451//7487 3453//7478
f 3453//7478 3455//7488 3457//7486
f 3459//7489 3460//7489 3461//7490
f 3462//7491 3460//7492 3463//7493
f 3464//7494 3465//7494 3462//7494
f 3466//7495 3467//7496 3464//7496
f 3466//7497 3468//7497 3469//7497
f 3470//7498 3468//7499 3471//7499
f 3461//4 3472//4 3473//4
f 3474//7500 3475//7501 3470//7502
f 3459//7503 3473//7504 3474//7504
f 3471//7505 3476//7506 3470//7507
f 3477//7508 3478//7509 3472//7510
f 3479//4 3461//4 3460//4
f 3467//4 3480//4 3465//4
f 3478//4 3468//4 3475//4
f 3469//4 3481//4 3467//4
f 3473//4 3478//4 3475//4
f 3480//4 3460//4 3465//4
f 3482//4 3469//4 3468//4
f 3476//7511 3474//7512 3470//7513
f 3483//7514 3484//7515 3482//7516
f 3485//7517 3480//7517 3481//7518
f 3486//7519 3487//7519 3479//7520
f 3488//7521 3472//7522 3487//7523
f 3476//7524 3482//7524 3478//7524
f 3489//7525 3481//7526 3484//7527
f 3490//7528 3479//7529 3480//7530
f 3477//7531 3459//7532 3474//7533
f 3459//7534 3486//7535 3463//7536
f 3463//7537 3490//7538 3462//7539
f 3490//7540 3464//7541 3462//7542
f 3485//7543 3466//7544 3464//7545
f 3466//7546 3483//7547 3471//7548
f 3459//7549 3463//7550 3460//7551
f 3462//7552 3465//7553 3460//7554
f 3464//7555 3467//7556 3465//7556
f 3466//7557 3469//7558 3467//7557
f 3466//7559 3471//7560 3468//7559
f 3470//7561 3475//7562 3468//7563
f 3461//4 3487//4 3472//4
f 3474//7564 3473//7565 3475//7566
f 3459//7567 3461//7567 3473//7567
f 3471//7505 3483//7568 3476//7506
f 3477//7508 3476//7569 3478//7509
f 3479//4 3487//4 3461//4
f 3467//4 3481//4 3480//4
f 3478//4 3482//4 3468//4
f 3469//4 3484//4 3481//4
f 3473//4 3472//4 3478//4
f 3480//4 3479//4 3460//4
f 3482//4 3484//4 3469//4
f 3476//7511 3477//7570 3474//7512
f 3483//7514 3489//7571 3484//7515
f 3485//7517 3490//7518 3480//7517
f 3486//7572 3488//7573 3487//7574
f 3488//7521 3477//7575 3472//7522
f 3476//7524 3483//7524 3482//7524
f 3489//7526 3485//7527 3481//7525
f 3490//7576 3486//7576 3479//7577
f 3477//7531 3488//7578 3459//7532
f 3459//7534 3488//7579 3486//7535
f 3463//7537 3486//7580 3490//7538
f 3490//7540 3485//7581 3464//7541
f 3485//7543 3489//7582 3466//7544
f 3466//7546 3489//7583 3483//7547
f 3491//7 3492//7 3493//7
f 3494//1 3495//7584 3496//7585
f 3492//1580 3497//3 3493//1580
f 3498//2 3491//2 3497//7586
f 3494//7587 3491//7588 3498//7589
f 3498//7590 3495//7591 3494//7592
f 3499//6 3500//6 3501//6
f 3496//7593 3502//7594 3503//7594
f 3497//3 3499//2334 3501//2334
f 3500//7595 3504//7596 3497//7586
f 3500//7597 3502//7598 3504//7599
f 3495//7591 3504//1302 3502//1302
f 3491//7 3505//7 3492//7
f 3496//1 3492//1 3505//1
f 3505//2895 3494//2895 3496//7600
f 3492//1580 3496//3 3497//3
f 3493//2 3497//7586 3491//2
f 3506//7601 3498//2 3497//7586
f 3494//7587 3505//7602 3491//7588
f 3498//7590 3506//5428 3495//7591
f 3499//6 3503//6 3500//6
f 3503//3729 3499//3729 3496//3729
f 3496//7585 3495//7584 3502//7603
f 3497//3 3496//3 3499//2334
f 3506//7601 3497//7586 3504//7596
f 3501//7604 3500//7595 3497//7586
f 3500//7597 3503//2290 3502//7598
f 3495//7591 3506//5428 3504//1302
f 3507//7 3508//7 3509//7
f 3510//1 3511//1 3512//1
f 3509//3 3513//1246 3507//3
f 3514//2 3515//2 3513//2
f 3510//262 3515//262 3514//267
f 3514//4 3511//1727 3510//4
f 3516//6 3517//6 3518//6
f 3512//1 3519//1 3517//1
f 3513//1246 3520//1235 3516//1235
f 3518//7605 3521//1359 3513//7606
f 3518//264 3519//265 3521//266
f 3511//1727 3521//2214 3519//1243
f 3507//7 3515//7 3508//7
f 3512//1 3509//1 3508//1
f 3508//1 3510//1 3512//1
f 3509//3 3512//1230 3513//1246
f 3507//2 3513//2 3515//2
f 3522//2 3514//2 3513//2
f 3510//262 3508//263 3515//262
f 3514//4 3522//2216 3511//1727
f 3516//6 3520//6 3517//6
f 3517//1 3520//1 3512//1
f 3512//1 3511//1 3519//1
f 3513//1246 3512//1230 3520//1235
f 3522//7607 3513//7608 3521//7608
f 3516//7609 3518//7605 3513//7606
f 3518//264 3517//268 3519//265
f 3511//1727 3522//2216 3521//2214
f 3523//7 3524//7 3525//7
f 3526//7610 3527//7611 3528//7612
f 3526//6 3529//6 3530//6
f 3531//7613 3524//7614 3532//7615
f 3533//7616 3534//7617 3535//7618
f 3536//7619 3537//7619 3538//7620
f 3539//6 3537//6 3540//6
f 3541//7621 3525//7622 3542//7623
f 3530//7624 3534//7625 3543//7626
f 3536//7627 3527//7628 3544//7627
f 3531//7629 3537//7630 3545//7630
f 3528//7631 3532//7632 3523//7633
f 3530//7634 3525//7635 3526//7636
f 3541//7637 3538//7638 3539//7639
f 3536//7 3535//7 3546//7
f 3535//7640 3539//7640 3546//7641
f 3523//7 3532//7 3524//7
f 3526//7642 3544//7643 3527//7643
f 3526//6 3528//6 3529//6
f 3531//7644 3545//7645 3524//7646
f 3533//7616 3543//7647 3534//7617
f 3538//7648 3542//7648 3543//7648
f 3538//7649 3543//7650 3533//7651
f 3544//7652 3545//7648 3537//7653
f 3538//7654 3533//7655 3536//7654
f 3536//7656 3544//7657 3537//7658
f 3539//6 3538//6 3537//6
f 3541//7659 3523//7660 3525//7661
f 3530//7624 3529//7662 3534//7625
f 3536//7663 3546//7664 3527//7665
f 3531//7666 3540//7667 3537//7668
f 3523//7669 3541//7670 3534//7669
f 3523//7671 3534//7672 3529//7673
f 3527//7674 3531//7675 3532//7674
f 3523//1954 3529//1954 3528//1954
f 3528//7676 3527//7677 3532//7678
f 3524//7679 3545//7680 3544//7681
f 3524//7682 3544//7683 3526//7684
f 3543//7685 3542//7686 3525//7685
f 3524//7687 3526//7688 3525//7689
f 3530//7690 3543//7691 3525//7692
f 3541//7693 3542//7694 3538//7694
f 3536//7 3533//7 3535//7
f 3540//7695 3531//7696 3527//7695
f 3540//7697 3527//7697 3546//7698
f 3534//1938 3541//7696 3539//1938
f 3540//7699 3546//7700 3539//7700
f 3535//7701 3534//7702 3539//7701
f 3547//7703 3548//7704 3549//7703
f 3550//7705 3551//7706 3552//7706
f 3553//7707 3554//7708 3550//7707
f 3555//7709 3548//7710 3556//2
f 3547//2 3557//7711 3558//7712
f 3553//2 3552//2 3555//2
f 3558//7712 3554//7713 3559//7714
f 3560//1 3561//1 3562//1
f 3548//7715 3563//7716 3549//7717
f 3554//7 3564//7 3560//7
f 3554//7718 3562//7719 3550//7720
f 3552//6 3565//6 3548//6
f 3557//7721 3563//7722 3564//7721
f 3561//7723 3566//7724 3567//7724
f 3551//1 3568//1 3565//1
f 3564//1 3569//1 3570//1
f 3551//7725 3561//7726 3567//7727
f 3565//1 3569//7728 3563//7729
f 3564//7730 3571//7731 3560//7732
f 3569//7733 3572//7734 3573//7734
f 3570//7735 3574//7736 3571//7737
f 3561//7738 3574//7739 3575//7740
f 3567//7741 3572//7742 3568//7743
f 3569//7744 3576//7745 3570//7746
f 3577//7634 3574//7636 3578//7636
f 3579//7747 3572//7748 3566//7749
f 3580//7750 3558//7751 3559//7751
f 3581//7752 3547//7753 3558//7754
f 3582//7755 3556//7756 3547//7757
f 3583//7758 3555//7758 3556//7759
f 3582//7760 3584//7761 3585//7762
f 3586//7763 3553//7764 3555//7765
f 3587//7766 3559//7767 3553//7768
f 3585//7769 3588//7769 3589//7770
f 3587//7771 3590//7772 3591//7773
f 3581//7774 3592//7775 3584//7776
f 3582//7777 3589//7778 3583//7779
f 3587//7780 3592//7781 3580//7782
f 3583//7783 3590//7784 3586//7785
f 3593//7786 3594//7787 3595//7788
f 3584//7789 3596//7790 3593//7791
f 3591//7792 3596//7793 3592//7794
f 3589//7795 3597//7796 3590//7797
f 3585//7798 3593//7799 3595//7800
f 3591//7801 3597//7802 3598//7803
f 3599//2 3600//7804 3601//7805
f 3597//7806 3602//7807 3598//7808
f 3595//7809 3603//7810 3588//7811
f 3596//7812 3601//7813 3593//7812
f 3598//7814 3599//7815 3596//7816
f 3588//7817 3604//7818 3597//7819
f 3605//7820 3606//7821 3607//7822
f 3599//2 3605//2 3608//2
f 3603//7823 3609//7824 3604//7825
f 3601//7805 3610//7826 3594//7827
f 3604//7825 3605//7828 3602//2
f 3603//7823 3610//7826 3611//2
f 3612//7829 3613//7830 3614//7831
f 3611//7832 3615//7833 3612//7834
f 3608//7835 3616//7836 3600//7837
f 3605//7838 3617//7839 3608//7840
f 3611//7841 3606//7842 3609//7843
f 3600//7844 3615//7845 3610//7846
f 3612//7847 3618//7848 3606//7847
f 3616//7849 3613//7850 3615//7851
f 3616//7852 3619//7853 3620//7854
f 3617//7855 3621//7856 3619//7857
f 3606//7858 3621//7859 3607//7860
f 3578//7861 3613//7862 3620//7861
f 3578//7863 3619//7864 3577//7865
f 3622//7866 3621//7867 3618//7868
f 3577//7869 3621//7870 3623//7871
f 3579//7872 3613//7873 3624//7873
f 3622//7874 3614//7875 3579//7876
f 3547//2 3556//2 3548//7710
f 3550//7877 3562//5373 3551//7878
f 3553//2 3559//2 3554//2
f 3555//7709 3552//7879 3548//7710
f 3547//2 3549//2 3557//7711
f 3553//7880 3550//7880 3552//7881
f 3558//7712 3557//7711 3554//7713
f 3560//1 3571//1 3561//1
f 3548//7882 3565//7883 3563//7884
f 3554//7 3557//7 3564//7
f 3554//7718 3560//7885 3562//7719
f 3552//6 3551//6 3565//6
f 3557//7886 3549//7887 3563//7886
f 3561//7888 3575//7889 3566//7890
f 3551//1 3567//1 3568//1
f 3564//7891 3563//7729 3569//7728
f 3551//1 3562//1 3561//1
f 3565//1 3568//1 3569//1
f 3564//7730 3570//7892 3571//7731
f 3569//7893 3568//7894 3572//7893
f 3570//7735 3576//7 3574//7736
f 3561//7895 3571//7896 3574//7897
f 3567//7741 3566//7898 3572//7742
f 3569//7899 3573//7900 3576//7901
f 3576//7902 3573//7903 3624//7904
f 3576//7905 3624//7906 3578//7906
f 3623//7907 3575//7908 3574//7909
f 3576//7910 3578//7910 3574//7911
f 3577//7912 3623//7913 3574//7912
f 3566//7914 3575//7915 3623//7915
f 3566//7916 3623//7916 3622//7917
f 3624//7918 3573//7919 3572//7920
f 3566//7921 3622//7922 3579//7923
f 3579//7924 3624//7925 3572//7926
f 3580//7750 3581//7750 3558//7751
f 3581//7752 3582//7927 3547//7753
f 3582//7755 3583//7928 3556//7756
f 3583//7758 3586//7929 3555//7758
f 3582//7760 3581//7930 3584//7761
f 3586//7763 3587//7931 3553//7764
f 3587//7766 3580//7932 3559//7767
f 3585//7933 3595//7934 3588//7935
f 3587//7771 3586//7936 3590//7772
f 3581//7774 3580//7937 3592//7775
f 3582//7777 3585//7938 3589//7778
f 3587//7780 3591//7939 3592//7781
f 3583//7783 3589//7940 3590//7784
f 3593//7786 3601//7941 3594//7787
f 3584//7789 3592//7942 3596//7790
f 3591//7943 3598//7944 3596//7945
f 3589//7946 3588//7947 3597//7947
f 3585//7948 3584//7949 3593//7948
f 3591//7950 3590//7951 3597//7952
f 3599//2 3608//2 3600//7804
f 3597//7806 3604//7953 3602//7807
f 3595//7809 3594//7954 3603//7810
f 3596//7812 3599//7955 3601//7813
f 3598//7814 3602//7956 3599//7815
f 3588//7817 3603//7957 3604//7818
f 3605//7820 3609//7958 3606//7821
f 3599//7959 3602//7959 3605//7960
f 3603//7823 3611//2 3609//7824
f 3601//7805 3600//7804 3610//7826
f 3604//7825 3609//7824 3605//7828
f 3603//7823 3594//7827 3610//7826
f 3612//7961 3615//7962 3613//7963
f 3611//7832 3610//7964 3615//7833
f 3608//7835 3617//7965 3616//7836
f 3605//7838 3607//7966 3617//7839
f 3611//7841 3612//7967 3606//7842
f 3600//7844 3616//7968 3615//7845
f 3612//7969 3614//7970 3618//7971
f 3616//7972 3620//7973 3613//7974
f 3616//7975 3617//7975 3619//7976
f 3617//7977 3607//7978 3621//7979
f 3606//7858 3618//7980 3621//7859
f 3578//7981 3624//7982 3613//7983
f 3578//7863 3620//7984 3619//7864
f 3622//7985 3623//7986 3621//7987
f 3577//7988 3619//7989 3621//7990
f 3579//7991 3614//7992 3613//7993
f 3622//7874 3618//7994 3614//7875
f 3625//7995 3626//7996 3627//7997
f 3626//7 3628//7 3627//7
f 3629//3 3630//3 3628//3
f 3630//7998 3631//7999 3625//8000
f 3628//2 3625//2 3627//2
f 3626//8001 3632//8002 3629//8003
f 3625//7995 3631//8004 3626//7996
f 3626//7 3629//7 3628//7
f 3629//3 3632//3 3630//3
f 3630//7998 3632//6 3631//7999
f 3628//2 3630//2 3625//2
f 3626//8001 3631//8005 3632//8002
f 3633//8006 3634//8007 3635//8008
f 3634//8009 3636//8010 3635//8011
f 3636//8012 3637//8013 3635//8014
f 3638//8015 3634//8016 3639//8015
f 3640//8017 3641//8018 3642//8017
f 3633//8019 3637//8020 3640//8021
f 3643//8022 3641//8023 3636//8024
f 3644//8025 3643//8025 3636//8026
f 3633//8006 3645//8027 3639//8028
f 3646//8029 3645//8030 3647//8031
f 3648//8032 3646//8033 3647//8034
f 3645//4 3638//8015 3639//8015
f 3649//8035 3640//8017 3642//8017
f 3633//8036 3648//8037 3647//8037
f 3649//8038 3643//8039 3646//8040
f 3643//8041 3650//8041 3646//8041
f 3633//8006 3639//8028 3634//8007
f 3634//8009 3644//8042 3636//8010
f 3636//8043 3641//8044 3637//8045
f 3638//8015 3644//8016 3634//8016
f 3640//8046 3637//8047 3641//8048
f 3633//8049 3635//8050 3637//8051
f 3643//8052 3642//8053 3641//8054
f 3644//8055 3638//8056 3643//8057
f 3633//8006 3647//8058 3645//8027
f 3646//8029 3650//8059 3645//8030
f 3648//8060 3649//8060 3646//8061
f 3645//4 3650//4 3638//8015
f 3649//8062 3648//8062 3640//8062
f 3633//8019 3640//8021 3648//8063
f 3649//8064 3642//8053 3643//8052
f 3643//8057 3638//8056 3650//2
f 3651//8065 3652//8066 3653//8067
f 3654//8068 3655//8069 3652//8070
f 3656//8071 3657//8071 3655//8072
f 3658//8073 3659//8074 3657//8075
f 3651//8076 3658//8077 3656//8078
f 3660//8079 3661//8080 3659//8081
f 3662//8082 3653//8083 3661//8084
f 3652//8085 3657//8086 3653//7
f 3651//8087 3654//8088 3652//8089
f 3654//8068 3656//1 3655//8069
f 3656//8090 3658//8090 3657//8090
f 3658//8091 3660//8092 3659//8093
f 3656//8078 3654//8094 3651//8076
f 3651//8076 3662//8095 3660//8096
f 3660//8096 3658//8077 3651//8076
f 3660//8079 3662//2 3661//8080
f 3662//8097 3651//8098 3653//8099
f 3661//8100 3653//7 3657//8086
f 3652//8085 3655//8101 3657//8086
f 3657//8086 3659//8102 3661//8100
f 3663//8103 3664//8104 3665//8105
f 3666//8106 3667//8107 3664//8108
f 3663//8109 3668//8110 3669//8111
f 3670//8112 3671//8113 3672//8114
f 3673//8115 3665//8116 3671//8117
f 3665//8118 3674//8119 3675//8120
f 3668//8121 3676//8122 3677//8123
f 3663//8124 3678//8125 3666//8126
f 3673//8127 3679//8128 3668//8110
f 3666//8129 3680//8130 3681//8131
f 3664//8132 3682//8133 3674//8134
f 3678//8135 3675//8136 3674//8137
f 3669//8138 3677//8139 3675//8140
f 3678//8141 3682//8142 3680//8143
f 3671//8144 3676//8145 3672//8146
f 3665//8147 3677//8148 3671//8149
f 3663//8103 3666//8150 3664//8104
f 3666//8106 3681//8151 3667//8107
f 3663//8109 3673//8127 3668//8110
f 3670//8112 3673//8152 3671//8113
f 3673//8115 3663//8153 3665//8116
f 3665//8118 3664//8154 3674//8119
f 3668//8121 3679//8155 3676//8122
f 3663//8109 3669//8111 3678//8156
f 3673//8127 3670//8157 3679//8128
f 3666//8126 3678//8125 3680//8158
f 3664//8132 3667//8159 3682//8133
f 3678//8135 3669//8160 3675//8136
f 3669//8138 3668//8161 3677//8139
f 3678//8141 3674//8162 3682//8142
f 3671//8163 3677//8164 3676//8164
f 3665//8147 3675//8165 3677//8148
f 3683//7 3684//7 3685//7
f 3686//1 3687//1 3688//1
f 3684//2334 3689//32 3685//2334
f 3690//2 3683//2 3689//2
f 3686//1856 3683//267 3690//267
f 3690//4 3687//8166 3686//4
f 3691//6 3692//6 3693//6
f 3688//1 3694//1 3695//1
f 3689//32 3691//3 3693//3
f 3692//1860 3696//8167 3689//8168
f 3692//8169 3694//8170 3696//8171
f 3687//8166 3696//8172 3694//8173
f 3683//7 3697//7 3684//7
f 3688//1 3684//1 3697//1
f 3697//1 3686//1 3688//1
f 3684//2334 3688//32 3689//32
f 3685//2 3689//2 3683//2
f 3698//8174 3690//2 3689//8168
f 3686//2880 3697//2881 3683//2881
f 3690//4 3698//1857 3687//8166
f 3691//6 3695//6 3692//6
f 3695//1 3691//1 3688//1
f 3688//1 3687//1 3694//1
f 3689//32 3688//32 3691//3
f 3698//8174 3689//8168 3696//8167
f 3693//2 3692//1860 3689//8168
f 3692//8169 3695//268 3694//8170
f 3687//8166 3698//1857 3696//8172
f 3699//7 3700//7 3701//7
f 3702//1 3703//1 3704//8175
f 3701//3 3705//8176 3699//3
f 3706//2 3707//2 3705//8177
f 3702//8178 3707//8179 3706//8178
f 3706//4 3703//1857 3702//4
f 3708//6 3709//6 3710//6
f 3704//8175 3711//8180 3709//8181
f 3705//8176 3712//2334 3708//31
f 3710//8182 3713//8183 3705//8177
f 3710//8184 3711//1301 3713//3677
f 3703//1857 3713//1302 3711//1302
f 3699//7 3707//7 3700//7
f 3704//1 3701//1 3700//1
f 3700//8185 3702//8185 3704//8186
f 3701//3 3704//8176 3705//8176
f 3699//2 3705//8177 3707//2
f 3714//8187 3706//2 3705//8177
f 3702//8188 3700//8189 3707//8190
f 3706//4 3714//1857 3703//1857
f 3708//6 3712//6 3709//6
f 3709//8181 3712//1 3704//8175
f 3704//8175 3703//1 3711//8180
f 3705//8176 3704//8176 3712//2334
f 3714//8187 3705//8177 3713//8183
f 3708//8191 3710//8182 3705//8177
f 3710//8184 3709//2318 3711//1301
f 3703//1857 3714//1857 3713//1302
f 3715//8192 3716//8192 3717//8193
f 3718//8194 3719//8195 3715//8196
f 3720//8197 3721//8198 3718//8199
f 3722//8200 3723//8201 3720//8202
f 3723//4 3724//8203 3716//8204
f 3725//8205 3724//8206 3722//8207
f 3717//8208 3726//7472 3725//7481
f 3725//8209 3720//8210 3717//8211
f 3715//8192 3719//8193 3716//8192
f 3718//8194 3721//1 3719//8195
f 3720//8197 3723//2937 3721//8198
f 3722//8200 3724//8212 3723//8201
f 3716//8204 3719//8213 3721//8214
f 3721//8214 3723//4 3716//8204
f 3724//8203 3726//8213 3716//8204
f 3725//8205 3726//2 3724//8206
f 3717//8208 3716//7473 3726//7472
f 3715//8215 3717//8211 3720//8210
f 3725//8209 3722//8216 3720//8210
f 3720//8210 3718//8217 3715//8215
g Barrett_M82A1_Magazine
f 3727//8218 3728//8219 3729//8220
f 3730//1 3731//1 3732//1
f 3729//8220 3733//8221 3734//8222
f 3735//8223 3736//8224 3737//8225
f 3738//8226 3739//8227 3740//8228
f 3741//8229 3742//8230 3743//8231
f 3744//8232 3745//8233 3746//8234
f 3747//8235 3740//8236 3727//8218
f 3748//8237 3749//8238 3750//8239
f 3751//8240 3738//8241 3747//8235
f 3728//8242 3752//8243 3733//8244
f 3727//8245 3753//8246 3747//8247
f 3754//8248 3729//8220 3745//8249
f 3743//8250 3755//8251 3756//8252
f 3757//6 3758//8253 3751//8240
f 3759//8254 3760//8255 3761//8256
f 3762//8257 3732//1 3763//8258
f 3731//6 3755//6 3757//6
f 3756//8252 3764//8259 3730//8260
f 3751//8261 3765//8262 3766//8263
f 3743//8264 3767//8265 3768//8266
f 3754//8267 3769//8268 3727//8268
f 3770//6 3757//6 3736//6
f 3771//8269 3750//8270 3772//4
f 3757//1 3773//1 3736//1
f 3741//8271 3768//8266 3774//8272
f 3775//8273 3747//8235 3760//8274
f 3747//8275 3776//8276 3760//8277
f 3745//8249 3734//8222 3777//8278
f 3732//1 3770//1 3735//1
f 3778//8279 3774//8280 3779//4
f 3780//8281 3781//8282 3782//8283
f 3783//8284 3765//8285 3784//8286
f 3754//8287 3782//8288 3781//8288
f 3773//8289 3766//8290 3765//8291
f 3775//8292 3784//5629 3765//5629
f 3776//8293 3769//8294 3781//8295
f 3760//8296 3780//2 3761//2
f 3746//8297 3777//8298 3785//8299
f 3763//8258 3735//1 3786//8300
f 3787//8301 3746//8302 3788//8303
f 3736//2 3783//1 3737//1
f 3789//8304 3730//8260 3762//8305
f 3790//8306 3782//8283 3787//8307
f 3751//8308 3791//8309 3757//8310
f 3792//8311 3784//8286 3793//8312
f 3759//8292 3793//5629 3784//8313
f 3750//8314 3794//8315 3772//8316
f 3733//2 3795//8317 3734//2
f 3734//2 3785//2 3777//2
f 3795//8317 3796//8318 3785//2
f 3779//4 3768//8319 3797//8320
f 3744//8321 3787//8288 3782//8322
f 3797//8320 3767//8323 3798//8324
f 3789//2 3767//2 3756//2
f 3793//8325 3761//8256 3790//8326
f 3786//8327 3737//8225 3792//8328
f 3788//8329 3785//8330 3796//8329
f 3741//8271 3799//8331 3748//8237
f 3794//8332 3799//8333 3778//8279
f 3800//8334 3801//8335 3750//8336
f 3800//8337 3802//8338 3795//8317
f 3803//8339 3804//8340 3801//8341
f 3805//8342 3806//8343 3807//8344
f 3807//8344 3808//8345 3742//8346
f 3801//8341 3739//8340 3805//8342
f 3743//8347 3808//8348 3758//8349
f 3750//8336 3805//8350 3748//8351
f 3748//8351 3807//8352 3741//8229
f 3738//8226 3808//8353 3806//8354
f 3800//8337 3752//2 3803//2
f 3740//8228 3804//8355 3728//8242
f 3809//8356 3810//7 3811//7
f 3812//8357 3813//8358 3814//8359
f 3815//8360 3816//7 3810//7
f 3817//8361 3818//8362 3819//8363
f 3820//8364 3821//8365 3811//8366
f 3822//8367 3823//8368 3824//8369
f 3825//8370 3826//8371 3827//8372
f 3828//7 3811//7 3821//8373
f 3829//8374 3830//8375 3831//8376
f 3832//8377 3821//8373 3833//8378
f 3834//8379 3810//8380 3816//8381
f 3835//8382 3809//8383 3828//8384
f 3836//8385 3815//8360 3809//8356
f 3837//8386 3824//8387 3838//8388
f 3839//8389 3833//8378 3837//8390
f 3840//8391 3841//8392 3842//8393
f 3814//8359 3762//8257 3763//8258
f 3812//8394 3837//8390 3843//8395
f 3843//8396 3838//8388 3813//8397
f 3832//2 3844//2 3845//2
f 3824//8398 3846//8399 3838//8400
f 3847//8401 3836//8402 3809//8403
f 3848//8404 3839//8389 3812//8394
f 3831//8405 3771//8269 3772//4
f 3849//8406 3839//8407 3817//8408
f 3823//8409 3850//8410 3824//8398
f 3845//7 3828//7 3832//8377
f 3851//8411 3828//8412 3840//8413
f 3825//8414 3852//8415 3815//8360
f 3848//8416 3814//8359 3818//8417
f 3853//8418 3778//8279 3779//4
f 3854//8419 3855//8420 3856//8421
f 3844//8422 3857//8423 3858//8424
f 3836//10 3856//10 3826//10
f 3849//8425 3859//8426 3860//8427
f 3845//10 3858//10 3841//10
f 3851//8428 3847//8429 3835//8430
f 3855//8431 3840//2 3842//8432
f 3861//8433 3827//8434 3862//8435
f 3818//8417 3763//8258 3786//8300
f 3827//8436 3787//8301 3788//8303
f 3857//10 3817//10 3819//10
f 3813//8397 3789//8304 3762//8305
f 3856//8421 3790//8306 3787//8307
f 3860//8437 3832//8438 3839//8439
f 3790//8440 3855//8440 3842//1
f 3858//8424 3792//8311 3793//8312
f 3794//8315 3831//8441 3772//8316
f 3863//8442 3816//2 3852//8443
f 3862//8444 3852//8443 3861//8445
f 3796//8318 3863//8442 3862//8444
f 3850//8446 3779//4 3797//8320
f 3846//8447 3797//8320 3798//8324
f 3846//2 3789//2 3838//2
f 3842//8393 3793//8325 3790//8326
f 3819//8363 3786//8327 3792//8328
f 3862//8448 3788//8329 3796//8329
f 3864//8449 3823//8409 3830//8375
f 3864//8319 3794//8332 3778//8279
f 3865//8450 3866//8451 3831//8452
f 3802//8338 3866//8453 3863//8442
f 3867//8454 3868//8455 3865//8456
f 3869//8457 3870//8458 3871//8459
f 3872//8460 3871//8459 3822//8461
f 3820//8456 3865//8456 3870//8458
f 3872//8462 3824//8463 3833//8464
f 3870//8465 3831//8452 3830//8466
f 3871//8467 3830//8466 3823//8368
f 3821//8365 3872//8468 3833//8469
f 3866//8453 3834//8470 3816//2
f 3867//8471 3811//8366 3810//8380
f 3727//8218 3740//8236 3728//8219
f 3730//1 3764//1 3731//1
f 3729//8220 3728//8219 3733//8221
f 3735//8223 3770//8472 3736//8224
f 3738//8226 3806//8354 3739//8227
f 3741//8229 3807//8352 3742//8230
f 3744//8232 3754//8473 3745//8233
f 3747//8235 3738//8241 3740//8236
f 3748//8237 3799//8331 3749//8238
f 3751//8240 3758//8253 3738//8241
f 3728//8242 3804//8355 3752//8243
f 3727//8245 3769//8474 3753//8246
f 3754//8248 3727//8218 3729//8220
f 3743//8250 3758//8475 3755//8251
f 3757//6 3755//6 3758//8253
f 3759//8254 3775//8476 3760//8255
f 3762//8257 3730//1 3732//1
f 3731//6 3764//6 3755//6
f 3756//8252 3755//8251 3764//8259
f 3751//8261 3775//2 3765//8262
f 3743//8264 3756//8477 3767//8265
f 3754//8478 3781//8478 3769//8479
f 3770//6 3731//6 3757//6
f 3771//8269 3800//8480 3750//8270
f 3757//1 3791//1 3773//1
f 3741//8271 3743//8264 3768//8266
f 3775//8273 3751//8240 3747//8235
f 3747//8275 3753//8481 3776//8276
f 3745//8249 3729//8220 3734//8222
f 3732//1 3731//1 3770//1
f 3778//8279 3799//8333 3774//8280
f 3780//8281 3776//8482 3781//8282
f 3783//8284 3773//8483 3765//8285
f 3754//8484 3744//8484 3782//2
f 3773//8289 3791//8485 3766//8290
f 3775//8486 3759//8486 3784//1
f 3776//8293 3753//8487 3769//8294
f 3760//8296 3776//10 3780//2
f 3746//8297 3745//8488 3777//8298
f 3737//1 3783//1 3792//9
f 3763//8258 3732//1 3735//1
f 3787//8489 3744//8232 3746//8234
f 3736//2 3773//8490 3783//1
f 3789//8304 3756//8252 3730//8260
f 3790//8306 3780//8281 3782//8283
f 3751//8308 3766//8491 3791//8309
f 3790//8492 3761//2 3780//2
f 3792//8311 3783//8284 3784//8286
f 3750//8314 3749//8493 3794//8315
f 3733//2 3800//8337 3795//8317
f 3734//2 3795//8317 3785//2
f 3795//8317 3802//8338 3796//8318
f 3779//4 3774//8280 3768//8319
f 3797//8320 3768//8319 3767//8323
f 3789//2 3798//2 3767//2
f 3793//8325 3759//8254 3761//8256
f 3786//8327 3735//8223 3737//8225
f 3788//8303 3746//8302 3785//8494
f 3741//8271 3774//8272 3799//8331
f 3794//8332 3749//8333 3799//8333
f 3800//8334 3803//8495 3801//8335
f 3800//8337 3771//2 3802//8338
f 3803//8339 3752//8339 3804//8340
f 3805//8342 3739//8340 3806//8343
f 3807//8344 3806//8343 3808//8345
f 3801//8341 3804//8340 3739//8340
f 3743//8347 3742//8496 3808//8348
f 3750//8336 3801//8335 3805//8350
f 3748//8351 3805//8350 3807//8352
f 3738//8226 3758//8497 3808//8353
f 3800//8337 3733//2 3752//2
f 3740//8228 3739//8227 3804//8355
f 3809//8356 3815//8360 3810//7
f 3812//8357 3843//8498 3813//8358
f 3815//8360 3852//8415 3816//7
f 3817//8361 3848//8499 3818//8362
f 3820//8364 3869//8500 3821//8365
f 3822//8367 3871//8467 3823//8368
f 3825//8370 3836//8501 3826//8371
f 3828//7 3809//8356 3811//7
f 3829//8374 3864//8449 3830//8375
f 3832//8377 3828//7 3821//8373
f 3834//8379 3867//8471 3810//8380
f 3835//8382 3847//8502 3809//8383
f 3836//8385 3825//8414 3815//8360
f 3837//8386 3833//8503 3824//8387
f 3839//8389 3832//8377 3833//8378
f 3840//8391 3845//8504 3841//8392
f 3814//8359 3813//8358 3762//8257
f 3812//8394 3839//8389 3837//8390
f 3843//8396 3837//8386 3838//8388
f 3832//2 3859//2 3844//2
f 3824//8398 3850//8410 3846//8399
f 3847//8505 3854//8505 3836//8505
f 3848//8404 3817//8506 3839//8389
f 3831//8405 3866//8405 3771//8269
f 3849//8406 3860//1 3839//8407
f 3823//8409 3853//8507 3850//8410
f 3845//7 3840//7 3828//7
f 3851//8411 3835//1 3828//8412
f 3825//8414 3861//8508 3852//8415
f 3848//8416 3812//8357 3814//8359
f 3853//8418 3864//8319 3778//8279
f 3854//8419 3851//8509 3855//8420
f 3844//8422 3849//8510 3857//8423
f 3836//10 3854//10 3856//10
f 3849//8425 3844//8511 3859//8426
f 3845//8292 3844//5629 3858//5629
f 3851//8428 3854//8512 3847//8429
f 3855//8431 3851//8513 3840//2
f 3861//8433 3825//8514 3827//8434
f 3792//8515 3857//1 3819//1
f 3818//8417 3814//8359 3763//8258
f 3827//8516 3826//8517 3787//8518
f 3857//8490 3849//8490 3817//2
f 3813//8397 3838//8388 3789//8304
f 3856//8421 3855//8420 3790//8306
f 3860//8437 3859//8519 3832//8438
f 3858//8424 3857//8423 3792//8311
f 3841//2 3858//8520 3793//8520
f 3794//8315 3829//8521 3831//8441
f 3863//8442 3866//8453 3816//2
f 3862//8444 3863//8442 3852//8443
f 3796//8318 3802//8338 3863//8442
f 3850//8446 3853//8418 3779//4
f 3826//10 3856//10 3787//10
f 3846//8447 3850//8446 3797//8320
f 3846//2 3798//2 3789//2
f 3842//8393 3841//8392 3793//8325
f 3819//8363 3818//8362 3786//8327
f 3862//8522 3827//8436 3788//8303
f 3864//8449 3853//8507 3823//8409
f 3864//8319 3829//8523 3794//8332
f 3865//8450 3868//8524 3866//8451
f 3802//8338 3771//2 3866//8453
f 3867//8454 3834//8525 3868//8455
f 3869//8457 3820//8456 3870//8458
f 3872//8460 3869//8457 3871//8459
f 3820//8456 3867//8454 3865//8456
f 3872//8462 3822//8526 3824//8463
f 3870//8465 3865//8450 3831//8452
f 3871//8467 3870//8465 3830//8466
f 3821//8365 3869//8500 3872//8468
f 3866//8453 3868//8527 3834//8470
f 3867//8471 3820//8364 3811//8366
g Barrett_M82A1_Bullet
f 3873//7 3874//7 3875//7
f 3876//2 3877//8528 3874//8529
f 3878//8530 3877//8531 3879//8530
f 3880//8532 3881//8533 3882//8534
f 3875//8535 3883//8536 3878//8535
f 3879//8537 3876//8538 3880//8539
f 3882//8540 3884//8540 3873//8540
f 3885//8541 3886//8542 3887//8543
f 3888//8544 3889//8545 3886//8546
f 3890//8547 3891//8548 3892//8549
f 3893//8550 3887//8551 3894//8552
f 3895//8553 3886//8554 3896//8555
f 3890//8556 3888//8557 3895//8558
f 3893//8559 3891//8560 3897//8561
f 3898//8562 3899//8563 3900//8564
f 3892//8565 3901//8566 3888//8567
f 3894//8568 3902//8569 3891//8570
f 3887//8571 3889//8572 3903//8573
f 3892//8574 3902//8575 3898//8576
f 3887//8577 3904//8578 3894//8579
f 3905//8580 3906//8580 3907//8581
f 3903//8582 3908//8583 3904//8584
f 3901//8585 3909//8586 3889//8585
f 3898//8587 3905//8588 3901//8589
f 3904//8590 3899//8591 3902//8592
f 3903//8593 3909//8594 3910//8595
f 3907//8596 3911//8597 3912//8598
f 3908//8599 3913//8600 3899//8601
f 3910//8602 3914//8603 3912//8604
f 3900//8605 3913//8606 3906//8607
f 3910//8608 3911//8609 3908//8610
f 3905//8611 3914//8611 3909//8612
f 3915//8613 3916//8614 3917//8615
f 3916//8616 3918//8617 3917//8618
f 3919//8619 3920//8620 3918//8621
f 3920//8622 3921//8623 3922//8624
f 3923//8625 3924//8626 3921//8627
f 3921//8628 3925//8629 3922//8630
f 3926//8631 3915//8632 3925//8633
f 3918//8634 3927//8635 3917//8636
f 3924//8637 3928//27 3929//8637
f 3919//8638 3930//8639 3931//8640
f 3926//8641 3924//8642 3929//8643
f 3932//8644 3930//8645 3916//8646
f 3919//8647 3933//8648 3923//8649
f 3926//8650 3934//8651 3932//8652
f 3928//1 3895//8653 3935//8654
f 3931//8655 3936//8655 3933//8655
f 3930//8656 3935//8657 3937//8658
f 3929//7 3935//7 3934//7
f 3933//8659 3938//8660 3924//8660
f 3930//8661 3939//8662 3931//8663
f 3925//8664 3940//8665 3922//8666
f 3915//8667 3927//8668 3941//8669
f 3920//8670 3942//8671 3918//8672
f 3925//8673 3941//8674 3943//8675
f 3920//8676 3940//8677 3944//8678
f 3942//8679 3945//8680 3927//8681
f 3940//8682 3946//8683 3944//8684
f 3941//8685 3947//8686 3943//8687
f 3941//8688 3945//8689 3948//8690
f 3944//8691 3949//8692 3942//8693
f 3943//8694 3950//8694 3940//8694
f 3945//8695 3951//8696 3952//1
f 3950//8697 3953//8698 3946//8699
f 3948//8700 3954//8701 3947//8702
f 3945//8695 3955//8703 3948//8700
f 3946//8699 3951//8696 3949//8704
f 3950//8697 3954//8701 3956//8705
f 3955//8706 3957//8707 3954//8708
f 3956//8709 3958//8710 3953//8710
f 3952//8711 3959//8712 3960//8712
f 3954//8713 3961//8 3956//8713
f 3953//8714 3959//8715 3951//8716
f 3955//8717 3960//8718 3962//8719
f 3958//2 3963//2 3959//2
f 3936//1 3897//1 3938//1
f 3939//8720 3896//8721 3885//8722
f 3928//8723 3897//8724 3890//8725
f 3939//1 3893//1 3936//1
f 3935//8654 3896//8726 3937//1
f 3964//8727 3965//8728 3966//8729
f 3962//8730 3964//8731 3966//2
f 3957//8732 3966//8733 3967//8734
f 3958//8735 3968//8736 3969//8737
f 3959//8738 3964//8731 3960//8739
f 3957//8732 3968//8736 3961//8740
f 3970//2 3878//2 3971//2
f 3966//8741 3970//8742 3967//8743
f 3968//8744 3972//8745 3969//8746
f 3963//8747 3973//8747 3964//8748
f 3967//8749 3971//8750 3968//8751
f 3963//7 3972//7 3974//7
f 3972//2 3880//2 3974//2
f 3965//8752 3882//8752 3873//8753
f 3965//2 3875//2 3970//2
f 3972//8754 3878//8754 3879//8754
f 3974//2 3882//2 3973//2
f 3873//7 3884//7 3874//7
f 3874//8529 3884//2 3876//2
f 3881//2 3876//2 3884//2
f 3877//8528 3883//8755 3874//8529
f 3878//8756 3883//8757 3877//8758
f 3880//8532 3876//8759 3881//8533
f 3875//8760 3874//8535 3883//8760
f 3879//8537 3877//8761 3876//8538
f 3882//8762 3881//8763 3884//8763
f 3885//8541 3896//8764 3886//8542
f 3888//8544 3901//8765 3889//8545
f 3890//8547 3897//8766 3891//8548
f 3893//8550 3885//8767 3887//8551
f 3895//8553 3888//8768 3886//8554
f 3890//8556 3892//8769 3888//8557
f 3893//8559 3894//8770 3891//8560
f 3898//8771 3902//8772 3899//8773
f 3892//8565 3898//8774 3901//8566
f 3894//8568 3904//8775 3902//8569
f 3887//8571 3886//8776 3889//8572
f 3892//8574 3891//8777 3902//8575
f 3887//8577 3903//8778 3904//8578
f 3905//8779 3900//8780 3906//8781
f 3903//8582 3910//8782 3908//8583
f 3901//8783 3905//8784 3909//8785
f 3898//8587 3900//8786 3905//8588
f 3904//8787 3908//8788 3899//8789
f 3903//8790 3889//8791 3909//8792
f 3912//8598 3914//8793 3907//8596
f 3907//8596 3906//1 3911//8597
f 3913//1 3911//8597 3906//1
f 3908//8794 3911//8794 3913//8795
f 3910//8796 3909//8797 3914//8798
f 3900//8799 3899//8800 3913//8801
f 3910//8802 3912//8803 3911//8804
f 3905//8805 3907//8806 3914//8807
f 3915//8613 3932//8808 3916//8614
f 3916//8616 3919//8809 3918//8617
f 3919//8619 3923//8810 3920//8620
f 3920//8622 3923//8811 3921//8623
f 3923//8812 3933//8813 3924//8814
f 3921//8628 3926//8815 3925//8629
f 3926//8631 3932//8816 3915//8632
f 3918//8634 3942//8817 3927//8635
f 3924//8637 3938//8637 3928//27
f 3919//8818 3916//8819 3930//8820
f 3926//8821 3921//8822 3924//8821
f 3932//8823 3934//8824 3930//8825
f 3919//8647 3931//8826 3933//8648
f 3926//8650 3929//8827 3934//8651
f 3928//8723 3890//8725 3895//1
f 3931//8655 3939//8655 3936//8655
f 3930//8656 3934//8828 3935//8657
f 3929//7 3928//7 3935//7
f 3933//8659 3936//8829 3938//8660
f 3930//8661 3937//8830 3939//8662
f 3925//8831 3943//8832 3940//8833
f 3915//8834 3917//8835 3927//8836
f 3920//8670 3944//8837 3942//8671
f 3925//8673 3915//8838 3941//8674
f 3920//8676 3922//8839 3940//8677
f 3942//8679 3949//8840 3945//8680
f 3940//8841 3950//8842 3946//8843
f 3941//8685 3948//8844 3947//8686
f 3941//8689 3927//8690 3945//8688
f 3944//8691 3946//8845 3949//8692
f 3943//8846 3947//8847 3950//8848
f 3945//8695 3949//8704 3951//8696
f 3950//8697 3956//8705 3953//8698
f 3948//8700 3955//8703 3954//8701
f 3945//8695 3952//1 3955//8703
f 3946//8699 3953//8698 3951//8696
f 3950//8697 3947//8702 3954//8701
f 3955//8706 3962//8849 3957//8707
f 3956//8850 3961//8851 3958//8852
f 3952//8853 3951//8854 3959//8855
f 3954//8856 3957//8857 3961//8858
f 3953//8714 3958//8859 3959//8715
f 3955//8718 3952//8860 3960//8861
f 3958//8735 3969//8737 3963//8862
f 3936//1 3893//1 3897//1
f 3939//1 3937//1 3896//8726
f 3928//1 3938//1 3897//1
f 3939//8720 3885//8722 3893//1
f 3935//8654 3895//8653 3896//8726
f 3964//8728 3973//8729 3965//8727
f 3962//8730 3960//8739 3964//8731
f 3957//8863 3962//8863 3966//8864
f 3958//8735 3961//8740 3968//8736
f 3959//8738 3963//8865 3964//8731
f 3957//8732 3967//8734 3968//8736
f 3970//2 3875//2 3878//2
f 3966//8741 3965//8866 3970//8742
f 3968//8744 3971//8867 3972//8745
f 3963//8747 3974//8748 3973//8747
f 3967//8749 3970//8751 3971//8750
f 3963//7 3969//7 3972//7
f 3972//2 3879//2 3880//2
f 3965//2 3973//2 3882//2
f 3965//8868 3873//8869 3875//8868
f 3972//2 3971//2 3878//2
f 3974//2 3880//2 3882//2
