# HK MP5 submodel only
# Other weapons removed and unused geometry stripped.
mtllib result.mtl
v  -48.484413 -0.51789045 -79.326599
v  -48.293533 -1.1229415 -79.216408
v  -48.484413 -1.1229396 -79.326607
v  -48.293533 -0.51789236 -79.2164
v  -48.293533 -1.1229415 -78.996002
v  -48.293533 -0.51789236 -78.995995
v  -48.484413 -1.1229377 -78.885796
v  -48.484413 -0.51788855 -78.885788
v  -48.67527 -1.1229415 -78.996002
v  -48.67527 -0.51789236 -79.2164
v  -48.67527 -0.51789236 -78.995995
v  -48.67527 -1.1229415 -79.216408
v  -41.872467 0.75893068 -78.661896
v  -41.872429 -0.43314505 -77.989281
v  -41.872429 0.43314219 -77.989281
v  -40.648376 -0.75893164 -78.661888
v  -40.648376 -0.43314505 -77.989281
v  -40.648376 0.43314219 -77.989281
v  -40.648376 0.75893068 -78.661896
v  -40.648376 -0.75893736 -76.644066
v  -41.872429 0.75893068 -76.644066
v  -41.872429 -0.75893736 -76.644066
v  -41.872467 -0.75893164 -78.661888
v  -40.648376 0.433146 -77.316673
v  -40.648376 0.75893068 -76.644066
v  -41.872429 0.433146 -77.316673
v  -40.648376 -0.43314123 -77.316673
v  -41.872429 -0.43314123 -77.316673
v  -77.338547 -0.63808584 -79.394714
v  -77.338547 -1.1128726 -78.696312
v  -77.338547 -0.63808775 -78.69632
v  -58.769394 -0.63807821 -79.394707
v  -59.36039 -1.1128707 -79.394714
v  -59.36039 -0.63807821 -79.394707
v  -58.769394 -0.63808012 -78.696312
v  -58.769394 -1.1128707 -79.394714
v  -68.395256 -1.1128726 -78.69632
v  -68.395256 -0.63808012 -78.696312
v  -59.36039 -0.63808012 -78.696312
v  -68.395256 -1.1128707 -79.394714
v  -77.338547 -1.1128707 -79.394707
v  -67.855629 -1.284349 -79.394707
v  -68.395256 -0.63807821 -79.394707
v  -67.855629 -0.63808012 -78.696312
v  -67.855629 -1.2843509 -78.696312
v  -66.348396 -0.63808012 -78.696312
v  -66.117569 -1.1128726 -78.69632
v  -66.117569 -0.63808012 -78.696312
v  -66.117569 -1.1128707 -79.394714
v  -66.348396 -1.1128726 -78.69632
v  -66.348396 -1.1128707 -79.394714
v  -66.89476 -0.63808012 -78.696312
v  -66.348396 -0.63807821 -79.394707
v  -66.89476 -0.63807821 -79.394707
v  -66.89476 -1.284349 -79.394707
v  -67.855629 -0.63807821 -79.394707
v  -66.89476 -1.2843509 -78.696312
v  -59.36039 -1.1128726 -78.69632
v  -58.769394 -1.1128726 -78.69632
v  -59.859474 -0.63808012 -78.696312
v  -59.859474 -0.63807821 -79.394707
v  -59.859474 -1.3120055 -79.394707
v  -61.024055 -0.63807821 -79.394707
v  -66.117569 -0.63807821 -79.394707
v  -60.580406 -1.3120055 -79.394707
v  -61.024055 -1.1128726 -78.69632
v  -61.024055 -1.1128707 -79.394714
v  -60.580406 -0.63808012 -78.696312
v  -60.580406 -1.3120074 -78.696312
v  -59.859474 -1.3120074 -78.696312
v  -60.580406 -0.63807821 -79.394707
v  -61.024055 -0.63808012 -78.696312
v  -41.928154 4.7683716e-07 -80.583839
v  -41.928154 -0.55812025 -80.264679
v  -41.928154 4.7683716e-07 -80.264679
v  -40.59269 -0.77160406 -80.828995
v  -40.59269 -0.55812025 -80.264679
v  -40.59269 4.7683716e-07 -80.583839
v  -40.59269 0.5581212 -80.264679
v  -40.59269 4.7683716e-07 -80.264679
v  -40.59269 0.77160883 -80.828995
v  -41.928154 0.5581212 -80.264679
v  -40.59269 4.7683716e-07 -79.328293
v  -41.928154 0.71640825 -79.328285
v  -41.928154 4.7683716e-07 -79.328293
v  -40.59269 0.55812311 -79.892616
v  -40.59269 0.71640825 -79.328285
v  -41.928154 0.55812311 -79.892616
v  -40.59269 2.3841858e-06 -79.892616
v  -41.928154 -0.7164073 -79.328293
v  -40.59269 -0.55811834 -79.892616
v  -40.59269 -0.7164073 -79.328293
v  -41.928154 -0.55811834 -79.892616
v  -41.928154 2.3841858e-06 -79.892616
v  -41.928154 -0.77160406 -80.828995
v  -41.928154 0.77160883 -80.828995
v  -100.11074 2.5537801 -77.012306
v  -100.11074 2.0931287 -75.497375
v  -100.11074 2.5537839 -75.497375
v  -79.145164 2.0931249 -77.012299
v  -79.145164 2.0931211 -75.497368
v  -79.145164 2.5537686 -75.497368
v  -79.145164 2.5537724 -77.012299
v  -100.11074 2.0931325 -77.012306
v  -81.445152 -2.313623 -76.476303
v  -78.080719 -1.6359782 -78.112274
v  -78.080719 -2.313623 -76.476303
v  -81.445152 -1.6359782 -78.112274
v  -78.080719 4.7683716e-07 -78.789909
v  -81.445152 1.6359715 -78.112267
v  -78.080719 1.6359715 -78.112267
v  -78.080719 2.0366426 -77.144958
v  -81.445152 2.0682244 -76.159088
v  -78.080719 2.0682244 -76.159081
v  -78.080719 1.8684926 -75.401672
v  -81.445152 1.6359677 -74.840324
v  -78.080719 1.6359677 -74.840324
v  -81.445152 -1.0967255e-05 -74.162689
v  -78.080719 -1.0967255e-05 -74.162689
v  -81.445152 2.0366445 -77.144966
v  -78.080719 -1.635982 -74.840332
v  -81.445152 -1.635982 -74.840332
v  -81.445152 1.8684926 -75.401672
v  -81.445152 -7.1525574e-06 -78.789917
v  -56.47509 -0.61918402 -75.865738
v  -36.059906 -0.61917639 -76.580696
v  -36.059906 -0.61917639 -75.865723
v  -56.47509 -0.61918402 -76.580704
v  -36.059906 2.3841858e-06 -76.938187
v  -56.47509 0.61918116 -76.580704
v  -36.059906 0.61918879 -76.580696
v  -56.47509 0.61918116 -75.865738
v  -36.059906 0.61918879 -75.865723
v  -57.203644 -0.99618673 -75.648079
v  -57.203613 -0.99618673 -76.79837
v  -56.47509 2.3841858e-06 -75.50824
v  -36.059906 2.3841858e-06 -75.508247
v  -36.059906 0.36900949 -76.01017
v  -36.059906 0.36900759 -76.436272
v  -59.505814 -5.2452087e-06 -75.072937
v  -59.505814 -0.99618673 -75.648079
v  -56.47509 2.3841858e-06 -76.938187
v  -57.203644 0.99617624 -76.79837
v  -57.203644 2.3841858e-06 -75.072922
v  -57.203644 0.99617624 -75.648079
v  -57.203644 2.3841858e-06 -77.373505
v  -59.505814 -0.99618673 -76.79837
v  -59.502777 -5.2452087e-06 -76.890167
v  -59.505814 -5.2452087e-06 -77.373512
v  -59.505814 0.99617624 -75.648079
v  -59.505814 0.99617624 -76.798363
v  -56.585266 0.36900377 -76.010178
v  -56.585266 0.36899996 -76.436272
v  -36.059906 4.7683716e-07 -76.649315
v  -36.059906 -0.36901426 -76.436272
v  -36.059906 -3.3378601e-06 -75.797127
v  -36.059906 -0.36901236 -76.01017
v  -56.585266 -7.1525574e-06 -76.649315
v  -57.144775 0.5775857 -76.556694
v  -57.144775 -5.2452087e-06 -76.890167
v  -56.585266 -0.36901426 -76.436264
v  -56.585266 -1.0967255e-05 -75.797134
v  -56.585266 -0.36901045 -76.01017
v  -59.502777 -0.57759619 -76.556694
v  -57.144775 -0.57759619 -76.556694
v  -57.144775 -0.57759619 -75.889748
v  -57.144775 -5.2452087e-06 -75.556274
v  -57.144775 0.5775857 -75.889748
v  -59.502777 0.5775857 -76.556694
v  -59.502777 -5.2452087e-06 -75.556274
v  -59.502777 0.5775857 -75.889748
v  -59.502777 -0.57759619 -75.889748
v  -59.36039 1.1128602 -79.394714
v  -58.769394 0.63807535 -79.394707
v  -59.36039 0.63807535 -79.394707
v  -58.769394 1.1128602 -79.394714
v  -58.769394 0.63807344 -78.696312
v  -59.36039 0.63807344 -78.696312
v  -59.36039 1.1128583 -78.69632
v  -58.769394 1.1128583 -78.69632
v  -59.859474 0.63807344 -78.696312
v  -59.859474 0.63807535 -79.394707
v  -61.439522 1.1128602 -79.394714
v  -61.024055 0.63807535 -79.394707
v  -61.439522 0.63807535 -79.394707
v  -61.439522 0.63807344 -78.696312
v  -60.580406 1.3120027 -79.394707
v  -61.024055 1.1128583 -78.69632
v  -60.580406 1.3120008 -78.696312
v  -60.580406 0.63807344 -78.696312
v  -61.024055 0.63807344 -78.696312
v  -59.859474 1.3120008 -78.696312
v  -59.859474 1.3120027 -79.394707
v  -61.024055 1.1128602 -79.394714
v  -60.580406 0.63807535 -79.394707
v  -61.439522 1.1128583 -78.69632
v  -83.534363 0.28802156 -75.142403
v  -83.534363 -0.28804159 -74.56633
v  -83.534363 0.28802347 -74.56633
v  -82.958298 -0.2880435 -75.142403
v  -82.958298 -0.28804159 -74.56633
v  -82.958298 0.28802347 -74.56633
v  -82.958298 0.28802156 -75.142403
v  -83.534363 -0.2880435 -75.142403
v  -83.534363 0.28802347 -72.925278
v  -83.247437 -0.2880435 -72.408997
v  -83.247437 0.28802156 -72.408997
v  -82.958298 0.28802347 -72.925278
v  -83.534363 -0.28804159 -72.925278
v  -81.796661 -0.28804159 -72.925278
v  -82.885689 -0.2880435 -72.408997
v  -82.958298 -0.28804159 -72.925278
v  -82.156235 0.28802156 -72.408997
v  -82.885689 0.28802156 -72.408997
v  -81.796661 0.28802347 -72.925278
v  -82.156235 -0.2880435 -72.408997
v  -63.613342 0.69847918 -73.98214
v  -63.140289 1.0487885 -71.685944
v  -63.140289 0.69847727 -71.685936
v  -63.613342 1.0487905 -73.982147
v  -64.701347 1.0487905 -71.601616
v  -62.871307 0.6984787 -70.380486
v  -64.078239 1.04879 -70.380493
v  -64.078239 0.6984787 -70.380486
v  -65.174431 0.69848108 -73.89782
v  -64.387367 1.0487938 -70.986252
v  -63.004745 1.0487881 -71.028091
v  -63.004745 0.69847679 -71.028084
v  -64.701347 0.69847918 -71.601608
v  -64.387367 3.8146973e-06 -70.986244
v  -64.387367 0.69848251 -70.986244
v  -64.701347 4.7683716e-07 -71.601608
v  -65.174431 1.0487924 -73.897827
v  -63.140289 -1.4305115e-06 -71.685936
v  -63.004745 -1.9073486e-06 -71.028084
v  -65.174431 2.3841858e-06 -73.89782
v  -63.613342 4.7683716e-07 -73.98214
v  -62.871307 1.04879 -70.380493
v  -63.140289 -1.048799 -71.685944
v  -63.613342 -0.69848585 -73.982147
v  -63.140289 -0.69848776 -71.685944
v  -64.701347 -1.0487971 -71.601616
v  -63.613342 -1.0487971 -73.982147
v  -64.078239 -1.0487976 -70.380493
v  -62.871307 -0.69848633 -70.380493
v  -64.078239 -0.69848633 -70.380493
v  -65.174431 -0.69848394 -73.897827
v  -64.387367 -1.0487938 -70.986252
v  -63.004745 -1.0487995 -71.028091
v  -63.004745 -0.69848824 -71.028091
v  -64.701347 -0.69848585 -71.601616
v  -64.387367 -0.69848251 -70.986252
v  -65.174431 -1.0487952 -73.89782
v  -62.871307 -1.0487976 -70.380493
v  -49.363235 -2.8226142 -78.822548
v  -48.970161 -3.1901298 -79.328308
v  -48.970161 -3.1901317 -78.82254
v  -48.292099 -3.1901317 -78.82254
v  -48.169044 -3.1901298 -79.328308
v  -48.169044 -3.1901317 -78.82254
v  -48.169044 -1.3139472 -79.328308
v  -48.169044 -0.92388105 -78.82254
v  -48.169044 -1.3139491 -78.82254
v  -48.845436 -0.92387915 -79.328308
v  -48.970161 -0.92388105 -78.82254
v  -48.845436 -0.92388105 -78.82254
v  -48.352501 -1.313951 -78.750061
v  -48.292099 -0.92388105 -78.82254
v  -49.177361 -1.3139529 -79.418785
v  -48.970161 -0.92387915 -79.328308
v  -49.281357 -1.6029468 -79.418785
v  -49.363235 -1.3139472 -79.328308
v  -48.277473 -1.6029429 -78.82254
v  -48.460129 -1.6029449 -78.750069
v  -49.363235 -1.3139491 -78.82254
v  -48.169044 -2.8226161 -78.82254
v  -48.352501 -2.822618 -78.750069
v  -49.177361 -2.8226199 -79.418785
v  -48.845436 -3.1901298 -79.328308
v  -49.466431 -2.5336204 -78.822548
v  -49.363235 -2.8226142 -79.328308
v  -49.466431 -1.6029429 -78.82254
v  -49.466431 -1.602941 -79.328308
v  -48.169044 -2.8226142 -79.328308
v  -48.277473 -2.5336223 -78.82254
v  -48.277473 -2.5336204 -79.328308
v  -48.460129 -2.5336242 -78.750069
v  -49.281357 -2.5336261 -79.418785
v  -49.466431 -2.5336204 -79.328308
v  -48.460129 -2.5336261 -79.418785
v  -48.277473 -1.602941 -79.328308
v  -48.352501 -2.8226199 -79.418785
v  -49.281357 -1.6029449 -78.750069
v  -49.281357 -2.5336242 -78.750069
v  -49.177361 -2.822618 -78.750069
v  -48.292099 -3.1901298 -79.328308
v  -48.845436 -3.1901317 -78.82254
v  -49.177361 -1.313951 -78.750069
v  -48.352501 -1.3139529 -79.418785
v  -48.292099 -0.92387915 -79.328316
v  -48.169044 -0.92387915 -79.328316
v  -48.460129 -1.6029468 -79.418785
v  -76.208916 -0.99092054 -80.58345
v  -76.503769 -0.80298185 -80.413208
v  -76.503769 -0.99092436 -80.413216
v  -76.208916 -0.99092054 -80.923912
v  -76.208916 -0.80297804 -80.583443
v  -76.503769 -0.99091864 -81.094139
v  -76.208916 -0.80297804 -80.923904
v  -76.798622 -0.99092054 -80.923912
v  -76.503769 -0.80297613 -81.094131
v  -76.798622 -0.80297804 -80.583435
v  -76.798622 -0.99092054 -80.583443
v  -76.798622 -0.80297804 -80.923904
v  -63.99102 1.3556828 -71.539574
v  -63.627846 -1.3556895 -71.329887
v  -63.99102 -1.3556895 -71.539581
v  -63.627846 1.3556828 -71.32988
v  -63.627846 -1.3556938 -70.910522
v  -63.627846 1.3556786 -70.910515
v  -63.99102 -1.3556919 -70.700836
v  -63.99102 1.3556805 -70.700829
v  -64.354225 -1.3556938 -70.910522
v  -64.354225 1.3556828 -71.32988
v  -64.354225 1.3556786 -70.910515
v  -64.354225 -1.3556895 -71.329887
v  -64.103745 1.4212537 -73.224602
v  -63.537292 -0.16996908 -72.89756
v  -64.103745 -0.16997099 -73.224594
v  -63.537292 1.4212537 -72.2435
v  -63.537292 -0.16997099 -72.243492
v  -64.103745 -0.16996908 -71.916458
v  -64.103745 1.4212556 -71.916466
v  -64.670189 -0.16997099 -72.243492
v  -64.670189 1.4212556 -72.897568
v  -64.670189 1.4212537 -72.2435
v  -63.537292 1.4212556 -72.897568
v  -64.670189 -0.16996908 -72.89756
v  -79.403084 1.6674695 -74.414825
v  -79.063492 -1.6674876 -74.218765
v  -79.403084 -1.6674914 -74.414825
v  -79.063492 1.6674733 -74.218765
v  -79.063492 -1.6674876 -73.82666
v  -79.403084 1.6674695 -73.630608
v  -79.403084 -1.6674914 -73.630608
v  -79.74263 -1.6674876 -73.82666
v  -79.74263 1.6674733 -74.218765
v  -79.74263 1.6674733 -73.82666
v  -79.74263 -1.6674876 -74.218765
v  -79.063492 1.6674733 -73.82666
v  -80.446381 -9.059906e-06 -77.2239
v  -80.446381 1.7208428 -78.075676
v  -80.446381 2.0726552 -77.223892
v  -81.488426 1.7208428 -78.075676
v  -82.885689 2.0726552 -77.2239
v  -81.496025 2.0726552 -77.223892
v  -80.446381 -7.1525574e-06 -72.861473
v  -79.977753 0.86228991 -72.861473
v  -80.446381 1.2743917 -72.861465
v  -82.291649 -7.1525574e-06 -79.013741
v  -81.516541 0.93578005 -80.269936
v  -81.516541 -1.0967255e-05 -80.269943
v  -80.81147 0.93578005 -80.269928
v  -80.81147 -1.0967255e-05 -80.269936
v  -81.199028 1.3153996 -79.013741
v  -80.446381 0.93578005 -80.269928
v  -82.870453 -5.2452087e-06 -78.075684
v  -82.658424 1.0928102 -78.419312
v  -82.658424 -9.059906e-06 -78.419312
v  -81.382416 1.0928102 -78.419312
v  -80.446381 1.3153996 -79.013741
v  -80.446381 -7.1525574e-06 -79.013741
v  -80.446381 1.0928102 -78.419312
v  -80.446381 -5.2452087e-06 -78.075684
v  -82.870453 1.7208428 -78.075676
v  -82.885689 -7.1525574e-06 -77.223907
v  -82.898903 2.0843282 -76.153442
v  -82.917664 -5.2452087e-06 -75.435516
v  -82.917664 1.9424844 -75.435516
v  -81.502632 2.0843282 -76.153442
v  -81.512047 1.9424844 -75.435516
v  -80.446381 -5.2452087e-06 -75.435516
v  -80.446381 2.0843282 -76.153442
v  -80.446381 1.9424844 -75.435516
v  -82.898903 -5.2452087e-06 -76.486053
v  -80.446381 -5.2452087e-06 -76.486053
v  -80.446381 1.8010507 -73.304817
v  -79.977753 1.5303903 -75.435509
v  -82.920639 1.8738694 -75.162537
v  -81.515091 1.8010507 -73.304817
v  -81.515717 1.2743917 -72.861465
v  -81.515717 -7.1525574e-06 -72.861473
v  -82.291649 1.3153996 -79.013741
v  -80.446381 -1.0967255e-05 -80.269936
v  -82.925064 -5.2452087e-06 -74.755669
v  -79.977753 -7.1525574e-06 -72.861473
v  -77.849159 0.86228991 -72.861465
v  -77.849159 -5.2452087e-06 -75.435516
v  -77.849159 1.3889565 -73.304817
v  -77.849159 -7.1525574e-06 -72.861465
v  -79.977753 -5.2452087e-06 -75.435516
v  -79.977753 1.3889565 -73.30481
v  -77.849159 1.5303903 -75.435516
v  -82.925064 1.2743936 -74.755661
v  -80.446381 -1.7208457 -78.075684
v  -82.885689 -2.0726619 -77.223907
v  -81.488426 -1.7208457 -78.075684
v  -81.496025 -2.0726638 -77.2239
v  -79.977753 -0.86230421 -72.861473
v  -80.446381 -1.2743983 -72.861473
v  -81.516541 -0.93579435 -80.269943
v  -82.291649 -1.3154063 -79.013733
v  -81.199028 -1.3154063 -79.013733
v  -80.446381 -0.93579435 -80.269936
v  -80.446381 -1.3154063 -79.013733
v  -82.658424 -1.0928283 -78.419312
v  -82.870453 -1.7208457 -78.075676
v  -81.382416 -1.0928283 -78.419312
v  -80.446381 -1.0928283 -78.419312
v  -80.446381 -9.059906e-06 -78.419312
v  -82.898903 -2.0843368 -76.15345
v  -82.917664 -1.9424872 -75.435509
v  -81.502632 -2.0843368 -76.15345
v  -81.512047 -1.9424872 -75.435509
v  -80.446381 -2.0843368 -76.15345
v  -80.446381 -2.0726638 -77.2239
v  -79.977753 -1.5303931 -75.435509
v  -80.446381 -1.8010535 -73.304817
v  -80.446381 -1.9424872 -75.435509
v  -82.920639 -1.8738875 -75.162537
v  -81.515091 -1.8010535 -73.304817
v  -81.515717 -1.2743983 -72.861473
v  -80.81147 -0.93579435 -80.269936
v  -77.849159 -0.86230421 -72.861465
v  -77.849159 -1.3889594 -73.304825
v  -77.849159 -1.5303931 -75.435509
v  -79.977753 -1.3889594 -73.304817
v  -82.925064 -1.2743964 -74.755669
v  -63.712624 0.51255989 -69.940468
v  -63.487869 -0.51256371 -71.036049
v  -63.712624 -0.51256561 -69.940475
v  -63.215782 -0.51256371 -70.980232
v  -63.440498 -0.51256371 -69.884659
v  -63.440498 0.51255989 -69.884651
v  -63.215782 0.51255989 -70.980217
v  -63.712624 -0.79547119 -69.940468
v  -63.712624 0.79546547 -69.940475
v  -63.440498 0.79546547 -69.884659
v  -63.440498 -0.79546928 -69.884651
v  -63.648659 -0.79546928 -68.869919
v  -63.920784 0.79546356 -68.925743
v  -63.920784 -0.79547119 -68.925735
v  -63.648659 0.79546547 -68.869926
v  -63.487907 0.51255989 -71.036041
v  -79.403084 1.5904527 -74.584419
v  -78.916611 -1.5904651 -74.303574
v  -79.403084 -1.5904632 -74.584427
v  -78.916611 1.5904508 -74.303566
v  -78.916611 -1.5904593 -73.741852
v  -78.916611 1.5904565 -73.741844
v  -79.403084 -1.5904593 -73.460999
v  -79.403084 1.5904565 -73.460991
v  -79.889549 -1.5904593 -73.741852
v  -79.889549 1.5904508 -74.303566
v  -79.889549 1.5904565 -73.741844
v  -79.889511 -1.5904651 -74.303574
v  -70.970604 1.492312 -73.393471
v  -70.58873 0.80571413 -73.071724
v  -70.970604 0.80571985 -73.393471
v  -70.58873 1.4923062 -73.071732
v  -70.58873 0.80571795 -72.157097
v  -71.380821 1.492312 -71.699783
v  -71.380821 0.80571985 -71.699783
v  -72.172913 0.80571795 -72.157097
v  -72.415764 1.7093797 -72.992798
v  -72.297928 1.49231 -72.587234
v  -72.415764 1.0227876 -72.992798
v  -72.297928 0.80571795 -72.587234
v  -71.352509 1.0227895 -73.71521
v  -72.702423 1.0227914 -73.894707
v  -72.084373 1.0227876 -74.394516
v  -72.779076 1.7093835 -74.803177
v  -72.084373 1.7093797 -74.394516
v  -71.352509 1.7093835 -73.715218
v  -72.702423 1.7093835 -73.894707
v  -73.111061 1.7093835 -74.508141
v  -72.779076 1.0227914 -74.803177
v  -73.111061 1.0227914 -74.508141
v  -72.172913 1.49231 -72.157097
v  -70.58873 1.49231 -72.157097
v  -40.567345 -0.8067317 -75.757454
v  -41.953506 -1.4305115e-06 -75.291687
v  -41.953506 -0.8067317 -75.757454
v  -40.567345 0.80673265 -75.757446
v  -41.953506 0.80673265 -75.757446
v  -40.567345 0.80672884 -76.68898
v  -41.953506 0.80672884 -76.68898
v  -40.567345 -1.4305115e-06 -77.154755
v  -41.953506 -1.4305115e-06 -77.154755
v  -40.567345 2.3841858e-06 -75.566887
v  -40.567345 0.56839991 -75.895042
v  -41.953506 -0.80673552 -76.688988
v  -40.567345 -0.80673552 -76.688988
v  -40.567345 4.7683716e-07 -76.879547
v  -40.567345 -0.56839514 -76.551384
v  -40.567345 -1.4305115e-06 -75.291687
v  -40.567345 0.56839991 -76.551376
v  -40.567345 -0.56839514 -75.89505
v  -73.947647 0.49465418 -80.137039
v  -73.947647 -0.49465895 -79.662262
v  -73.947647 0.49465227 -79.662254
v  -59.159393 -0.49465132 -79.662254
v  -58.568428 -0.49464941 -80.137039
v  -58.568428 -0.49465132 -79.662254
v  -58.568428 0.49465227 -79.662262
v  -68.19426 0.49465418 -80.137047
v  -68.19426 0.49465227 -79.662262
v  -59.159393 0.49465227 -79.662262
v  -73.947647 -0.49465704 -80.137047
v  -68.19426 -0.49465704 -80.137047
v  -67.65464 0.49465418 -80.308525
v  -67.65464 -0.49465704 -80.308525
v  -68.19426 -0.49465895 -79.662262
v  -67.65464 0.49465227 -79.662262
v  -60.823059 0.49465418 -80.137047
v  -66.1474 0.49465227 -79.662262
v  -60.823059 0.49465227 -79.662262
v  -66.1474 -0.49465704 -80.137047
v  -60.823059 -0.49464941 -80.137039
v  -66.1474 -0.49465895 -79.662262
v  -66.693764 0.49465227 -79.662262
v  -66.693764 -0.49465895 -79.662262
v  -67.65464 -0.49465895 -79.662262
v  -66.693764 0.49465418 -80.308525
v  -66.693764 -0.49465704 -80.308525
v  -66.1474 0.49465418 -80.137047
v  -59.159393 -0.49464941 -80.137039
v  -58.568428 0.49465418 -80.137047
v  -59.658508 0.49465227 -79.662262
v  -59.658508 -0.49465132 -79.662254
v  -60.823059 -0.49465132 -79.662254
v  -60.37941 0.49465036 -80.336189
v  -60.37941 -0.49465322 -80.336182
v  -60.37941 0.49465227 -79.662262
v  -59.658508 0.49465036 -80.336189
v  -59.658508 -0.49465322 -80.336182
v  -60.37941 -0.49465132 -79.662254
v  -59.159393 0.49465418 -80.137047
v  -66.297951 -0.8409133 -79.018715
v  -61.77346 -0.59461355 -79.613327
v  -61.77346 -0.84090567 -79.018707
v  -66.297951 -0.59461355 -79.613319
v  -61.77346 -3.3378601e-06 -79.859619
v  -66.297951 0.59461069 -79.613319
v  -61.77346 0.59461069 -79.613319
v  -66.297951 0.84090281 -79.018715
v  -61.77346 0.84090281 -79.018715
v  -66.297951 0.59460306 -78.424103
v  -61.77346 0.59461069 -78.424095
v  -66.297951 4.7683716e-07 -78.177803
v  -61.77346 4.7683716e-07 -78.177795
v  -61.77346 -0.59461355 -78.424103
v  -66.297951 -0.59461355 -78.424095
v  -59.806648 -0.57946157 -79.018715
v  -59.806648 -0.4097476 -78.608978
v  -56.656693 -0.57946157 -79.018715
v  -56.656693 -0.40973997 -78.608971
v  -59.806648 -0.40974379 -79.428452
v  -59.806648 2.3841858e-06 -79.59816
v  -59.806648 0.4097333 -78.608978
v  -59.806648 0.40973711 -79.428452
v  -59.806648 4.7683716e-07 -78.43924
v  -59.806648 0.57945871 -79.018707
v  -56.656693 0.57945871 -79.018707
v  -56.656693 0.4097333 -78.608978
v  -56.656693 0.40973711 -79.428452
v  -56.656693 2.3841858e-06 -79.598167
v  -56.656693 -0.40973616 -79.428444
v  -56.656693 4.7683716e-07 -78.439247
v  -66.297951 -3.3378601e-06 -79.859619
v  -70.322624 -0.5645237 -66.750191
v  -71.102554 0.56451607 -66.987061
v  -70.322624 0.56451225 -66.750191
v  -70.322624 -0.5645237 -66.317566
v  -67.951767 -0.5645237 -66.750191
v  -67.951767 -0.5645237 -66.317566
v  -67.951767 0.56451225 -66.750191
v  -67.363152 -0.56451988 -66.959854
v  -70.322624 0.56451225 -66.317566
v  -67.951767 0.56451225 -66.317566
v  -67.363152 0.56451607 -66.959854
v  -66.644173 0.56451607 -67.369461
v  -66.99826 0.56451416 -67.61805
v  -67.064766 -0.5645256 -66.646622
v  -67.064766 0.56451035 -66.646622
v  -66.133759 -0.5645237 -69.702026
v  -66.99826 -0.5645237 -67.618057
v  -66.644173 -0.56451988 -67.369461
v  -66.124008 -0.5645237 -70.088219
v  -66.59211 0.56451416 -70.3927
v  -66.59211 -0.56452179 -70.3927
v  -65.732689 -0.5645237 -69.539833
v  -65.732689 0.56451225 -69.539825
v  -66.133759 0.56451225 -69.702019
v  -64.792694 0.56451416 -70.369392
v  -64.792694 -0.56452179 -70.369392
v  -65.363403 -0.56451988 -70.030731
v  -66.124008 0.56451225 -70.088219
v  -65.363403 0.56451607 -70.030731
v  -71.301735 -0.5645237 -66.60302
v  -72.054413 0.56451225 -66.990417
v  -72.054413 -0.5645237 -66.990417
v  -71.102554 -0.56451988 -66.987061
v  -71.301735 0.56451225 -66.60302
v  -72.082092 -0.56451988 -68.146774
v  -73.285423 -0.5645237 -66.879967
v  -72.53949 -0.56452179 -68.378471
v  -71.858902 -0.56452179 -67.37635
v  -71.858902 0.56451416 -67.37635
v  -72.53949 0.56451607 -68.378464
v  -73.285423 0.56451225 -66.879967
v  -72.082092 0.56451607 -68.146767
v  -72.828033 0.56451416 -66.648262
v  -72.828033 -0.56452179 -66.648262
v  -72.42363 0.56451035 -66.991501
v  -72.42363 -0.5645256 -66.991501
v  -72.084106 0.56451416 -67.646782
v  -72.084106 -0.56452179 -67.64679
v  -82.738411 2.5781827 -77.244781
v  -82.738411 1.7239881 -77.019447
v  -82.738411 2.5781827 -77.019455
v  -78.123337 1.7239881 -77.244774
v  -78.123337 1.7239881 -77.019447
v  -78.123337 2.5781827 -77.244781
v  -78.123337 2.8154645 -77.019447
v  -78.123337 2.5781827 -77.019455
v  -78.123337 2.8154645 -77.244774
v  -82.738411 2.8154569 -77.019455
v  -78.123337 2.5781827 -75.252449
v  -82.738411 2.8154569 -75.252449
v  -82.738411 2.5781827 -75.252449
v  -82.738411 2.8154588 -75.464493
v  -78.123337 2.8154664 -75.464485
v  -78.123337 2.5781846 -75.464493
v  -78.123337 1.72399 -75.464485
v  -82.738411 2.5781846 -75.464493
v  -82.738411 1.7239881 -75.252441
v  -78.123337 1.7239881 -75.252441
v  -78.123337 2.8154645 -75.252441
v  -82.738411 1.7239881 -77.244774
v  -82.738411 2.8154569 -77.244781
v  -82.738411 1.72399 -75.464485
v  -56.708359 -1.2247539 -75.660309
v  -56.975761 -1.8540835 -75.564819
v  -56.975761 -1.2842402 -75.802765
v  -56.708359 -1.1057715 -75.375397
v  -56.708359 -1.7945876 -75.422348
v  -56.975761 -1.616117 -74.99498
v  -56.708359 -1.6756053 -75.137428
v  -56.975761 -1.0462909 -75.232941
v  -57.243156 -1.6756053 -75.137428
v  -57.243156 -1.1057715 -75.375397
v  -57.243156 -1.7945876 -75.422348
v  -57.243156 -1.2247539 -75.660316
v  -76.503769 0.7426877 -80.413216
v  -76.208916 0.93062639 -80.58345
v  -76.503769 0.93062258 -80.413216
v  -76.208916 0.74269152 -80.58345
v  -76.208916 0.93062639 -80.923912
v  -76.208916 0.74269152 -80.923912
v  -76.503769 0.9306283 -81.094139
v  -76.503769 0.74269342 -81.094139
v  -76.798622 0.93062639 -80.923912
v  -76.798622 0.74269152 -80.583443
v  -76.798622 0.74269152 -80.923912
v  -76.798622 0.93062639 -80.583443
v  -47.377441 -0.77448416 -79.018715
v  -56.483086 -0.54764318 -78.471069
v  -56.483086 -0.77448416 -79.018715
v  -47.377441 -0.54763556 -78.471062
v  -56.483086 4.7683716e-07 -78.244225
v  -47.377441 0.54764032 -78.471069
v  -56.483086 0.54764032 -78.471069
v  -47.377441 0.7744813 -79.018707
v  -56.483086 0.7744813 -79.018707
v  -47.377441 0.54764032 -79.566353
v  -56.483086 0.54764032 -79.566353
v  -47.377441 -3.3378601e-06 -79.793198
v  -56.483086 -3.3378601e-06 -79.79319
v  -46.897026 -0.30290747 -79.321609
v  -46.897026 -0.4283843 -79.018715
v  -56.483086 -0.54764318 -79.566353
v  -47.377441 -0.54763556 -79.566345
v  -45.475822 2.3841858e-06 -79.44709
v  -45.475822 -0.30290747 -79.321617
v  -46.897026 -0.30290747 -78.71579
v  -46.897026 2.3841858e-06 -78.590332
v  -46.897026 0.30291224 -78.715797
v  -46.897026 2.3841858e-06 -79.44709
v  -46.897026 0.42838144 -79.018707
v  -47.377441 4.7683716e-07 -78.244232
v  -46.897026 0.30291224 -79.321617
v  -45.475822 0.30291224 -79.321625
v  -45.475822 0.42838144 -79.018707
v  -45.475822 0.30291224 -78.715797
v  -45.475822 -0.4283843 -79.018715
v  -45.475822 -0.30290747 -78.71579
v  -45.475822 2.3841858e-06 -78.590332
v  -56.25219 2.0535741 -76.191971
v  -61.951302 1.5353703 -74.940926
v  -56.25219 1.535378 -74.940918
v  -61.951302 1.8886952 -77.158676
v  -62.502815 1.8838563 -76.476303
v  -61.951302 2.1713471 -76.476295
v  -61.951302 -0.75224447 -78.33606
v  -79.177505 -1.5353808 -78.011673
v  -79.177505 -0.75224447 -78.33606
v  -62.502846 1.7660909 -76.191963
v  -61.951332 2.0535741 -76.191971
v  -79.688354 1.5353703 -74.940926
v  -79.688354 -1.0967255e-05 -74.304955
v  -61.951332 -3.3378601e-06 -74.304947
v  -56.25219 1.5353742 -78.011665
v  -56.25219 1.8886952 -77.158676
v  -62.835266 1.8125291 -77.34256
v  -65.469452 1.8125291 -77.342552
v  -56.25219 -3.3378601e-06 -74.304947
v  -56.25219 2.1713471 -76.476295
v  -56.25219 0.75114679 -78.33651
v  -61.951302 1.5353742 -78.011665
v  -79.688354 1.7660832 -76.191978
v  -62.502846 1.6012044 -77.158684
v  -79.688354 1.8838563 -76.476303
v  -79.688354 1.8886895 -77.158691
v  -79.688354 2.0535741 -76.191971
v  -79.688354 1.6012063 -77.158691
v  -56.25219 4.7683716e-07 -78.647636
v  -56.25219 -2.053575 -76.191971
v  -61.951302 -1.5353789 -74.940918
v  -61.951302 -2.0535827 -76.191971
v  -62.502815 -1.8838668 -76.476295
v  -61.951302 -1.8886943 -77.158676
v  -61.951302 -2.17135 -76.476295
v  -62.502846 -1.7660918 -76.191963
v  -79.688354 -1.5353866 -74.940918
v  -79.688354 -2.0535884 -76.191978
v  -56.25219 -1.5353808 -78.011673
v  -61.951302 -1.5353808 -78.011673
v  -79.688354 -1.8887019 -77.158684
v  -79.688354 -1.5353885 -78.011673
v  -56.25219 -1.5353789 -74.940926
v  -56.25219 -1.8886943 -77.158676
v  -56.25219 -0.75224447 -78.33606
v  -56.25219 -2.17135 -76.476295
v  -79.688354 -1.7660975 -76.191971
v  -79.688354 -1.8838744 -76.476303
v  -62.502815 -1.6012111 -77.158684
v  -79.688354 -1.6012187 -77.158691
v  -79.688354 -7.1525574e-06 -78.647652
v  -65.879204 0.75666475 -78.334229
v  -79.688354 1.5353665 -78.011681
v  -65.879204 1.5353665 -78.011673
v  -62.009476 1.5353742 -78.011673
v  -61.977364 1.431973 -78.054504
v  -61.951302 0.75114679 -78.33651
v  -61.977364 0.75113916 -78.33651
v  -62.399902 1.7510037 -77.491089
v  -62.009476 1.3434319 -77.906181
v  -62.399902 1.5590596 -77.385605
v  -65.879204 1.6587167 -77.713898
v  -65.879204 1.3434319 -77.906181
v  -65.879204 0.56472826 -78.228722
v  -65.469452 1.6205792 -77.237076
v  -62.835266 1.6205792 -77.237061
v  -61.977364 1.2400384 -77.949005
v  -61.977364 0.55918932 -78.231026
v  -65.879204 1.4667745 -77.608398
v  -79.688354 0.75666475 -78.334221
v  -57.280754 1.0471787 -77.762848
v  -57.013359 1.6769986 -77.85498
v  -57.013359 1.1059003 -77.620071
v  -57.013359 1.7944589 -77.569412
v  -57.013359 1.2233472 -77.334526
v  -57.280754 1.2820783 -77.191742
v  -57.280754 1.8531823 -77.426643
v  -57.548157 1.2233472 -77.334526
v  -57.280754 1.6182752 -77.997757
v  -57.548157 1.7944589 -77.569412
v  -57.548157 1.1059003 -77.620071
v  -57.548157 1.6769986 -77.85498
v  -78.078766 -1.2466826 -79.018715
v  -80.572121 -0.88153791 -78.137177
v  -80.572121 -1.2466826 -79.018715
v  -78.078766 -0.88153791 -78.137184
v  -80.572121 -1.0967255e-05 -77.772041
v  -78.078766 0.88153124 -78.137184
v  -80.572121 0.88153124 -78.137184
v  -78.078766 1.2466722 -79.018723
v  -80.572121 1.2466722 -79.018723
v  -78.078766 0.88152742 -79.900253
v  -80.572121 0.88152742 -79.900253
v  -78.078766 2.3841858e-06 -80.265388
v  -80.572121 -5.2452087e-06 -80.265396
v  -78.078766 -0.88154173 -79.900253
v  -80.572121 -0.88154173 -79.900253
v  -78.078766 -3.3378601e-06 -77.772034
v  -42.918945 1.1682363 -77.982498
v  -42.571327 -1.1682334 -77.781807
v  -42.918945 -1.1682353 -77.982491
v  -42.571327 1.1682382 -77.781815
v  -42.571327 -1.1682391 -77.38044
v  -42.571327 1.1682324 -77.380447
v  -42.918945 -1.1682372 -77.179756
v  -42.918945 1.1682343 -77.179764
v  -43.266518 -1.1682391 -77.38044
v  -43.266518 1.1682382 -77.781815
v  -43.266518 1.1682324 -77.380447
v  -43.266518 -1.1682334 -77.781807
v  -64.797318 1.2899976 -74.831818
v  -65.378036 1.2899995 -73.433029
v  -64.797318 1.2899995 -73.433029
v  -65.378036 1.2900033 -73.016968
v  -64.797318 1.2899995 -73.036919
v  -64.04464 1.2899995 -73.515984
v  -63.744965 1.2899976 -74.831818
v  -64.008072 1.2899976 -74.831818
v  -64.271141 1.2899976 -74.831818
v  -64.344353 1.2900014 -73.598938
v  -63.530258 1.2899976 -73.501343
v  -63.841003 1.2899995 -73.059547
v  -63.326622 1.2899976 -73.044914
v  -64.68721 1.2900033 -72.206955
v  -65.378036 1.2900028 -71.273155
v  -64.742249 1.2900033 -71.323593
v  -64.797318 1.2899976 -72.640808
v  -65.378036 1.2900033 -72.096497
v  -65.378036 1.2900033 -72.812447
v  -64.797318 1.2900033 -72.83886
v  -63.740868 1.2900028 -71.213631
v  -63.398109 1.2899971 -70.99865
v  -63.423416 1.2900009 -71.196899
v  -64.797318 1.2900009 -70.440224
v  -64.164894 1.289999 -71.16127
v  -65.634308 1.1899304 -74.831818
v  -78.329185 -1.0967255e-05 -74.831825
v  -78.329185 1.1899304 -74.831818
v  -65.378036 -3.3378601e-06 -74.831818
v  -65.634308 -3.3378601e-06 -74.831818
v  -65.378036 1.2899976 -74.831818
v  -64.797318 -3.3378601e-06 -74.831818
v  -64.139587 1.2900028 -70.473953
v  -63.80423 1.2900014 -71.798706
v  -64.190201 1.2899976 -71.848595
v  -64.271141 -3.3378601e-06 -74.831818
v  -64.008072 -3.3378601e-06 -74.831818
v  -63.448723 1.2899976 -71.395157
v  -65.378036 1.2900028 -70.440231
v  -65.378036 1.2899976 -72.595375
v  -65.645508 1.1899304 -72.804291
v  -75.808479 1.1899266 -72.289474
v  -65.646729 1.1899323 -72.581299
v  -75.218674 1.1899228 -71.448685
v  -65.649605 1.1899323 -72.064537
v  -65.65406 1.1899357 -71.257858
v  -74.212967 1.1899357 -70.440231
v  -65.658585 1.1899357 -70.440231
v  -78.329185 1.1899247 -73.433037
v  -65.642036 1.1899323 -73.433029
v  -78.113556 1.1899304 -72.850418
v  -65.644348 1.1899343 -73.010826
v  -76.671303 1.1899304 -72.618584
v  -75.001091 1.1899357 -70.973717
v  -75.808479 -7.1525574e-06 -72.289474
v  -74.212967 -5.7220459e-06 -70.440239
v  -76.671303 -1.0967255e-05 -72.618591
v  -75.218674 -1.0967255e-05 -71.448685
v  -75.001091 -5.7220459e-06 -70.973724
v  -78.113556 -1.0967255e-05 -72.850426
v  -78.329185 -9.059906e-06 -73.433037
v  -63.530258 -3.3378601e-06 -73.50135
v  -63.744965 -3.3378601e-06 -74.831818
v  -64.190201 -3.3378601e-06 -71.848595
v  -64.797318 4.7683716e-07 -72.83886
v  -64.04464 -1.4305115e-06 -73.515984
v  -63.841003 -1.4305115e-06 -73.059547
v  -64.797318 -1.4305115e-06 -73.036919
v  -64.344353 4.7683716e-07 -73.598938
v  -64.68721 2.3841858e-06 -72.206955
v  -63.80423 4.7683716e-07 -71.798706
v  -64.797318 -3.3378601e-06 -72.640808
v  -64.797318 -1.4305115e-06 -73.433029
v  -63.677505 1.2899971 -70.628563
v  -63.398109 -3.8146973e-06 -70.99865
v  -64.139587 1.9073486e-06 -70.473953
v  -65.378036 1.9073486e-06 -70.440231
v  -63.677505 -3.8146973e-06 -70.628563
v  -64.797318 0 -70.440224
v  -65.658585 1.9073486e-06 -70.440231
v  -63.448723 -3.3378601e-06 -71.395157
v  -63.423416 0 -71.196899
v  -65.378036 -1.29001 -73.433037
v  -64.797318 -1.2900062 -74.831818
v  -64.797318 -1.29001 -73.433037
v  -65.378036 -1.2900062 -73.016975
v  -64.797318 -1.29001 -73.036926
v  -63.744965 -1.2900062 -74.831818
v  -64.04464 -1.29001 -73.515991
v  -64.008072 -1.2900062 -74.831818
v  -64.271141 -1.2900062 -74.831818
v  -64.344353 -1.2900081 -73.598946
v  -63.530258 -1.2900119 -73.501358
v  -63.841003 -1.29001 -73.059555
v  -65.378036 -1.2900066 -71.273163
v  -64.68721 -1.2900062 -72.206963
v  -64.742249 -1.2900062 -71.323601
v  -65.378036 -1.2900062 -72.096504
v  -64.797318 -1.2900119 -72.640816
v  -65.378036 -1.2900081 -72.812454
v  -64.797318 -1.2900081 -72.838867
v  -63.740868 -1.2900066 -71.213638
v  -63.398109 -1.2900124 -70.998657
v  -63.677505 -1.2900124 -70.628571
v  -64.164894 -1.2900085 -71.161285
v  -64.797318 -1.2900066 -70.440239
v  -65.634308 -1.1899447 -74.831825
v  -78.329185 -1.1899447 -74.831825
v  -65.378036 -1.2900062 -74.831818
v  -64.139587 -1.2900066 -70.473961
v  -63.80423 -1.2900081 -71.798714
v  -64.190201 -1.2900119 -71.848602
v  -63.448723 -1.2900119 -71.395164
v  -65.378036 -1.2900066 -70.440239
v  -65.378036 -1.2900119 -72.595383
v  -75.808479 -1.1899409 -72.289474
v  -65.645508 -1.1899447 -72.804298
v  -65.646729 -1.1899428 -72.581306
v  -75.218674 -1.1899447 -71.448685
v  -65.649605 -1.1899428 -72.064545
v  -74.212967 -1.1899395 -70.440239
v  -65.65406 -1.1899395 -71.257866
v  -65.658585 -1.1899395 -70.440239
v  -78.329185 -1.1899428 -73.433037
v  -65.642036 -1.1899428 -73.433037
v  -78.113556 -1.1899447 -72.850426
v  -65.644348 -1.1899428 -73.010834
v  -76.671303 -1.1899447 -72.618591
v  -75.001091 -1.1899395 -70.973724
v  -63.326622 -1.2900119 -73.044922
v  -63.423416 -1.2900085 -71.196907
v  -63.326622 -3.3378601e-06 -73.044914
v  -100.11074 -2.0931582 -75.497375
v  -100.11074 -2.553802 -77.012299
v  -100.11074 -2.5538058 -75.497375
v  -79.145164 -2.0931621 -77.012291
v  -100.11074 -2.0931544 -77.012299
v  -79.145164 -2.5538077 -75.497353
v  -79.145164 -2.0931602 -75.49736
v  -79.145164 -2.5538096 -77.012291
v  -42.574631 1.0006871 -78.173203
v  -43.671349 1.0006833 -77.451477
v  -42.213303 1.0006852 -77.606277
v  -43.453339 1.8520436 -76.925148
v  -42.938362 1.9403996 -76.711845
v  -42.926994 1.0006871 -76.70713
v  -43.544983 1.7603898 -77.146431
v  -43.453339 1.0006871 -76.92514
v  -42.708702 1.9384465 -76.70713
v  -42.214989 1.7008367 -76.70713
v  -42.213303 1.68924 -76.707138
v  -42.574631 -1.0006862 -78.17321
v  -42.213303 -1.0006862 -77.6063
v  -43.671349 -1.00069 -77.451485
v  -42.938393 -1.9403911 -76.711845
v  -43.453339 -1.8520427 -76.925156
v  -42.926994 -1.0006862 -76.707138
v  -43.544983 -1.7603869 -77.146439
v  -43.453339 -1.0006881 -76.925148
v  -42.213303 -1.689239 -76.707138
v  -42.708702 -1.9384379 -76.70713
v  -42.213303 -1.0006862 -76.707138
v  -56.147758 -1.5353808 -78.011673
v  -43.93264 4.7683716e-07 -78.652252
v  -43.93264 -1.3720641 -78.083916
v  -56.147758 2.1713471 -76.476295
v  -56.147758 1.3008924 -75.1754
v  -56.147758 1.535378 -74.940918
v  -43.601349 1.000689 -78.237747
v  -42.708702 4.7683716e-07 -78.652252
v  -56.147758 -3.3378601e-06 -74.304947
v  -43.93264 -1.372066 -75.339783
v  -43.93264 4.7683716e-07 -74.771454
v  -43.93264 1.9403996 -76.711845
v  -56.147758 1.5353742 -78.011665
v  -56.147758 4.7683716e-07 -78.647636
v  -56.147758 -2.1713519 -76.476288
v  -43.93264 -1.9403911 -76.711845
v  -56.147758 -1.5353789 -74.940926
v  -43.93264 1.372067 -75.339783
v  -43.93264 1.3720689 -78.083916
v  -42.708725 4.7683716e-07 -74.771454
v  -42.213303 -1.2034717 -75.508385
v  -42.213303 2.3841858e-06 -75.009888
v  -42.712929 -1.9384379 -76.70713
v  -42.708702 -1.372066 -75.339783
v  -42.708702 1.372067 -75.339783
v  -43.671349 1.6340299 -77.451485
v  -43.671349 -1.0791297 -78.205254
v  -43.671349 -1.3720641 -78.083916
v  -42.214989 -1.7008281 -76.707138
v  -42.213303 1.2034726 -75.508377
v  -56.147758 1.3008962 -77.777184
v  -56.457047 1.8397431 -76.476288
v  -56.147758 1.8397431 -76.476288
v  -56.147758 -3.3378601e-06 -78.316032
v  -56.147758 -1.3008952 -77.777191
v  -56.147758 -1.300899 -75.175407
v  -56.147758 -1.839746 -76.476295
v  -56.147758 -1.4305115e-06 -74.636551
v  -56.457047 1.3008962 -77.777184
v  -56.457047 -1.3008952 -77.777191
v  -56.457047 -3.3378601e-06 -78.316032
v  -56.457047 -1.4305115e-06 -74.636551
v  -56.457047 -1.300899 -75.175407
v  -56.457047 1.3008924 -75.1754
v  -56.457047 -1.839746 -76.476303
v  -42.213303 -0.59045935 -76.300072
v  -42.213303 -0.41751623 -75.882553
v  -42.213303 -1.4305115e-06 -75.70961
v  -42.213303 0.417521 -75.882553
v  -42.213303 1.7000127 -76.707138
v  -43.671349 1.3720689 -78.083916
v  -43.671349 1.0791287 -78.205261
v  -43.671349 -1.6340365 -77.451485
v  -42.926994 -1.9384379 -76.70713
v  -43.601379 -1.0006862 -78.237747
v  -43.671349 -1.0006862 -78.237747
v  -42.712929 1.9384465 -76.70713
v  -42.213303 0.59046412 -76.300072
v  -42.213303 -1.0006881 -77.742653
v  -42.213303 4.7683716e-07 -78.413818
v  -42.213303 4.7683716e-07 -76.890533
v  -42.213303 1.0006871 -77.999313
v  -42.708702 1.000689 -78.237747
v  -42.213303 1.000689 -76.714973
v  -42.213303 0.41751528 -76.717598
v  -42.708702 -1.0006862 -78.237747
v  -42.213303 1.0006852 -77.742638
v  -42.213303 -0.41752195 -76.717598
v  -42.213303 1.0006871 -76.70713
v  -42.213303 -1.00069 -76.714996
v  -42.213303 -1.0006862 -77.999321
v  -43.671349 1.000689 -78.23774
v  -42.926994 1.9384465 -76.70713
v  -42.213303 -1.7000117 -76.707138
v  -41.377609 0.09342432 -81.576271
v  -41.377609 -0.10595465 -81.04911
v  -41.377609 0.10595942 -81.04911
v  -41.292603 -0.093419552 -81.576279
v  -41.292603 -0.10595465 -81.04911
v  -41.292603 0.10595942 -81.04911
v  -41.292603 0.09342432 -81.576271
v  -41.377609 0.17454386 -80.831039
v  -41.377609 -0.093419552 -81.576279
v  -41.292603 0.17454386 -80.831039
v  -41.292603 -0.33326101 -80.609344
v  -41.292603 -0.17454672 -80.831032
v  -41.377609 -0.17454672 -80.831032
v  -41.377609 0.33326006 -80.609344
v  -41.377609 -0.33326101 -80.609344
v  -41.292603 0.33326006 -80.609344
v  -102.89514 -5.2452087e-06 -77.523987
v  -102.89514 2.555758 -75.179489
v  -102.89514 -5.2452087e-06 -75.179489
v  -103.07975 2.555758 -77.523994
v  -102.43699 1.9444509 -78.535294
v  -102.59979 1.8348451 -78.687431
v  -103.41193 2.0396447 -77.523994
v  -103.41193 -5.2452087e-06 -75.179489
v  -103.41193 2.0396447 -75.179489
v  -103.15781 1.7771931 -68.577766
v  -103.24534 1.0256996 -67.989403
v  -103.24534 -3.8146973e-06 -67.98941
v  -103.41193 1.3421636 -74.474098
v  -103.41193 -7.1525574e-06 -74.474106
v  -102.43699 -7.1525574e-06 -78.535278
v  -103.41193 -5.2452087e-06 -77.523987
v  -102.97172 1.3718514 -78.590546
v  -102.97172 -5.2452087e-06 -78.590538
v  -103.42208 1.0256939 -68.13681
v  -103.42208 -9.5367432e-06 -68.136818
v  -102.89514 1.8582768 -74.474098
v  -102.89514 -7.1525574e-06 -74.474106
v  -102.89514 1.7771873 -70.412056
v  -102.89514 -3.8146973e-06 -70.412048
v  -103.41193 1.2610741 -70.412056
v  -103.41193 -1.1444092e-05 -70.412064
v  -103.33295 1.7771912 -68.724434
v  -103.07975 1.8582768 -74.474098
v  -102.89514 2.5557523 -77.524002
v  -103.07975 2.555758 -75.179489
v  -103.07975 1.777195 -70.412041
v  -102.59979 -9.059906e-06 -78.687431
v  -103.71301 0.6976757 -68.409859
v  -103.6469 1.2610779 -68.850494
v  -103.71323 -7.6293945e-06 -68.409882
v  -102.89514 -2.5557685 -75.179489
v  -103.07975 -2.5557685 -77.523987
v  -102.43699 -1.9444728 -78.535286
v  -102.89514 -2.5557685 -77.523987
v  -103.41193 -2.0396552 -77.523987
v  -103.41193 -2.0396552 -75.179489
v  -103.15781 -1.7771988 -68.577774
v  -103.41193 -1.3421779 -74.474106
v  -102.59979 -1.8348632 -78.687439
v  -102.97172 -1.3718696 -78.590546
v  -103.42208 -1.0257053 -68.136818
v  -102.89514 -1.8582911 -74.474106
v  -102.89514 -1.777195 -70.412041
v  -103.41193 -1.2610893 -70.412056
v  -103.33295 -1.7771988 -68.724442
v  -103.07975 -1.777195 -70.412041
v  -103.07975 -1.8582911 -74.474106
v  -103.24534 -1.0256996 -67.98941
v  -103.07975 -2.5557685 -75.179489
v  -103.71301 -0.69768715 -68.409851
v  -103.6469 -1.2610855 -68.850487
v  -70.507004 0.38423347 -70.404129
v  -70.274292 -0.38423729 -69.864746
v  -70.274292 0.38423347 -69.864746
v  -69.135277 -0.38424301 -70.380447
v  -69.591087 -0.3842392 -69.869728
v  -69.591087 0.38423157 -69.86972
v  -69.135277 0.38422775 -70.38044
v  -69.911049 -0.3842392 -69.224083
v  -70.322952 -0.3842411 -68.245468
v  -70.40921 -0.38423729 -69.209
v  -70.507004 -0.38423729 -70.404129
v  -70.40921 0.38423347 -69.209
v  -69.911049 0.38423157 -69.224083
v  -69.875404 0.38423157 -68.424973
v  -69.506477 -0.38424301 -67.750793
v  -69.875404 -0.3842392 -68.42498
v  -70.322952 0.38422966 -68.245461
v  -69.506477 0.38422775 -67.750793
v  -69.019882 -0.38423729 -67.352448
v  -69.656105 0.38422966 -67.40123
v  -69.656105 -0.3842411 -67.40123
v  -69.049744 0.38422966 -67.056854
v  -69.049744 -0.3842411 -67.056854
v  -69.019882 0.38423347 -67.352448
v  -63.537292 -1.2131591 -72.897568
v  -64.670189 -1.213161 -72.2435
v  -64.670189 -1.2131591 -72.897568
v  -64.670189 -0.60079336 -72.897568
v  -64.103745 -1.213161 -73.224602
v  -64.670189 -0.60079527 -72.2435
v  -64.103745 -0.60079336 -71.916466
v  -64.103745 -1.2131591 -71.916466
v  -63.537292 -0.60079527 -72.2435
v  -63.537292 -1.213161 -72.2435
v  -63.537292 -0.60079336 -72.897568
v  -64.103745 -0.60079527 -73.224602
v  -74.268372 -0.030143261 -80.227768
v  -73.962547 0.58492327 -80.227768
v  -74.268372 0.58492327 -80.227768
v  -75.392319 0.81241846 -81.054298
v  -77.095757 0.81241465 -80.791321
v  -75.392319 0.81241465 -80.791321
v  -73.962547 0.81241655 -80.227768
v  -74.268372 0.81241655 -80.227768
v  -75.392319 0.58492327 -80.227768
v  -77.095787 0.81241846 -80.227776
v  -77.095787 0.58492517 -80.227776
v  -75.392319 0.58492136 -81.484093
v  -75.392319 0.81241465 -81.484093
v  -77.095757 0.81241846 -81.054298
v  -76.85125 0.58492136 -81.484093
v  -77.095757 0.58492517 -81.054298
v  -74.268372 0.81241655 -80.315109
v  -73.962547 0.81241655 -80.185539
v  -76.85125 0.81241465 -81.484093
v  -76.191742 0.58492327 -81.847183
v  -75.392319 0.81241655 -81.847183
v  -75.392319 0.58492327 -81.847183
v  -76.191742 0.81241655 -81.847183
v  -77.095757 0.58492136 -80.791321
v  -77.095787 -0.030141354 -80.227776
v  -75.392319 -0.030143261 -80.227768
v  -74.268372 0.81241274 -80.578102
v  -73.962547 0.58491945 -80.448532
v  -74.268372 0.58491945 -80.578102
v  -75.392319 0.81241655 -80.227768
v  -73.962547 0.81241274 -80.448532
v  -73.962547 -0.030147076 -80.448532
v  -74.268372 -0.030147076 -80.578102
v  -75.392319 0.58492517 -81.054298
v  -77.095757 -0.030145168 -80.791321
v  -75.225975 -0.030145168 -80.983826
v  -75.392319 -0.030141354 -81.054298
v  -75.225975 0.81241465 -80.983826
v  -75.225975 0.58492136 -80.983826
v  -75.225975 0.81241846 -80.72084
v  -75.225975 0.81241655 -80.227768
v  -75.225975 0.58492327 -80.227768
v  -74.58757 -0.030141354 -80.713341
v  -74.58757 0.97985697 -80.450348
v  -74.58757 0.97986078 -80.713333
v  -74.58757 0.7523675 -80.713333
v  -74.58757 0.97985888 -80.22776
v  -74.58757 0.75236559 -80.22776
v  -74.58757 -0.030143261 -80.227768
v  -74.906776 -0.030143261 -80.227768
v  -74.906776 0.75236559 -80.22776
v  -74.906776 0.97985888 -80.22776
v  -74.906776 0.97985506 -80.585594
v  -74.906776 0.75236559 -80.848579
v  -74.906776 0.97985888 -80.848579
v  -74.906776 -0.030143261 -80.848587
v  -73.962547 -0.64520979 -80.22776
v  -74.268372 -0.64520979 -80.22776
v  -77.095757 -0.87270498 -80.791321
v  -75.392319 -0.87270117 -81.054298
v  -75.392319 -0.87270498 -80.791321
v  -73.962547 -0.87270308 -80.227768
v  -74.268372 -0.87270308 -80.227768
v  -77.095787 -0.87270117 -80.227776
v  -75.392319 -0.64520979 -80.22776
v  -77.095787 -0.64520788 -80.227768
v  -75.392319 -0.87270498 -81.484093
v  -75.392319 -0.64520788 -81.054291
v  -76.85125 -0.6452117 -81.484085
v  -77.095757 -0.87270117 -81.054298
v  -77.095757 -0.64520788 -81.054291
v  -74.268372 -0.87270308 -80.315109
v  -75.392319 -0.87270308 -81.847183
v  -76.191742 -0.64520979 -81.847176
v  -75.392319 -0.64520979 -81.847176
v  -76.85125 -0.87270498 -81.484093
v  -75.392319 -0.6452117 -81.484085
v  -77.095757 -0.6452117 -80.791313
v  -73.962547 -0.6452136 -80.448524
v  -74.268372 -0.87270689 -80.578102
v  -74.268372 -0.6452136 -80.578094
v  -75.392319 -0.87270308 -80.227768
v  -73.962547 -0.87270689 -80.448532
v  -75.225975 -0.87270498 -80.983826
v  -75.225975 -0.6452117 -80.983818
v  -75.225975 -0.87270117 -80.72084
v  -75.225975 -0.87270308 -80.227768
v  -75.225975 -0.64520979 -80.22776
v  -74.58757 -0.8126502 -80.713341
v  -74.58757 -1.0401397 -80.450348
v  -74.58757 -1.0401359 -80.713333
v  -74.58757 -1.0401378 -80.22776
v  -74.58757 -0.81265211 -80.227768
v  -75.225975 -0.030143261 -80.227768
v  -74.906776 -0.81265211 -80.227768
v  -74.906776 -1.0401378 -80.22776
v  -74.906776 -1.0401416 -80.585594
v  -74.906776 -0.81265211 -80.848587
v  -74.906776 -1.0401378 -80.848579
v  -73.962547 -0.030143261 -80.227768
v  -73.962547 -0.87270308 -80.185539
v  -76.191742 -0.87270308 -81.847183
v  -74.900757 0.84944773 -80.374008
v  -75.450623 0.60065317 -80.615723
v  -75.450623 -0.60065603 -80.615723
v  -74.80793 -0.4879508 -81.718445
v  -75.309196 2.3841858e-06 -81.080421
v  -75.124153 -0.48795652 -80.9991
v  -75.124153 0.48794222 -80.999092
v  -74.677467 0.69005442 -80.802727
v  -74.677467 -0.69006491 -80.802727
v  -74.361237 0.69005251 -81.522079
v  -74.80793 0.48794794 -81.718437
v  -73.729507 4.7683716e-07 -81.24437
v  -74.230774 0.48794603 -80.606354
v  -73.914543 0.48794603 -81.325706
v  -73.914543 -0.48795271 -81.325714
v  -74.230774 -0.48795271 -80.606361
v  -74.361237 -0.69006681 -81.522079
v  -74.992966 2.3841858e-06 -81.799774
v  -74.045769 2.3841858e-06 -80.525017
v  -74.372139 -0.84946012 -81.52327
v  -74.900726 -0.84945822 -80.374008
v  -75.678383 -3.3378601e-06 -80.715851
v  -74.922005 -0.60065222 -81.764977
v  -74.922005 0.60065699 -81.764977
v  -74.372139 0.84944582 -81.52327
v  -73.822273 0.60065126 -81.28154
v  -74.350861 0.60065317 -80.132278
v  -73.594482 -1.4305115e-06 -81.181412
v  -74.123108 4.7683716e-07 -80.03215
v  -74.350861 -0.60065603 -80.132278
v  -73.822273 -0.60065794 -81.28154
v  -74.195061 -0.81146574 -81.688766
v  -74.129784 -0.79810858 -81.753563
v  -73.564293 -0.60065413 -81.842384
v  -73.438026 -0.030808926 -81.552116
v  -73.483086 -0.087049007 -81.509933
v  -73.523323 0.10597086 -81.441162
v  -73.489861 0.10567904 -81.513657
v  -73.564293 0.60065508 -81.842384
v  -74.053398 0.76382303 -81.721603
v  -74.163643 0.78637552 -81.612152
v  -74.427872 0.7670064 -81.878311
v  -74.317627 0.78955889 -81.987755
v  -74.835014 0.44839334 -82.104996
v  -75.149757 4.7683716e-07 -81.865105
v  -73.48246 2.3841858e-06 -81.806396
v  -73.667465 0.48794794 -81.887733
v  -74.835014 -0.44839621 -82.104996
v  -74.664055 -0.60065413 -82.325829
v  -74.286209 -0.81464148 -81.911156
v  -74.351494 -0.80129576 -81.846352
v  -74.114151 0.84944963 -82.084114
v  -74.114151 0.69005632 -82.084114
v  -74.575844 -0.44839811 -82.287064
v  -74.560844 -0.48795652 -82.280472
v  -73.336533 2.3841858e-06 -81.742256
v  -74.560844 0.48794222 -82.280472
v  -74.664055 0.60065508 -82.325829
v  -74.114151 -0.84945631 -82.084114
v  -74.114151 -0.690063 -82.084114
v  -73.667465 -0.4879508 -81.887741
v  -73.657028 -0.086764812 -81.498566
v  -73.625015 -0.087054729 -81.571701
v  -74.163643 0.63014841 -81.61216
v  -74.351494 -0.63970518 -81.846352
v  -74.286209 -0.65364599 -81.911148
v  -74.195061 -0.65483427 -81.688759
v  -73.631821 0.10568094 -81.575417
v  -73.664062 0.10597086 -81.502388
v  -74.317627 0.62896776 -81.987762
v  -74.427872 0.60540819 -81.878311
v  -74.684402 -0.44839239 -82.040115
v  -74.796234 0.15448618 -82.088295
v  -75.114182 4.7683716e-07 -81.942444
v  -74.946846 0.15448999 -82.153168
v  -74.796234 -0.15449667 -82.088295
v  -74.946846 -0.15449286 -82.153168
v  -74.721764 -0.44839621 -82.351212
v  -74.575844 0.44839144 -82.287064
v  -74.684402 0.44839716 -82.040115
v  -74.052841 0.63226748 -81.876945
v  -74.053398 0.60658884 -81.721596
v  -74.428436 0.63108492 -81.722977
v  -74.162292 0.68796778 -81.98719
v  -74.318985 0.68914461 -81.612724
v  -74.159874 0.84944963 -81.984756
v  -74.158455 0.69005442 -81.983345
v  -74.327179 0.84944963 -81.620979
v  -74.318985 0.84493685 -81.612717
v  -74.320671 0.69005823 -81.614395
v  -74.129448 -0.65609312 -81.845543
v  -74.129448 -0.81390715 -81.845535
v  -74.351852 -0.65490484 -81.754372
v  -74.351852 -0.81708288 -81.754364
v  -74.194237 -0.6885829 -81.910812
v  -74.194237 -0.84931898 -81.91082
v  -74.287033 -0.68976736 -81.689087
v  -74.287033 -0.84613943 -81.689095
v  -74.194008 -0.8494544 -81.910561
v  -74.287567 -0.69006109 -81.689644
v  -74.293083 -0.84946012 -81.695175
v  -73.444832 0.049023151 -81.555397
v  -73.587646 0.049025059 -81.617546
v  -73.65815 -0.030108929 -81.437721
v  -73.516319 -0.086762905 -81.437347
v  -73.525673 0.049730778 -81.380379
v  -73.518333 -0.030103207 -81.376869
v  -73.646683 -1.4305115e-06 -81.432838
v  -73.569115 2.3841858e-06 -81.609276
v  -73.580841 -0.030807018 -81.614265
v  -73.665482 0.049725056 -81.441231
v  -73.506836 -3.3378601e-06 -81.372002
v  -73.426292 4.7683716e-07 -81.547134
v  -74.052841 0.79050112 -81.876953
v  -74.428436 0.79368258 -81.722977
v  -74.162292 0.84812403 -81.987183
v  -74.721764 0.44839334 -82.351212
v  -74.191528 -0.69006491 -81.908104
v  -74.129784 -0.64088202 -81.753563
v  -74.959534 2.3841858e-06 -81.875816
v  -64.041763 1.3367162 -75.035393
v  -63.695808 -1.3367229 -73.634277
v  -63.695808 1.3367181 -73.634277
v  -59.736412 -1.3367209 -75.0354
v  -59.876518 -1.3367209 -74.038788
v  -59.736412 1.3367181 -75.0354
v  -59.876518 1.3367181 -74.038788
v  -59.6082 -1.3367267 -72.131744
v  -63.015976 -1.4323215 -70.505127
v  -63.02182 -1.3367214 -70.904884
v  -64.041763 -1.3367229 -75.035393
v  -63.411263 1.3367181 -72.481987
v  -59.840744 1.3367162 -73.228752
v  -59.840744 -1.3367229 -73.228752
v  -63.411263 -1.3367209 -72.481987
v  -63.02182 1.3367176 -70.904884
v  -59.6082 1.3367124 -72.131744
v  -62.956177 1.4323215 -70.338684
v  -63.015976 1.4323177 -70.505127
v  -59.358208 -1.4323192 -71.819725
v  -59.358208 1.4323201 -71.819725
v  -59.298409 -1.432323 -71.653282
v  -62.956177 -1.4323177 -70.338684
v  -59.298409 1.4323163 -71.653282
v  -63.652657 -1.9073486e-06 -70.555344
v  -63.916191 1.1304684 -70.190361
v  -63.916191 -1.9073486e-06 -70.190353
v  -73.869583 1.1304684 -70.190353
v  -75.567642 1.1304722 -69.305862
v  -74.39576 1.1304722 -68.632095
v  -71.107018 -9.5367432e-06 -70.190361
v  -71.107018 1.1304684 -70.190353
v  -71.000374 -9.5367432e-06 -70.555351
v  -73.823235 1.1304684 -70.555344
v  -71.000374 1.1304684 -70.555344
v  -72.829285 1.1304703 -68.007065
v  -75.191818 1.1304688 -72.584999
v  -76.737411 1.1304631 -72.560806
v  -75.850769 1.1304727 -72.216446
v  -75.255737 1.1304669 -71.326324
v  -75.995369 0.45598412 -70.555351
v  -76.102013 -9.059906e-06 -71.307747
v  -75.995369 -9.5367432e-06 -70.555351
v  -76.102013 0.45598459 -71.307747
v  -76.690857 -9.059906e-06 -72.188606
v  -77.483376 0.45598078 -72.496407
v  -77.483376 -5.2452087e-06 -72.496407
v  -77.334282 1.1304631 -73.353111
v  -77.365105 1.1304593 -72.943169
v  -76.400101 -1.1444092e-05 -69.340408
v  -79.542564 0.45598984 -64.426773
v  -76.400101 0.45598221 -69.340408
v  -78.111076 -7.1525574e-06 -72.878769
v  -78.111076 0.45597887 -72.878769
v  -77.961983 -1.0967255e-05 -73.735474
v  -63.652657 1.1304684 -70.555351
v  -72.220055 -5.7220459e-06 -67.964272
v  -75.063171 0.55807114 -61.818123
v  -75.063171 -3.8146973e-06 -61.818127
v  -75.995369 -9.5367432e-06 -70.190361
v  -75.995369 0.45598412 -70.190361
v  -77.71434 1.1304665 -62.80183
v  -79.455048 1.1304665 -63.270222
v  -78.047974 1.1304665 -62.215626
v  -74.845222 0.55807114 -61.322971
v  -75.143745 -1.9073486e-06 -60.677601
v  -74.845222 -3.8146973e-06 -61.322971
v  -75.710327 1.1304684 -60.985065
v  -78.047974 -7.6293945e-06 -62.21563
v  -79.542564 -3.8146973e-06 -64.426773
v  -79.681908 0.45598412 -64.208885
v  -75.628593 1.1304646 -62.119907
v  -75.412498 1.1304646 -61.628941
v  -79.681908 -9.5367432e-06 -64.208885
v  -80.011879 0.45598602 -63.69294
v  -72.220055 0.55807686 -67.964264
v  -77.573402 1.1304646 -63.049389
v  -79.123756 1.1304684 -63.788219
v  -78.983841 1.1304665 -64.007004
v  -75.146454 1.1304684 -70.555344
v  -73.959412 1.1304727 -71.664764
v  -80.011879 -7.6293945e-06 -63.69294
v  -77.961983 1.1304593 -73.735474
v  -73.959412 -5.2452087e-06 -71.664772
v  -77.334282 -7.1525574e-06 -73.353111
v  -73.823235 -9.5367432e-06 -70.555351
v  -75.146454 1.1304684 -70.190353
v  -75.143745 0.55807304 -60.677608
v  -76.690857 0.45598459 -72.188606
v  -63.916191 -1.1304798 -70.190361
v  -73.869583 -1.1304798 -70.190353
v  -75.567642 -1.130476 -69.305862
v  -75.146454 -1.1304798 -70.190353
v  -71.107018 -1.1304798 -70.190361
v  -71.000374 -1.1304798 -70.555351
v  -74.39576 -1.1304779 -68.632103
v  -76.737411 -1.1304698 -72.560799
v  -75.191818 -1.1304793 -72.584999
v  -75.850769 -1.1304755 -72.216454
v  -75.255737 -1.1304812 -71.326324
v  -73.959412 -1.1304755 -71.664764
v  -75.995369 -0.45600319 -70.555351
v  -76.102013 -0.45600271 -71.307747
v  -76.690857 -0.45600271 -72.188606
v  -77.365105 -1.1304736 -72.943161
v  -77.334282 -1.1304698 -73.353104
v  -79.542564 -0.45599747 -64.426773
v  -76.400101 -0.4560051 -69.340408
v  -77.961983 -1.1304812 -73.735474
v  -78.111076 -0.45599318 -72.878769
v  -77.483376 -0.45599127 -72.496407
v  -63.652657 -1.1304798 -70.555351
v  -75.063171 -0.55808258 -61.818123
v  -72.220055 -0.55808067 -67.964272
v  -75.995369 -0.45600319 -70.190361
v  -77.71434 -1.1304779 -62.801826
v  -79.455048 -1.1304779 -63.270226
v  -79.123756 -1.130476 -63.788223
v  -74.845222 -0.55808258 -61.322968
v  -75.710327 -1.130476 -60.985069
v  -75.143745 -0.55808067 -60.677605
v  -79.681908 -0.45600319 -64.208885
v  -75.628593 -1.1304798 -62.119911
v  -77.573402 -1.1304798 -63.049393
v  -75.412498 -1.1304779 -61.628937
v  -78.047974 -1.1304779 -62.215622
v  -80.011879 -0.45600128 -63.692936
v  -78.983841 -1.1304779 -64.007011
v  -75.146454 -1.1304798 -70.555344
v  -73.823235 -1.1304798 -70.555344
v  -75.191818 -9.059906e-06 -72.585007
v  -72.829285 -1.1304779 -68.007072
v  -41.303535 0.51180124 -77.80938
v  -41.043167 -0.51180029 -77.65905
v  -41.303535 -0.51180601 -77.809372
v  -41.043167 0.51180506 -77.659058
v  -41.043167 -0.51180029 -77.358406
v  -41.043167 0.51180506 -77.358414
v  -41.303535 -0.5118022 -77.208092
v  -41.303535 0.51180315 -77.208099
v  -41.563896 -0.51180029 -77.358406
v  -41.563896 0.51180506 -77.358414
v  -41.563896 -0.51180029 -77.65905
v  -41.563896 0.51180506 -77.659058
v  -57.280754 -1.0471835 -77.762856
v  -57.013359 -1.6770072 -77.854973
v  -57.280754 -1.6182895 -77.997757
v  -57.013359 -1.105907 -77.620071
v  -57.013359 -1.7944541 -77.569412
v  -57.280754 -1.2820849 -77.19175
v  -57.013359 -1.2233615 -77.334526
v  -57.548157 -1.2233615 -77.334526
v  -57.280754 -1.8531775 -77.426636
v  -57.548157 -1.7944541 -77.569412
v  -57.548157 -1.105907 -77.620071
v  -57.548157 -1.6770072 -77.854973
v  -71.380821 -0.44091749 -73.006744
v  -71.041069 -1.2255759 -72.81057
v  -71.380821 -1.2255778 -73.006744
v  -71.041069 -0.44091558 -72.81057
v  -71.041069 -1.2255778 -72.418243
v  -71.380821 -0.44092131 -72.222084
v  -71.380821 -1.2255816 -72.222084
v  -71.720604 -1.2255778 -72.418243
v  -71.720604 -0.44092131 -72.810585
v  -71.720604 -0.44091749 -72.418243
v  -71.720604 -1.2255816 -72.810585
v  -71.041069 -0.44091749 -72.418243
v  -41.93602 -1.0768085 -81.513771
v  -40.838905 -0.82072783 -82.131981
v  -40.719681 -1.0768027 -81.513756
v  -41.93602 -0.761415 -82.275177
v  -40.912613 -0.18471289 -82.514046
v  -40.866524 -0.761415 -82.275177
v  -40.584785 0.76141596 -80.752342
v  -41.93602 4.7683716e-07 -80.436958
v  -40.584785 4.7683716e-07 -80.436958
v  -41.93602 1.0768018 -81.513763
v  -41.93602 0.60686541 -82.120621
v  -41.93602 0.85822725 -81.513771
v  -40.584785 -0.76141119 -80.752335
v  -41.93602 -0.76141119 -80.752335
v  -40.584785 -0.78717756 -80.814545
v  -40.709236 -0.83581686 -81.459656
v  -41.93602 -0.85823393 -81.513771
v  -41.93602 -0.60685682 -80.906898
v  -41.93602 -3.3378601e-06 -80.655533
v  -41.93602 2.3841858e-06 -82.371994
v  -41.93602 4.7683716e-07 -82.590569
v  -41.93602 0.60685778 -80.906906
v  -41.93602 0.76141596 -80.752342
v  -41.93602 -0.60685682 -82.120621
v  -41.93602 0.76141214 -82.275185
v  -40.589149 0.43836451 -80.837105
v  -40.589149 -3.3378601e-06 -80.655533
v  -40.816948 0.64937067 -82.017998
v  -40.719681 0.85822725 -81.513771
v  -40.874916 -0.12875891 -82.318657
v  -40.602135 -0.60100698 -80.90448
v  -40.709236 0.83582163 -81.459656
v  -40.602592 0.60686541 -80.906898
v  -40.874916 0.12876368 -82.318649
v  -40.836731 0.60686541 -82.120621
v  -40.816948 -0.6493659 -82.01799
v  -40.586838 0.68858576 -80.825172
v  -40.706421 -1.0484061 -81.445206
v  -40.602592 -0.60685682 -80.906898
v  -40.602135 0.60100412 -80.90448
v  -40.836731 -0.60685682 -82.120621
v  -40.589149 -0.43835974 -80.837097
v  -40.719681 -0.85823393 -81.513771
v  -40.838905 0.82072878 -82.131981
v  -40.584785 0.78718615 -80.814545
v  -40.706421 1.0484109 -81.445213
v  -40.866524 0.76141214 -82.275185
v  -40.912613 0.18472528 -82.514046
v  -40.719681 1.0768018 -81.513763
v  -40.586838 -0.68857336 -80.825172
v  -40.885201 2.3841858e-06 -82.371994
v  -40.927345 4.7683716e-07 -82.590569
v  -77.338547 1.1128583 -78.69632
v  -77.338547 0.63806772 -79.394714
v  -77.338547 0.63806581 -78.69632
v  -68.395256 1.1128583 -78.69632
v  -68.395256 0.63807344 -78.696312
v  -68.395256 1.1128602 -79.394714
v  -67.855629 1.2843461 -79.394707
v  -67.855629 1.2843442 -78.69632
v  -68.395256 0.63807535 -79.394707
v  -67.855629 0.63807344 -78.696312
v  -77.338547 1.1128602 -79.394714
v  -66.348396 0.63807535 -79.394707
v  -66.89476 0.63807344 -78.696312
v  -66.89476 0.63807535 -79.394707
v  -66.348396 1.1128602 -79.394714
v  -67.855629 0.63807535 -79.394707
v  -66.89476 1.2843442 -78.696312
v  -66.89476 1.2843461 -79.394707
v  -66.348396 1.1128583 -78.69632
v  -66.348396 0.63807344 -78.696312
v  -63.192856 -1.4427619 -73.958244
v  -60.834091 -1.4427657 -74.350105
v  -62.807678 -1.4427619 -72.294983
v  -60.339828 -1.4427676 -73.093529
v  -60.402466 -1.147779 -73.948959
v  -60.339828 -1.1477847 -73.093536
v  -62.881348 -1.1477828 -74.350113
v  -60.834091 -1.1477828 -74.350113
v  -62.807678 -1.147779 -72.294991
v  -63.192856 -1.147779 -73.958252
v  -62.334755 -1.4427676 -72.028481
v  -62.334755 -1.1477847 -72.028488
v  -62.881348 -1.4427657 -74.350105
v  -60.692627 -1.147779 -72.567039
v  -60.692627 -1.4427619 -72.567032
v  -60.402466 -1.4427619 -73.948952
v  -61.328392 -1.6373191 -76.677658
v  -67.053169 -1.3083186 -75.369354
v  -67.053169 -1.6373191 -76.677658
v  -61.328392 -1.3083186 -75.369354
v  -67.053169 -3.3378601e-06 -74.827431
v  -61.328392 1.3083119 -75.369347
v  -67.053169 1.3083119 -75.369347
v  -61.328392 1.6373181 -76.677666
v  -67.053169 1.6373181 -76.677666
v  -61.328392 1.3083081 -77.910316
v  -67.053169 1.30831 -77.910324
v  -61.328392 2.3841858e-06 -78.527893
v  -67.053169 2.3841858e-06 -78.527893
v  -60.944237 -3.3378601e-06 -75.606926
v  -60.944237 0.75429773 -75.919357
v  -67.053169 -1.3083129 -77.985977
v  -61.328392 -1.3083205 -77.985977
v  -60.944237 -0.75429869 -77.427956
v  -60.391068 2.3841858e-06 -77.740387
v  -60.391068 -0.75429869 -77.427956
v  -60.944237 2.3841858e-06 -77.740387
v  -60.944237 0.94397974 -76.67366
v  -61.328392 -3.3378601e-06 -74.827431
v  -60.944237 0.75429201 -77.384338
v  -60.944237 -0.9439826 -76.67366
v  -60.944237 -0.75429296 -75.919357
v  -60.391068 -3.3378601e-06 -75.606926
v  -60.391068 -0.93084288 -75.744095
v  -60.391068 -1.4305115e-06 -75.358528
v  -60.391068 0.75429201 -77.384338
v  -60.391068 0.75429773 -75.919357
v  -60.391068 -0.9439826 -76.67366
v  -60.391068 -0.75429296 -75.919357
v  -60.391068 0.94397974 -76.67366
v  -60.391068 -1.1649241 -76.674927
v  -59.914742 -0.93084097 -77.605774
v  -59.914742 -1.1649241 -76.674927
v  -60.391068 -0.93084097 -77.605774
v  -60.391068 1.1649251 -76.674927
v  -60.391068 0.93083811 -77.551949
v  -60.391068 0.9308362 -75.744095
v  -60.391068 2.3841858e-06 -77.991333
v  -59.914742 0.9308362 -75.744095
v  -59.914742 -3.3378601e-06 -75.926292
v  -59.914742 0.52730227 -76.144714
v  -59.914742 2.3841858e-06 -77.991333
v  -59.914742 1.1649251 -76.674927
v  -59.914742 -0.93084288 -75.744095
v  -59.914742 -1.4305115e-06 -75.358521
v  -59.914742 0.93083811 -77.551949
v  -59.914742 2.3841858e-06 -77.417732
v  -60.120598 -0.52730322 -77.199318
v  -59.914742 -0.52730322 -77.199326
v  -59.914742 -0.52730894 -76.144714
v  -59.914742 -0.65991163 -76.67202
v  -59.914742 0.65990496 -76.67202
v  -59.914742 0.52730227 -77.168831
v  -60.120598 0.65990496 -76.67202
v  -60.120598 0.095484257 -76.57341
v  -60.120598 0.11949778 -76.668892
v  -60.120598 0.52729464 -77.168839
v  -60.120598 -3.3378601e-06 -75.9263
v  -60.120598 0.52730227 -76.144714
v  -60.120598 -0.52730894 -76.144714
v  -60.120598 -0.65991163 -76.67202
v  -60.120598 2.3841858e-06 -77.417732
v  -60.120598 -0.095487118 -76.764389
v  -64.206223 -0.11950064 -76.668892
v  -60.120598 -0.11950064 -76.668892
v  -60.120598 4.7683716e-07 -76.533852
v  -60.120598 -3.3378601e-06 -76.803932
v  -60.120598 0.095482349 -76.758865
v  -60.120598 -0.095487118 -76.57341
v  -64.206223 0.095482349 -76.758865
v  -64.206223 0.11949778 -76.668892
v  -64.206223 -3.3378601e-06 -76.80394
v  -64.206223 0.095484257 -76.57341
v  -64.206223 4.7683716e-07 -76.533852
v  -64.206223 -0.095487118 -76.764389
v  -64.206223 -0.095487118 -76.57341
v  -77.155685 0.9191556 -80.478241
v  -77.155685 -0.97944403 -79.364937
v  -77.155685 0.91916132 -79.364937
v  -74.246071 -0.97944593 -79.021835
v  -73.815071 -0.97944975 -80.478241
v  -73.815071 -0.97944403 -79.364937
v  -73.815071 0.91916132 -79.364937
v  -76.937279 0.9191556 -80.478241
v  -76.937279 0.91916132 -79.364937
v  -74.246071 0.91915941 -79.021835
v  -77.155685 -0.97944975 -80.478241
v  -76.937279 -0.97944975 -80.478241
v  -76.636215 0.9191556 -80.288734
v  -76.636215 -0.97944975 -80.288734
v  -76.937279 -0.97944403 -79.364937
v  -76.636215 0.91916132 -79.364937
v  -75.193367 0.9191556 -80.478241
v  -76.034157 0.91916132 -79.364937
v  -75.193367 0.91915941 -79.021835
v  -76.034157 -0.97944975 -80.478241
v  -75.193367 -0.97944975 -80.478241
v  -76.034157 -0.97944403 -79.364937
v  -76.335182 0.91916132 -79.364937
v  -76.335182 -0.97944403 -79.364937
v  -76.636215 -0.97944403 -79.364937
v  -76.335182 -0.97944975 -80.288734
v  -76.034157 0.9191556 -80.478241
v  -76.335182 0.9191556 -80.288734
v  -74.877602 1.0550427 -80.478233
v  -74.877602 -1.1153369 -80.478241
v  -74.877602 1.0550466 -79.021828
v  -75.193367 -0.97944593 -79.021835
v  -73.815071 0.9191556 -80.478241
v  -74.246071 -0.97944975 -80.478241
v  -74.561836 1.0550466 -79.021828
v  -74.561836 -1.1153331 -79.021835
v  -74.877602 -1.1153331 -79.021835
v  -74.561836 -1.1153369 -80.478241
v  -74.246071 0.9191556 -80.478241
v  -74.561836 1.0550427 -80.478233
v  -79.711052 -0.82746077 -79.552422
v  -56.327675 -0.74141645 -79.760124
v  -56.327675 -0.82745314 -79.552406
v  -79.711052 -0.19277525 -79.987389
v  -56.327675 -3.3378601e-06 -80.06723
v  -56.327675 -0.19277525 -79.987389
v  -79.711052 0.74141169 -79.760132
v  -56.327675 0.74141741 -79.760117
v  -62.835266 0.94871569 -79.259659
v  -62.399902 0.94871569 -79.259659
v  -62.094086 1.0485215 -79.018707
v  -61.977364 1.0104184 -78.926735
v  -56.327675 1.0485215 -79.018707
v  -79.711052 -0.74141455 -79.760124
v  -65.469452 -0.63393736 -78.23278
v  -65.879204 -0.63393736 -78.23278
v  -56.327675 -0.74141455 -78.27729
v  -79.711052 -0.94103765 -78.759216
v  -56.327675 -1.0485244 -79.018715
v  -56.327675 -0.94103003 -78.759209
v  -56.327675 0.68693209 -79.70565
v  -48.194778 -0.17860365 -79.916199
v  -46.832443 -3.3378601e-06 -79.990189
v  -46.832405 -0.17860365 -79.916199
v  -56.327675 4.7683716e-07 -78.047234
v  -56.327675 4.7683716e-07 -77.970184
v  -56.327675 -3.3378601e-06 -79.990181
v  -56.327675 -0.17860365 -79.916206
v  -56.327675 0.6869359 -78.331779
v  -56.327675 0.97147226 -79.018715
v  -56.327675 -0.87188864 -78.77829
v  -56.327675 -0.68693876 -79.705643
v  -56.327675 -0.76665449 -79.513199
v  -56.327675 0.75953341 -78.32103
v  -46.832443 -0.87188864 -78.778282
v  -46.558006 -0.8202529 -79.018715
v  -46.558006 -0.73616171 -78.815697
v  -48.194778 4.7683716e-07 -78.047234
v  -46.832443 -0.68693686 -78.331772
v  -46.832443 4.7683716e-07 -78.047234
v  -48.194778 0.6869359 -78.331772
v  -46.832443 0.97147226 -79.018707
v  -48.194778 0.97147226 -79.018707
v  -48.194778 0.68693209 -79.70565
v  -48.194778 -3.3378601e-06 -79.990189
v  -48.194778 -0.76665449 -79.513191
v  -46.832405 -0.68693876 -79.70565
v  -46.832443 -0.76664686 -79.513184
v  -48.194778 -0.87188864 -78.778282
v  -46.832443 -0.97147512 -79.018707
v  -46.832443 0.6869359 -78.331772
v  -46.832405 0.68693209 -79.70565
v  -46.558006 0.58000803 -79.598709
v  -44.736687 4.7683716e-07 -79.838959
v  -46.558006 4.7683716e-07 -79.838959
v  -46.558006 0.58000803 -78.438698
v  -46.558006 -0.15080404 -79.776497
v  -46.558006 -0.58000326 -78.438698
v  -46.558006 -3.3378601e-06 -78.198463
v  -46.558006 0.82025003 -79.018715
v  -46.558006 -0.58000326 -79.598709
v  -46.558006 -0.64730978 -79.436211
v  -44.736687 -3.3378601e-06 -78.198463
v  -44.493835 -0.51110601 -78.507599
v  -44.493835 2.3841858e-06 -78.295891
v  -44.736656 -0.58000326 -79.598709
v  -44.736656 -0.64730978 -79.436211
v  -44.736687 -0.8202529 -79.018707
v  -44.736687 -0.73616171 -78.815697
v  -44.736687 0.58000803 -78.438698
v  -44.736687 0.58000803 -79.598709
v  -44.736687 -0.15080404 -79.776497
v  -44.736687 -0.58000326 -78.438698
v  -44.736687 0.82025003 -79.018707
v  -44.493835 0.72281504 -79.018707
v  -40.316895 0.5111165 -79.5298
v  -44.493835 0.51111078 -79.529816
v  -44.493835 2.3841858e-06 -79.741524
v  -44.493835 -0.51110601 -79.529816
v  -44.493835 -0.57041883 -79.386627
v  -44.493835 -0.7228179 -79.018707
v  -44.493835 -0.64872122 -78.839821
v  -44.493835 0.51111078 -78.507599
v  -44.493835 -0.13288832 -79.686478
v  -40.316895 -0.57041883 -79.38662
v  -40.316895 0.72282267 -79.0187
v  -40.316895 -0.7228179 -79.018707
v  -40.316895 4.7683716e-07 -79.741516
v  -40.316895 -0.13288069 -79.68647
v  -40.316895 -0.51110601 -78.507591
v  -40.316895 2.3841858e-06 -78.295883
v  -40.316895 -0.51110792 -79.529808
v  -40.316895 -0.64872122 -78.839813
v  -40.316895 0.51111841 -78.507584
v  -54.738075 0.97147226 -79.018715
v  -54.738075 0.68693209 -79.70565
v  -54.738075 4.7683716e-07 -78.047234
v  -54.738075 0.6869359 -78.331772
v  -54.806564 -0.68693876 -79.705643
v  -55.097122 0.04897356 -79.856758
v  -55.097122 -0.17860365 -79.916206
v  -54.738075 -0.76665449 -79.513199
v  -48.194778 -0.68693876 -79.70565
v  -54.738075 -3.3378601e-06 -79.990189
v  -48.194778 -0.68693686 -78.331772
v  -55.867935 -3.3378601e-06 -79.990181
v  -55.867935 -0.17860365 -79.916206
v  -55.867935 -0.68693495 -78.331772
v  -55.867935 4.7683716e-07 -78.047234
v  -55.867935 0.97147226 -79.018715
v  -56.03791 -0.68693876 -79.705643
v  -56.03791 -0.76665449 -79.513199
v  -56.03791 -0.97147512 -79.018707
v  -56.03791 -0.87188864 -78.77829
v  -55.867935 0.6869359 -78.331772
v  -55.867935 0.68693209 -79.70565
v  -56.327675 -0.97147512 -79.018707
v  -56.03791 -0.45936155 -79.646202
v  -56.03791 -0.53907728 -79.453751
v  -48.194778 -0.97147512 -79.018707
v  -79.711052 -1.0485244 -79.018707
v  -56.327675 -0.68693495 -78.331772
v  -54.738075 -0.68693686 -78.331764
v  -79.711052 -0.74142027 -78.277298
v  -54.738075 -0.87188864 -78.77829
v  -55.867935 0.04897356 -79.856758
v  -56.03791 -0.74389791 -78.959267
v  -56.03791 -0.64431334 -78.718834
v  -54.738075 -0.53907728 -79.453751
v  -48.194778 -0.53907728 -79.453751
v  -54.738075 -0.64431334 -78.718842
v  -48.194778 -0.64431334 -78.718842
v  -54.806564 -0.45936155 -79.646202
v  -48.194778 -0.74389982 -78.959267
v  -65.703087 1.0485139 -79.018715
v  -79.711052 1.0485139 -79.018715
v  -79.711052 0.74140596 -78.277306
v  -62.399902 0.76864672 -79.197418
v  -62.094086 0.86845255 -78.956467
v  -65.469452 0.76864672 -79.197418
v  -65.469452 0.94871569 -79.259659
v  -65.879204 0.74141359 -78.277298
v  -65.879204 0.79322481 -78.774857
v  -65.879204 0.97328615 -78.837105
v  -61.977364 0.75728273 -78.315613
v  -61.977364 0.83035517 -78.864487
v  -61.977364 0.57721949 -78.253365
v  -62.835266 0.76864672 -79.197418
v  -65.703087 0.86845064 -78.956459
v  -79.711052 -1.0967255e-05 -80.067238
v  -79.711052 -7.1525574e-06 -77.970192
v  -62.040596 4.7683716e-07 -77.970184
v  -61.977364 -0.20354795 -78.054504
v  -65.879204 4.7683716e-07 -77.970184
v  -62.835266 -0.63393736 -78.23278
v  -61.977364 -0.63393736 -78.23278
v  -62.399902 -0.63393736 -78.23278
v  -65.879204 0.56135035 -78.215042
v  -81.092781 -1.4748893 -76.335182
v  -84.029053 -1.0429091 -75.29229
v  -84.029053 -1.4748893 -76.335182
v  -81.092781 -1.0429091 -75.292282
v  -84.029053 -7.1525574e-06 -74.860306
v  -81.092781 1.0428987 -75.292282
v  -84.029053 1.0428987 -75.292282
v  -81.092781 1.4748807 -76.33519
v  -84.029053 1.4748807 -76.33519
v  -81.092781 1.0429006 -77.37809
v  -84.029053 1.0429006 -77.37809
v  -81.092781 -9.059906e-06 -77.810081
v  -84.029053 -9.059906e-06 -77.810081
v  -81.092781 -1.0429072 -77.378098
v  -84.029053 -1.0429072 -77.378098
v  -84.684708 -7.1525574e-06 -75.447891
v  -84.684708 -0.62742186 -75.707779
v  -84.684738 0.62741327 -76.962593
v  -85.250824 0.88728762 -76.335197
v  -84.684708 0.88728762 -76.335197
v  -84.684708 -0.8872962 -76.335182
v  -84.684738 -0.62741613 -76.962601
v  -84.684738 -9.059906e-06 -77.222488
v  -84.684708 0.62740755 -75.707771
v  -85.250824 0.62741327 -76.962593
v  -85.250824 -0.62741613 -76.962601
v  -85.250824 -7.1525574e-06 -75.447891
v  -85.250824 -0.62742186 -75.707771
v  -85.250824 -0.88730383 -76.33519
v  -85.250824 0.62740755 -75.707771
v  -85.250824 -9.059906e-06 -77.222488
v  -81.092781 -7.1525574e-06 -74.860306
v  -56.975761 1.8540769 -75.564819
v  -56.708359 1.2247548 -75.660309
v  -56.975761 1.2842412 -75.802773
v  -56.708359 1.7945848 -75.422356
v  -56.708359 1.1057706 -75.375397
v  -56.975761 1.6161218 -74.994972
v  -56.975761 1.0462766 -75.232941
v  -57.243156 1.6756063 -75.137436
v  -57.243156 1.1057706 -75.375397
v  -57.243156 1.7945848 -75.422356
v  -57.243156 1.2247548 -75.660309
v  -56.708359 1.6756063 -75.137436
v  -40.567345 -0.8067317 -78.560509
v  -41.953506 -1.4305115e-06 -78.094749
v  -41.953506 -0.8067317 -78.560509
v  -40.567345 0.80673265 -78.560501
v  -41.953506 0.80673265 -78.560501
v  -40.567345 0.80673075 -79.492043
v  -41.953506 0.80673075 -79.492043
v  -40.567345 4.7683716e-07 -79.957809
v  -41.953506 4.7683716e-07 -79.957809
v  -41.953506 -0.80673361 -79.49205
v  -40.567345 -0.80673361 -79.49205
v  -40.567345 -1.4305115e-06 -78.094749
v  -82.738411 -1.7240024 -77.019447
v  -82.738411 -2.578197 -77.244774
v  -82.738411 -2.578197 -77.019447
v  -78.123337 -1.7240024 -77.244781
v  -82.738411 -1.7240024 -77.244774
v  -78.123337 -2.8154788 -77.019455
v  -78.123337 -2.578197 -77.244774
v  -78.123337 -2.578197 -77.019447
v  -82.738411 -2.8154788 -77.019455
v  -78.123337 -2.8154788 -77.244781
v  -82.738411 -2.8154788 -75.252449
v  -78.123337 -2.578197 -75.252441
v  -82.738411 -2.578197 -75.252441
v  -82.738411 -2.8154769 -75.464493
v  -78.123337 -2.8154769 -75.464493
v  -78.123337 -2.5781951 -75.464485
v  -82.738411 -2.5781951 -75.464485
v  -78.123337 -1.7240005 -75.464493
v  -78.123337 -1.7240024 -77.019455
v  -82.738411 -1.7240024 -75.252441
v  -82.738411 -1.7240005 -75.464485
v  -78.123337 -2.8154788 -75.252449
v  -78.123337 -1.7240024 -75.252441
v  -82.738411 -2.8154788 -77.244781
v  -60.834091 1.4427552 -74.350113
v  -62.807678 1.442759 -72.294991
v  -60.402466 1.442759 -73.948959
v  -60.402466 1.1477761 -73.948959
v  -60.339828 1.4427533 -73.093536
v  -60.339828 1.1477704 -73.093536
v  -62.881348 1.1477723 -74.350113
v  -60.834091 1.1477723 -74.350113
v  -63.192856 1.442759 -73.958252
v  -62.807678 1.1477761 -72.294991
v  -62.334755 1.4427533 -72.028488
v  -62.334755 1.1477704 -72.028488
v  -62.881348 1.4427552 -74.350113
v  -60.692627 1.1477761 -72.567039
v  -60.692627 1.442759 -72.567039
v  -63.192856 1.1477761 -73.958252
v  -99.59024 1.8808045 -76.737938
v  -99.59024 2.7340531 -77.492531
v  -99.59024 2.7340531 -76.737938
v  -103.03214 2.7340531 -76.737946
v  -100.13663 1.4534974 -74.305588
v  -100.68304 1.9141774 -73.637749
v  -100.68304 1.3167958 -73.637756
v  -99.59024 1.541081 -78.221077
v  -102.44931 1.9141774 -78.706757
v  -99.59024 2.2402158 -78.221069
v  -103.03214 1.8808045 -77.492531
v  -102.44935 1.3167958 -78.706757
v  -103.03214 2.7340531 -77.492531
v  -100.13663 2.1128983 -74.305588
v  -103.03214 1.9141774 -73.637756
v  -101.9161 0.79948616 -68.079033
v  -101.93655 1.914175 -68.013138
v  -102.09939 1.316803 -67.488701
v  -103.03214 1.914175 -70.432182
v  -101.19302 1.9141769 -70.407898
v  -101.19302 1.3167953 -70.407898
v  -101.9161 1.9141788 -68.079033
v  -103.32905 1.9141808 -68.297058
v  -103.32905 3.8146973e-06 -68.29705
v  -103.40427 0.79948425 -67.755844
v  -103.32905 0.79948807 -68.297058
v  -103.03214 -9.059906e-06 -74.305588
v  -103.03214 0.79948473 -73.637749
v  -103.03214 0.88247538 -74.305588
v  -103.03214 -7.1525574e-06 -73.637756
v  -103.03214 0.79948235 -70.432175
v  -99.59024 -9.059906e-06 -77.492523
v  -99.59024 0.93565035 -78.221077
v  -99.59024 1.1419129 -77.492531
v  -103.03214 1.1419129 -77.492531
v  -103.03214 -9.059906e-06 -76.737938
v  -103.03214 1.1419129 -76.737946
v  -103.03214 -1.0967255e-05 -74.973412
v  -103.03214 1.141911 -74.973412
v  -99.59024 2.7340531 -74.973419
v  -103.03214 2.1128983 -74.30558
v  -99.59024 1.8808045 -74.973419
v  -103.28072 -5.7220459e-06 -68.64463
v  -103.28072 0.79948616 -68.64463
v  -101.79839 1.3168068 -68.458138
v  -101.79839 1.9141731 -68.45816
v  -103.13473 0.79948807 -68.545502
v  -103.01702 1.3168011 -68.924614
v  -103.28072 1.3168068 -68.64463
v  -103.28072 1.9141808 -68.644638
v  -101.9161 -5.7220459e-06 -68.079033
v  -103.03214 1.8808026 -74.973412
v  -103.03214 2.7340531 -74.973419
v  -103.03214 1.8808045 -76.737946
v  -99.59024 1.4470963 -77.492531
v  -103.03214 1.3168011 -70.432175
v  -103.03214 1.4534974 -74.305588
v  -102.09939 0.79948425 -67.488708
v  -103.40427 1.316803 -67.755836
v  -101.35523 1.4534993 -74.772057
v  -100.80884 1.8808045 -75.43988
v  -102.44935 0.79947519 -78.706764
v  -100.80884 1.1419148 -77.959
v  -100.80884 1.8808064 -77.204407
v  -100.80884 1.1419129 -75.43988
v  -101.35523 0.88247728 -74.772049
v  -101.90166 1.3167977 -74.104225
v  -102.41165 0.79948616 -70.874352
v  -101.90166 0.79948664 -74.104218
v  -100.80884 1.1419148 -77.204407
v  -100.80884 1.4470983 -77.959
v  -102.41165 1.3167973 -70.874359
v  -100.80884 -7.1525574e-06 -77.958992
v  -100.80884 -7.1525574e-06 -77.204399
v  -101.35523 -7.1525574e-06 -74.772049
v  -101.90166 -5.2452087e-06 -74.104225
v  -102.41165 -5.7220459e-06 -70.874359
v  -100.80884 -9.059906e-06 -75.439873
v  -103.01702 0.79948235 -68.924622
v  -103.13473 -3.8146973e-06 -68.545502
v  -103.01702 -9.5367432e-06 -68.924622
v  -99.59024 -1.0967255e-05 -78.221069
v  -103.03214 -9.059906e-06 -77.492523
v  -102.44935 -9.059906e-06 -78.706757
v  -102.09939 0 -67.488701
v  -103.40427 0 -67.755836
v  -103.32905 1.3168068 -68.29705
v  -103.03214 1.3167958 -73.637756
v  -103.03214 -3.8146973e-06 -70.432175
v  -99.59024 -1.8808303 -76.737938
v  -99.59024 -2.7340789 -77.492531
v  -99.59024 -1.4471221 -77.492531
v  -103.03214 -2.7340713 -76.73793
v  -99.59024 -2.7340789 -76.73793
v  -100.13663 -1.4535155 -74.30558
v  -100.68304 -1.9141936 -73.637756
v  -100.13663 -2.1129165 -74.305588
v  -99.59024 -1.5411048 -78.221062
v  -102.44935 -1.9141936 -78.706757
v  -102.44935 -1.316812 -78.706757
v  -103.03214 -1.8808227 -77.492523
v  -103.03214 -2.7340713 -77.492523
v  -99.59024 -2.240232 -78.221054
v  -103.03214 -1.9141936 -73.637756
v  -103.03214 -2.1129088 -74.30558
v  -101.9161 -0.79948997 -68.079033
v  -101.93658 -1.9141808 -68.013115
v  -101.9161 -1.9141827 -68.079025
v  -103.03218 -1.9141884 -70.432175
v  -101.19302 -1.3168106 -70.407898
v  -100.68304 -1.316812 -73.637749
v  -103.40427 -0.79949188 -67.755844
v  -103.32905 -0.79948807 -68.297058
v  -103.03214 -0.79949331 -73.637749
v  -103.03214 -0.8824935 -74.30558
v  -103.03214 -0.79948807 -70.432167
v  -99.59024 -0.93567991 -78.221077
v  -99.59024 -1.1419387 -77.492531
v  -103.03214 -1.1419311 -77.492523
v  -103.03214 -1.1419311 -76.73793
v  -103.03214 -1.141933 -74.973404
v  -99.59024 -2.7340732 -74.973404
v  -103.03218 -2.7340732 -74.973404
v  -99.59024 -1.8808246 -74.973404
v  -103.28072 -0.79948997 -68.64463
v  -101.79839 -1.3168068 -68.458145
v  -101.79839 -1.9141808 -68.458138
v  -103.32905 -1.9141827 -68.297043
v  -103.28072 -1.9141827 -68.644623
v  -103.13473 -0.7994957 -68.545502
v  -103.28072 -1.3168087 -68.64463
v  -103.03214 -1.8808246 -74.973404
v  -103.03214 -1.8808227 -76.73793
v  -103.03214 -1.316812 -73.637756
v  -103.03214 -1.4535155 -74.30558
v  -103.40427 -1.3168106 -67.755844
v  -102.09939 -0.79949188 -67.488708
v  -101.35523 -1.4535136 -74.772041
v  -102.44935 -0.79950094 -78.706764
v  -100.80884 -1.1419368 -77.959
v  -100.80884 -1.8808227 -75.439873
v  -103.01702 -0.79949379 -68.924622
v  -103.01702 -1.3168125 -68.924622
v  -100.80884 -1.1419311 -75.439873
v  -102.41165 -0.79948997 -70.874352
v  -101.90166 -1.3168082 -74.104218
v  -101.90166 -0.7994895 -74.104218
v  -101.35523 -0.88249159 -74.772041
v  -100.80884 -1.1419291 -77.204399
v  -100.80884 -1.4471202 -77.959
v  -102.41165 -1.3168087 -70.874359
v  -103.32905 -1.3168068 -68.297058
v  -103.03218 -1.3168068 -70.432175
v  -101.19302 -1.9141922 -70.407898
v  -102.09939 -1.3168106 -67.488708
v  -100.80884 -1.8808208 -77.204399
v  -58.897064 0.87521935 -65.164154
v  -58.905022 0.80109215 -65.999817
v  -58.897064 1.0827999 -65.164162
v  -61.995483 0.80109215 -65.999817
v  -62.183167 1.082798 -65.004715
v  -62.004601 1.0827999 -65.013374
v  -62.173088 0.80109215 -65.999817
v  -61.995483 0.64170647 -66.402084
v  -62.173088 0.64170647 -66.402084
v  -62.020691 1.082798 -63.266994
v  -61.591347 1.0827999 -60.21796
v  -61.418526 1.0827961 -60.274853
v  -58.882957 0.87521744 -63.684711
v  -58.411453 1.082798 -61.264816
v  -58.411453 0.87521744 -61.26482
v  -57.408554 1.0828018 -57.131081
v  -55.868942 0.87521553 -53.20113
v  -57.408554 0.87521744 -57.131077
v  -60.588417 1.0828018 -56.084221
v  -60.415596 1.0828018 -56.141113
v  -53.51458 1.0827999 -48.316643
v  -53.51458 0.87521553 -48.316639
v  -58.947044 1.0827999 -51.884842
v  -58.779778 1.0827999 -51.956375
v  -53.65036 1.0827999 -48.237495
v  -53.65036 0.87521553 -48.237492
v  -59.649246 1.0827961 -63.582714
v  -59.655983 1.0827999 -65.127342
v  -59.664406 0.93188477 -63.608749
v  -56.406685 1.0828018 -46.630424
v  -56.249496 1.0828018 -46.722061
v  -56.579826 1.0828037 -52.897133
v  -54.197678 0.93188477 -47.95327
v  -54.18251 1.0828018 -47.927216
v  -62.201004 1.082798 -63.242992
v  -58.882957 1.0828018 -63.684715
v  -59.161026 0.93188667 -61.049095
v  -59.145828 1.0827961 -61.023052
v  -54.850418 0.87521935 -47.537785
v  -56.249496 0.87521744 -46.722057
v  -54.18251 0.87521744 -47.927219
v  -54.197678 0.75323486 -47.95327
v  -59.880203 1.0827961 -60.781292
v  -58.892471 0.93188477 -56.673584
v  -59.895401 0.93188477 -60.807327
v  -58.877304 1.0828037 -56.647545
v  -57.305878 0.93188477 -52.619194
v  -62.173088 0.47287369 -66.336792
v  -62.173088 0.59351158 -65.999817
v  -59.659782 0.80109787 -65.999802
v  -60.414871 1.082798 -65.090515
v  -59.058449 0.80109787 -65.999802
v  -59.051308 1.0827999 -65.156677
v  -59.659782 0.5935173 -65.999802
v  -59.058449 0.5935173 -65.999802
v  -59.038689 1.0828018 -63.663986
v  -58.560745 1.082798 -61.215679
v  -58.142929 1.0827999 -56.889313
v  -57.557816 1.0827999 -57.08194
v  -56.013443 1.0828037 -53.139343
v  -58.158096 0.93188286 -56.915359
v  -56.594994 0.93188286 -52.923187
v  -54.865616 0.93188477 -47.563835
v  -60.415535 1.0827999 -63.48069
v  -60.430725 0.93188477 -63.506729
v  -54.865616 0.75323486 -47.563835
v  -57.29071 1.0828018 -52.593147
v  -62.183167 0.63739777 -65.004715
v  -62.201004 3.8146973e-06 -63.242985
v  -62.201004 0.63739777 -63.242989
v  -58.947044 1.9073486e-06 -51.884846
v  -56.406685 0.63739777 -46.630424
v  -58.947044 0.63739586 -51.884842
v  -60.588417 3.8146973e-06 -56.084225
v  -60.588417 0.63739777 -56.084221
v  -54.850418 7.6293945e-06 -47.537788
v  -54.865616 0.5485611 -47.563835
v  -54.850418 0.63739777 -47.537788
v  -61.591347 5.7220459e-06 -60.217953
v  -61.591347 0.63739967 -60.217957
v  -62.173088 0.43223763 -65.729202
v  -62.183167 7.6293945e-06 -65.004707
v  -55.868942 1.0827999 -53.201134
v  -58.905022 0.59351158 -65.999817
v  -56.406685 0.87521744 -46.630428
v  -54.850418 1.0828037 -47.537788
v  -60.414505 0.64170647 -66.402084
v  -60.414505 0.80109787 -65.999802
v  -60.362244 0.87521744 -63.42207
v  -60.414505 0.5935173 -65.999802
v  -56.249496 0.63739777 -46.722061
v  -53.65036 0.63739586 -48.237495
v  -54.18251 0.63739777 -47.927216
v  -59.058449 0.43223953 -65.999802
v  -58.905022 0.43223381 -65.999817
v  -62.183167 0.87521362 -65.004715
v  -61.591347 0.87521935 -60.217953
v  -60.588417 0.87521744 -56.084225
v  -58.947044 0.87521553 -51.884838
v  -62.201004 0.87521744 -63.242985
v  -61.995483 0.43223763 -65.729202
v  -61.930466 0.87521935 -63.221684
v  -61.930466 0.63739967 -63.221687
v  -59.613564 0.87521744 -63.517727
v  -54.197678 0.5485611 -47.95327
v  -58.897064 0.63739586 -65.164162
v  -58.882957 0.63739777 -63.684715
v  -53.51458 0.63739586 -48.316643
v  -55.868942 0.63739586 -53.201134
v  -57.408554 0.63739777 -57.131081
v  -58.411453 0.63739777 -61.264816
v  -61.995483 0.59351158 -65.999817
v  -60.362244 0.63739777 -63.422073
v  -59.613564 0.63739777 -63.517731
v  -59.017082 0.87521744 -63.593945
v  -59.017082 0.63739777 -63.593948
v  -59.017082 3.8146973e-06 -63.593945
v  -61.995483 0.47287369 -66.336792
v  -60.414505 0.47287369 -66.336792
v  -60.362244 3.8146973e-06 -63.42207
v  -59.613564 3.8146973e-06 -63.517727
v  -61.930466 5.7220459e-06 -63.221684
v  -58.897064 5.7220459e-06 -65.164154
v  -62.173088 9.5367432e-06 -65.729195
v  -61.995483 9.5367432e-06 -65.729195
v  -58.882957 3.8146973e-06 -63.684711
v  -58.411453 3.8146973e-06 -61.26482
v  -57.408554 3.8146973e-06 -57.131084
v  -55.868942 1.9073486e-06 -53.201138
v  -53.51458 5.7220459e-06 -48.316643
v  -53.65036 5.7220459e-06 -48.237495
v  -56.249496 7.6293945e-06 -46.722061
v  -54.18251 7.6293945e-06 -47.927216
v  -54.197678 7.6293945e-06 -47.95327
v  -54.865616 7.6293945e-06 -47.563835
v  -59.058449 1.1444092e-05 -65.999794
v  -58.905022 5.7220459e-06 -65.999809
v  -56.406685 7.6293945e-06 -46.630424
v  -58.897064 -0.8752079 -65.164162
v  -58.905022 -0.80108833 -65.999817
v  -58.905022 -0.59350777 -65.999817
v  -62.183167 -1.0827866 -65.004707
v  -61.995483 -0.80108833 -65.999817
v  -62.004601 -1.0827847 -65.013367
v  -62.173088 -0.80108833 -65.999817
v  -61.995483 -0.64170265 -66.402084
v  -61.591347 -1.0827885 -60.217953
v  -62.020691 -1.0827866 -63.266994
v  -61.418526 -1.0827923 -60.274845
v  -58.411453 -1.0827904 -61.26482
v  -58.882957 -0.87520599 -63.684715
v  -58.411453 -0.87520599 -61.264816
v  -55.868942 -0.8752079 -53.201134
v  -57.408554 -1.0827904 -57.131077
v  -57.408554 -0.87520599 -57.131081
v  -60.588417 -1.0827904 -56.084225
v  -53.51458 -0.8752079 -48.316643
v  -55.868942 -1.0827923 -53.20113
v  -60.415596 -1.0827904 -56.141109
v  -58.947044 -1.0827923 -51.884838
v  -53.65036 -1.0827923 -48.237492
v  -53.65036 -0.8752079 -48.237495
v  -58.779778 -1.0827923 -51.956371
v  -56.406685 -1.0827904 -46.630428
v  -54.197678 -0.93187332 -47.953266
v  -56.579826 -1.0827885 -52.897129
v  -54.18251 -1.0827904 -47.927219
v  -62.201004 -1.0827866 -63.242985
v  -58.882957 -1.0827866 -63.684711
v  -60.414871 -1.0827904 -65.090508
v  -60.430725 -0.93186951 -63.506725
v  -60.415535 -1.0827885 -63.480686
v  -59.161026 -0.93187141 -61.049091
v  -59.649246 -1.0827885 -63.582706
v  -59.145828 -1.0827923 -61.023045
v  -56.249496 -1.0827904 -46.722057
v  -54.850418 -0.87520599 -47.537788
v  -56.249496 -0.87520599 -46.722061
v  -54.18251 -0.87520599 -47.927216
v  -59.880203 -1.0827923 -60.781284
v  -58.892471 -0.93187332 -56.673588
v  -58.877304 -1.0827885 -56.647541
v  -57.305878 -0.93187141 -52.61919
v  -57.29071 -1.0827904 -52.593143
v  -62.173088 -0.47285843 -66.336792
v  -62.173088 -0.59350777 -65.999817
v  -59.659782 -0.80108261 -65.999802
v  -59.655983 -1.0827847 -65.127327
v  -59.058449 -0.80108261 -65.999802
v  -59.051308 -1.0827885 -65.15667
v  -59.659782 -0.59350204 -65.999802
v  -59.058449 -0.59350204 -65.999802
v  -59.038689 -1.0827866 -63.663982
v  -58.560745 -1.0827904 -61.215672
v  -58.142929 -1.0827923 -56.889309
v  -57.557816 -1.0827923 -57.081936
v  -56.013443 -1.0827885 -53.139339
v  -59.895401 -0.93187332 -60.807323
v  -56.594994 -0.93187523 -52.923183
v  -54.865616 -0.93187332 -47.563839
v  -58.158096 -0.93187523 -56.915356
v  -54.197678 -0.75322342 -47.953266
v  -54.865616 -0.75322342 -47.563839
v  -59.664406 -0.93186951 -63.608746
v  -54.850418 -1.0827904 -47.537785
v  -62.183167 -0.63739014 -65.004715
v  -62.201004 -0.63738632 -63.242985
v  -56.406685 -0.63738632 -46.630428
v  -58.947044 -0.63738823 -51.884838
v  -60.588417 -0.63738632 -56.084225
v  -54.865616 -0.54854965 -47.563839
v  -54.850418 -0.63738632 -47.537785
v  -61.591347 -0.63738441 -60.217953
v  -62.173088 -0.43222618 -65.729202
v  -58.897064 -1.0827847 -65.164146
v  -56.406685 -0.87520599 -46.630424
v  -60.414505 -0.64170265 -66.402084
v  -60.414505 -0.80108261 -65.999802
v  -60.362244 -0.87520599 -63.422073
v  -60.414505 -0.59350204 -65.999802
v  -56.249496 -0.63738632 -46.722057
v  -53.65036 -0.63738823 -48.237492
v  -54.18251 -0.63738632 -47.927219
v  -59.058449 -0.43222427 -65.999802
v  -58.905022 -0.43223 -65.999817
v  -62.183167 -0.87520599 -65.004715
v  -61.591347 -0.87520409 -60.217957
v  -60.588417 -0.87520599 -56.084221
v  -58.947044 -0.8752079 -51.884842
v  -62.201004 -0.87520599 -63.242989
v  -54.197678 -0.54854965 -47.953274
v  -61.995483 -0.43222618 -65.729202
v  -61.930466 -0.87520409 -63.221687
v  -61.995483 -0.59350777 -65.999817
v  -59.613564 -0.87520599 -63.517731
v  -58.897064 -0.63739204 -65.164162
v  -58.882957 -0.63739014 -63.684711
v  -53.51458 -0.63738823 -48.316639
v  -55.868942 -0.63738823 -53.20113
v  -57.408554 -0.63738632 -57.131077
v  -58.411453 -0.63738632 -61.26482
v  -61.930466 -0.63738441 -63.221684
v  -60.362244 -0.63738632 -63.42207
v  -59.017082 -0.87520599 -63.593948
v  -59.613564 -0.63739014 -63.517727
v  -59.017082 -0.63739014 -63.593945
v  -61.995483 -0.47285843 -66.336792
v  -60.414505 -0.47285843 -66.336792
v  -62.173088 -0.64170265 -66.402084
v  -53.51458 -1.0827923 -48.316639
v  -56.540352 1.1058693 -46.696095
v  -56.425514 -1.1058655 -46.490532
v  -56.425514 1.1058693 -46.490528
v  -56.540352 -1.1058655 -46.696098
v  -53.294518 -1.1058598 -48.239567
v  -53.409355 -1.1058617 -48.445133
v  -53.294518 1.105875 -48.239571
v  -53.409355 1.1058731 -48.445137
v  -59.848869 -0.5128665 -68.387383
v  -61.299713 -0.069144726 -68.131195
v  -61.299713 -0.51285887 -68.387375
v  -59.848869 0.37456179 -68.387375
v  -61.299713 0.37456179 -68.387375
v  -59.848869 0.37456751 -68.899727
v  -61.299713 0.37456751 -68.899727
v  -59.848869 -0.069146633 -69.155899
v  -61.299713 -0.069146633 -69.155907
v  -59.848869 -0.51286077 -68.899734
v  -59.848869 -0.06914854 -69.129776
v  -59.848869 -0.49023581 -68.886673
v  -61.299713 -0.51285315 -68.899727
v  -61.403976 0.31174326 -68.863457
v  -61.403976 -0.45003653 -68.863457
v  -61.511612 -0.45003462 -68.423645
v  -61.511612 -0.45003653 -68.863457
v  -61.403976 -0.069144726 -68.203735
v  -61.403976 -0.069146633 -69.083366
v  -61.403976 -0.45003462 -68.423645
v  -61.403976 0.31174517 -68.423645
v  -61.511612 -0.069146633 -69.083366
v  -61.511612 -0.51323271 -68.899948
v  -61.511612 -0.069144726 -69.156326
v  -61.511612 0.31174326 -68.863457
v  -61.511612 -0.069144726 -68.203735
v  -61.511612 0.31174517 -68.423645
v  -61.610489 -0.51322699 -68.387169
v  -61.610489 -0.51323271 -68.899948
v  -61.511612 0.374928 -68.899948
v  -61.511612 0.37493372 -68.387169
v  -61.511612 -0.51322699 -68.387169
v  -61.511612 -0.069146633 -68.130768
v  -61.610489 -0.069144726 -68.885193
v  -61.610489 -0.069144726 -69.156326
v  -61.610489 0.374928 -68.899948
v  -61.610489 -0.069146633 -68.130775
v  -61.610489 0.37493372 -68.387161
v  -59.848869 -0.069144726 -68.157318
v  -59.848869 -0.069144726 -68.131195
v  -59.848869 0.35193491 -68.886673
v  -59.848869 -0.4902339 -68.400444
v  -59.848869 0.35193682 -68.400444
v  -61.610489 0.14012384 -68.522728
v  -61.513657 0.14011812 -68.764381
v  -61.513657 0.14012384 -68.522728
v  -61.610489 0.14011812 -68.764381
v  -61.610489 -0.069146633 -68.401909
v  -61.610489 -0.27841711 -68.522728
v  -61.610489 -0.27842283 -68.764381
v  -61.513657 -0.06914854 -68.428307
v  -61.513657 -0.069146633 -68.401909
v  -61.513657 -0.27841711 -68.522728
v  -61.513657 -0.27842283 -68.764381
v  -61.513657 -0.069144726 -68.885193
v  -61.513657 -0.069142818 -68.858788
v  -61.513657 0.11725855 -68.535934
v  -61.513657 -0.25555182 -68.535934
v  -61.513657 -0.25555754 -68.751183
v  -61.513657 0.11725283 -68.751183
v  -59.466797 -0.06914854 -69.104958
v  -59.466797 0.33044481 -68.412849
v  -59.199692 0.26034021 -68.833786
v  -59.466797 0.33044291 -68.874252
v  -59.466797 -0.46873617 -68.874252
v  -59.466797 -0.46873426 -68.412849
v  -59.466797 -0.069142818 -68.182137
v  -59.199692 -0.069142818 -68.263084
v  -58.935997 0.11711168 -68.536018
v  -59.199692 0.26033449 -68.453331
v  -59.199692 -0.3986392 -68.453331
v  -59.199692 -0.39863348 -68.833778
v  -59.199692 -0.06914854 -69.02401
v  -58.935997 -0.25540876 -68.536018
v  -58.831169 -0.06914854 -68.563667
v  -58.935997 -0.069142818 -68.428467
v  -58.935997 -0.06914854 -68.858627
v  -58.935997 -0.25541067 -68.751099
v  -58.935997 0.11710978 -68.751099
v  -58.831169 -0.13832808 -68.683487
v  -58.831169 3.0994415e-05 -68.683495
v  -58.831169 2.9087067e-05 -68.603615
v  -58.831169 -0.13832998 -68.603607
v  -58.831169 -0.069142818 -68.723427
v  -61.604111 -0.06914854 -68.428307
v  -61.604111 -0.25555182 -68.535934
v  -61.604111 0.11725855 -68.535934
v  -61.604111 0.11725283 -68.751183
v  -61.604111 -0.25555754 -68.751183
v  -61.604111 -0.069142818 -68.858788
vn 0.49997663 8.3451096e-06 -0.86603898
vn 0.50000036 1.1325214e-05 -0.86602521
vn 0.50000983 1.2518913e-05 -0.86601973
vn 1 4.9814994e-06 0
vn 1 4.9814998e-06 0
vn 0.50005281 -9.3210465e-06 0.86599505
vn 0.50005281 -9.3210474e-06 0.86599505
vn 0.50005281 -9.3210474e-06 0.86599499
vn -0.5000549 -8.9354035e-06 0.8659938
vn -0.5000549 -8.9354044e-06 0.8659938
vn -0.50005484 -8.9354025e-06 0.86599374
vn 0 1 2.4796145e-06
vn 0 1 -4.9594246e-06
vn 0 1 2.4794037e-06
vn -1 5.7520538e-06 0
vn -1 5.7520542e-06 0
vn -1 5.7520547e-06 0
vn -0.50003314 1.2713414e-05 -0.86600626
vn -0.50001812 8.7424296e-06 -0.86601508
vn -0.50003922 1.4303778e-05 -0.8660028
vn 0 -1 -2.6312041e-06
vn 0 -1 4.9594246e-06
vn 0 -1 -2.6314278e-06
vn 0.49996707 7.1513764e-06 -0.8660444
vn 1 0 0
vn 0.50000995 -1.4302344e-05 0.86601967
vn 0.50000995 -1.4302344e-05 0.86601967
vn 0.50000995 -1.4302344e-05 0.86601979
vn -0.50009781 -1.4303222e-05 0.865969
vn -0.50009775 -1.430322e-05 0.865969
vn -0.50009775 -1.4303221e-05 0.865969
vn 0 1 -4.9590026e-06
vn 0 1 1.7356781e-05
vn 0 1 -3.4711204e-05
vn -1 0 0
vn -0.50001204 7.1520203e-06 -0.86601853
vn 0 -1 -1.8419443e-05
vn 0 -1 4.9590026e-06
vn 0 -1 3.4711204e-05
vn -1 -2.232998e-06 5.6714471e-05
vn -1 -3.1283491e-06 5.6715013e-05
vn -1 0 5.6713117e-05
vn 0 -0.89998555 0.43591985
vn 0 -0.89998549 0.43592003
vn 0 -0.89998549 0.43592012
vn 0 0.89998633 0.43591815
vn 0 0.89998662 0.43591756
vn 0 0.89998597 0.43591893
vn 0 0 1
vn 0 -5.026408e-06 -1
vn 0 -5.0264075e-06 -1
vn 0 0.89998645 -0.43591794
vn 0 0.89998639 -0.435918
vn 0 1 -5.6469366e-06
vn 0 -0.89998049 -0.4359304
vn 0 -0.89998037 -0.4359304
vn 0 -1 5.6932513e-06
vn 0 -1 5.7454145e-06
vn 0 -1 5.79173e-06
vn -1 -3.7365303e-06 5.6715384e-05
vn 0 -0.89998561 0.4359197
vn 0 0.89998698 0.43591684
vn 0 0.89998639 -0.43591809
vn 0 -1 5.6469366e-06
vn 0 1.6068901e-05 -1
vn -1.7118351e-05 1.0005518e-05 -1
vn 0 1.6068907e-05 -1
vn 1 2.3008357e-05 0
vn 1 2.3008355e-05 0
vn 1 2.3008353e-05 0
vn 3.6848501e-08 1.4983988e-05 1
vn 1.0544314e-06 -1.4983739e-05 1
vn 1.0912788e-06 -1.6068891e-05 1
vn 0 1 2.7402541e-06
vn 0 1 2.7437845e-06
vn 0 1 2.7402225e-06
vn -2.3118017e-13 -1 -2.7483668e-06
vn -4.4284498e-12 -1 -2.7483616e-06
vn -4.6596295e-12 -1 -2.7483613e-06
vn -0.30285254 -0.9530375 -2.5824022e-06
vn -0.30285177 -0.95303774 -2.5424283e-06
vn -0.30285504 -0.95303661 -2.71315e-06
vn -8.5307778e-07 1 2.7483638e-06
vn -8.0455749e-07 1 2.7449671e-06
vn -8.5307641e-07 1 2.7483638e-06
vn -2.6937892e-05 -6.1756773e-06 1
vn -2.724094e-05 -6.0643797e-06 1
vn -4.3753407e-05 0 1
vn -1.5921262e-06 1.5045488e-05 -1
vn 1.3098673e-06 -1.4983986e-05 -1
vn 1.4184327e-06 -1.6069172e-05 -1
vn 0 -1.6069127e-05 1
vn 0 -1.6068891e-05 1
vn 0 -1.6068923e-05 1
vn 0 -1 -2.6896571e-06
vn 0 -1 -2.6633061e-06
vn 0 -1 -2.9580201e-06
vn 0 1 2.8072477e-06
vn 0 1 2.7368383e-06
vn 0 1 2.7292538e-06
vn -1.3383351e-05 6.1159112e-06 -1
vn -1.3367604e-05 6.1276201e-06 -1
vn -2.1606957e-05 0 -1
vn 4.4484641e-06 2.0396756e-06 -1
vn -5.70162e-07 1.5272932e-05 -1
vn -8.0455868e-07 1 2.7449676e-06
vn 0 1 2.6732737e-06
vn 1.3585443e-05 0 1
vn 8.9210271e-06 -2.0383616e-06 1
vn 0 -1 -2.7001088e-06
vn 0 -1 -2.6291393e-06
vn 0 -1 -2.4869828e-06
vn 0.29944938 -0.95411217 -2.5523357e-06
vn 0.29944834 -0.95411259 -2.514905e-06
vn 0.29945311 -0.95411104 -2.6826733e-06
vn 2.0631431e-05 -8.3971427e-06 1
vn 0 0 -1
vn 6.8059398e-06 0 -1
vn 0 1 2.7187907e-06
vn 0 -1 -2.7285046e-06
vn 0 -1 -2.7590695e-06
vn 0 -1 -2.5993531e-06
vn 0 -1.6068905e-05 1
vn 0 -1.6068903e-05 1
vn 0 -1.6068907e-05 1
vn 0 1 2.7282094e-06
vn 0 1 2.7281944e-06
vn -1.0168934e-05 2.3813891e-06 -1
vn -1.5617134e-05 0 -1
vn 0 1.6068905e-05 -1
vn 0 1.6068929e-05 -1
vn 0 1.6068894e-05 -1
vn 0 1 2.6768812e-06
vn 0 1 2.6818896e-06
vn 0 1 2.6832711e-06
vn -0.40949899 -0.9123106 -2.5929439e-06
vn -0.40949675 -0.91231161 -2.6721134e-06
vn -0.40950283 -0.91230893 -2.4570393e-06
vn -4.9407745e-06 -2.3897044e-06 1
vn -2.1879021e-06 -1.4691135e-05 1
vn -7.9203774e-06 0 1
vn 7.8085659e-06 0 1
vn 5.0844665e-06 -2.3813889e-06 1
vn 0 -1 -2.7203923e-06
vn 0 -1 -2.7251788e-06
vn 0 -1 -2.8411673e-06
vn 9.881549e-06 2.3897044e-06 -1
vn 4.375805e-06 1.4691134e-05 -1
vn 0 1 2.6818934e-06
vn 0 1 2.7115125e-06
vn 0.37058923 -0.92879689 -2.5412207e-06
vn 0.37058759 -0.92879754 -2.5412157e-06
vn 0.37059334 -0.92879522 -2.5412346e-06
vn 8.5591746e-06 -1.0005517e-05 1
vn 1.5840757e-05 0 -1
vn 0 1 2.7115284e-06
vn 0 1 2.756439e-06
vn 0 1.6069132e-05 -1
vn 0 1.6068374e-05 -1
vn 0 -1 -2.9257412e-06
vn 0 -1 -2.6991295e-06
vn 0 1.60689e-05 -1
vn 1 -2.3008077e-05 0
vn 1 -2.3008075e-05 0
vn 1 -2.3008079e-05 0
vn 0 1.6069171e-05 1
vn 0 1 2.743812e-06
vn 0 -1 -2.748367e-06
vn -0.30284926 -0.95303857 -2.411681e-06
vn 0 1.6069131e-05 -1
vn 0 -1 -2.8422658e-06
vn 0.29944462 -0.95411372 -2.3845689e-06
vn 0 -1 -2.8882234e-06
vn -0.409493 -0.91231328 -2.8080165e-06
vn 0 -1 -2.6044036e-06
vn 0.3705835 -0.92879921 -2.5412019e-06
vn 0 -1 -2.9489986e-06
vn -1 -2.5933763e-12 0
vn -1 -2.8072345e-06 0
vn 0 -0.93530887 0.35383248
vn 1 -1.3079596e-11 0
vn 1 -2.8072425e-06 0
vn 0 0.93530673 0.35383803
vn 0 0.93530679 0.35383803
vn 0 0.93530679 0.35383806
vn 0 -5.3247568e-06 1
vn 0 -1.0649514e-05 1
vn 0 -5.3247577e-06 1
vn 0 -0.30280405 -0.95305282
vn 0 -0.30280405 -0.95305294
vn 0 -0.30280405 -0.95305288
vn 0 0.96284342 -0.27006036
vn 0 0.96284324 -0.27006096
vn 0 0.96284348 -0.27006003
vn 0 1 -5.0797721e-06
vn 0 1 -5.2366895e-06
vn 0 1 -5.0382719e-06
vn 1 -9.8926625e-07 0
vn 1 -1.488056e-06 0
vn 1 -3.4983116e-06 0
vn 0 -0.96284074 -0.27007025
vn 0 -0.96284044 -0.27007082
vn 0 -0.96284038 -0.27007115
vn 0 -1 5.0797721e-06
vn 0 -1 5.2366895e-06
vn 0 -1 5.2781897e-06
vn -1 2.8072759e-06 0
vn 1 2.8072766e-06 0
vn 0 0.30280533 -0.9530524
vn 0 0.30280536 -0.95305246
vn -1 -4.9786913e-06 0
vn 1 -4.9786913e-06 0
vn 0 0.93530685 0.35383788
vn 0 0.93530685 0.35383791
vn 0 -1.0649514e-05 1
vn 0 -0.30280402 -0.95305288
vn 0 -0.30280402 -0.95305294
vn 0 0.96284324 -0.27006131
vn 0 1 -5.2781897e-06
vn 0 -0.9628408 -0.2700699
vn 0 -1 5.0382719e-06
vn 0 0.30280536 -0.95305252
vn 0 0.3028053 -0.95305246
vn 1 4.9786913e-06 0
vn -1 4.9786909e-06 0
vn -3.6389906e-07 -1 -2.4131264e-06
vn -3.638994e-07 -1 -2.6312773e-06
vn -3.6389937e-07 -1 -2.6423081e-06
vn 7.1108821e-07 1 2.3996352e-06
vn 3.8060944e-07 1 -2.3996329e-06
vn 7.2779875e-07 1 2.6423077e-06
vn -7.7887137e-07 0 1
vn -6.9591461e-09 0 1
vn 4.1465378e-09 0 1
vn 7.7920134e-07 0 -1
vn 3.0207314e-08 0 -1
vn 1.9431191e-08 0 -1
vn -3.6389901e-07 -1 -2.4020958e-06
vn 3.6389901e-07 1 -2.6423052e-06
vn -7.8997732e-07 0 1
vn 7.8997738e-07 0 -1
vn 0 -0.92387855 -0.38268581
vn 0 -0.92387903 -0.38268468
vn 0 -0.92387938 -0.38268384
vn 0 -0.38268194 -0.92388022
vn 0 -0.38268054 -0.92388082
vn 0 -0.38267937 -0.92388123
vn 1.5799183e-06 0.38268512 -0.92387885
vn 3.5425232e-06 0.38268501 -0.92387897
vn 0 0.38268527 -0.92387879
vn 7.8260825e-08 0.99948734 -0.032017533
vn 3.5279598e-07 0.99948746 -0.032016166
vn 0 0.9994874 -0.032017931
vn 0 0.92387605 0.38269207
vn 0 0.92387509 0.38269442
vn 0 0.92387617 0.38269168
vn 0 0.3826794 0.92388129
vn 0 0.38267937 0.92388129
vn 0 -0.38268378 0.9238795
vn 0 -0.38268456 0.92387909
vn 0 -0.38268527 0.92387879
vn 0 -0.92387933 0.3826839
vn 0 -0.9238798 0.38268289
vn 0 -0.92388022 0.38268206
vn 1 1.0803522e-07 0
vn 1 4.1609408e-07 0
vn 0 0.92387998 -0.38268259
vn 0 0.92387831 -0.38268638
vn 0 0.92388046 -0.3826814
vn 0 0.96694469 0.25498652
vn 0 0.96694475 0.25498626
vn 0 0.96694469 0.25498658
vn 0 -0.92387825 -0.38268673
vn 0 -0.3826831 -0.92387974
vn 5.1224251e-06 0.38268486 -0.92387903
vn 4.3105729e-07 0.9994874 -0.032015771
vn 0 0.92387486 0.38269469
vn 0 0.38267833 0.92388165
vn 0 0.3826783 0.92388165
vn 0 0.3826783 0.92388177
vn -1 2.3310397e-06 0
vn -1 4.2286647e-06 0
vn -1 2.4958572e-06 0
vn -1 2.495857e-06 0
vn -1 -4.5114139e-06 0
vn -1 4.8211355e-06 0
vn -1 -2.2898178e-06 0
vn -1 -4.5566691e-07 0
vn -1 -4.5566694e-07 0
vn 0 -0.38268307 0.92387968
vn 0 -0.92387903 0.38268477
vn 1 -5.5551811e-07 0
vn 1 -5.5551806e-07 0
vn 1 3.8915346e-07 0
vn 1 3.8915348e-07 0
vn 1 -1.1278738e-06 0
vn 1 5.5550282e-07 0
vn 1 -1.1449089e-06 0
vn 1 1.7701873e-06 0
vn 1 1.7701871e-06 0
vn 1 1.7701872e-06 0
vn 0 0.92387784 -0.38268754
vn 0 0.96694475 0.2549862
vn 3.7371197e-07 -1 0
vn 3.7371572e-07 -1 0
vn 3.7371578e-07 -1 0
vn -8.4367024e-08 -0.50000811 -0.86602086
vn -8.4367016e-08 -0.50000805 -0.86602086
vn 0 0.50000346 -0.86602354
vn 0 0.5000034 -0.86602348
vn 0 0.5000034 -0.86602354
vn -3.7371569e-07 1 0
vn -3.73712e-07 1 0
vn -3.7371578e-07 1 0
vn 0.4595907 -0.88813084 8.7257858e-06
vn 0.45959002 -0.88813126 8.1244661e-06
vn 0.45959473 -0.8881287 1.2254768e-05
vn 0 0.49998733 0.86603272
vn 0 0.49998739 0.86603278
vn 0 -0.49999195 0.8660301
vn 0 -0.49999192 0.8660301
vn 0 -0.49999195 0.86603004
vn 0 -0.50000221 0.86602414
vn 0 -0.50000066 0.86602509
vn 0 -0.49999958 0.86602569
vn 0.45957038 0.44406974 -0.76915359
vn 0.45957127 0.44406983 -0.76915294
vn 0.45958334 0.44407091 -0.76914507
vn 0.45957816 -0.44407579 0.76914537
vn 0.45957732 -0.44407651 0.76914549
vn 0.45958322 -0.44407165 0.76914483
vn 0.45957017 0.88814157 0
vn 0.45957014 0.88814151 0
vn 0.45958897 -0.44404885 -0.76915449
vn 0.459589 -0.44404894 -0.76915455
vn 0.45958897 -0.44404888 -0.76915449
vn 0.45957044 0.44408411 0.76914531
vn 0.45957047 0.44408408 0.76914519
vn 0.45957044 0.44408408 0.76914525
vn -0.99997371 0.0036443349 0.0062822034
vn -0.99997371 0.0036443346 0.0062822034
vn -0.99997371 0.0036443349 0.0062822029
vn 0 1 0
vn -3.609885e-06 -0.49999809 -0.86602658
vn -3.6098847e-06 -0.49999809 -0.86602658
vn -3.609885e-06 -0.49999809 -0.86602664
vn 0 0.50000614 0.86602187
vn 0 0.50000238 0.86602414
vn 0 0.50000894 0.86602026
vn 0 0.49999377 -0.86602896
vn 0 0.49999374 -0.86602902
vn 0 0.4999938 -0.86602902
vn 0 -1 0
vn 2.7999752e-07 -1 4.5298234e-06
vn 3.704842e-07 -1 8.8825691e-06
vn 3.7171236e-07 -1 8.941649e-06
vn -0.34933823 -0.46849799 0.81146312
vn -0.3493382 -0.46849799 0.81146312
vn 4.3617433e-07 0.49998674 0.86603308
vn 4.3617436e-07 0.49998674 0.86603314
vn 4.3617436e-07 0.4999868 0.86603314
vn 1.3317637e-08 -0.49998668 -0.86603308
vn 1.3317639e-08 -0.49998677 -0.86603314
vn 2.605133e-07 -0.49999455 0.86602861
vn 2.605133e-07 -0.49999458 0.86602867
vn 2.605133e-07 -0.49999458 0.86602861
vn 9.169851e-08 1 -4.5298225e-06
vn 1.2279598e-09 1 -8.8825727e-06
vn 9.2926427e-08 1 -4.4707444e-06
vn 4.3617928e-07 0.49999264 -0.86602962
vn 4.3617933e-07 0.49999267 -0.86602974
vn 4.3617936e-07 0.49999273 -0.86602968
vn 0 0.50000143 0.86602467
vn -0.34931204 0.93700653 -3.040388e-06
vn -0.34931102 0.93700683 -2.4840472e-06
vn -0.34932128 0.93700314 -8.4335679e-06
vn -0.34934407 0.4684884 -0.81146622
vn -0.34934404 0.4684884 -0.81146622
vn -0.34934407 0.46848845 -0.81146622
vn -0.34931323 -0.93700606 3.040386e-06
vn -0.34931433 -0.93700564 2.4840467e-06
vn -0.3493194 -0.93700379 0
vn -0.34933317 0.46851122 0.81145769
vn -0.34933317 0.46851125 0.81145769
vn -0.3493332 0.46851125 0.81145775
vn -0.34932685 -0.46850377 -0.81146485
vn -0.34932682 -0.4685038 -0.81146485
vn -0.34932679 -0.46850371 -0.81146479
vn -0.99997371 -0.0036210141 0.0062822872
vn -0.99997371 -0.0036210136 0.0062822863
vn -0.99997371 -0.0036210138 0.0062822872
vn 0 -0.50000149 -0.86602467
vn 0 -0.50000143 -0.86602467
vn 0 -0.50000143 0.86602467
vn 0 -0.50000149 0.86602467
vn 0 0.50000143 -0.86602467
vn -0.99997371 0.00725675 0
vn -0.99997377 0.0072567505 0
vn -0.99997377 0.00725675 0
vn -0.99997377 0.0036208655 -0.0062820292
vn -0.99997377 0.0036208653 -0.0062820292
vn -0.99997371 0.0036208651 -0.0062820287
vn -0.99997371 -0.0036443344 -0.0062822029
vn -0.99997365 -0.0036443344 -0.006282202
vn -0.99997371 -0.0036443349 -0.0062822029
vn -0.99997383 -0.007241732 0
vn -0.99997377 -0.0072417306 0
vn -0.99997383 -0.0072417306 0
vn 3.7371188e-07 -1 0
vn 0 -0.49999511 -0.86602831
vn 0 -0.49999511 -0.86602825
vn 0 0.4999997 -0.86602563
vn 0 0.49999967 -0.86602557
vn 0 0.49999973 -0.86602557
vn -3.7371191e-07 1 0
vn 0.45958057 -0.88813609 0
vn -1.0453864e-06 0.50001585 0.86601633
vn -1.0453864e-06 0.50001591 0.86601633
vn -1.0453863e-06 0.50001585 0.86601633
vn 0 -0.50001127 0.86601901
vn 0 -0.50001121 0.86601901
vn 0 -0.50001121 0.86601895
vn 0 -0.50000322 0.86602354
vn 0.45956513 0.44406927 -0.76915699
vn 0.45956573 -0.44408602 0.7691468
vn 0.4595671 0.88814306 0
vn 0.45956704 0.88814306 0
vn 0.45956707 0.88814306 0
vn 0.45959574 -0.44406179 -0.7691431
vn 0.45959568 -0.44406173 -0.76914293
vn 0.45959574 -0.44406179 -0.76914299
vn 0.45956904 0.44407734 0.76914996
vn 0.45956907 0.44407731 0.76915002
vn -0.99997377 0.0036245291 0.0062824585
vn -0.99997377 0.0036245291 0.006282459
vn 0 -0.4999896 -0.86603153
vn 0 -0.49998957 -0.86603153
vn 0 -0.49998957 -0.86603141
vn 0 0.49999958 0.86602575
vn 0 0.50000387 -0.8660233
vn 0 0.50000387 -0.86602318
vn 0 0.50000387 -0.86602324
vn 2.7876939e-07 -1 4.4707454e-06
vn 1 2.6658138e-06 0
vn 1 2.6658136e-06 0
vn 1 -4.4732324e-06 0
vn -0.34928423 -0.46850356 0.8114832
vn -0.34928423 -0.4685035 0.8114832
vn -0.34928423 -0.46850353 0.8114832
vn -4.3617717e-07 0.50000781 0.86602092
vn -4.3617717e-07 0.50000781 0.86602098
vn -4.3617723e-07 0.50000781 0.86602098
vn 8.723519e-07 -0.49998868 -0.86603194
vn 8.7235185e-07 -0.49998868 -0.86603194
vn 8.723519e-07 -0.4999887 -0.86603194
vn 0 -0.49999443 0.86602861
vn 0 -0.49999446 0.86602873
vn 0 1 -8.9416535e-06
vn 0 0.49998876 -0.866032
vn 0 0.49998873 -0.86603194
vn -0.34930673 0.93700844 0
vn -0.34931493 0.4685024 -0.81147075
vn -0.34931496 0.46850234 -0.81147069
vn -0.34931499 0.46850237 -0.81147075
vn -0.34930229 -0.93701017 8.4336316e-06
vn -0.34933183 0.46849924 0.81146526
vn -0.34933177 0.46849921 0.81146532
vn -0.34933177 0.46849924 0.81146526
vn -0.34933332 -0.46848151 -0.8114748
vn -0.34933335 -0.46848151 -0.81147486
vn -0.34933332 -0.46848148 -0.8114748
vn -0.99997371 -0.0036383928 0.0062822029
vn -0.99997365 -0.0036383923 0.006282202
vn -0.99997383 0.007241732 0
vn -0.99997383 0.0072417306 0
vn -0.99997377 0.0072417306 0
vn -0.99997371 0.0036383928 -0.0062822029
vn -0.99997371 0.003638393 -0.0062822029
vn -0.99997365 0.0036383923 -0.006282202
vn -0.99997377 -0.0036174993 -0.0062821158
vn -0.99997377 -0.0036174995 -0.0062821163
vn -0.99997371 -0.003617499 -0.0062821158
vn -0.99997365 -0.0072727092 0
vn -0.9999736 -0.0072727082 0
vn -0.99997365 -0.0072727082 0
vn -1.7118537e-05 -1.0005611e-05 -1
vn 0 -1.6069162e-05 -1
vn 1 1.0608505e-06 0
vn 1 9.5511805e-06 0
vn 1 -1.2396758e-05 0
vn 0 -1 -2.7437845e-06
vn 0 -1 -2.7402541e-06
vn 0 -1 -2.7402225e-06
vn 0 1 2.7590645e-06
vn 0 1 2.7285093e-06
vn 0 1 2.5994009e-06
vn 0 1.6069162e-05 1
vn 0 1.6069158e-05 1
vn 0 -1 -2.7282094e-06
vn 0 -1 -2.7281944e-06
vn -1.0169053e-05 -2.3813682e-06 -1
vn 0 -1 -2.7161207e-06
vn 0 -1 -2.8056875e-06
vn 0 -1 -2.6704486e-06
vn -0.40951201 0.9123047 2.5929426e-06
vn -0.40951005 0.91230571 2.6721048e-06
vn -0.40950662 0.91230714 2.8079976e-06
vn -4.9408368e-06 2.3896857e-06 1
vn -1.128342e-05 8.9636278e-06 1
vn 0 1.606916e-05 1
vn 7.8085113e-06 0 1
vn 5.0845265e-06 2.3813682e-06 1
vn 0 1 2.8411673e-06
vn 3.5774894e-05 -4.8048569e-06 -1
vn 9.8816718e-06 -2.3896853e-06 -1
vn 0 -1.606916e-05 -1
vn 0 -1 -2.7115125e-06
vn 0 -1 -2.7815445e-06
vn 0.37060091 0.92879224 2.5412155e-06
vn 0.37059984 0.92879266 2.5412073e-06
vn 0.37059706 0.92879385 2.5411873e-06
vn 8.5592683e-06 1.0005611e-05 1
vn 1.5840618e-05 0 -1
vn 0 -1 -2.7115284e-06
vn -1 1.7251983e-06 0
vn -1 1.057822e-06 0
vn -1 2.7829744e-06 0
vn 0 1 2.6704483e-06
vn 0 1 2.6704486e-06
vn 0 -1.6069158e-05 -1
vn 1 2.3008608e-05 0
vn 0 -1 -2.743812e-06
vn 0 1 2.8881698e-06
vn -1.5617017e-05 0 -1
vn -0.40951544 0.91230321 2.4570477e-06
vn -7.920311e-06 0 1
vn 0.37060365 0.92879122 2.541236e-06
vn 0 -1 8.5167534e-07
vn 0 -1 3.2778846e-06
vn 0 -1 5.2987781e-07
vn 0 1 -3.3227868e-06
vn 0 1 -8.6334222e-07
vn 0 1 -5.4459656e-07
vn -0.87408483 0 0.48577353
vn -0.87408477 0 0.4857735
vn -0.87408477 0 0.48577347
vn 0 1 6.4227709e-07
vn 0 1 8.3992984e-07
vn 0 -1 -6.5107542e-07
vn 0.816208 0 -0.57775831
vn 0.81620806 0 -0.57775825
vn 0.816208 0 -0.57775819
vn 0 -1 -7.4025797e-07
vn 0 -1 -3.6704896e-06
vn 0 -1 -8.2621608e-07
vn 0.82058895 0 0.57151884
vn 0.82058901 0 0.57151884
vn 0 1 7.5521871e-07
vn 0 1 3.7571385e-06
vn 0 1 3.6797662e-06
vn 0 1 3.6941144e-06
vn 0 -1 -3.6928493e-06
vn 0 -1 3.3227864e-06
vn 0 1 -3.3227864e-06
vn -0.87408125 0 0.48577982
vn -0.87408125 0 0.48577985
vn -0.87408131 0 0.48577985
vn 0.8162058 0 -0.57776135
vn 0.81620574 0 -0.57776135
vn 0.81620568 0 -0.57776135
vn 0 -1 -3.6401991e-06
vn 0.82059592 0 0.57150894
vn 0.82059592 0 0.571509
vn 0.97943139 0 -0.20177791
vn 0.97943038 0 -0.2017826
vn 0.97943068 0 -0.20178112
vn 1.2527358e-06 1 5.7390031e-07
vn 1.1988835e-06 1 -4.579411e-07
vn 1.7221706e-06 1 3.266646e-08
vn 0 2.17789e-05 1
vn 0 2.1778904e-05 1
vn -0.053933486 -2.2637541e-05 -0.99854457
vn -0.053933483 -2.2637541e-05 -0.99854451
vn -0.053933483 -2.263754e-05 -0.99854457
vn 2.5001511e-06 1 -1.8202617e-06
vn 2.669655e-06 1 -3.4027528e-07
vn 0.97942591 0 -0.20180434
vn 0.97942579 0 -0.201805
vn 0.97942537 0 -0.20180674
vn -0.89075482 0 0.4544844
vn -0.89075476 0 0.4544844
vn -0.8907547 0 0.45448437
vn -0.97942883 0 0.20179041
vn -0.97942877 0 0.20179038
vn -0.97942877 0 0.20179039
vn -0.97942907 0 0.20178914
vn -0.97942901 0 0.20178911
vn -0.97942901 0 0.2017891
vn -0.89074969 3.1525513e-05 0.45449418
vn -0.89074969 3.1525513e-05 0.45449424
vn -0.89074969 3.1525513e-05 0.45449421
vn 0.9794265 0 -0.20180136
vn 0.9794265 0 -0.20180137
vn 0.9794265 0 -0.20180133
vn -0.053931825 8.9573959e-06 -0.99854469
vn -0.053938106 0 -0.99854434
vn -0.053936746 5.3568638e-06 -0.99854434
vn -1.3291303e-06 -1 7.271031e-07
vn -3.1991706e-06 -1 -2.3270475e-06
vn -4.2632541e-06 -1 -4.0649093e-06
vn 0.97943145 4.0054611e-06 -0.20177752
vn 0.97943026 0 -0.20178339
vn 0.9794305 3.2924952e-06 -0.20178169
vn 0.030248741 -5.4288003e-06 0.99954247
vn 0.030245958 0 0.99954253
vn 0.030251497 0 0.9995423
vn -0.89071721 3.2024847e-05 0.45455793
vn -0.89071721 3.2024851e-05 0.45455796
vn 0.979424 0 -0.20181376
vn 0.97942322 0 -0.20181747
vn 3.1992065e-06 1 2.2218735e-06
vn 0 1 -2.8978397e-06
vn 0.9794302 0 -0.20178322
vn 0.97943133 0 -0.20177773
vn 0.97943062 0 -0.20178153
vn -1.1988918e-06 -1 4.5197922e-07
vn -1.2527489e-06 -1 -5.5041284e-07
vn -1.7221722e-06 -1 -4.8008236e-08
vn -0.053933069 -2.9324192e-06 -0.99854451
vn -0.053932391 1.4055224e-06 -0.99854463
vn -0.053935889 6.9795788e-06 -0.99854445
vn -2.5001546e-06 -1 1.747493e-06
vn -2.669653e-06 -1 4.1168056e-07
vn 0.97942525 0 -0.20180725
vn 0.97942662 0 -0.20180063
vn 0.97942573 0 -0.2018052
vn -0.89074826 -1.9372757e-05 0.45449716
vn -0.8907482 -1.9372756e-05 0.45449713
vn -0.89074826 -1.9372757e-05 0.45449719
vn -0.97942901 6.5351551e-06 0.20178941
vn -0.97942901 6.5351555e-06 0.20178942
vn -0.97942895 6.5351542e-06 0.20178938
vn -0.97942883 0 0.20179027
vn -0.97942877 0 0.20179027
vn -0.97942877 0 0.20179026
vn -0.89074719 0 0.4544991
vn -0.89074725 0 0.45449913
vn -0.89074725 0 0.4544991
vn 0.97942644 -7.5248821e-08 -0.20180146
vn 0.97942543 -1.5434685e-07 -0.20180638
vn 3.1992356e-06 1 2.3415871e-06
vn 1.3291592e-06 1 -8.102121e-07
vn 4.2633365e-06 1 4.1350077e-06
vn 0.97943038 5.9284716e-06 -0.20178275
vn 0.030249966 -1.085757e-05 0.99954236
vn 0.030247139 -1.0857572e-05 0.99954247
vn -0.89072174 0 0.45454907
vn -0.8907218 0 0.45454913
vn -0.89072174 0 0.45454904
vn 0.9794243 0 -0.20181192
vn 0.97942436 0 -0.20181192
vn 0.97942436 0 -0.20181194
vn -3.1992097e-06 -1 -2.3941791e-06
vn 0 -1 3.0503577e-06
vn 0.97943133 0 -0.2017778
vn 0.97943139 0 -0.20177782
vn 1.2527279e-06 1 5.9202051e-07
vn 0 2.1778898e-05 1
vn -0.05393308 -2.0896194e-05 -0.99854463
vn -0.053933069 -2.0896192e-05 -0.99854451
vn -0.053933069 -2.0896194e-05 -0.99854457
vn 0.97942734 0 -0.20179746
vn -0.89075017 0 0.45449322
vn -0.89075023 0 0.45449325
vn -0.89075017 0 0.45449325
vn -0.97942901 0 0.20178916
vn -0.97942907 -9.3180424e-06 0.20178881
vn -0.97942913 -9.3180461e-06 0.20178883
vn -0.97942919 3.7158177e-05 0.20178844
vn -0.97942924 3.7158181e-05 0.20178846
vn -0.97942924 3.7158177e-05 0.20178844
vn -0.89074719 -3.1525855e-05 0.4544991
vn -0.89074725 -3.1525855e-05 0.45449913
vn 0.97942656 0 -0.20180105
vn -0.053930931 0 -0.99854469
vn -0.053930923 0 -0.99854469
vn -0.05393092 0 -0.99854463
vn 0 -1 2.8978397e-06
vn 0.97943145 0 -0.20177759
vn 0.030247385 -5.4288294e-06 0.99954242
vn -0.89072514 0 0.45454246
vn -0.89072508 0 0.45454243
vn -1.2527463e-06 -1 -5.2624483e-07
vn -0.053933047 -2.0896185e-05 -0.99854457
vn 0.97942668 0 -0.20180064
vn -0.89074826 1.5811069e-05 0.45449716
vn -0.89074826 1.5811071e-05 0.45449722
vn -0.97942913 -1.8635916e-05 0.20178847
vn -0.97942919 0 0.2017884
vn -0.97942924 0 0.20178844
vn -0.97942924 0 0.20178846
vn -0.89075381 0 0.45448637
vn -0.89075375 0 0.4544864
vn 0 1 -3.0503577e-06
vn 0.97943139 0 -0.20177786
vn 0.97943133 0 -0.20177782
vn -0.89072168 0 0.45454901
vn -0.68296582 -0.73045039 -1.2621806e-06
vn -0.68296587 -0.73045027 -1.3658704e-06
vn -0.68296701 -0.7304492 -2.6280361e-06
vn 0 -1 -3.8308308e-06
vn 0 -1 -3.8308303e-06
vn 0 1 3.8236572e-06
vn 0 1 3.7795976e-06
vn 0 1 3.8236731e-06
vn 0 0.18268129 0.98317224
vn 0 0.18268131 0.98317224
vn 0 0.2259509 -0.97413874
vn 0 0.22595087 -0.97413868
vn 0 0.22595088 -0.97413868
vn -0.43231466 0.15558976 -0.88819808
vn 0.36539614 -0.13609724 0.9208492
vn 0.36539611 -0.13609724 0.92084926
vn 0.93626899 -0.35128409 -1.336314e-06
vn 0.93626899 -0.35128412 -1.3363139e-06
vn 0.93626899 -0.35128412 -1.336314e-06
vn -0.70439094 0.70981228 2.6663122e-06
vn -0.70439094 0.70981222 2.6540447e-06
vn -0.7043907 0.70981246 2.7665869e-06
vn 0 -0.19346561 0.98110712
vn 0 -0.19346559 0.98110706
vn 0 -0.23905274 -0.97100663
vn 0 -0.23905276 -0.97100657
vn -0.94175792 -0.33629167 0
vn -0.94175875 -0.33628929 0
vn -0.94175696 -0.33629435 0
vn -0.94175971 0.33628678 1.2187969e-06
vn -0.94175965 0.33628693 1.2774855e-06
vn -0.94175959 0.33628717 1.3441531e-06
vn -1 8.1041926e-06 0
vn -1 8.1041935e-06 0
vn 0.9362691 0.35128349 1.1454099e-06
vn 0.93626922 0.35128355 1.14541e-06
vn 0.9362691 0.35128352 1.14541e-06
vn 0.36534962 0.13607444 0.92087102
vn 0.36534959 0.13607442 0.92087108
vn 0.36534962 0.13607444 0.92087108
vn 0.36870769 0 0.92954546
vn 0.36870769 0 0.9295454
vn 0.36870766 0 0.9295454
vn -0.43231589 -0.15559295 -0.88819706
vn -0.43231589 -0.15559295 -0.888197
vn -0.43231589 -0.15559293 -0.88819695
vn -0.43919659 0 -0.89839107
vn -0.43919653 0 -0.89839101
vn 0.44387707 0 -0.89608783
vn 0.44390172 0 -0.89607549
vn 0.44387236 0 -0.89609015
vn 0.43636853 0.1637127 -0.88474894
vn 0.4363685 0.1637127 -0.88474894
vn 0.43636855 0.1637127 -0.88474894
vn 0 -0.19346903 0.9811064
vn 0 -0.19346856 0.98110646
vn 0 -0.19346936 0.98110634
vn -3.549645e-06 -5.0918361e-06 1
vn -3.2100349e-06 -4.604678e-06 1
vn 0.4363828 -0.16371517 -0.88474143
vn 0.4363828 -0.16371517 -0.88474149
vn 0.43638289 -0.16371518 -0.88474149
vn 0 -1.9559136e-05 -1
vn 0 0.18267392 0.98317355
vn 0 0.18267395 0.98317355
vn 0 1 3.6277816e-06
vn 0 1 3.8264548e-06
vn 0 1 3.8308303e-06
vn 0 -1 -3.4760847e-06
vn 0 -1 -3.4076661e-06
vn 0 -1 -3.4076659e-06
vn 0 -1 -3.7795976e-06
vn 0 -1 -3.4760519e-06
vn -0.34113157 0.34374794 0.87490958
vn -0.34113157 0.34374794 0.87490952
vn -0.34113154 0.34374791 0.87490952
vn -0.36159787 0.1291095 0.92335135
vn -0.3615979 0.1291095 0.92335135
vn -0.3615979 0.1291095 0.92335141
vn -0.33860099 -0.36217421 0.86843497
vn -0.33860096 -0.36217418 0.86843497
vn -0.36155593 -0.12912948 0.92336506
vn -0.36155596 -0.12912948 0.92336506
vn -0.36155593 -0.12912947 0.923365
vn -0.3647052 -7.7331097e-06 0.93112302
vn -0.3647052 -7.7331088e-06 0.93112308
vn -0.3647052 -7.7331088e-06 0.93112302
vn 0 -0.2390548 -0.9710061
vn 0 -0.2390548 -0.97100616
vn 0 0.22593689 -0.97414196
vn 0 0.22593687 -0.97414196
vn 0 0.22593689 -0.97414201
vn 0 1 3.7895356e-06
vn -0.68296474 -0.73045135 0
vn 0 1 3.7794041e-06
vn 0.3674269 0 0.93005246
vn 0.3674269 0 0.9300524
vn -0.40045547 0.40351772 -0.82268405
vn -0.40045547 0.40351778 -0.82268405
vn -0.40045547 0.40351772 -0.82268399
vn -0.4339222 0.154927 -0.88752985
vn -0.43392223 0.15492702 -0.88752979
vn -0.43392223 0.154927 -0.88752979
vn 0.36400488 -0.13656813 0.92133039
vn 0.36400485 -0.13656813 0.92133033
vn 0.93626893 -0.35128409 -1.3363139e-06
vn -0.70439124 0.70981199 2.5537704e-06
vn 0.36740321 0 0.93006182
vn 0.36740321 0 0.93006176
vn 0.36740324 0 0.93006182
vn -0.39640734 -0.42395392 -0.81432444
vn -0.39640737 -0.42395395 -0.81432444
vn -0.94175971 -0.3362866 0
vn -0.94175971 0.33628654 1.1521292e-06
vn 0.93626899 0.35128412 1.5272161e-06
vn 0.93626899 0.35128415 1.527216e-06
vn 0.93626893 0.35128409 1.527216e-06
vn 0.36400324 0.13655095 0.92133355
vn 0.36400327 0.13655093 0.92133355
vn 0.36400327 0.13655095 0.92133355
vn 0.36885199 0 0.92948824
vn 0.36885193 0 0.92948818
vn 0.36885196 0 0.92948824
vn -0.43392986 -0.15492973 -0.88752568
vn -0.43392986 -0.15492974 -0.88752568
vn -0.4339298 -0.15492971 -0.88752562
vn -0.43923074 0 -0.89837426
vn -0.43923077 0 -0.89837426
vn -0.4392308 0 -0.89837432
vn 0.44390643 0 -0.89607316
vn 0.43790606 0.16309668 -0.88410288
vn 0.43790609 0.16309668 -0.88410288
vn 0.43755588 -0.14649613 -0.88717753
vn 0.43755579 -0.1464961 -0.88717747
vn 0.43755588 -0.14649612 -0.88717747
vn 0 -0.19346784 0.98110664
vn -1.6002627e-05 -2.2955184e-05 1
vn 0.43791413 -0.16309969 -0.88409835
vn 0.43791413 -0.16309968 -0.88409829
vn 0.43791416 -0.16309971 -0.88409835
vn 0.43808123 0.13817514 -0.88825256
vn 0.43808118 0.13817514 -0.8882525
vn 0.43808115 0.13817514 -0.8882525
vn 0 0.18268353 0.98317176
vn 0 0.18268356 0.98317182
vn 0 -1 -3.7794041e-06
vn 0 0.18266305 0.98317558
vn 0 0.18266307 0.98317564
vn 0 0.18266307 0.98317558
vn -0.36017692 0.12962106 0.92383498
vn -0.36017695 0.12962106 0.92383498
vn -0.36017692 0.12962106 0.92383492
vn 0 -0.19346625 0.98110694
vn 0 -0.19346628 0.981107
vn 0 -0.19346629 0.981107
vn -0.36029378 -0.1296241 0.92378902
vn -0.36029384 -0.1296241 0.92378902
vn -0.36029378 -0.12962408 0.92378896
vn -0.36453351 0 0.93119031
vn -0.36453354 0 0.93119031
vn 0 -0.2390513 -0.97100693
vn 0 -0.2390513 -0.97100699
vn 0 -0.23905133 -0.97100699
vn 0 0.22594981 -0.97413898
vn 0 0.22594981 -0.97413892
vn 0 0.22594982 -0.97413892
vn 0.50001919 -2.9807412e-05 0.8660143
vn 0.50001913 -2.9807412e-05 0.8660143
vn 0.50001913 -2.9807414e-05 0.86601436
vn 0.49998993 2.9807996e-05 -0.86603129
vn 0.49998206 2.9808152e-05 -0.86603582
vn 0.499975 2.9808296e-05 -0.86603993
vn -0.49999741 2.9807848e-05 -0.866027
vn -0.49999732 2.9807847e-05 -0.86602694
vn -0.49999738 2.9807848e-05 -0.86602694
vn 0 1 1.5267362e-06
vn 0 1 3.2231931e-06
vn 0 1 3.2231144e-06
vn -0.49999684 -2.9807858e-05 0.86602724
vn -0.49999687 -2.9807859e-05 0.8660273
vn -8.2832789e-11 -1 -3.2231894e-06
vn 0 -1 -1.526736e-06
vn -8.2830742e-11 -1 -3.2231098e-06
vn 0.50001931 -2.9807412e-05 0.8660143
vn 0.50001931 -2.9807414e-05 0.86601436
vn 0.50001931 -2.980741e-05 0.8660143
vn 0.49999699 2.9807858e-05 -0.86602724
vn -0.49997461 2.98083e-05 -0.86604011
vn -0.49997458 2.9808298e-05 -0.86604011
vn -0.49997455 2.98083e-05 -0.86604011
vn 0 1 2.2562321e-05
vn 0 1 1.0687618e-05
vn 0 1 1.526736e-06
vn -0.49997461 -2.98083e-05 0.86604011
vn -0.49997461 -2.9808301e-05 0.86604011
vn -5.7982896e-10 -1 -2.2562304e-05
vn 0 -1 -1.0687618e-05
vn 0.50003666 3.2343657e-06 -0.86600429
vn 0.50003672 3.234366e-06 -0.86600429
vn 0.5000366 3.2343655e-06 -0.86600429
vn 1 -2.8596162e-06 0
vn 1 1.220292e-06 0
vn 1 1.7156361e-06 0
vn 0.50001645 -3.3167257e-06 0.86601591
vn 0.50001651 -3.3167255e-06 0.86601597
vn 0.50001651 -3.3167257e-06 0.86601591
vn -0.49998501 -1.7978501e-06 0.86603409
vn -0.49998501 -1.79785e-06 0.86603409
vn -0.49998504 -1.79785e-06 0.86603415
vn 0 1 8.7212229e-06
vn 0 1 7.4914306e-06
vn 0 1 8.7211374e-06
vn -1 1.398695e-06 0
vn -1 1.3986951e-06 0
vn -0.50000519 1.3985593e-06 -0.86602253
vn -0.50000513 1.3985594e-06 -0.86602241
vn -0.50000519 1.3985592e-06 -0.86602247
vn 0 -1 -8.8329534e-06
vn 0 -1 -7.3796232e-06
vn 0 -1 -8.8330326e-06
vn 0.5000366 1.6774349e-06 -0.86600429
vn 0.50003672 1.6774349e-06 -0.86600429
vn 1 -3.3549843e-06 0
vn 0.50001651 -1.6774576e-06 0.86601591
vn 0.50001651 -1.6774577e-06 0.86601591
vn -0.49998501 -3.3547035e-06 0.86603409
vn -0.49998504 -3.3547037e-06 0.86603415
vn -0.49998498 -3.3547035e-06 0.86603409
vn 0 1 7.4912696e-06
vn 0 1 -8.6093542e-06
vn -0.50000513 3.3546585e-06 -0.86602241
vn -0.50000519 3.3546587e-06 -0.86602247
vn -0.50000519 3.3546589e-06 -0.86602253
vn 0 -1 -7.8263918e-07
vn 0 -1 -7.3794549e-06
vn 0 -1 9.3920225e-06
vn 0.49998161 -5.1862221e-06 -0.86603606
vn 0.49998161 -5.1862226e-06 -0.86603612
vn 0.49998155 -5.1862221e-06 -0.86603606
vn 0.50000352 3.1184434e-06 0.86602336
vn 0.50000358 3.1184441e-06 0.86602336
vn 0.50000358 3.1184436e-06 0.86602336
vn -0.50000858 5.8094465e-06 0.86602044
vn -0.50000858 5.809447e-06 0.86602056
vn -0.50000858 5.8094461e-06 0.86602044
vn 0 1 1.6547581e-06
vn 0 1 1.6547533e-06
vn 0 1 1.6547598e-06
vn -1 4.835515e-06 0
vn -1 4.8355146e-06 0
vn -0.49998114 -6.1300384e-06 -0.86603636
vn -0.49999213 -3.6956637e-06 -0.86602998
vn -0.49999759 -2.4951337e-06 -0.86602688
vn 0.49998158 -3.6652316e-06 -0.86603612
vn 0.49998158 -3.6652314e-06 -0.86603606
vn 0.49998158 -3.6652318e-06 -0.86603606
vn 0.50000364 3.6651786e-06 0.86602342
vn 0.50000358 3.6651782e-06 0.86602336
vn 0.50000352 3.6651779e-06 0.86602342
vn -0.50000858 3.6652148e-06 0.86602044
vn -0.50000864 3.665215e-06 0.8660205
vn -0.50000858 3.665215e-06 0.86602044
vn 0 1 1.6547554e-06
vn 0 1 -5.791625e-06
vn -1 -7.3304109e-06 0
vn -1 -7.3304104e-06 0
vn -0.49997565 -7.3305914e-06 -0.86603957
vn 0.49998569 0 -0.86603373
vn 0.49998564 0 -0.86603373
vn 0.49998567 0 -0.86603379
vn 0.49999318 0 0.86602932
vn 0.49999323 0 0.86602938
vn 0.49999321 0 0.86602932
vn -0.50003618 0 0.86600453
vn 0 1 -2.9420114e-06
vn 0 1 3.069847e-06
vn 0 1 -2.9417076e-06
vn -0.50005239 0 -0.86599529
vn -0.50003749 0 -0.86600381
vn -0.50003624 0 -0.86600459
vn 0 -1 2.8138074e-06
vn 0 -1 -2.8140266e-06
vn 0 -1 2.814098e-06
vn 0.50000316 0 -0.86602366
vn 0.50000316 0 -0.8660236
vn 0.5000031 0 -0.8660236
vn 0.49996811 0 0.86604387
vn 0.49996808 0 0.86604381
vn 0.49996811 0 0.86604381
vn -0.50001866 0 0.86601472
vn -0.5000186 0 0.8660146
vn -0.50001866 0 0.86601466
vn 0 1 3.0695289e-06
vn 0 1 -2.0591604e-05
vn 0 1 2.1487816e-05
vn -0.5000537 0 -0.86599451
vn 0 -1 1.9696317e-05
vn 0 -1 -2.8137347e-06
vn 0 -1 -1.9697165e-05
vn 1 -3.8580865e-06 0
vn 1.3485042e-06 0.92426598 -0.3817493
vn 2.9786561e-06 0.92426503 -0.38175166
vn 2.1278124e-06 0.92426544 -0.38175046
vn 1.322653e-06 -2.5413538e-06 1
vn 8.205746e-07 -1.5436343e-06 1
vn 4.8951842e-06 -5.9866625e-06 1
vn -0.85103548 0 -0.52510822
vn -0.85103488 0 -0.52510929
vn -0.85103703 0 -0.52510571
vn 1.1563265e-05 4.0764503e-06 -1
vn 2.3126433e-05 8.1528997e-06 -1
vn 1.6316584e-05 4.0764139e-06 -1
vn 0 0.95724171 -0.28928939
vn 0 0.95724171 -0.28928941
vn -0.85102969 0 -0.52511775
vn -0.85102904 0 -0.52511865
vn -0.85103244 0 -0.52511334
vn 0 0.93649751 0.35067451
vn 0 0.93649745 0.35067451
vn 1 2.2037685e-07 0
vn 1 1.0505144e-06 0
vn 1 1.3835833e-06 0
vn 0 0.48000643 -0.87726504
vn 0 0.48000643 -0.87726498
vn -0.85103792 0 -0.52510422
vn -0.85103923 0 -0.52510226
vn -0.99984008 0 -0.017884184
vn -0.99984014 0 -0.017884186
vn -0.99965876 0 -0.026122892
vn -0.99965876 0 -0.026122896
vn -0.99965876 0 -0.026122898
vn 0 0.98103541 0.19382906
vn 0 0.98103559 0.19382814
vn 0 0.98103541 0.19382869
vn -0.99992162 0.001979708 -0.012364835
vn -0.99992168 0.0019797082 -0.012364837
vn 1.8924183e-08 0.99994057 -0.010904034
vn 4.6524423e-08 0.99994063 -0.010904175
vn 0 0.99994063 -0.010903995
vn 0.65954083 0.75001824 0.049785506
vn 0.6595403 0.75001878 0.049785592
vn 0.65954018 0.75001884 0.049785614
vn -0.035755914 0.99716961 0.066139258
vn -0.035755917 0.99716967 0.066139266
vn -0.035755914 0.99716967 0.066139266
vn 0 -5.986662e-06 1
vn 0 -2.9933401e-06 1
vn 0 0.99994063 -0.010904012
vn 0 0.99994063 -0.010904105
vn 0 0.98103601 0.19382566
vn 0 0.98103601 0.19382569
vn 0 0.98103607 0.19382565
vn 0 0.48000482 -0.87726587
vn 0 0.48000482 -0.87726593
vn 0 0.48000485 -0.87726593
vn 0 0.93649489 0.35068122
vn 0 0.93649489 0.35068139
vn 0 0.93649501 0.35068098
vn 8.9557585e-07 0.95724565 -0.28927654
vn 1.8802149e-06 0.95724607 -0.28927499
vn 4.122724e-06 0.95724708 -0.28927147
vn 0 4.076413e-06 -1
vn 0 8.1529743e-06 -1
vn 0 4.076373e-06 -1
vn -0.99994075 0 -0.010885102
vn -0.99994075 0 -0.010885103
vn 0 0.92426622 -0.38174865
vn 0 0.92426622 -0.38174862
vn -5.1437796e-06 0 1
vn -2.0370169e-06 0 1
vn 0 3.006943e-06 -1
vn 0 -1.5034645e-06 -1
vn 0 -3.5547981e-13 -1
vn 1.9148474e-06 -4.4867585e-07 -1
vn 1.500181e-05 5.2358007e-07 -1
vn 0 4.0366359e-13 -1
vn 0 0.99780416 0.066233665
vn 0 0.99780422 0.066233374
vn 0 0.99780422 0.066233166
vn 0 0.99780416 0.066233322
vn 0 0.99780422 0.066233329
vn 0 0.99780422 0.066233605
vn 0 0.64400887 0.76501817
vn 0 0.64400882 0.76501811
vn 0 0.64400876 0.76501805
vn -0.72720289 0.38914332 0.56545871
vn -0.72720289 0.38914326 0.56545866
vn -0.72720289 0.38914329 0.56545871
vn 0.49280941 0.5603652 0.66567993
vn 0.49280944 0.56036526 0.66567993
vn 0 0.64400017 0.76502544
vn 0 0.64400023 0.76502544
vn -0.80229211 0 0.59693182
vn -0.80229163 0 0.59693241
vn -0.80229199 0 0.59693182
vn 6.6694025e-07 -0.92426306 -0.38175619
vn 6.6694031e-07 -0.92426306 -0.38175622
vn 6.6694037e-07 -0.92426306 -0.38175622
vn -5.7673296e-06 0 1
vn -0.85103643 -1.0150611e-05 -0.52510679
vn -0.85103643 -1.0150612e-05 -0.52510685
vn 1.3619941e-05 0 -1
vn 0 -0.95724767 -0.28926989
vn 0 -0.95724767 -0.28926986
vn -0.85103709 -2.6451428e-06 -0.52510571
vn -0.85103703 -2.6451428e-06 -0.52510566
vn -0.85103703 -2.6451432e-06 -0.52510566
vn 0 -0.93650049 0.35066649
vn 0 -0.93650019 0.35066733
vn 0 -0.93649948 0.35066921
vn 1 -9.2343153e-06 0
vn 1 -9.2343143e-06 0
vn 0 -0.48000896 -0.87726361
vn 0 -0.48000899 -0.87726361
vn -0.85103542 0 -0.52510834
vn -0.85103405 0 -0.52511048
vn -0.99984008 0 -0.017884621
vn -0.99984014 0 -0.017884621
vn -0.99965882 9.0058802e-07 -0.026122797
vn -0.99965882 9.0058796e-07 -0.026122799
vn -0.99965882 9.0058796e-07 -0.026122795
vn 0 -0.98103505 0.19383083
vn 0 -0.98103493 0.19383098
vn 0 -0.98103493 0.19383116
vn -0.99992168 -0.0019745661 -0.0123648
vn -0.99992162 -0.0019745661 -0.0123648
vn -0.99992168 -0.0019745661 -0.012364801
vn -7.9091444e-07 -0.99994057 -0.010904898
vn -3.217107e-07 -0.99994063 -0.010904502
vn 0 -0.99994063 -0.010904055
vn 0.65953779 -0.75002098 0.049785666
vn 0.65953773 -0.75002092 0.049785666
vn -0.035745196 -0.99716991 0.066139907
vn -0.035745196 -0.99716997 0.066139914
vn -0.035745196 -0.99716991 0.066139914
vn 0 -0.99994063 -0.010904225
vn 0 -0.99994063 -0.010904105
vn 0 -0.98103529 0.19382963
vn 0 -0.48000497 -0.87726587
vn 0 -0.48000494 -0.87726581
vn 0 -0.93649966 0.35066867
vn 0 -0.93649966 0.35066864
vn 8.9556437e-07 -0.95724791 -0.28926885
vn 1.8802185e-06 -0.95724827 -0.28926796
vn 0 -0.95724767 -0.28926969
vn -0.99994069 0 -0.010899612
vn -0.99994063 0 -0.010899611
vn -0.99994063 0 -0.01089961
vn 0 -0.92426425 -0.3817535
vn 0 -0.92426419 -0.38175347
vn 0 -4.985272e-06 -1
vn 0 -4.0387299e-06 -1
vn 0 -3.9276524e-06 -1
vn 0 -0.99780422 0.066233449
vn 0 -0.99780416 0.066233695
vn 0 -0.99780422 0.06623327
vn 0 -0.99780416 0.066233605
vn 0 -0.99780422 0.066233605
vn 0 -0.99780416 0.066233598
vn 0 -0.64400327 0.76502281
vn 0 -0.64400327 0.76502275
vn 0 -0.64400333 0.7650227
vn -0.71659899 -0.44967976 0.53317356
vn -0.71659899 -0.44967982 0.5331735
vn -0.71659893 -0.44967979 0.53317362
vn 0.4927907 -0.56037903 0.6656822
vn 0.4927907 -0.56037909 0.6656822
vn 0 -0.64400494 0.76502144
vn 0 -0.64400494 0.76502138
vn -0.80229247 0 0.59693116
vn 0 0.92426378 -0.38175476
vn 0 0.92426378 -0.38175473
vn -0.85103428 0 -0.52511013
vn 2.3126437e-05 8.1529724e-06 -1
vn 0 0.95724595 -0.28927529
vn 0 0.95724601 -0.28927529
vn -0.85103607 0 -0.52510732
vn -0.85103601 0 -0.52510732
vn 0 0.93649513 0.35068086
vn 0 0.93649507 0.35068083
vn 0 0.48000786 -0.8772642
vn 0 0.48000786 -0.87726426
vn -0.99984014 0 -0.017884573
vn -0.99984014 0 -0.017884534
vn -0.99983662 0.0028461851 -0.017855285
vn -0.99983656 0.0028461851 -0.017855285
vn -0.99983662 0.0028461851 -0.017855287
vn 0 0.98103565 0.19382769
vn 0 0.98103559 0.1938277
vn -0.99983978 -4.9880255e-06 -0.017906271
vn -0.99983978 -4.9880259e-06 -0.017906271
vn 8.0131656e-08 0.99994057 -0.010904317
vn 0.65954101 0.75001812 0.049785476
vn 0 0.9698329 0.24377072
vn 0 0.96983296 0.24377073
vn 0 0.98103517 0.19382988
vn 0 0.4800041 -0.87726635
vn 0 0.4800041 -0.87726629
vn 0 0.48000407 -0.87726629
vn 0 0.93649477 0.35068154
vn 0 0.95724523 -0.28927797
vn 0 8.1530543e-06 -1
vn -0.99994093 1.4711937e-05 -0.010874349
vn -0.99994093 1.4711939e-05 -0.010874349
vn -0.99994093 1.4711936e-05 -0.010874348
vn -0.99994069 0 -0.010899027
vn -0.99994069 0 -0.010899026
vn 0 0.92426676 -0.38174739
vn 1.6762282e-05 0 -1
vn 0 0.99780416 0.066233873
vn 0 0.99780416 0.066233046
vn 0 0.64400667 0.76501995
vn 0 0.64400661 0.76501989
vn -0.71659368 0.44968787 0.53317386
vn -0.71659374 0.44968778 0.5331738
vn -0.71659374 0.44968787 0.53317386
vn 0.49274847 0.56040418 0.66569227
vn 0.49274844 0.56040418 0.66569221
vn 0.49274844 0.56040418 0.66569227
vn 0 0.64399099 0.76503307
vn 0 0.64399099 0.76503313
vn 0 0.64399099 0.76503319
vn -0.80229253 0 0.59693104
vn -0.80229259 0 0.5969311
vn -0.80229259 0 0.59693104
vn 0 -0.92426056 -0.38176247
vn 0 -0.9242605 -0.38176247
vn -0.85103542 0 -0.5251084
vn -0.85103536 0 -0.5251084
vn -0.85103536 0 -0.52510846
vn 2.3126622e-05 0 -1
vn 0 -0.95724595 -0.28927547
vn 0 -0.95724601 -0.28927544
vn 0 -0.95724601 -0.28927547
vn 0 -0.93650156 0.35066354
vn 0 -0.48000678 -0.87726486
vn 0 -0.48000672 -0.87726486
vn 0 -0.48000669 -0.8772648
vn -0.85103428 0 -0.52511007
vn -0.85103434 0 -0.52511007
vn -0.99984008 0 -0.017884495
vn -0.99983656 -0.002842701 -0.017855268
vn -0.99983662 -0.0028427013 -0.01785527
vn 0 -0.98103505 0.19383061
vn -0.99983978 0 -0.017905846
vn -0.99983978 0 -0.017905848
vn -0.99983972 0 -0.017905846
vn -1.3622382e-06 -0.99994057 -0.010905598
vn 0.65953773 -0.75002092 0.049785662
vn 0 -0.96984345 0.24372877
vn 0 -0.96984345 0.24372882
vn 0 -0.96984345 0.2437288
vn 0 -0.98103446 0.19383387
vn 0 -0.98103434 0.19383381
vn 0 -0.4800137 -0.87726104
vn 0 -0.48001367 -0.8772611
vn 0 -0.48001367 -0.87726104
vn 0 -0.93649966 0.35066861
vn 0 -0.9364996 0.35066861
vn 0 -0.93649971 0.35066861
vn 4.1227322e-06 -0.95724893 -0.28926581
vn -0.99994093 0 -0.010875562
vn -0.99994087 0 -0.010875561
vn -0.99994075 0 -0.010884885
vn -0.99994075 0 -0.010884886
vn -0.99994081 0 -0.010884886
vn 0 -0.92426461 -0.38175273
vn 0 -0.92426455 -0.38175273
vn 0 -4.9852506e-06 -1
vn 0 -0.99780416 0.066233873
vn 0 -0.64400566 0.76502073
vn 0 -0.64400566 0.76502079
vn -0.72720808 -0.38912994 0.5654611
vn -0.72720808 -0.38912997 0.56546122
vn 0.49277523 -0.56038481 0.66568875
vn 0.4927752 -0.56038481 0.66568875
vn 0 -0.64401442 0.76501334
vn 0 -0.64401448 0.76501334
vn 0 -0.64401448 0.7650134
vn -0.80229068 0 0.59693366
vn -0.80229062 0 0.59693366
vn -0.9795993 9.4843435e-06 -0.20096114
vn -0.9795993 9.4843426e-06 -0.20096113
vn -0.97959924 9.4843435e-06 -0.20096114
vn 5.7370703e-06 -1 8.970249e-07
vn 1.3321746e-06 -1 -1.0889263e-06
vn 6.7262672e-06 -1 1.343005e-06
vn 0.9796055 0 0.20093064
vn 0.97960556 0 0.20093067
vn 0.20096271 1.3397515e-05 -0.97959894
vn 0.20096269 1.3397514e-05 -0.97959888
vn 0.20096272 1.3397515e-05 -0.97959894
vn 1.9073489e-24 0 0
vn 7.6293949e-24 0 0
vn 0.20090447 -2.4270199e-05 -0.97961086
vn 0.20090447 -2.4270201e-05 -0.97961092
vn 0.20090446 -2.4270201e-05 -0.97961086
vn 0.20095511 -3.0337427e-05 -0.97960043
vn 0.20095512 -3.0337431e-05 -0.97960055
vn 0.20095514 -3.0337427e-05 -0.97960049
vn 0 0 0
vn 0.97960103 -4.0785694e-06 0.20095275
vn 0.97960097 -4.0785694e-06 0.20095275
vn 0.97960103 -4.078569e-06 0.20095277
vn -0.20093516 4.3157838e-06 0.9796046
vn -0.20093514 4.3157843e-06 0.9796046
vn -1.4301567e-06 1 1.3114123e-06
vn -5.6658596e-06 1 -8.9715854e-07
vn -6.7260889e-06 1 -1.4499815e-06
vn 6.7260248e-06 -1 1.449964e-06
vn 6.7262999e-06 -1 1.4500085e-06
vn 6.7259548e-06 -1 1.4499526e-06
vn -0.97960126 -2.6607904e-06 -0.20095113
vn -0.97960132 -2.6607904e-06 -0.20095114
vn -0.97960556 -3.9927945e-05 -0.20093068
vn -0.97960556 -3.9927949e-05 -0.20093071
vn -0.9796055 -3.9927945e-05 -0.20093067
vn 3.427194e-07 -1 -1.5350231e-06
vn 0.9796055 -1.3309315e-05 0.20093067
vn 0.97960556 -1.3309315e-05 0.2009307
vn 0.9796055 -1.3309314e-05 0.20093067
vn 0.20093568 1.5070174e-05 -0.97960454
vn 0.20093568 1.5070175e-05 -0.97960454
vn 0.20093565 1.5070174e-05 -0.97960448
vn 0.20095512 -3.0337429e-05 -0.97960049
vn 0.20095512 -3.0337427e-05 -0.97960043
vn 0.20090856 -2.4270179e-05 -0.97961003
vn 0.20090859 -2.4270183e-05 -0.97961009
vn 0.20090856 -2.4270179e-05 -0.97961009
vn 0.97960097 9.2589889e-06 0.20095278
vn 0.97960103 9.2589889e-06 0.20095277
vn 0.97960103 9.2589889e-06 0.20095278
vn -0.20090947 4.3158075e-06 0.97960991
vn -0.20090944 4.315807e-06 0.97960985
vn -0.20090947 4.315807e-06 0.97960985
vn -3.6997008e-07 1 1.8642123e-06
vn 6.7263691e-06 -1 1.4500198e-06
vn -0.97960103 0 -0.20095278
vn -0.97960103 0 -0.20095277
vn -0.97960097 0 -0.20095275
vn 0.49997148 1.307306e-06 -0.8660419
vn 0.49997148 1.3073059e-06 -0.8660419
vn 0.49997151 1.3073061e-06 -0.8660419
vn 1 -7.1210809e-07 0
vn 1 -7.1210815e-07 0
vn 0.49998429 -2.8470554e-06 0.86603457
vn 0.49998423 -2.8470552e-06 0.86603457
vn 0.49998423 -2.8470549e-06 0.86603451
vn -0.49999017 -8.2764819e-07 0.86603111
vn -0.49999017 -8.2764825e-07 0.86603111
vn -0.49999014 -8.2764819e-07 0.86603111
vn 0 1 -7.6032256e-06
vn 0 1 -8.7250219e-06
vn 0 1 -7.8526027e-06
vn -1 -1.480856e-05 -7.556544e-06
vn -1 1.0559925e-06 -6.0355269e-05
vn -1 3.3267513e-06 -6.7912566e-05
vn -0.50001961 -9.4348195e-07 -0.86601418
vn -0.50001967 -9.4348218e-07 -0.86601418
vn -0.50001961 -9.4348195e-07 -0.86601412
vn 0 -1 7.7280793e-06
vn 0 -1 8.8498182e-06
vn 0 -1 7.9774263e-06
vn 0.49999702 2.1349147e-06 -0.86602712
vn 0.49999708 2.1349151e-06 -0.86602718
vn 0.49998423 -2.1349331e-06 0.86603457
vn 0.49998423 -2.1349331e-06 0.86603451
vn 0.49998429 -2.1349333e-06 0.86603457
vn -0.49999011 -4.2699166e-06 0.86603111
vn -0.49999014 -4.2699166e-06 0.86603117
vn -0.49999017 -4.2699166e-06 0.86603111
vn 0 1 -8.9743962e-06
vn 0 1 6.9802177e-06
vn -1 -1.7079128e-05 1.2215945e-10
vn -0.49999017 0 -0.86603111
vn -0.49999022 0 -0.86603117
vn 0 -1 -6.9804132e-06
vn 0 -1 8.6004629e-06
vn 0.64433378 0 -0.7647444
vn 0.64433378 0 -0.76474446
vn 0.64433384 0 -0.76474446
vn 1 9.9930794e-06 0
vn 1 9.9930776e-06 0
vn 1 9.9930785e-06 0
vn 0.50000113 0 0.86602485
vn 0.49999788 0 0.8660267
vn 0.49999052 0 0.86603099
vn -0.49999011 0 0.86603111
vn -0.49999011 0 0.86603105
vn -0.49999022 0 0.86603117
vn 0.24392758 0.88273764 0.40158904
vn 0.24392757 0.88273758 0.40158904
vn -0.96028829 0 0.27900973
vn -0.96028835 0 0.27900976
vn -1.3222577e-06 -1 -7.3422535e-07
vn -2.114431e-06 -1 1.3017458e-07
vn -2.6299331e-06 -1 3.9528472e-06
vn -1.7727763e-06 -1 -6.3246813e-07
vn -9.9364559e-07 -1 2.4485528e-06
vn -2.5262646e-06 -1 -1.0425201e-06
vn 0.50703561 0 -0.86192518
vn 0.50703561 0 -0.86192513
vn 0.50703555 0 -0.86192518
vn -5.8060873e-08 1 3.1404255e-07
vn 1.1497104e-06 1 -3.7795647e-07
vn -5.8724135e-07 1 4.2937904e-06
vn -0.95302093 0 0.30290475
vn -0.95302111 0 0.30290413
vn -0.95302045 0 0.30290607
vn 0.68029934 -1.441081e-05 -0.73293442
vn 0.68029934 -1.4410811e-05 -0.73293442
vn -0.66428322 0 -0.74748099
vn -0.66428322 0 -0.74748105
vn 1.792532e-06 1 -5.0256858e-06
vn 3.7575228e-06 1 -5.7832665e-07
vn -0.83225048 0 0.55439979
vn -0.83225054 0 0.55439985
vn -3.7575396e-06 -1 4.5275121e-07
vn -3.3041854e-06 -1 -3.8496423e-06
vn 0.64429408 0 -0.76477796
vn -0.96026385 0 0.27909398
vn -0.96026379 0 0.27909398
vn 1.7728397e-06 1 7.2821814e-07
vn 9.9363956e-07 1 -2.4485437e-06
vn 0 1 -4.2311876e-06
vn 0.64430785 -1.1126789e-05 -0.76476634
vn 0.50000846 0 0.86602056
vn -0.50000846 0 0.8660205
vn -0.50000852 0 0.86602056
vn 0.23126978 0.91140288 0.34038085
vn 0.23126979 0.91140294 0.34038091
vn 0.23126978 0.91140294 0.34038088
vn -0.96028835 0 0.2790097
vn -0.96028829 0 0.27900967
vn -8.8805325e-07 -1 -4.0893378e-06
vn -0.23126686 -0.91140217 -0.34038478
vn -0.23126689 -0.91140223 -0.34038478
vn -5.4420325e-06 -1 -1.1354199e-05
vn 0 -1 4.2311876e-06
vn 0 -1 3.9490733e-06
vn -0.24392758 -0.88273758 -0.40158907
vn -0.24392755 -0.88273758 -0.40158904
vn -0.24392757 -0.88273758 -0.40158901
vn -0.95302147 0 0.30290279
vn 0.68029422 0 -0.73293924
vn 0.68029422 0 -0.73293918
vn -0.66429728 0 -0.74746847
vn -0.66429728 0 -0.74746853
vn 3.3041854e-06 1 3.4996751e-06
vn -0.83224589 0 0.55440682
vn -0.83224577 0 0.55440682
vn -0.83224583 0 0.55440688
vn 0.64428967 -1.112609e-05 -0.76478159
vn -0.96026582 0 0.27908725
vn -0.96026582 0 0.27908722
vn 0 1 -3.9490733e-06
vn 5.442304e-06 1 1.1678848e-05
vn 2.5262675e-06 1 1.0870513e-06
vn 0 -0.50000095 0.86602491
vn 0 -0.50000036 0.86602533
vn 0 -0.49999952 0.86602569
vn 0 0.49999332 0.8660292
vn 0 1 -4.0621017e-06
vn 0 1 -4.0620957e-06
vn 0 1 -4.0621103e-06
vn 0 0.50000614 -0.86602199
vn 0 0.50000614 -0.86602187
vn 0 -0.49999774 -0.86602682
vn 0 -0.49999774 -0.86602676
vn 0 -0.49999771 -0.86602676
vn 0 -1 4.1771832e-06
vn 0 -1 4.1316539e-06
vn 0 -1 4.0621103e-06
vn 1 2.4038834e-06 0
vn 1 2.2398035e-06 0
vn 1 2.9418625e-06 0
vn 1 1.7181541e-05 0
vn 1 -4.785767e-06 0
vn 1 -1.2193339e-05 0
vn 1 -6.09687e-06 0
vn 1 3.9386796e-06 0
vn 1 6.0963721e-06 0
vn 1 2.1476797e-06 0
vn 0 -0.50000173 0.86602443
vn 0 0.49999329 0.86602932
vn 0 1 -4.0620866e-06
vn 0 0.5000062 -0.86602193
vn 1 -4.295533e-06 0
vn 1 -4.2955326e-06 0
vn 0 -0.49999991 -0.86602551
vn 0 -0.49999994 -0.86602557
vn 0 -0.49999988 -0.86602557
vn 0 -1 4.2467268e-06
vn 1 6.096966e-06 0
vn 1 6.0969655e-06 0
vn 1 6.0969664e-06 0
vn 0 -1 -4.0308018e-06
vn 0 -1 -4.0362052e-06
vn 0 -1 -4.0362047e-06
vn 1.2875675e-07 1 4.0088812e-06
vn 1.0654419e-11 1 4.0149262e-06
vn 4.7670675e-08 1 3.9417746e-06
vn 0 7.7118857e-06 1
vn 0 7.7118848e-06 1
vn -2.3901746e-06 6.8757995e-06 -1
vn -2.9061994e-07 8.3602458e-07 -1
vn -0.3028557 0 -0.95303655
vn -0.3028557 0 -0.95303643
vn 0 -7.7118248e-06 1
vn 1.3611242e-07 1 3.0675087e-06
vn 0 1 2.9503635e-06
vn 0 -1 -4.0149253e-06
vn -1.2874703e-07 -1 -4.0088808e-06
vn -4.7661114e-08 -1 -3.9526999e-06
vn 9.9442536e-07 1 3.970908e-06
vn 0 1 4.1388525e-06
vn 2.9063216e-07 1 3.5064886e-06
vn 2.9236963e-07 -9.0193873e-07 -1
vn 2.2074846e-06 -6.8099275e-06 -1
vn 2.4998601e-06 -7.7118839e-06 -1
vn 1.7399096e-06 0 1
vn 1.9122412e-07 -1 -3.1008806e-06
vn 1.323009e-06 -1 -4.0479295e-06
vn 1.2995532e-06 -1 -4.1388525e-06
vn -1.3611242e-07 -1 -3.0979234e-06
vn 0 -1 -3.0118297e-06
vn -2.9120241e-07 1 2.9422606e-06
vn -1.9122329e-07 1 3.1008806e-06
vn 0.29945433 0 -0.95411062
vn -7.3243577e-08 1 4.0479304e-06
vn 2.9120349e-07 -1 -2.9422606e-06
vn 0 -7.7118857e-06 -1
vn 0 -7.7118848e-06 -1
vn 0 1 4.0362052e-06
vn 0 1 4.0308018e-06
vn 0 1 4.0362047e-06
vn 0 7.7118839e-06 1
vn 1.4602351e-06 -1 1.8101924e-06
vn 2.4579276e-06 -1 -1.4410722e-06
vn 3.0154382e-07 -1 -3.970908e-06
vn 1.0057823e-06 -1 -3.5064888e-06
vn 2.243758e-07 6.809928e-06 1
vn 1.5364197e-06 8.1799811e-07 1
vn -0.40949628 -7.9292849e-06 -0.91231185
vn -0.40949622 -7.9292849e-06 -0.91231179
vn -0.40949622 -7.9292849e-06 -0.91231185
vn 1.1751349e-06 1 -2.0503178e-06
vn 0 1 -2.8100192e-06
vn -2.2424772e-06 1 -2.8263933e-06
vn -1.4602285e-06 1 -1.810191e-06
vn 0 -7.7118839e-06 -1
vn -1.1751255e-06 -1 2.1389365e-06
vn 0 -1 2.8496199e-06
vn 0.37059465 -7.175458e-06 -0.92879474
vn 0.37059468 -7.175458e-06 -0.92879474
vn 0.37059465 -7.1754575e-06 -0.92879474
vn -2.457919e-06 1 1.4410814e-06
vn 2.2424854e-06 -1 2.8648928e-06
vn 1.0654419e-11 1 4.0149257e-06
vn -2.6807945e-06 7.7118239e-06 -1
vn 0 -1 -4.0149257e-06
vn 0.29945436 0 -0.95411068
vn 0 7.711883e-06 1
vn -0.40952578 -7.9291694e-06 -0.91229856
vn -0.40952578 -7.9291694e-06 -0.91229862
vn -0.40952575 -7.9291694e-06 -0.91229856
vn 0.37057284 -7.1755258e-06 -0.9288035
vn 0.37057284 -7.1755253e-06 -0.92880344
vn 0.37057281 -7.1755253e-06 -0.9288035
vn 2.5219551e-06 -0.9238838 -0.38267323
vn 2.5219549e-06 -0.92388386 -0.38267323
vn 2.5219547e-06 -0.9238838 -0.38267317
vn -2.3568194e-07 -0.38268822 -0.92387754
vn -2.3843338e-06 -0.3826794 -0.92388123
vn -2.6200189e-06 -0.38267845 -0.92388171
vn 0 0.38268656 -0.92387825
vn 0 0.38268659 -0.92387831
vn 0 0.38268653 -0.92387819
vn 0 0.92387998 -0.38268253
vn 0 0.92388028 -0.38268182
vn 0 0.92387986 -0.38268259
vn 0 0.92388326 0.38267475
vn 0 0.92387825 0.38268673
vn 0 0.92388374 0.38267335
vn 0 0.3826887 0.92387748
vn 0 0.38268867 0.92387748
vn 0 -0.38269678 0.92387402
vn 0 -0.38269681 0.92387408
vn 0 -0.38269672 0.92387402
vn 2.3843038e-06 -0.92387933 0.38268411
vn 2.3568668e-07 -0.92388022 0.38268188
vn 0 -0.92388028 0.38268161
vn 0.1218916 -0.91699201 0.37982672
vn 0.12189259 -0.91699344 0.37982264
vn 0.12189301 -0.91699409 0.379821
vn 1.371637e-07 -0.92388296 0.38267532
vn 1.4031405e-06 -0.92387986 0.38268268
vn 1.5402961e-06 -0.9238795 0.38268346
vn 0.12189181 -0.91699433 -0.37982079
vn 0.12189379 -0.91699207 -0.37982562
vn 0.12189458 -0.91699111 -0.37982756
vn 0.12189194 0.37983406 -0.91698879
vn 0.12189194 0.37983406 -0.91698885
vn 0.12189195 0.37983409 -0.91698891
vn 0.12189855 0.37983453 0.91698772
vn 0.12189857 0.37983456 0.91698772
vn 0.12189856 0.37983456 0.91698772
vn 0.12189383 0.91699141 -0.37982717
vn 0.12189384 0.91699147 -0.37982723
vn 0.12189382 0.91699135 -0.37982714
vn 0.12188978 -0.37986058 0.91697812
vn 0.12188979 -0.37986061 0.91697818
vn 0.12188979 -0.37986058 0.91697812
vn 0.12189347 -0.37980258 -0.91700166
vn 0.12189348 -0.37980261 -0.91700161
vn 0.12189347 -0.37980261 -0.91700172
vn 0.12188993 0.91699338 0.37982389
vn 0.12189645 0.91698545 0.379841
vn 0.12188888 0.91699463 0.37982115
vn 1 -2.9675009e-06 0
vn 1 7.831884e-07 0
vn 1 7.0264273e-06 0
vn 0 0.38272452 0.92386258
vn 0 0.38272452 0.92386264
vn 0 0.38272449 0.92386258
vn 0 0.92387962 -0.38268343
vn 0 0.92387956 -0.38268337
vn 7.8148889e-07 -0.3826918 -0.92387605
vn 7.8148901e-07 -0.38269186 -0.92387611
vn 7.8148906e-07 -0.38269189 -0.92387611
vn 0 -0.3826907 0.92387664
vn 0 -0.38269064 0.92387658
vn 0 0.92387128 0.38270339
vn 0 0.92387128 0.38270342
vn 0 0.38266593 -0.92388684
vn 0 0.38266596 -0.9238869
vn 0 0.38266593 -0.92388678
vn 3.7312564e-06 -0.92387903 -0.38268465
vn 3.6473693e-07 -0.92387247 -0.38270056
vn 0 -0.92387182 -0.38270232
vn -1.310016e-06 -0.92387569 -0.38269272
vn -1.310016e-06 -0.92387581 -0.38269269
vn -1.3100162e-06 -0.92387569 -0.38269272
vn 0 -0.38268924 -0.92387718
vn 0 0.38268712 -0.92387801
vn 0 0.38268718 -0.92387807
vn 0 0.38268715 -0.92387807
vn 0 0.92388034 -0.38268176
vn 0 0.92387766 0.38268808
vn 0 0.38269332 0.92387545
vn 0 0.38269341 0.92387545
vn -1 -1.0789349e-05 0
vn -1 -9.963891e-06 0
vn -1 -7.629184e-06 0
vn 0 -0.38267705 0.92388225
vn 0 -0.38267705 0.92388219
vn 2.619975e-06 -0.92387921 0.38268438
vn 0.12189145 -0.91699177 0.37982735
vn 0 -0.92388332 0.38267449
vn 0.12189148 -0.91699475 -0.37981999
vn 0.12190495 0.37980989 -0.91699708
vn 0.12190496 0.37980989 -0.91699713
vn 0.12190495 0.37980986 -0.91699713
vn 0.1218937 0.37987059 0.91697347
vn 0.12189369 0.37987062 0.91697341
vn 0.1218937 0.37987065 0.91697347
vn 0.12190121 0.91698933 -0.37982982
vn 0.12190121 0.91698933 -0.37982982
vn 0.12189735 -0.3798427 0.9169845
vn 0.12189736 -0.37984273 0.91698456
vn 0.12189736 -0.37984276 0.91698456
vn 0.12190495 -0.37982532 -0.9169907
vn 0.12190494 -0.37982529 -0.9169907
vn 0.12189913 0.91698205 0.37984791
vn 1 4.016631e-06 0
vn 1 3.4773429e-06 0
vn 1 3.4773434e-06 0
vn 1 -8.0331611e-06 0
vn 1 1.0235574e-05 0
vn 0 0.38271055 0.92386836
vn 0 0.38271055 0.9238683
vn 0 0.38271058 0.9238683
vn 0 -0.38265684 -0.92389065
vn 0 -0.38265681 -0.92389059
vn 0 -0.38271236 0.92386758
vn 0 -0.38271239 0.92386758
vn 0 0.92387176 0.38270232
vn 0 0.92387182 0.38270232
vn 0 0.38267994 -0.92388105
vn 0 0.38267997 -0.92388105
vn 0 0.38267985 -0.92388099
vn 4.0959867e-06 -0.92387986 -0.38268292
vn 0.29059094 0 -0.95684737
vn 0.29059097 0 -0.95684743
vn 1.5046066e-06 -1 0
vn 2.4899661e-08 -1 -1.0848352e-06
vn -0.33554277 0 -0.94202501
vn -0.33554959 0 -0.94202256
vn -0.33555579 0 -0.94202042
vn -1.5046069e-06 1 0
vn -2.4906615e-08 1 1.0705611e-06
vn 4.2255115e-06 1 8.6227174e-06
vn -2.0958335e-06 1 -1.8732661e-06
vn -2.7508677e-06 1 -3.140847e-06
vn -3.90372e-06 -1 -8.0834079e-06
vn -6.6720686e-06 -1 -1.189805e-05
vn 0.34781763 0 0.93756223
vn 0.34781766 0 0.93756223
vn -0.92367548 5.9798094e-06 -0.38317564
vn -0.92367554 5.9798099e-06 -0.3831757
vn -0.92367554 5.9798099e-06 -0.38317567
vn 0.86433291 0 0.50292021
vn 0.86433291 0 0.50292015
vn -0.87459511 0 -0.48485419
vn -0.87459505 0 -0.48485419
vn 5.5186656e-06 -1 3.9290608e-06
vn -0.5452463 0 0.83827591
vn -0.5452463 0 0.83827597
vn 6.2278145e-06 -1 5.1845532e-06
vn 1.2476091e-06 -1 -1.0335041e-06
vn -6.5103131e-07 1 6.0277705e-07
vn -8.0825708e-07 1 -2.3164318e-08
vn 0.921992 0 0.38720885
vn 0.921992 0 0.38720888
vn 0.92199206 0 0.38720882
vn 0.012952204 0 -0.99991614
vn 0.012950053 0 -0.99991614
vn 0.012947373 0 -0.9999162
vn 1.4928393e-06 -1 -3.973089e-06
vn 1.8563796e-06 -1 1.9016761e-06
vn 3.9806982e-06 -1 8.1746175e-06
vn -1.4928348e-06 1 3.999357e-06
vn -1.8563854e-06 1 -2.0226123e-06
vn -8.2815689e-08 1 6.5489435e-06
vn 0.51031297 0 0.85998887
vn 0.51031297 0 0.85998875
vn 0.79913747 -1.6239539e-06 0.60114831
vn 0.79913461 -3.4953455e-06 0.60115224
vn 0.79913211 -5.1193229e-06 0.60115564
vn -3.9806937e-06 1 -8.4763951e-06
vn 1.0431987e-06 -1 -6.6596954e-07
vn -0.99968141 4.679473e-06 -0.025239691
vn -0.99968147 4.679473e-06 -0.025239691
vn -0.99968141 4.6794726e-06 -0.025239691
vn -0.45762753 0 0.88914412
vn -0.45762745 0 0.88914412
vn -0.45762745 0 0.88914406
vn -0.27989826 0 0.96002972
vn -0.27989826 0 0.96002966
vn -1.0529703e-07 -1 -7.1554814e-07
vn 1.6530561e-06 -1 -7.4542108e-06
vn 1.1259426e-06 -1 -8.7338412e-06
vn 1.0529702e-07 1 6.9318713e-07
vn -1.6530531e-06 1 7.3075857e-06
vn 2.8453624e-06 -1 1.4486959e-07
vn 3.8451071e-06 -1 6.813757e-07
vn 3.8452176e-06 -1 6.2505006e-07
vn 4.4070694e-06 -1 -3.7509697e-06
vn 4.2036409e-06 -1 -3.0872127e-06
vn -1.12594e-06 1 8.5294787e-06
vn -4.4071335e-06 1 3.6301815e-06
vn 0.4576405 0 -0.88913733
vn 0.45764053 0 -0.88913733
vn -0.89521807 0 -0.44562849
vn -0.89521778 0 -0.44562891
vn -0.89521748 0 -0.44562975
vn -8.1533375e-07 1 1.8156941e-06
vn -3.313756e-06 1 -1.7011665e-07
vn -2.7447124e-06 1 -1.9556934e-08
vn 0.45188892 1.1015391e-05 -0.89207423
vn 0.45188901 1.1015392e-05 -0.89207429
vn 0.45188898 1.1015392e-05 -0.89207423
vn -0.45189497 0 0.89207125
vn -0.45189491 0 0.89207125
vn 0.64709479 0 0.76240951
vn 0.64709485 0 0.76240957
vn 0.64709485 0 0.76240963
vn 0.99999189 0 0.0040283119
vn 0.99999195 0 0.0040283119
vn 3.3941178e-06 1 4.081382e-06
vn 1.5551599e-05 1 1.3830633e-05
vn -3.3941028e-06 -1 -4.0302325e-06
vn 2.7446149e-06 -1 2.2660871e-08
vn -1.555179e-05 -1 -1.3874455e-05
vn -4.2035663e-06 1 3.064705e-06
vn 0.76843953 0 -0.63992244
vn -0.0029375558 0 0.99999571
vn -0.0029375555 0 0.99999571
vn -0.002937556 0 0.99999577
vn 0.29060617 0 -0.95684278
vn 0.29060617 0 -0.95684284
vn -0.33553663 0 -0.94202721
vn 6.6720299e-06 1 1.1862992e-05
vn 0.34780502 0 0.93756688
vn 0.34780505 0 0.93756688
vn -0.9236775 0 -0.38317084
vn -0.92367756 0 -0.3831709
vn -0.92367744 0 -0.38317087
vn 0.86433297 0 0.50292015
vn -0.87459469 0 -0.48485479
vn -0.87459475 0 -0.48485482
vn -0.87459463 0 -0.48485479
vn -0.54527074 0 0.83826011
vn -0.54527074 0 0.83825999
vn 0.92199296 0 0.38720691
vn 0.92199284 0 0.38720685
vn 0.9219929 0 0.38720688
vn 0.012954881 0 -0.99991608
vn 8.2815689e-08 -1 -6.4379442e-06
vn 0.51032805 0 0.85997993
vn 0.51032805 0 0.85997987
vn 0.79913998 0 0.60114497
vn -0.99968147 0 -0.025238808
vn -0.99968147 0 -0.025238805
vn -0.99968147 0 -0.025238806
vn -0.45764005 0 0.88913757
vn -0.45764011 0 0.88913763
vn -0.45764005 0 0.88913763
vn -0.27988601 0 0.96003324
vn -0.27988607 0 0.9600333
vn 0.4576306 0 -0.88914251
vn 0.45763054 0 -0.88914245
vn 0.45763054 0 -0.88914239
vn -0.89521837 0 -0.44562775
vn -1.0298226e-06 1 2.0835187e-06
vn 0.45186734 0 -0.89208513
vn 0.45186737 0 -0.89208525
vn -0.45191589 0 0.89206064
vn -0.45191586 0 0.89206058
vn -0.45191595 0 0.89206064
vn 0.64709485 0 0.76240951
vn 0.99999195 0 0.0040285327
vn 0.99999189 0 0.0040285331
vn 0.76845539 0 -0.63990355
vn -0.0029283222 0 0.99999571
vn -0.0029283224 0 0.99999571
vn -0.0029283224 0 0.99999577
vn 1 1.5509706e-05 0
vn 1 4.1665426e-06 0
vn -1.6530429e-06 1 0
vn -1.6531593e-06 1 -1.1607286e-06
vn -1.6531291e-06 1 -9.7661257e-07
vn -7.3253358e-07 2.2858507e-07 1
vn -1.1392607e-07 -1.0515562e-06 1
vn 0 6.9900166e-06 1
vn 0 -6.7614142e-06 -1
vn 0 3.1101899e-05 -1
vn 0 3.3908551e-12 -1
vn -1.6531525e-06 1 -1.8550274e-07
vn -1.6531491e-06 1 2.2705471e-07
vn 1 6.3533453e-06 0
vn 0 -8.9316945e-06 -1
vn 0 -8.9316718e-06 -1
vn 0 -8.9316982e-06 -1
vn 0 8.9316927e-06 1
vn 0 8.9316727e-06 1
vn 0 8.9316945e-06 1
vn 0 -1 -9.7168495e-06
vn 0 -1 -8.799253e-06
vn 0 -1 -8.7707667e-06
vn 1 1.1375865e-05 0
vn -1.6532093e-06 1 7.8532375e-06
vn -1.6532031e-06 1 9.7452976e-06
vn 1 -1.4536584e-05 0
vn 1 -2.1061785e-05 0
vn 0 -1 1.1181311e-06
vn 0 -1 1.2739388e-06
vn 0 -1 1.3289277e-06
vn 0 -8.9316727e-06 -1
vn 0 8.9316936e-06 1
vn 0 8.9316654e-06 1
vn 1 -1.331163e-05 0
vn 1 -1.982082e-05 0
vn -1.6532599e-06 1 0
vn -3.4835075e-06 -3.2153341e-05 1
vn 0 -8.9316682e-06 -1
vn 0 8.9316682e-06 1
vn 0 -1 -9.7453349e-06
vn 0 -1 1.0631421e-06
vn 0.49999055 -0.33369049 -0.79916209
vn 0.49999049 -0.33369049 -0.79916209
vn 0.49999058 -0.33369052 -0.79916215
vn 0.4999404 0.33374041 0.7991727
vn 0.49994034 0.33374035 0.7991727
vn -0.4999572 0.33373168 0.79916584
vn -0.49995717 0.33373165 0.79916584
vn -6.6005914e-06 -0.92277044 0.38535011
vn -3.8499911e-06 -0.9227705 0.38534993
vn 6.6007665e-06 -0.92276824 0.38535544
vn -1 -4.0980976e-06 0
vn -1 4.0977957e-06 0
vn -1 1.0002802e-05 0
vn -0.49996832 -0.33374238 -0.79915434
vn -0.49996841 -0.33374241 -0.79915434
vn -0.49996835 -0.33374241 -0.79915434
vn 1.1551217e-05 0.92278051 -0.38532621
vn 1.1551216e-05 0.92278045 -0.38532618
vn 1.1551216e-05 0.92278045 -0.38532621
vn 0.50003225 -0.33371156 -0.79912734
vn 0.50003219 -0.33371156 -0.79912734
vn 0.50003219 -0.33371159 -0.79912728
vn 1 -1.0002801e-05 0
vn 1 -1.0002802e-05 0
vn 0.49997473 0.33373666 0.79915279
vn 0.49997473 0.33373663 0.79915279
vn 0.49997476 0.33373663 0.79915273
vn -0.49998215 0.33372656 0.79915243
vn -0.49998215 0.33372658 0.79915237
vn 1.155048e-05 -0.92276794 0.38535616
vn 2.3102551e-05 -0.9227621 0.38537005
vn -2.3101664e-05 -0.92277288 0.38534445
vn -2.3101666e-05 -0.92277288 0.38534445
vn -2.3101664e-05 -0.92277282 0.38534442
vn -1 -1.0003601e-05 0
vn -0.50004095 -0.33368742 -0.79913199
vn -0.50004095 -0.33368739 -0.79913187
vn -0.50004101 -0.33368739 -0.79913193
vn 0 0.92277205 -0.3853465
vn 0 0.92277199 -0.3853465
vn -1.1550831e-05 0.92277288 -0.38534439
vn -1.1550831e-05 0.92277282 -0.38534439
vn -2.3102553e-05 0.92276216 -0.38537005
vn -2.3102553e-05 0.92276216 -0.38537008
vn -2.3102551e-05 0.9227621 -0.38537005
vn 0.50000507 0 0.86602247
vn 0.49999702 0 0.86602718
vn 0.50001228 0 0.86601835
vn 0.49998271 0 -0.8660354
vn 0.49997482 0 -0.86604005
vn 0.4999899 0 -0.86603123
vn -0.49996758 0 -0.86604416
vn -0.49996755 0 -0.86604416
vn -0.4999676 0 -0.86604422
vn -8.2832886e-11 -1 -3.2231931e-06
vn 0 -1 -1.6115547e-06
vn 0 -1 -1.6115549e-06
vn -0.4999899 0 0.86603123
vn -0.49998984 0 0.86603135
vn 8.2832789e-11 1 3.2231894e-06
vn 0.49998978 0 0.86603135
vn 0.4999676 0 -0.86604416
vn -0.49998996 0 -0.86603117
vn -0.49998996 0 -0.86603123
vn -0.49998996 0 -0.86603129
vn -8.2830867e-11 -1 -3.2231144e-06
vn -5.7982935e-10 -1 -2.2562321e-05
vn 0 -1 -1.1281375e-05
vn -0.49998978 0 0.86603141
vn 5.7982896e-10 1 2.2562304e-05
vn 8.2830742e-11 1 3.2231098e-06
vn 6.7748954e-07 -0.92387784 0.38268775
vn 2.9249813e-08 -0.92388016 0.38268209
vn 0 -0.92388028 0.38268188
vn -1.4952868e-06 -0.38268825 0.92387754
vn -1.4952867e-06 -0.38268825 0.92387754
vn -1.4952869e-06 -0.38268831 0.9238776
vn 0 0.38269073 0.92387658
vn 0 0.38269073 0.92387652
vn 0 0.92387843 0.38268608
vn 0 0.92387843 0.38268617
vn 0 0.92388028 -0.38268164
vn 0 0.9238804 -0.38268161
vn 0 0.92388028 -0.38268173
vn -1.3550091e-06 0.38267776 -0.92388189
vn -5.8497328e-08 0.38268766 -0.92387784
vn -1.4135069e-06 0.38267735 -0.92388213
vn 0.55408043 -0.76908356 -0.31859922
vn 0.55408043 -0.7690835 -0.31859925
vn 0.55408043 -0.7690835 -0.31859922
vn 2.6515415e-06 -0.3827047 -0.92387074
vn -1.238026e-06 -0.38268074 -0.92388064
vn -1.413515e-06 -0.3826797 -0.92388105
vn 6.6260441e-08 -0.92387235 -0.38270098
vn 1.5348185e-06 -0.92387825 -0.38268682
vn 1.6010761e-06 -0.92387843 -0.38268614
vn 0 -0.38270956 -0.92386883
vn 0 -0.38269597 -0.92387444
vn 0 -0.38269311 -0.92387551
vn 0.55406731 -0.76910228 0.31857666
vn 0.55406529 -0.76910394 0.3185761
vn 0.55405569 -0.76911199 0.31857353
vn 0.55406904 0.31856653 0.76910532
vn 0.55406904 0.31856656 0.76910537
vn 0.55406898 0.3185665 0.76910537
vn 0.55409753 0.31857547 -0.76908094
vn 0.55409759 0.31857547 -0.76908094
vn 0.55409759 0.31857547 -0.76908106
vn 0.55407429 0.76909792 0.31857541
vn 0.55407423 0.76909786 0.31857541
vn 0.55406374 -0.31859371 -0.76909781
vn 0.55406374 -0.31859374 -0.76909781
vn 0.55407608 -0.3185609 0.76910251
vn 0.55407614 -0.31856087 0.76910251
vn 0.55407614 -0.3185609 0.76910257
vn 0.55406183 0.76910722 -0.31857458
vn 0.55406183 0.76910716 -0.31857458
vn 1 -8.3830091e-06 0
vn 0 0.92387956 -0.38268331
vn 0 0.92387962 -0.38268334
vn 0 0.38267243 0.92388421
vn 0 0.38267359 0.92388362
vn 0 0.38267207 0.92388421
vn 0 -0.92387855 0.38268587
vn 0 -0.92387855 0.38268584
vn 0 -0.92386782 -0.38271189
vn 0 -0.92386776 -0.38271189
vn 0 0.38269031 -0.9238767
vn 0 0.38267666 -0.92388242
vn 0 0.38269317 -0.92387557
vn 0 0.92387956 0.38268334
vn 0 -0.38265291 0.92389226
vn 0 -0.38265297 0.92389226
vn 0 -0.382653 0.92389226
vn 7.0673752e-07 -0.92387766 0.38268796
vn 1.4135305e-06 -0.382671 0.92388481
vn 1.4135304e-06 -0.382671 0.92388481
vn 1.4135306e-06 -0.382671 0.92388481
vn 0 0.38267955 0.92388117
vn 0 0.38267952 0.92388117
vn 0 0.38267958 0.92388117
vn 0 0.92388034 -0.38268158
vn 0 0.38268808 -0.9238776
vn 0.55407715 -0.76909065 -0.31858775
vn 0.55407715 -0.76909071 -0.31858781
vn 2.827036e-06 -0.38270578 -0.92387033
vn 0 -0.92387205 -0.38270158
vn -1 4.4970498e-06 0
vn -1 4.4970502e-06 0
vn -1 -4.4969697e-06 0
vn -1 -4.4969693e-06 0
vn 0 -0.3827123 -0.92386758
vn 0.55407065 -0.76909953 0.31857756
vn 0.55405647 0.3185735 0.76911151
vn 0.55405647 0.31857353 0.76911145
vn 0.55405641 0.3185735 0.76911145
vn 0.55406725 0.31857559 -0.76910281
vn 0.55406725 0.31857556 -0.76910281
vn 0.55406725 0.31857556 -0.76910287
vn 0.55406517 0.76910871 0.31856522
vn 0.55406517 0.76910865 0.31856525
vn 0.55406511 0.76910865 0.31856522
vn 0.55407155 -0.31859723 -0.76909077
vn 0.55407155 -0.31859726 -0.76909077
vn 0.55407357 -0.31854391 0.76911134
vn 0.55407357 -0.31854388 0.76911134
vn 0.55406666 0.76910466 -0.31857207
vn 0.55406666 0.76910478 -0.31857207
vn 0.55406666 0.76910472 -0.31857207
vn 1 -1.2547681e-05 0
vn 1 -1.2547682e-05 0
vn 1 1.42154e-06 0
vn 1 1.4215399e-06 0
vn 1 1.0393713e-05 0
vn 1 1.0393714e-05 0
vn 0 0.92388326 -0.38267466
vn 0 0.92388326 -0.38267472
vn 0 0.38267389 0.92388356
vn 0 -0.92387795 0.38268727
vn 0 -0.92387795 0.38268724
vn 0 -0.92386478 -0.38271913
vn 0 -0.92386484 -0.38271913
vn 0 -0.92386484 -0.38271919
vn 0 0.38267383 -0.9238835
vn 0 -0.382653 0.9238922
vn 0 -0.38265303 0.92389226
vn -1.3718089e-06 0.92388016 0.38268214
vn -7.1405417e-08 0.92387867 0.38268581
vn -1.9772144e-06 0.92388117 0.38267946
vn -0.43388832 0.83238786 -0.34477761
vn -0.43389195 0.83238506 -0.34477964
vn -0.4339056 0.83237457 -0.34478757
vn 0 -0.38268456 -0.92387915
vn 0 -0.38268426 -0.92387933
vn 0 -0.38268423 -0.92387933
vn -0.43387911 0.83240151 0.34475604
vn -0.43387908 0.83240151 0.34475604
vn -0.43387908 0.83240151 0.34475601
vn 0 0.92387849 0.38268599
vn 0 0.92387861 0.38268581
vn -1.1520308e-06 0.38268635 0.92387831
vn -3.078727e-08 0.38268155 0.9238804
vn -1.0812707e-06 0.38268664 0.92387825
vn 0 0.92387903 -0.38268462
vn 0 0.92387933 -0.38268426
vn 0 0.92387915 -0.38268444
vn -3.3499871e-06 0.92388284 -0.3826755
vn -3.6379095e-06 0.92388344 -0.38267398
vn -1.6518984e-06 0.92387927 -0.38268432
vn 0 0.38268098 0.92388064
vn 0 0.38268098 0.92388058
vn 0 0.92387944 -0.38268369
vn 0 0.92387927 -0.38268429
vn 0 0.38268995 -0.92387682
vn 0 0.38269046 -0.92387664
vn 0 0.38268983 -0.92387688
vn 0 0.92387718 0.38268915
vn -3.565103e-07 0.92389303 0.38265085
vn -4.1113344e-09 0.9238776 0.38268831
vn -3.6062164e-07 0.92389321 0.38265046
vn 8.2175751e-09 0.92387915 -0.38268435
vn 2.9230839e-07 0.92388189 -0.38267803
vn 0 0.92387909 -0.38268453
vn -1.8523086e-06 -2.4887486e-05 1
vn -1.8523085e-06 -2.4887482e-05 1
vn -7.7210075e-07 2.65379e-05 -1
vn -7.7210063e-07 2.6537897e-05 -1
vn -7.7210069e-07 2.6537897e-05 -1
vn 1 -2.8745544e-05 0
vn 1 -2.8745546e-05 0
vn 1.0528499e-06 -0.92387956 0.3826834
vn 5.5940376e-07 -0.92387944 0.38268393
vn 5.3718355e-07 -0.92387962 0.38268334
vn -0.43389201 -0.83238155 -0.34478819
vn -0.43389201 -0.83238149 -0.34478819
vn -0.43389198 -0.83238149 -0.34478819
vn -0.43387312 -0.83239341 0.34478304
vn -0.43387315 -0.83239353 0.34478304
vn -0.43387312 -0.83239347 0.34478304
vn 1.0244027e-07 -0.92388064 0.38268071
vn 9.1468692e-08 -0.92388076 0.38268057
vn 4.1371368e-07 -0.38268209 0.9238801
vn -5.9552519e-08 -0.38267869 0.92388159
vn -3.0584097e-08 -0.38267842 0.92388165
vn 0 -0.92388332 -0.38267449
vn 1.8079142e-07 -0.92388308 -0.38267487
vn 1.7484039e-07 -0.92388308 -0.38267484
vn 4.7676463e-07 -0.92388207 -0.38267764
vn 4.7676465e-07 -0.92388207 -0.38267764
vn 4.767646e-07 -0.92388201 -0.38267761
vn 3.2221353e-06 -0.38268271 0.92387986
vn 2.6172177e-07 -0.38268226 0.9238801
vn 0 -0.92388064 -0.38268101
vn 0 -0.9238776 -0.38268822
vn 0 -0.92387825 -0.38268679
vn 0 -0.38268462 -0.92387915
vn 0 -0.38268447 -0.92387915
vn 1.0501332e-06 -0.92387575 0.38269281
vn 0 -0.92388397 0.38267261
vn 7.4408351e-09 -0.92387879 0.38268545
vn 6.4543963e-07 -0.92387664 0.38269049
vn 6.5288265e-07 -0.92387664 0.38269058
vn 5.980487e-07 -0.92387897 -0.38268501
vn 4.94289e-07 -0.92387903 -0.38268465
vn 4.9128755e-07 -0.92387915 -0.38268465
vn -7.4811015e-07 2.5713343e-05 1
vn -7.4811032e-07 2.5713345e-05 1
vn -7.4811027e-07 2.5713347e-05 1
vn 3.4848664e-09 2.6546939e-05 -1
vn 3.1532346e-07 2.7358026e-05 -1
vn 3.1725605e-07 2.7363056e-05 -1
vn -1 -1.4853907e-06 0
vn -1 -6.4269614e-08 0
vn -1 -5.4293935e-07 0
vn 6.0461247e-07 0.38268971 -0.92387706
vn -6.0461656e-07 0.38267499 -0.92388302
vn 6.5548971e-07 0.38269037 -0.92387676
vn 0.00029294216 0.38272899 -0.92386073
vn 0.00029294216 0.38272893 -0.92386067
vn 0.00029294219 0.38272896 -0.92386067
vn -0.00039726406 0.38256529 -0.92392838
vn -0.00039726417 0.38256538 -0.92392844
vn -0.00039726417 0.38256535 -0.92392844
vn -0.82036519 -0.27541298 -0.50114751
vn -0.82036513 -0.27541298 -0.50114751
vn -0.82036513 -0.27541295 -0.50114751
vn 1 -5.4369986e-05 0
vn 1 -5.436999e-05 0
vn 5.9132931e-06 -0.48165733 -0.87635964
vn -5.9135305e-06 -0.48158693 -0.87639838
vn -6.6119374e-06 -0.48158279 -0.87640071
vn -0.34457538 -0.45216715 -0.82268637
vn -0.34457532 -0.45216712 -0.82268631
vn -0.34457535 -0.45216709 -0.82268631
vn -0.93857002 -0.16620804 -0.30242556
vn -0.93857008 -0.16620804 -0.30242559
vn -0.93857014 -0.16620804 -0.30242556
vn 0.69812095 -0.34484538 -0.62746221
vn 0.69812101 -0.34484538 -0.62746221
vn 0.69812095 -0.34484535 -0.62746221
vn -0.43387455 0.83239818 -0.34476966
vn -0.43391007 0.83240521 0.34470809
vn -0.43391007 0.83240521 0.34470811
vn -0.4339101 0.83240515 0.34470811
vn 0 0.92387855 0.38268581
vn 0 0.38268125 0.92388052
vn -1.3815362e-05 0.92387927 -0.38268411
vn -1.381536e-05 0.92387933 -0.38268405
vn -1.3815361e-05 0.92387933 -0.38268411
vn 0.00011636027 0.9239006 -0.38263258
vn 0.00011636028 0.92390066 -0.38263261
vn 0.00011636027 0.92390054 -0.38263255
vn 2.992021e-07 0.92387831 -0.38268667
vn 2.992021e-07 0.92387819 -0.38268664
vn 2.9920207e-07 0.92387825 -0.38268664
vn -8.5706938e-07 0.92387116 -0.38270378
vn -8.5706944e-07 0.9238711 -0.38270381
vn -8.5706944e-07 0.92387122 -0.38270381
vn 0 0.92388302 -0.3826752
vn 0 0.92388296 -0.3826752
vn 0 0.92388296 -0.38267517
vn 0 0.92387569 -0.3826929
vn 5.4031125e-07 0.92387551 -0.38269329
vn 5.4031125e-07 0.92387551 -0.38269326
vn 5.4031131e-07 0.92387557 -0.38269329
vn -3.2221326e-06 0.38268706 0.92387801
vn 0 0.38269055 -0.92387664
vn 0 0.92387742 0.3826884
vn 0 0.92387748 0.38268843
vn 0 0.92387748 0.3826884
vn 0 0.92387736 0.38268867
vn 3.0052604e-07 0.92388189 -0.38267782
vn 0 -2.653855e-05 -1
vn 0 -2.6538552e-05 -1
vn -1 -2.0509833e-06 0
vn -1 -8.600894e-06 0
vn -1 -8.6008922e-06 0
vn -1 -8.6008931e-06 0
vn 9.8861096e-07 -0.9238807 0.38268068
vn -0.43387857 -0.83238977 -0.34478518
vn -0.43387854 -0.83238965 -0.34478515
vn -0.43387854 -0.83238977 -0.34478515
vn -0.43389663 -0.832398 0.3447426
vn -0.43389663 -0.83239788 0.3447426
vn -0.43389669 -0.83239788 0.3447426
vn 0 -0.92388308 -0.38267499
vn 2.3294227e-07 -0.92388302 -0.38267496
vn 0 -0.3826856 0.92387867
vn 0 -0.38268557 0.92387867
vn 0 -0.38268563 0.92387861
vn 0 -0.92387742 -0.38268852
vn 0 -0.92387879 0.3826853
vn 6.0105015e-07 -0.92387897 -0.38268501
vn -1.5442395e-06 2.6538601e-05 1
vn -1.5442392e-06 2.6538595e-05 1
vn -1.5442394e-06 2.6538597e-05 1
vn 0 2.6537875e-05 -1
vn -1 -8.6009295e-06 0
vn -1 -8.6009304e-06 0
vn -1 -1.1685783e-05 0
vn -1 9.49307e-05 0
vn -1 9.4930707e-05 0
vn -1 7.5595722e-06 0
vn 1 7.3948827e-06 0
vn 1 2.4820249e-05 0
vn 1 2.870264e-05 0
vn -6.5549455e-07 0.38267446 -0.92388332
vn 0.00068970758 0.3827877 -0.92383611
vn 0.00068970758 0.3827877 -0.92383605
vn 0.0006897077 0.38278773 -0.92383611
vn -0.82033616 -0.27546927 -0.50116396
vn -0.82033616 -0.27546924 -0.50116396
vn 6.6115981e-06 -0.48166156 -0.87635738
vn -0.3445937 -0.45211607 -0.8227067
vn -0.34459367 -0.45211613 -0.82270664
vn -0.3445937 -0.4521161 -0.8227067
vn -0.93856239 -0.16622327 -0.30244115
vn -0.93856233 -0.16622324 -0.30244112
vn 0.6981014 -0.34482032 -0.62749767
vn 0.69810146 -0.34482032 -0.62749773
vn 0.50000316 -0.32943678 -0.80091727
vn 0.50000966 -0.32943568 -0.80091351
vn 0.49999842 -0.32943755 -0.80091989
vn 1 -2.2146028e-06 0
vn 1 -5.287875e-06 0
vn 0.50001067 0.32940245 0.80092663
vn 0.50001067 0.32940248 0.80092669
vn 0.50001067 0.32940245 0.80092657
vn -0.49998796 0.32941419 0.80093598
vn -0.50001299 0.32941726 0.80091912
vn -0.50003105 0.32941949 0.80090696
vn 1.155053e-05 0.92482793 -0.3803857
vn 1.1550676e-05 0.92482418 -0.38039482
vn 1.1550603e-05 0.92482609 -0.38039023
vn -1 -1.0003602e-05 0
vn -0.49998698 -0.32944998 -0.8009218
vn -0.49998698 -0.32945004 -0.8009218
vn -0.49998695 -0.32945001 -0.8009218
vn -1.1551145e-05 -0.92483091 0.38037848
vn -1.1551146e-05 -0.92483091 0.38037854
vn -1.1551148e-05 -0.92483097 0.38037857
vn 0.50001436 -0.32943487 -0.80091089
vn 1 -7.5021003e-06 0
vn 0.50001013 0.32943213 0.80091476
vn 0.50001013 0.3294321 0.80091476
vn 0.50001013 0.3294321 0.80091465
vn -0.49996996 0.32941195 0.8009482
vn -2.31004e-05 0.92482442 -0.38039425
vn -2.3100401e-05 0.92482454 -0.38039428
vn -2.3100398e-05 0.92482442 -0.38039425
vn -2.31008e-05 0.92481738 -0.38041168
vn 1.1550751e-05 0.92482239 -0.38039941
vn -0.50000095 -0.32944605 -0.80091476
vn -0.50000095 -0.32944605 -0.8009147
vn 2.310315e-05 -0.92481911 0.38040712
vn 2.310315e-05 -0.92481911 0.38040709
vn 2.3103148e-05 -0.92481911 0.38040709
vn -2.3102268e-05 -0.92482996 0.38038102
vn -2.3102266e-05 -0.9248299 0.38038099
vn 1.1550494e-05 -0.92482489 0.38039312
vn 1.1550493e-05 -0.92482495 0.38039312
vn 1.1550494e-05 -0.92482489 0.38039315
vn 1.2303518e-06 -0.92387891 0.38268498
vn 3.7308158e-07 -0.92387986 0.38268256
vn 0 -0.92388034 0.38268152
vn 6.4138162e-06 -0.38267925 0.92388129
vn 6.4138162e-06 -0.38267922 0.92388129
vn 6.4138167e-06 -0.38267925 0.92388135
vn 0 0.38268146 0.92388046
vn 0 0.38268143 0.92388034
vn 0 0.38268143 0.9238804
vn 0 0.92388147 0.38267872
vn 0 0.92388099 0.38267988
vn 0 0.92388177 0.38267833
vn 0 0.92387849 -0.38268614
vn 0 0.92387837 -0.38268617
vn 0 0.92387849 -0.38268599
vn 0 0.38268498 -0.92387897
vn 0 0.38268498 -0.92387891
vn 0 0.38268492 -0.92387897
vn 1.702181e-06 -0.38268316 -0.92387974
vn 1.7021808e-06 -0.38268313 -0.92387974
vn 1.7021806e-06 -0.3826831 -0.92387968
vn 0 -0.92388099 -0.38267985
vn 0 -0.92388159 -0.38267866
vn 0 -0.92388177 -0.38267809
vn 1.6034433e-06 -0.92387843 0.38268599
vn -6.4137357e-06 -0.38268837 0.92387748
vn -6.4137353e-06 -0.38268837 0.92387748
vn -6.4137362e-06 -0.3826884 0.92387748
vn -6.4137348e-06 0.38268834 0.92387754
vn -6.4137353e-06 0.38268834 0.92387754
vn -6.4137357e-06 0.38268837 0.9238776
vn 0 0.92388088 0.38268042
vn 0 0.92387837 -0.3826862
vn 0 0.38267815 -0.92388171
vn 0 0.38267821 -0.92388171
vn 1 2.7340343e-07 0
vn 1 5.468105e-07 0
vn 1 1.6015672e-07 0
vn 0 -0.38267109 -0.92388463
vn 0 -0.38267115 -0.92388463
vn 0 -0.38267118 -0.92388469
vn 0 -0.92388088 -0.38268042
vn -1 -4.2161491e-06 0
vn -1 -4.2161496e-06 0
vn 0.49998042 -5.1799537e-07 -0.86603671
vn 0.49996126 -4.2646179e-06 -0.8660478
vn 0.4999586 -4.7826243e-06 -0.86604929
vn 1 -1.2569346e-07 0
vn 1 -1.0348846e-06 0
vn 1 -1.1605846e-06 0
vn 0.49998042 3.7215846e-06 0.86603671
vn 0.49996132 1.2192519e-06 0.86604774
vn 0.49995866 8.7328095e-07 0.86604929
vn -0.50002986 2.1768153e-06 0.86600822
vn -0.50001067 3.210092e-06 0.86601925
vn -0.50000805 3.3529357e-06 0.86602086
vn 3.4296384e-06 1 8.2242905e-06
vn 0 1 1.0863797e-05
vn -2.2281632e-10 1 6.4087544e-06
vn -1 -2.910701e-08 0
vn -1 -2.396545e-07 0
vn -1 -2.6876305e-07 0
vn -0.50002986 -3.8767871e-06 -0.86600822
vn -0.50001067 -2.4939518e-06 -0.86601937
vn -0.50000799 -2.3027844e-06 -0.8660208
vn -2.2281632e-10 -1 -6.2663485e-06
vn 3.4297427e-06 -1 -8.2242905e-06
vn 0 -1 -1.0741725e-05
vn 0.49998313 0 -0.86603522
vn 0.49998304 4.0675482e-06 0.86603516
vn -0.50003248 2.0339751e-06 0.86600673
vn -1.3717265e-05 1 1.4097744e-05
vn 3.9195784e-06 1 4.0282357e-06
vn 0 1 -8.5446718e-06
vn -0.50003248 -4.0679502e-06 -0.86600673
vn 0 -1 9.3991384e-06
vn -1.3717683e-05 -1 -1.4097744e-05
vn 3.9196975e-06 -1 -4.0282357e-06
vn 0 1 -1.3665763e-06
vn 0 1 -3.0823367e-06
vn -4.7590515e-07 1 -2.102732e-06
vn 3.8551293e-06 1 -3.6690772e-06
vn 4.6879654e-06 1 -4.9750684e-06
vn 4.4684202e-06 1 -9.9685326e-07
vn 1.3386276e-06 1 -1.1576624e-06
vn 5.9395245e-07 1 -2.1274238e-06
vn -5.6606802e-07 1 -2.1487781e-06
vn -9.6439373e-07 1 -2.7243757e-06
vn 3.7353082e-06 1 -9.6499195e-07
vn 3.7557504e-06 1 -1.6684443e-06
vn 3.7556854e-06 1 -1.799997e-06
vn 2.3476878e-06 1 -3.1501959e-06
vn -5.7289958e-07 1 8.8331511e-08
vn 3.6653607e-06 1 6.6281638e-07
vn -5.8612784e-07 1 -1.3594174e-06
vn -3.5369996e-07 1 -3.1775464e-06
vn 2.9959522e-06 1 1.2151319e-05
vn 5.3529385e-07 1 3.9172978e-06
vn 1.3099686e-06 1 -7.4011517e-08
vn 1.0283353e-05 1 1.0188519e-05
vn 5.876333e-06 1 2.4938245e-06
vn 2.4911758e-06 1 9.9530723e-07
vn -6.4996885e-07 1 -1.9142606e-06
vn 0 3.8148536e-07 -1
vn 3.0050273e-08 3.2057951e-06 -1
vn 0 6.4115688e-06 -1
vn 0 2.7417414e-06 -1
vn 0 3.205796e-06 -1
vn -5.4560826e-07 1 -2.8115139e-06
vn -4.6991909e-06 1 -2.1120857e-06
vn 4.5637685e-06 1 -7.413193e-07
vn 1.3556443e-05 1 -6.9973803e-06
vn 1.651353e-06 1 1.7808288e-06
vn -2.5419837e-07 1 -7.8693432e-07
vn -2.25836e-07 1 5.4519301e-06
vn -9.2740777e-08 1 8.2845081e-06
vn -8.9942421e-07 1 -2.5378199e-06
vn -9.5883377e-07 1 -2.2744755e-06
vn -5.2423917e-07 1 -2.8063034e-06
vn -6.703295e-08 1 -2.2138072e-06
vn 0 1 -7.3925599e-10
vn 0 1 -1.491332e-08
vn -5.591678e-07 1 -1.0332526e-06
vn -1.7834056e-07 1 4.6888891e-07
vn -5.4911629e-07 1 -2.1729077e-06
vn -5.8673163e-07 1 -9.0665981e-06
vn -1.662906e-07 1 2.2533766e-06
vn -2.1732332e-07 1 3.1482273e-06
vn -1.8516747e-06 1 -1.8008295e-05
vn -0.34900409 0.93712127 2.4899804e-05
vn -0.34900406 0.93712127 2.4899802e-05
vn -0.34575647 0.93832433 -1.0733029e-05
vn -0.34575644 0.93832439 -1.073303e-05
vn -0.34575644 0.93832433 -1.073303e-05
vn -0.33595258 0.94187897 0
vn -0.33595258 0.94187891 0
vn -0.33595261 0.94187897 0
vn -0.3544229 0.93508524 -1.2073966e-06
vn -0.35442293 0.9350853 -1.2073967e-06
vn -0.3544229 0.9350853 -1.2073966e-06
vn -0.35173652 0.93609911 -8.5606052e-06
vn -0.35173655 0.93609911 -8.5606052e-06
vn -0.35173649 0.93609905 -8.5606052e-06
vn -0.35043624 0.93658668 0
vn -0.35043621 0.93658668 0
vn -0.34081402 0.94013077 4.9311973e-07
vn -0.34081405 0.94013083 4.9311979e-07
vn -0.34081402 0.94013077 4.9311967e-07
vn -0.35639402 -2.9171117e-06 0.93433577
vn -0.35639805 -4.0258919e-06 0.93433428
vn -0.3563835 0 0.93433976
vn -0.56056255 -6.7368828e-06 0.82811207
vn -0.56056255 -6.7368824e-06 0.82811207
vn -0.56056255 -6.7368833e-06 0.82811207
vn -0.15870407 -5.3442263e-06 0.9873262
vn -0.15870515 -2.8143747e-06 0.98732609
vn -0.15870407 -6.5837748e-06 0.98732626
vn -0.81865996 0 0.57427871
vn -0.8186599 0 0.57427877
vn -0.90914214 0 0.41648608
vn -0.9091422 0 0.41648608
vn -0.9091422 0 0.41648605
vn -0.93783242 -1.03204e-05 0.34708858
vn -0.93783236 -1.03204e-05 0.34708861
vn -0.93783236 -1.0320398e-05 0.34708855
vn -1 5.0535537e-06 0
vn -1 2.0569551e-06 0
vn 0.91323155 5.916705e-06 -0.40744105
vn 0.91323161 5.9167055e-06 -0.40744108
vn 0.98722786 0 -0.15931515
vn 0.98722774 0 -0.15931576
vn 0.9872278 0 -0.15931514
vn 0.12816612 0 -0.9917528
vn 0.12816611 0 -0.99175274
vn 1 3.1455688e-06 0
vn -0.26676884 0 0.96376055
vn -0.91323555 0 0.40743217
vn -0.91323549 0 0.40743217
vn 1 6.5349255e-08 0
vn 0.34391677 0 0.93900013
vn 0.58486509 0 -0.8111307
vn 0.58486509 0 -0.81113064
vn 0.75036502 0 -0.66102386
vn 0.75036496 0 -0.66102386
vn 0.96927321 0 -0.24598669
vn 0.96927327 0 -0.24598664
vn 0.96927327 0 -0.24598667
vn 1 1.3399381e-07 0
vn 0.79810363 0 0.60252035
vn 0.79810363 0 0.60252029
vn 0.79810357 0 0.60252029
vn 0.051207725 0 0.9986881
vn 0.051215407 -5.0104977e-06 0.99868762
vn 0.051193655 0 0.99868876
vn -2.3382092e-06 0 1
vn -2.0796629e-07 -3.1665454e-06 1
vn -2.6351343e-06 0 1
vn 0.3173047 0 0.94832367
vn 0.31730467 0 0.94832367
vn -2.6172518e-05 0 1
vn -1.1253736e-05 -3.7534362e-06 1
vn -2.8311366e-05 0 1
vn 0 -5.8474161e-06 1
vn -6.5949884e-08 -3.205796e-06 1
vn 0.99195081 0 -0.12662421
vn 0.99195075 0 -0.12662418
vn 0.99195009 0 -0.12662967
vn 0.9919523 0 -0.12661244
vn 0.99195027 0 -0.126628
vn 0 -1 -2.8335686e-08
vn 0 -1 -2.75244e-06
vn 1.3274834e-07 -1 -1.4210442e-06
vn -3.9650317e-06 -1 5.6648258e-07
vn -4.8220172e-06 -1 1.7007616e-06
vn -1.2944573e-06 -1 -3.2271307e-06
vn -4.0525251e-06 -1 -2.6614753e-06
vn -4.8828929e-07 -1 -2.3580312e-06
vn 3.860082e-07 -1 -2.1754904e-06
vn 3.2590472e-07 -1 -1.9112219e-06
vn -3.653154e-06 -1 -1.9177421e-06
vn -3.7556972e-06 -1 1.8058472e-06
vn 5.7290276e-07 -1 -7.3466893e-08
vn -2.3476903e-06 -1 3.1163902e-06
vn -2.4464143e-06 -1 3.7471958e-07
vn 3.5365184e-07 -1 3.1649759e-06
vn 7.8532327e-07 -1 3.779945e-06
vn -2.9450546e-06 -1 -1.1495446e-05
vn -4.3097145e-07 -1 -4.5970933e-06
vn -3.7248221e-06 -1 -3.0515767e-07
vn -1.0283457e-05 -1 -1.0321479e-05
vn -1.4276807e-05 -1 -8.2353945e-06
vn -7.758598e-08 -1 2.3408502e-06
vn -8.324244e-07 -1 9.7838637e-08
vn 9.5000422e-07 6.0300968e-06 -1
vn 0 6.511803e-07 -1
vn -2.1554042e-06 -1 6.9329872e-07
vn 3.3097251e-06 -1 3.7591703e-06
vn -4.0302943e-06 -1 2.1633998e-06
vn -1.355625e-05 -1 7.0134442e-06
vn 3.0359627e-07 -1 -4.1494724e-07
vn 3.8514924e-07 -1 3.4161746e-06
vn -3.9455077e-08 -1 4.1617609e-06
vn -4.7517013e-08 -1 -4.3406106e-07
vn 1.206312e-07 -1 2.3673715e-06
vn -2.3885246e-08 -1 -6.2942172e-07
vn 1.6631124e-07 -1 2.4275066e-06
vn 0 -1 3.4791745e-07
vn 6.7037071e-08 -1 2.1624101e-06
vn 0 -1 2.3830682e-07
vn 0 -1 1.397135e-06
vn 3.3676439e-08 -1 1.1242234e-06
vn 7.0813591e-09 -1 -3.2306548e-06
vn 6.2750551e-08 -1 -2.4454807e-06
vn 1.4657826e-07 -1 4.0840089e-07
vn 6.1903364e-07 -1 7.6446559e-06
vn -0.34902105 -0.93711495 -1.6280395e-05
vn -0.34902105 -0.93711489 -1.6280397e-05
vn -0.34902105 -0.93711495 -1.6280397e-05
vn -0.34573489 -0.93833226 1.0733005e-05
vn -0.34573489 -0.93833232 1.0733006e-05
vn -0.34573486 -0.93833226 1.0733006e-05
vn -0.3359594 -0.94187653 0
vn -0.35443673 -0.93508005 -2.5658096e-06
vn -0.35443673 -0.93508011 -2.5658098e-06
vn -0.35443678 -0.93508005 -2.5658098e-06
vn -0.35173845 -0.9360984 8.5606125e-06
vn -0.35173839 -0.93609834 8.5606107e-06
vn -0.3503899 -0.9366039 -9.1846932e-06
vn -0.35038993 -0.93660396 -9.1846923e-06
vn -0.35038993 -0.93660396 -9.1846932e-06
vn -0.34081322 -0.94013107 -4.9312609e-07
vn -0.34081325 -0.94013107 -4.9312604e-07
vn -0.34081322 -0.94013101 -4.9312609e-07
vn -0.3563984 0 0.93433416
vn -0.3563984 0 0.9343341
vn -0.56055582 0 0.82811671
vn -0.56055576 0 0.82811671
vn -0.56055582 0 0.82811677
vn -0.15870394 0 0.9873262
vn -0.15871361 0 0.98732466
vn -0.81865734 0 0.57428235
vn -0.81865776 0 0.57428181
vn -0.8186596 0 0.57427919
vn -0.90914243 0 0.41648543
vn -0.90914249 0 0.4164854
vn -0.90914249 0 0.41648546
vn -0.93782842 0 0.34709916
vn -0.93782854 0 0.34709913
vn 0.91324246 6.6323828e-06 -0.40741661
vn 0.91324252 6.6323842e-06 -0.40741661
vn 0.91324252 6.6323842e-06 -0.40741664
vn 0.98722756 0 -0.15931642
vn 0.9872278 0 -0.15931538
vn 0.12819788 5.7807824e-06 -0.99174869
vn 0.12819789 5.7807833e-06 -0.99174869
vn 1 -3.4654813e-06 0
vn 1 -4.639423e-06 0
vn -0.26671043 -5.4338798e-06 0.96377671
vn -0.26671049 -5.4338802e-06 0.96377677
vn -0.26671049 -5.4338798e-06 0.96377671
vn -0.91323072 -3.7629397e-06 0.40744308
vn -0.91323066 -3.7629395e-06 0.40744302
vn -0.91323066 -3.76294e-06 0.40744308
vn 1 2.8257693e-06 0
vn 1 1.7052903e-06 0
vn 0.34390154 -3.8165667e-06 0.93900573
vn 0.34390157 -3.8165667e-06 0.93900579
vn 0.58485031 4.4839512e-06 -0.81114125
vn 0.58485031 3.9561883e-06 -0.81114137
vn 0.58485037 3.6140041e-06 -0.81114131
vn 0.75036329 9.6225926e-07 -0.66102576
vn 0.75034916 5.0086974e-06 -0.6610418
vn 0.75034183 6.6913763e-06 -0.66105002
vn 0.96926928 1.2504678e-06 -0.24600261
vn 0.96926916 1.2504677e-06 -0.24600257
vn 0.96926922 1.2504677e-06 -0.2460026
vn 1 1.4130113e-06 0
vn 0.79810184 -5.5470919e-06 0.60252261
vn 0.79810184 -3.4290181e-06 0.60252261
vn 0.7981019 -2.5990489e-06 0.60252255
vn 0.051204383 -7.6771657e-06 0.99868828
vn 0.051204361 -5.911807e-06 0.99868828
vn 0 -5.9702611e-06 1
vn 0 -5.9142208e-06 1
vn 0.31730294 -7.8286639e-06 0.94832426
vn 0.31730297 -7.828663e-06 0.9483242
vn 0.31730294 -7.828663e-06 0.9483242
vn 0 -1.0235836e-05 1
vn 0 -1.1828458e-05 1
vn -1.3671223e-06 -5.6416553e-07 1
vn 0 -6.4115716e-06 1
vn 0.99195051 -3.034869e-06 -0.12662633
vn 0.99195051 -3.0348692e-06 -0.12662634
vn 0.99195051 -3.0348692e-06 -0.12662633
vn 0.99195057 1.474093e-07 -0.12662561
vn 0.99195135 2.5850079e-06 -0.1266204
vn 0.99195153 2.8653697e-06 -0.12661892
vn 0 1 -1.4675495e-06
vn 1.4277054e-05 1 8.2003326e-06
vn 5.0505332e-07 3.2057972e-06 -1
vn 0 1 4.0816508e-06
vn -0.35045964 0.93657595 -0.001926487
vn -0.35045964 0.93657595 -0.0019264872
vn -0.35045961 0.93657595 -0.001926487
vn -0.34910113 0.93708313 -0.0019432156
vn -0.34910116 0.93708307 -0.0019432156
vn -0.34910116 0.93708307 -0.0019432155
vn -0.34091535 0.94009215 -0.001886286
vn -0.34091535 0.94009215 -0.0018862861
vn -0.36374927 0.93149477 -0.002011009
vn -0.36374927 0.93149477 -0.0020110088
vn -0.35444182 0.93507618 -0.0019451417
vn -0.35444182 0.93507612 -0.0019451417
vn -0.35178441 0.93607903 -0.0019569956
vn -0.35178438 0.93607908 -0.0019569956
vn -0.35178444 0.93607908 -0.0019569958
vn -0.34597543 0.93824166 -0.0019146322
vn -0.34597537 0.93824172 -0.001914632
vn -0.34597534 0.93824166 -0.0019146317
vn -0.35640854 -6.9429339e-06 0.93433028
vn -0.56056261 -6.7368833e-06 0.82811207
vn -0.56056261 -6.7368842e-06 0.82811213
vn -0.56056261 -6.7368837e-06 0.82811213
vn -0.15870029 -2.1945991e-06 0.9873268
vn -0.81865549 0 0.57428509
vn -0.81865549 0 0.57428503
vn -0.90914243 0 0.4164854
vn -0.90914249 0 0.41648543
vn -0.93782604 0 0.34710583
vn -0.93782604 0 0.3471058
vn -0.93782598 0 0.3471058
vn -1 4.5836832e-06 0
vn 0.91323549 0 -0.4074322
vn 0.91323119 0 -0.40744203
vn 0.91323113 0 -0.40744206
vn 0.98722762 0 -0.15931629
vn 0.12819864 0 -0.99174851
vn 0.12819865 0 -0.99174851
vn 1 3.7325667e-06 0
vn -0.26671192 0 0.96377635
vn -0.26671192 0 0.96377641
vn -0.91323549 0 0.40743229
vn -0.91323549 0 0.40743226
vn -0.91323543 0 0.40743226
vn 0.343925 0 0.93899721
vn 0.58485264 0 -0.81113958
vn 0.58485258 0 -0.81113958
vn 0.75036299 0 -0.661026
vn 0.75036687 0 -0.66102165
vn 0.96927112 0 -0.24599494
vn 0.96927255 0 -0.24598934
vn 0.051222455 -5.8931973e-06 0.99868727
vn 0 -3.2057958e-06 1
vn 0.31730467 0 0.94832373
vn -1.0184356e-05 -2.9571124e-06 1
vn -7.4951004e-07 -3.2057942e-06 1
vn 0.99195248 0 -0.12661076
vn 0.99195153 0 -0.12661818
vn 0.99195057 0 -0.12662598
vn 0 -1 -2.7883441e-06
vn -3.7556874e-06 -1 1.5428036e-06
vn -5.8749811e-06 -1 -2.071524e-06
vn 0 -1 1.3963457e-06
vn -0.35043332 -0.93658584 -0.0019105935
vn -0.35043332 -0.93658584 -0.0019105934
vn -0.35043332 -0.93658578 -0.0019105931
vn -0.34912381 -0.93707472 -0.0019427959
vn -0.34912381 -0.93707472 -0.0019427958
vn -0.34091535 -0.94009215 -0.0018865343
vn -0.34091532 -0.94009209 -0.0018865344
vn -0.34091535 -0.94009215 -0.0018865346
vn -0.36372992 -0.93150234 -0.0020082372
vn -0.36372989 -0.93150228 -0.0020082372
vn -0.36372992 -0.93150228 -0.0020082372
vn -0.35442784 -0.93508136 -0.0019411526
vn -0.35442784 -0.93508136 -0.0019411524
vn -0.35442784 -0.93508148 -0.0019411525
vn -0.35174176 -0.936095 -0.001983407
vn -0.35174176 -0.93609506 -0.001983407
vn -0.35174173 -0.93609506 -0.0019834067
vn -0.34594661 -0.93825233 -0.0019069898
vn -0.34594661 -0.93825233 -0.0019069897
vn -0.34594661 -0.93825221 -0.0019069896
vn -0.35639834 0 0.9343341
vn -0.56055576 0 0.82811677
vn -0.81865543 0 0.57428503
vn -0.93782854 0 0.3470991
vn -0.93782848 0 0.3470991
vn -0.93782848 0 0.34709907
vn 0.91322672 0 -0.40745181
vn 0.12822782 5.698676e-06 -0.99174482
vn 0.1282278 5.698676e-06 -0.99174476
vn 0.1282278 5.6986755e-06 -0.99174476
vn -0.26674581 -7.1317331e-06 0.96376693
vn -0.26674578 -7.1317322e-06 0.96376693
vn -0.26674584 -7.1317331e-06 0.96376699
vn -0.91323847 0 0.4074254
vn -0.91323853 0 0.40742546
vn -0.91323847 0 0.40742537
vn 0.34396639 -6.129997e-06 0.93898195
vn 0.34396642 -6.1299979e-06 0.93898201
vn 0.58485037 4.8261354e-06 -0.81114131
vn 0.96927398 0 -0.2459837
vn 0.7981019 -6.3770608e-06 0.60252255
vn 0.31732485 -3.0343945e-06 0.94831693
vn 0.31732485 -3.0343947e-06 0.94831699
vn 0.31732485 -3.0343947e-06 0.94831693
vn 0.99195236 7.3973306e-06 -0.12661146
vn 0.99195242 7.3973306e-06 -0.12661147
vn 0.99195242 7.3973301e-06 -0.12661146
vn 3.5136807e-07 1 2.2366478e-06
vn 1.0350939e-07 1 -1.0355901e-06
vn 3.6390117e-07 1 2.4021094e-06
vn 1 2.5776105e-06 0
vn 1 5.9647869e-07 0
vn 1 3.1741047e-06 0
vn -3.5136804e-07 -1 -2.2366471e-06
vn -1.0351066e-07 -1 1.0355851e-06
vn -9.0977984e-08 -1 1.2010421e-06
vn -7.8997675e-07 2.3162461e-07 1
vn -7.8997738e-07 1.6330681e-05 1
vn -7.8997681e-07 0 1
vn 7.7892958e-07 0 -1
vn 1.1047874e-08 0 -1
vn 7.8997749e-07 0 -1
vn 9.0976627e-08 1 -1.2010483e-06
vn -3.6390117e-07 -1 -2.4021094e-06
vn -7.8997743e-07 1.6562306e-05 1
vn -9.3711037e-07 1 4.0699588e-06
vn -1.6711886e-06 1 -3.5182313e-06
vn -1.1751623e-06 1 -2.0480213e-07
vn 0.38265613 -7.4610934e-06 -0.92389083
vn 0.38265929 -7.2677058e-06 -0.92388964
vn 0.38265339 -7.6328006e-06 -0.92389202
vn 0.92388022 -1.5058074e-05 -0.38268209
vn 0.92389101 -6.7508231e-06 -0.3826558
vn 0.92388433 -1.5828135e-05 -0.38267189
vn -1.3395123e-05 -3.2706196e-06 -1
vn 0.0014406394 0.00070630602 -0.99999881
vn -3.3913144e-05 -5.8310488e-06 -1
vn 2.2731483e-06 -1 -1.8390277e-06
vn 5.3912021e-07 -1 -8.4708142e-07
vn 1.9759134e-06 -1 -4.8748387e-07
vn 0.3827042 -1.3741076e-05 -0.92387092
vn 0.38270417 -1.3741076e-05 -0.92387092
vn 0.92390758 3.4916009e-06 -0.38261586
vn 0.92390758 3.4916013e-06 -0.38261586
vn 0.92390764 3.4916013e-06 -0.38261586
vn 0 1.7649006e-08 -1
vn 0 -5.6440631e-06 -1
vn 0 -6.623372e-06 -1
vn -0.00034940292 -0.382678 -0.92388183
vn -0.00034797017 -0.38268715 -0.92387801
vn -0.00034780652 -0.38268819 -0.92387754
vn -1 -2.9968831e-05 0
vn -1 -2.9968836e-05 0
vn 0 0.38268813 -0.9238776
vn 0 0.38268811 -0.92387766
vn 0.035260461 -0.38244799 0.92330402
vn 0.035262156 -0.38244584 0.92330486
vn 0.03526235 -0.38244563 0.92330498
vn 0.024839355 0.92359537 0.38256317
vn 0.024840077 0.92359328 0.38256806
vn 0.024839297 0.92359561 0.38256279
vn -0.00034879276 0.38268289 -0.92387968
vn -0.00034903921 0.38268715 -0.92387801
vn -0.00034877216 0.38268247 -0.92387986
vn 0.010087946 -0.92383397 -0.38266078
vn 0.010088717 -0.92383337 -0.38266188
vn 0.010088806 -0.92383331 -0.382662
vn 0.024840949 -0.92359352 0.38256779
vn 0.024840284 -0.92359489 0.3825646
vn 0.024840202 -0.92359501 0.38256425
vn 0.035262469 0.38244325 0.92330593
vn 0.035261802 0.38244554 0.92330492
vn 0.035262521 0.3824431 0.92330605
vn 0.010087552 0.92383224 -0.38266468
vn 0.010087158 0.92383236 -0.38266435
vn 0.010087585 0.92383218 -0.38266477
vn 0.40628326 -0.34967557 0.84419245
vn 0.40628335 -0.3496756 0.8441925
vn 0.40628332 -0.3496756 0.84419245
vn 0 -0.92389053 -0.38265696
vn 0 -0.92388046 0.38268134
vn 0 -0.92387986 0.38268289
vn 0 -0.92387986 0.38268271
vn 0 0.38268375 0.9238795
vn 0 0.38268363 0.9238795
vn 0 0.38268331 0.92387962
vn 1.9660796e-05 0.9238804 -0.38268158
vn 1.9660796e-05 0.92388034 -0.38268155
vn 1.9660794e-05 0.9238804 -0.38268158
vn 0 -0.38268816 -0.92387766
vn 0 -0.38268813 -0.9238776
vn 0 -0.38268369 0.9238795
vn 0 -0.3826836 0.92387944
vn 0 -0.38268402 0.92387933
vn 0 0.92387831 0.38268667
vn 0 0.92387819 0.38268656
vn 0.40629789 0.84418452 0.34967789
vn 0.40628946 0.84418857 0.3496778
vn 0.40628633 0.84419012 0.3496778
vn 0.40628573 -0.84419191 0.34967431
vn 0.4062857 -0.84419191 0.34967431
vn 0.40628567 -0.84419185 0.34967428
vn 0.40628695 0.3496713 0.84419256
vn 0.40628695 0.34967133 0.8441925
vn 0.40628693 0.34967133 0.8441925
vn 0 0.9238826 -0.38267624
vn 0 0.92388254 -0.38267621
vn 0 0.9238826 -0.38267627
vn -1 -1.600257e-05 0
vn -1 -6.8456707e-06 0
vn -1 -1.5434383e-05 0
vn -1 1.8148112e-05 0
vn -1 1.641332e-06 0
vn -1 -1.3379433e-06 0
vn -1 5.2265036e-06 0
vn -1 2.0299036e-05 0
vn -1 -5.2263649e-06 0
vn -1 -5.2263654e-06 0
vn -1 -7.4924374e-06 0
vn -1 4.5082011e-06 0
vn -1 4.1275503e-06 0
vn -1 3.0508847e-06 0
vn 0 -0.38267866 -0.92388153
vn 0 -0.38267866 -0.92388159
vn 0 -0.38267863 -0.92388153
vn 0 -0.38268471 0.92387909
vn 0 -0.38268465 0.92387903
vn 0 0.92388159 0.38267857
vn 0 0.38267666 -0.92388231
vn 0 0.38267672 -0.92388231
vn 0 0.38267669 -0.92388237
vn 0 -0.92387652 -0.38269097
vn 0 -0.9238764 -0.38269094
vn 0 -0.92387587 0.38269237
vn 0 -0.92387587 0.38269234
vn 0 -0.92387593 0.38269237
vn 0 0.38267818 0.92388177
vn 0 0.38267815 0.92388171
vn 1 1.132513e-06 0
vn 1 1.132527e-06 0
vn -0.00034952292 -0.38267726 -0.92388207
vn 0 0.38270172 -0.92387205
vn 0 0.38270164 -0.92387193
vn 0.03526032 -0.38244817 0.92330396
vn 0.024840165 0.92359316 0.38256869
vn -0.00034906736 0.3826876 -0.92387778
vn 0.010087882 -0.92383403 -0.38266063
vn 0.024841001 -0.92359334 0.382568
vn 0.035261728 0.38244578 0.92330486
vn 0.010087113 0.92383248 -0.38266429
vn 0.40630284 -0.34966868 0.84418601
vn 0.40630275 -0.34966865 0.84418595
vn -1.9468407e-05 -0.92387688 -0.38268998
vn 0 -0.9238739 -0.38269699
vn -4.6010417e-05 -0.92388076 -0.38268045
vn -0.00034679566 -0.92386371 0.38272154
vn -0.00034679568 -0.92386377 0.38272157
vn -0.00034679566 -0.92386371 0.38272157
vn 0 0.38268405 0.92387933
vn 5.0977992e-06 0.92387855 -0.38268596
vn 4.227913e-06 0.92387784 -0.38268766
vn 1.4028879e-05 0.92388582 -0.38266835
vn 0 -0.38265246 -0.92389244
vn 0 -0.38265243 -0.92389238
vn 0 -0.38268334 0.92387962
vn 0 0.92387795 0.3826873
vn 0 0.9238773 0.38268894
vn 0 0.92387801 0.38268727
vn 0.40630266 0.84418225 0.34967795
vn 0.40629491 -0.84418827 0.34967217
vn 0.40629497 -0.84418827 0.34967223
vn 0.40629491 -0.84418827 0.34967223
vn 0.40629837 0.34966704 0.84418875
vn 0.4062984 0.34966701 0.84418875
vn 0 0.92387748 -0.38268867
vn 0 0.92387748 -0.3826887
vn 0 0.92387742 -0.38268864
vn -1 -2.997063e-05 0
vn -1 4.6748542e-07 0
vn -1 4.6748536e-07 0
vn -1 -4.6750577e-07 0
vn -1 -4.5082411e-06 0
vn -1 -4.5082415e-06 0
vn 0 -0.38269216 0.92387593
vn 0 -0.38269225 0.92387599
vn 0 -0.38269216 0.92387587
vn 0 0.92387652 0.38269097
vn 0 0.9238764 0.38269094
vn 0 0.38268426 -0.92387933
vn 0 0.38268423 -0.92387921
vn 1.7518327e-05 -0.92388153 -0.38267854
vn 1.7518329e-05 -0.92388165 -0.38267857
vn 1.7518327e-05 -0.92388159 -0.3826786
vn 0 -0.92388254 0.38267636
vn 0 -0.92388248 0.38267633
vn 0 0.38268566 0.92387873
vn 0 0.3826856 0.92387867
vn 1 2.2650265e-06 0
vn 0.40624529 0.3496843 -0.84420711
vn 0.40624532 0.34968427 -0.84420723
vn 0.40624529 0.3496843 -0.84420717
vn 0 0.38268837 -0.92387748
vn 0 0.38268837 -0.92387754
vn 0 0.38268834 -0.92387754
vn 0 -0.3826879 -0.92387778
vn 0 -0.38268787 -0.92387766
vn 0 -0.38268787 -0.92387778
vn 1 3.1265981e-06 0
vn 1 1.1928016e-05 0
vn 1 7.8073354e-06 0
vn 1 7.4260956e-06 0
vn 1 7.4260965e-06 0
vn 1 7.4260961e-06 0
vn 1 1.3977414e-05 0
vn 1 1.3977413e-05 0
vn 0.40643311 0.34965095 -0.84413058
vn 0.40643317 0.34965095 -0.84413064
vn 0.40643314 0.34965095 -0.84413064
vn 1 -6.1655578e-06 0
vn 1 -6.1655569e-06 0
vn 1 -6.1655564e-06 0
vn 0.40630683 -0.34968191 -0.8441785
vn 0.40630683 -0.34968188 -0.8441785
vn 0.40630689 -0.34968194 -0.84417856
vn 1 6.9376665e-06 0
vn 1 6.9376656e-06 0
vn 1 6.9376661e-06 0
vn 0.40624595 -0.34968039 -0.84420848
vn 0.40624592 -0.34968036 -0.84420848
vn 0.40624598 -0.34968039 -0.84420854
vn -1.1293054e-06 1 -4.9388182e-06
vn -4.4492322e-07 1 -2.4305791e-06
vn 0 1 0.00025556114
vn 0 1 0.00025556111
vn 2.1815417e-06 1 2.6973435e-06
vn 6.746287e-06 1 1.5652746e-05
vn 6.746287e-06 1 1.5652749e-05
vn 6.746287e-06 1 1.5652748e-05
vn -3.5762002e-06 1 7.7122404e-06
vn -2.7195681e-06 1 -4.3102414e-06
vn 2.115377e-09 1 7.3107426e-06
vn 1.8315878e-11 1 7.3034498e-06
vn 1.3840999e-10 1 7.3038673e-06
vn 0 1 7.3033871e-06
vn 0.3837986 0 -0.92341685
vn 0.38379863 0 -0.92341691
vn 0.38379866 0 -0.92341691
vn 0.38264966 -7.8650337e-06 -0.92389351
vn 0.92390931 0 -0.38261163
vn 0.92387217 0 -0.3827014
vn -8.315792e-06 -2.0598195e-06 -1
vn 0.0065627843 0 -0.99997854
vn 0 -0.99999988 0.00048887799
vn 0 -0.99999988 0.00048887794
vn 0 -0.99999994 0.00048887805
vn 2.8267596e-06 -1 2.3462933e-06
vn 0 -1 -4.8760403e-06
vn 0 -1 -4.803152e-06
vn 3.5763471e-06 -1 -7.7125587e-06
vn -1.3019481e-05 -1 6.7420488e-06
vn 6.0505738e-07 -1 -3.9943484e-06
vn 7.0691563e-08 -1 1.2027931e-07
vn -5.3921026e-06 -1 -4.3102418e-06
vn 0.38267732 6.3969974e-06 -0.92388207
vn 0.38267732 6.3969978e-06 -0.92388219
vn 0.38267729 6.3969969e-06 -0.92388213
vn 0.38137996 -6.1315086e-06 -0.92441845
vn 0.3813799 -6.1315081e-06 -0.92441839
vn 0.38137996 -6.1315091e-06 -0.92441845
vn 0.92387992 1.8822817e-05 -0.38268253
vn 0.92388308 2.2034988e-05 -0.38267496
vn 0.92387557 1.4335094e-05 -0.38269326
vn 0.92386144 0 -0.38272709
vn 0 -8.1358376e-06 -1
vn 0 -8.1358367e-06 -1
vn 0 -8.1358357e-06 -1
vn 0 2.4138442e-06 -1
vn 0 -8.1358185e-06 -1
vn 0 -8.1358194e-06 -1
vn 3.9321782e-05 0.38268942 -0.92387706
vn 3.9321785e-05 0.38268945 -0.92387712
vn -0.00020124843 0.38272423 -0.9238627
vn -0.00020124842 0.3827242 -0.9238627
vn -0.00020124842 0.3827242 -0.92386264
vn -0.00017196574 0.38253787 -0.92393988
vn -0.00017196576 0.38253787 -0.92393988
vn -0.00017196577 0.38253784 -0.92393982
vn -1.4028687e-05 -0.92388725 -0.38266489
vn -1.4028687e-05 -0.92388725 -0.38266492
vn -1.4028687e-05 -0.92388731 -0.38266489
vn 0 -0.92378873 0.38290268
vn 0 0.92387748 -0.38268864
vn 0 0.92387986 -0.38268277
vn 0 0.9238798 -0.38268277
vn 0 0.9238798 -0.38268274
vn 0 0.92388171 0.38267839
vn 0 0.92388165 0.38267833
vn -0.00034756761 0.9238348 0.38279143
vn -0.00034756761 0.92383474 0.38279137
vn -0.00034756763 0.92383474 0.38279146
vn 0.40753001 -0.84371448 0.3493785
vn 0.40753001 -0.84371448 0.34937847
vn 0.40753004 -0.84371442 0.34937847
vn -4.9152037e-05 -0.92388123 -0.38267931
vn 0 -0.92388546 -0.38266906
vn 0 -0.92388552 -0.38266915
vn 0 -0.92388552 -0.38266912
vn 0 -0.92387974 0.38268319
vn 0 -0.92387974 0.38268313
vn 0 -0.92388326 0.38267446
vn 0 0.92387438 -0.38269594
vn -8.5973101e-05 -0.38268781 -0.92387778
vn 3.79347e-05 -0.38269031 -0.92387676
vn 3.7573445e-05 -0.38269028 -0.9238767
vn 0 -0.38269117 -0.92387635
vn 0 -0.38269123 -0.9238764
vn 0 -0.38269114 -0.92387635
vn 3.9321876e-05 -0.3826904 -0.92387676
vn 0 0.92378694 0.38290694
vn 0.41128123 0.84169173 0.34986117
vn 0.4112812 0.84169173 0.34986115
vn 0.41128123 0.84169179 0.34986115
vn 1 -0.00012370113 0
vn 1 -0.00012370115 0
vn 1 -2.5025279e-06 0
vn 1 -2.5025276e-06 0
vn 1 -8.0838136e-06 0
vn 1 -8.0838145e-06 0
vn 0.40630504 0.34969333 -0.84417474
vn 0.40630502 0.34969333 -0.84417462
vn 0.40630504 0.34969333 -0.84417468
vn 1 -1.3020835e-05 0
vn 1 -1.3020835e-05 0
vn 0.40631753 -0.34967116 -0.84417784
vn 0.40631756 -0.34967119 -0.8441779
vn 0.4063175 -0.34967116 -0.84417784
vn 0 -0.99971747 -0.023772087
vn 0 -0.99971747 -0.023770476
vn 0 -0.99971747 -0.02377229
vn 0 0.99971747 -0.023772329
vn 0 0.99971747 -0.023772297
vn 0 0.99971747 -0.02377229
vn 0 4.0832991e-05 -1
vn 0 4.0832998e-05 -1
vn 1 1.3224085e-06 0
vn 1 6.6003677e-06 0
vn 1 1.1117497e-05 0
vn 0 0.95393401 -0.30001676
vn 0 0.95393395 -0.30001676
vn 0 0.95393401 -0.30001679
vn 0 -0.95393324 -0.30001906
vn 0 -0.9539333 -0.30001906
vn 0 -0.95393324 -0.30001903
vn 0 0.81308991 -0.58213818
vn 0 0.81308985 -0.58213818
vn 0 -0.81312108 -0.58209455
vn 0 -0.81312126 -0.58209449
vn 0 -0.81312114 -0.58209455
vn 0 -0.99971753 -0.023770267
vn 0 0.99971747 -0.023772331
vn 0 4.0832994e-05 -1
vn 0 0.95393395 -0.30001667
vn 0 0.95393401 -0.30001673
vn 0 0.95393401 -0.3000167
vn 0 -0.95392448 -0.30004716
vn 0 -0.95392442 -0.30004713
vn 0 0.81311786 -0.5820992
vn 0 0.81311786 -0.58209914
vn 0 0.8131178 -0.5820992
vn 0 -0.81309325 -0.58213347
vn 0 -0.8130933 -0.58213353
vn -0.056982752 0.83795577 -0.54275519
vn -0.056982752 0.83795583 -0.54275519
vn -0.056982748 0.83795583 -0.54275519
vn 0.98911518 0 0.1471439
vn 0.98911512 0 0.14714389
vn -1 6.6391694e-06 0
vn -1 6.6391699e-06 0
vn -1 6.6391685e-06 0
vn 0.68274534 -8.8406232e-06 -0.73065645
vn 0.68274534 -8.8406241e-06 -0.73065645
vn 0.68274534 -8.8406241e-06 -0.7306565
vn -0.92435896 0 -0.38152406
vn -0.9243589 0 -0.38152394
vn -0.92435902 0 -0.38152403
vn -0.64046484 0 0.76798761
vn -0.64046484 0 0.76798749
vn 1 8.4547046e-06 0
vn 1 8.4547064e-06 0
vn 1 8.4547055e-06 0
vn -1 -1.3803256e-06 0
vn -1 -3.1910255e-07 0
vn -1 -1.7516876e-06 0
vn 3.6984147e-05 1 7.6320966e-06
vn -5.2888554e-06 1 -3.7414923e-06
vn -7.3912593e-06 1 -4.3071459e-06
vn 0 0.71107537 0.70311582
vn 0 0.71107543 0.70311582
vn 0 0.71107531 0.70311582
vn 0.91088206 4.2498395e-06 0.41266692
vn 0.91088206 4.2498391e-06 0.41266683
vn 0.91088206 4.2498395e-06 0.41266689
vn -0.53199589 0.55987167 0.63523549
vn -0.53199583 0.55987161 0.63523549
vn -0.53199583 0.55987173 0.63523555
vn 2.9444251e-05 1 -1.2400375e-07
vn 1.5506932e-06 1 -2.355077e-06
vn 0 1 -2.4791095e-06
vn 1.2127771e-06 0.99980086 0.019955685
vn 4.0747018e-05 0.99980086 0.019958863
vn 4.1960142e-05 0.99980086 0.019958962
vn -0.8408826 0.54121763 0
vn -0.84088463 0.54121435 0
vn -0.84088516 0.54121357 0
vn -0.69461513 0.4470906 -0.56357783
vn -0.69461513 0.44709048 -0.56357783
vn -0.74138975 0.47718966 0.47183836
vn -0.7413922 0.47719154 0.47183245
vn -0.74139595 0.47719437 0.47182369
vn -0.84083647 0.54118145 0.010802262
vn -0.84083647 0.5411815 0.010802263
vn -0.84083647 0.5411815 0.010802262
vn -0.25207669 0 -0.96770728
vn -0.25207672 0 -0.96770734
vn -0.25207669 0 -0.96770722
vn -0.82468212 0.40529934 0.39450231
vn -0.82468212 0.40529934 0.39450237
vn -0.83378434 0.53773201 -0.12509269
vn -0.83378434 0.53773201 -0.1250927
vn -0.83378434 0.53773195 -0.12509269
vn -0.68407536 0.00019177016 0.7294113
vn -0.68407542 0.00019177019 0.72941136
vn -0.68407542 0.00019177017 0.7294113
vn -0.98899454 0.00034358833 -0.14795217
vn -0.98899454 0.00034358836 -0.14795218
vn 0 -0.85581678 -0.51727909
vn 0 -0.85581684 -0.51727915
vn 0 -0.85581672 -0.51727909
vn 0.98971242 0.001381981 0.14306489
vn 0.98971236 0.001381981 0.1430649
vn 0.98971242 0.0013819811 0.14306489
vn 0.68281633 2.3324221e-06 -0.73059011
vn 0.68283284 4.6647579e-06 -0.73057467
vn 0.68281639 2.3324528e-06 -0.73059011
vn -0.9243595 0 -0.38152263
vn -0.9243595 0 -0.38152266
vn -0.92435956 0 -0.38152272
vn -0.64050752 0 0.76795191
vn -0.64050752 0 0.76795202
vn -0.64050758 0 0.76795197
vn 1 -1.6797343e-06 0
vn 1 -5.9318512e-07 0
vn 1 -2.3353348e-06 0
vn 1.3861266e-07 -1 -2.2685308e-06
vn 1.4878979e-06 -1 -2.0012078e-06
vn 0 -1 -2.2959935e-06
vn 0 -0.71107715 0.70311397
vn 0 -0.71107721 0.70311397
vn 0 -0.71107721 0.70311403
vn 0.91088444 0 0.4126617
vn 0.91088438 0 0.41266164
vn -0.53067416 -0.5599544 0.6362673
vn -0.53067416 -0.55995446 0.6362673
vn 0 -0.9998008 0.019960707
vn 0 -0.9998008 0.019960633
vn 0 -0.99980074 0.019960707
vn -0.84089327 -0.54120106 0
vn -0.84089333 -0.541201 0
vn -0.84089333 -0.54120106 0
vn -0.69462526 -0.44708565 -0.56356913
vn -0.69462526 -0.44708571 -0.56356919
vn -0.69462526 -0.44708568 -0.56356913
vn -0.74138963 -0.47719485 0.47183317
vn -0.74139416 -0.47718745 0.47183365
vn -0.74138296 -0.47720587 0.47183245
vn -0.84082288 -0.54120272 0.010804294
vn -0.84082276 -0.54120272 0.010804294
vn -0.84082288 -0.54120272 0.010804295
vn -0.25210711 2.7046638e-06 -0.96769935
vn -0.25210708 2.7046631e-06 -0.96769935
vn -0.25210708 2.7046633e-06 -0.96769935
vn -0.82467639 -0.40530691 0.39450628
vn -0.82467645 -0.40530697 0.39450631
vn -0.83377647 -0.53774363 -0.12509426
vn -0.83377653 -0.53774363 -0.12509426
vn -0.83377647 -0.53774357 -0.12509426
vn -0.68430489 0 0.72919607
vn -0.68430483 0 0.72919607
vn -0.98886567 -1.1952133e-05 -0.1488114
vn -0.98886561 -1.1952131e-05 -0.14881139
vn -0.98886567 -1.1952133e-05 -0.14881137
vn 3.4973502e-05 0.8558017 -0.51730406
vn 3.4973509e-05 0.8558017 -0.51730406
vn 3.4973509e-05 0.85580176 -0.51730406
vn 0.98971236 -0.001374961 0.14306454
vn 0.98971248 -0.0013749612 0.14306456
vn 0.98971242 -0.001374961 0.14306456
vn 0.98990178 -4.1476424e-06 0.14175491
vn 0.68279982 0 -0.73060548
vn -0.92435855 0 -0.38152492
vn -0.92435861 0 -0.38152495
vn -0.64050466 -8.0798354e-06 0.76795429
vn -0.64050466 -8.0798345e-06 0.76795429
vn 4.1326635e-05 1 8.8004454e-06
vn 0 0.71107525 0.70311594
vn 0 0.71107519 0.703116
vn 0.91088462 0 0.41266116
vn 0.91088468 0 0.41266119
vn -0.53065133 0.55996346 0.63627845
vn -0.53065133 0.55996341 0.63627833
vn -0.53065127 0.55996346 0.63627839
vn 3.0994583e-05 1 0
vn 0 0.99980092 0.019955592
vn -0.84088212 0.54121846 0
vn -0.69719511 0.44192368 -0.56446648
vn -0.69719511 0.44192371 -0.56446654
vn -0.741386 0.47718677 0.47184709
vn -0.84084356 0.54117042 0.010803583
vn -0.84084356 0.54117048 0.010803582
vn -0.84084362 0.54117048 0.010803583
vn -0.25210851 6.3805891e-11 -0.96769899
vn -0.25210857 -3.7336505e-11 -0.96769905
vn -0.25212276 -7.2349285e-06 -0.96769536
vn -0.82554823 0.405114 0.39287764
vn -0.82554829 0.40511402 0.39287773
vn -0.82554823 0.40511402 0.3928777
vn -0.83422858 0.53694129 -0.12552603
vn -0.83422846 0.53694129 -0.12552603
vn -0.83422863 0.53694135 -0.12552604
vn -0.68435162 0 0.72915214
vn -0.68435168 0 0.72915214
vn -0.98886871 0 -0.148791
vn -0.98886871 0 -0.14879099
vn -0.98886865 0 -0.148791
vn -0.98886573 1.1951988e-05 -0.1488107
vn -0.98886579 1.195199e-05 -0.1488107
vn -0.98886573 1.1951987e-05 -0.14881068
vn -0.05695609 -0.83797073 -0.5427348
vn -0.056956097 -0.83797079 -0.54273486
vn 0.98990172 0 0.14175572
vn 0.98990172 0 0.14175573
vn 0.98911583 0 0.14713919
vn 0.98911577 0 0.14713916
vn 0.98911577 0 0.14713918
vn 0.68281919 4.401877e-06 -0.73058748
vn 0.68281913 4.401877e-06 -0.73058748
vn 0.68281907 4.4018766e-06 -0.73058748
vn -0.92435962 0 -0.38152248
vn -0.92435968 0 -0.38152251
vn -0.64050746 0 0.76795197
vn 1.5549987e-06 -1 -1.9879135e-06
vn 0.91088408 0 0.41266257
vn 0.91088402 0 0.41266257
vn 0.91088402 0 0.41266254
vn -0.53199667 -0.55987251 0.63523406
vn 0 -0.99980086 0.019960633
vn -0.84088206 -0.54121852 0
vn -0.84088212 -0.54121846 0
vn -0.84088206 -0.54121846 0
vn -0.69719535 -0.44192544 -0.56446487
vn -0.69719541 -0.44192541 -0.56446487
vn -0.69719541 -0.44192541 -0.56446481
vn -0.74140084 -0.4771764 0.4718343
vn -0.84084362 -0.54117048 0.010803439
vn -0.84084362 -0.54117048 0.01080344
vn -0.84084356 -0.54117042 0.01080344
vn -0.25209436 7.234943e-06 -0.96770275
vn -0.82552874 -0.40513548 0.39289644
vn -0.8255288 -0.40513554 0.39289644
vn -0.82552874 -0.40513554 0.39289647
vn -0.83422691 -0.53694528 -0.12552042
vn -0.83422697 -0.53694528 -0.12552044
vn -0.68408996 -0.00019176766 0.72939771
vn -0.98886895 0 -0.14878899
vn -0.98886901 0 -0.148789
vn -0.9889946 -0.00034358838 -0.14795142
vn -0.9889946 -0.00034358833 -0.14795141
vn -0.98899466 -0.00034358841 -0.14795142
vn -0.91818756 0 0.39614606
vn -0.9181875 0 0.39614603
vn -0.9181875 0 0.39614609
vn -3.5636872e-06 -1 1.1655239e-06
vn -3.7570139e-06 -1 2.8273723e-06
vn -2.890195e-06 -1 2.8861175e-06
vn 0.74607909 -1.450306e-05 0.66585737
vn 0.74607909 -1.4503062e-05 0.66585743
vn 0.74607909 -1.450306e-05 0.66585743
vn 3.7570912e-06 1 -2.8008835e-06
vn 3.56378e-06 1 -1.1595423e-06
vn 2.8901959e-06 1 -2.8253187e-06
vn -2.95308e-06 -1 -2.392474e-06
vn 2.643217e-07 -1 -2.7210956e-06
vn -3.6461856e-06 -1 -2.5855509e-06
vn 0.017260509 3.160849e-06 -0.99985111
vn 0.017261997 6.5632385e-06 -0.99985111
vn 0.017263379 9.7240854e-06 -0.99985099
vn 3.6461506e-06 1 2.5570127e-06
vn 2.9530147e-06 1 2.3948564e-06
vn 0.89600688 -6.6069615e-06 0.44404039
vn 0.8960067 -7.1710406e-06 0.44404057
vn 0.89600813 0 0.44403774
vn -0.97948313 0 -0.20152643
vn -0.97948313 0 -0.20152646
vn -0.97948319 0 -0.20152642
vn 0.87724316 -3.2191285e-06 -0.48004636
vn 0.87724322 -3.2191292e-06 -0.48004639
vn -0.9960168 0 0.08916676
vn -0.9960168 0 0.089166753
vn 0.99900663 0 -0.044561177
vn 0.99900669 0 -0.044561177
vn -2.6437309e-07 1 2.6841146e-06
vn -2.9806108e-06 1 3.1690124e-06
vn 0.6334461 0 -0.7737869
vn 0.6334461 0 -0.77378684
vn -0.78472793 -5.9605263e-06 0.61984044
vn -0.78472793 -5.9605268e-06 0.61984044
vn -0.78472787 -5.9605263e-06 0.61984044
vn 7.6072689e-07 1 -2.9097646e-06
vn -7.6075128e-07 -1 2.9563741e-06
vn 5.1949877e-07 -1 3.4720672e-06
vn 0.99493629 0 0.1005086
vn 0.99493623 0 0.10050862
vn 0.99493623 0 0.1005086
vn -0.49385229 0 0.86954588
vn -0.49385166 0 0.86954629
vn -0.4938466 0 0.86954916
vn -5.1946296e-07 1 -3.3944657e-06
vn -6.4366841e-06 1 5.7637503e-06
vn 6.4367719e-06 -1 -5.6783429e-06
vn 6.9317371e-06 -1 -1.2108503e-05
vn -0.91819018 0 0.39613992
vn -0.91819024 0 0.39613992
vn -0.91819018 0 0.39613989
vn -4.2027259e-06 -1 1.866786e-06
vn 0.74607986 0 0.66585654
vn 0.74607986 0 0.66585648
vn 0.7460798 0 0.66585654
vn 4.2028414e-06 1 -1.8667671e-06
vn 2.9805794e-06 -1 -3.2239557e-06
vn 0.017259125 0 -0.99985105
vn 0.89600539 -1.3778126e-05 0.44404319
vn 0.87724316 0 -0.48004636
vn 0.87724322 0 -0.48004639
vn 0.87724316 0 -0.48004633
vn -0.99601686 0 0.089165851
vn -0.99601686 0 0.089165844
vn -0.9960168 0 0.089165837
vn 0.99900675 0 -0.044560626
vn 0.99900669 0 -0.044560626
vn 0.99900669 0 -0.044560622
vn 0.6334461 0 -0.77378696
vn -0.78472787 0 0.61984044
vn -0.78472793 0 0.6198405
vn -0.78472799 0 0.61984044
vn 0.99493623 0 0.1005093
vn 0.99493617 0 0.10050928
vn 0.99493617 0 0.10050929
vn -0.49385735 0 0.86954296
vn -6.9316843e-06 1 1.2265663e-05
vn 0 -1 -1.6547601e-06
vn 0 -1 -1.7007181e-06
vn 0 -1 -1.6547581e-06
vn -0.49999529 0 -0.86602813
vn -0.49999648 0 -0.86602753
vn -0.49998167 0 -0.86603606
vn -0.50001025 0 0.86601949
vn -0.50001019 0 0.86601955
vn 0.49999768 0 0.86602676
vn 0.49999833 0 0.8660264
vn 0.49999091 0 0.86603063
vn 0.49999091 0 -0.86603069
vn 0.49999091 0 -0.86603063
vn 0.49999094 0 -0.86603069
vn 0 -1 5.791625e-06
vn 0 -1 -1.7007194e-06
vn 0 -1 5.4698685e-06
vn -0.50001013 0 -0.86601961
vn -0.49999586 0 0.86602777
vn -0.49999589 0 0.86602777
vn 0.50000513 0 0.86602253
vn 0.49999085 0 -0.86603069
vn 0 6.2021527e-06 1
vn 4.510635e-07 1 5.6185269e-07
vn 0 1 -1.5298623e-07
vn -5.8737578e-07 1 1.5574268e-06
vn -7.7999839e-06 0 1
vn -2.8845509e-06 0 1
vn -6.3928287e-06 0 1
vn -0.86918938 0 -0.49447951
vn -0.86918938 0 -0.49447948
vn 0 1 2.7924993e-06
vn 0 1 -2.7851806e-06
vn 0 1 -7.207308e-06
vn 0 1 5.3952917e-06
vn 0 1 5.3389326e-06
vn -0.48228264 0 -0.87601566
vn -0.48228258 0 -0.87601572
vn -0.48228273 0 -0.87601572
vn -1 0 -5.4152108e-05
vn -1 0 -5.4152111e-05
vn -1 0 -5.4152144e-05
vn -1 0 -5.4152148e-05
vn -1 0 -5.415214e-05
vn -3.7323209e-06 6.2020781e-06 1
vn -4.0554983e-06 6.2021127e-06 1
vn 0.39009944 0 -0.92077285
vn 0.39006236 0 -0.92078847
vn 0.39009076 0 -0.92077643
vn 2.2776514e-07 1 -6.1963233e-06
vn 6.2951665e-07 1 -2.7837486e-06
vn 6.1457208e-06 1 -1.4450986e-05
vn 6.1456954e-06 1 -1.4450923e-05
vn 6.1457804e-06 1 -1.4451123e-05
vn 0.39008543 0 -0.92077875
vn 0.39008546 -4.6683358e-06 -0.92077869
vn 0.39008543 -4.6683199e-06 -0.92077869
vn -0.15257905 0 -0.98829126
vn -0.15257144 0 -0.98829252
vn -0.15256849 0 -0.98829293
vn -1.8403417e-06 -1 -3.5250005e-06
vn -4.3684836e-06 -1 -7.8120365e-06
vn -5.5417268e-06 -1 -1.0245122e-05
vn 0.39008224 0 -0.92078006
vn 0.39011931 0 -0.92076427
vn 0.39012989 0 -0.92075986
vn 4.6514706e-06 1 3.9642209e-06
vn 0.390071 0 -0.92078489
vn 0.39008239 0 -0.92077994
vn 0.39011598 0 -0.9207657
vn -1.7989334e-05 1 -5.0185154e-06
vn 0 6.2019008e-06 1
vn 0.39013708 -4.472558e-06 -0.92075682
vn 0.39012143 0 -0.92076349
vn 0.39013714 -4.4726726e-06 -0.92075688
vn 0.46455586 0.88554394 1.3204085e-05
vn 0.46455586 0.88554382 1.3204085e-05
vn 0.46455583 0.88554388 1.3204084e-05
vn 0.39011416 0 -0.92076653
vn 0.46452457 0.88556033 -6.9433272e-06
vn 0.46452144 0.88556188 -3.9588213e-06
vn 0.46452504 0.88556004 -7.4291943e-06
vn 4.3209648e-06 -6.9822081e-06 1
vn -5.9727813e-07 0 1
vn 2.1492855e-05 0 1
vn -6.2853883e-07 -1.6051551e-06 1
vn -3.6626884e-06 -6.7725741e-06 1
vn 8.9670457e-06 -6.7725741e-06 1
vn 6.2853877e-07 -1.6051243e-06 1
vn -4.9322116e-06 -6.9821594e-06 1
vn -7.9590955e-06 0 1
vn -7.8799203e-05 0 1
vn -0.46452138 0.88556194 -1.9149488e-06
vn -0.46452242 0.88556135 2.8229774e-06
vn -0.4645175 0.88556397 5.5245032e-06
vn -1.0464054e-06 1 -1.0232439e-05
vn -4.8197489e-06 1 -1.3218282e-06
vn -7.3578544e-06 1 3.116678e-06
vn 0.3901495 0 -0.92075157
vn 0.3901495 0 -0.92075163
vn 0.39014953 0 -0.92075163
vn 0.39010075 0 -0.92077225
vn 0.39010075 0 -0.92077219
vn 0.39010075 0 -0.92077231
vn -0.46452379 0.88556075 -1.257613e-05
vn -0.46452379 0.88556075 -1.2576129e-05
vn -0.46452376 0.88556069 -1.2576129e-05
vn -1.2120932e-05 1 1.462915e-05
vn -1.2122434e-05 1 1.4201319e-05
vn 0.39012241 0 -0.92076302
vn 0.39012238 0 -0.92076302
vn 0.39015809 8.8182205e-06 -0.920748
vn 0.39015803 8.8182196e-06 -0.92074794
vn 0.39015809 8.8182196e-06 -0.92074794
vn 0 -3.1907729e-10 1
vn 0 -1.8397503e-10 1
vn 0 -1 -1.6918264e-07
vn -4.5108288e-07 -1 -3.84435e-07
vn 5.873344e-07 -1 -1.3412467e-06
vn 0 -3.3536937e-05 1
vn 0 -3.3535951e-05 1
vn 0 -3.3536926e-05 1
vn 0 -2.1128547e-11 1
vn 0 -4.8409059e-12 1
vn -0.8691867 0 -0.49448404
vn -0.8691963 0 -0.4944672
vn -0.8692022 0 -0.49445701
vn 0 -1 -2.8097854e-06
vn 0 -1 2.7814153e-06
vn 0 3.3536791e-05 -1
vn 0 3.3536802e-05 -1
vn 0 3.3536788e-05 -1
vn 0 -1 7.1457762e-06
vn 0 -1 -5.4328743e-06
vn -0.48229754 2.2273036e-05 -0.8760075
vn -0.48229042 2.2273132e-05 -0.87601143
vn -0.48228827 2.2273165e-05 -0.87601262
vn -1 1.3334741e-05 0
vn -1 1.1088925e-05 0
vn -1 2.4423016e-05 0
vn -1 -1.9910765e-06 -5.4152093e-05
vn -1 -2.2256218e-06 -5.4152151e-05
vn -1 -4.2167212e-06 -5.4152712e-05
vn -1 -4.8109134e-05 -5.4152169e-05
vn -1 -4.810913e-05 -5.4152169e-05
vn -1 -4.8109134e-05 -5.4152173e-05
vn 0.39006236 2.5243487e-05 -0.92078847
vn 0.39006236 2.5243486e-05 -0.92078853
vn 0.39006236 2.5243486e-05 -0.92078847
vn -2.2776354e-07 -1 5.8511541e-06
vn -6.2953313e-07 -1 3.0120091e-06
vn -6.1457558e-06 -1 1.4385798e-05
vn -6.1458068e-06 -1 1.451646e-05
vn -6.1459268e-06 -1 1.4822018e-05
vn 0.39008552 -9.3366552e-06 -0.92077875
vn -0.15257499 -1.2173132e-05 -0.98829192
vn 5.5415762e-06 1 1.0048309e-05
vn 4.3684067e-06 1 7.6186484e-06
vn 1.8403645e-06 1 3.4379505e-06
vn 0.39007062 -8.5828187e-06 -0.92078501
vn 0.39007062 -8.5828169e-06 -0.92078501
vn 0.39007056 -8.5828178e-06 -0.92078507
vn -4.6515347e-06 -1 -3.964275e-06
vn 0.39006516 -3.0259864e-06 -0.92078733
vn 0.3900342 2.3205479e-05 -0.92080039
vn 0.39006007 1.3138049e-06 -0.92078948
vn 1.7988776e-05 -1 5.0185786e-06
vn 0 -3.3537093e-05 1
vn 0 4.9574056e-10 1
vn 0 -3.3538334e-05 1
vn 0 6.9093836e-10 1
vn 0.3901183 0 -0.9207648
vn 0.39012566 4.2985635e-06 -0.92076164
vn 0.39012411 3.3573886e-06 -0.92076236
vn 0.46451145 -0.88556713 3.4579139e-06
vn 0.46451479 -0.88556546 3.2037732e-07
vn 0.464522 -0.8855617 -1.2575857e-05
vn 0.39007866 -1.6944079e-05 -0.92078167
vn 0.39007863 -1.6944077e-05 -0.92078167
vn 0.3900786 -1.6944077e-05 -0.92078167
vn 0.46450746 -0.88556921 1.1061676e-05
vn 0.46451241 -0.88556665 7.4292502e-06
vn -9.154076e-06 -1.1687873e-05 1
vn -7.6503409e-07 6.0056195e-06 1
vn 1.0746896e-05 3.3538014e-05 1
vn -8.9670457e-06 -2.61831e-06 1
vn 0 -2.61831e-06 1
vn 0 6.202089e-06 1
vn -2.8486415e-06 6.0054995e-06 1
vn -8.5563042e-06 -1.1687873e-05 1
vn -1.0746895e-05 3.3537439e-05 1
vn -0.46452352 -0.88556081 -2.9952059e-06
vn -0.46451449 -0.88556552 1.9149275e-06
vn -0.46451721 -0.88556421 -1.4579771e-07
vn 4.8197489e-06 -1 1.3218282e-06
vn 1.0464054e-06 -1 1.0232439e-05
vn 7.3578544e-06 -1 -3.116678e-06
vn 0.39010131 -9.3091039e-06 -0.92077202
vn 0.39011675 9.3092285e-06 -0.92076546
vn 0.39012915 2.4185056e-05 -0.92076021
vn 0.39014372 -2.4185119e-05 -0.92075396
vn 0.39014381 -2.4185123e-05 -0.92075402
vn 0.39014378 -2.4185119e-05 -0.92075396
vn -0.46452835 -0.88555831 -3.6311856e-06
vn -0.4644987 -0.88557392 1.3205133e-05
vn 1.2120932e-05 -1 -1.462915e-05
vn 1.2122434e-05 -1 -1.4201319e-05
vn 0.39012232 -4.2211814e-06 -0.92076302
vn 0.39008453 -1.8884622e-06 -0.92077917
vn 0.39013636 -8.9452433e-06 -0.92075717
vn 0.39015812 0 -0.92074794
vn 0.39012167 0 -0.92076337
vn 0 6.2022445e-06 1
vn -9.8436813e-06 0 1
vn -0.86919761 0 -0.49446511
vn -0.86919761 0 -0.49446505
vn -0.86919755 0 -0.49446514
vn -0.48228252 0 -0.87601572
vn -1 0 -5.4155094e-05
vn -1 0 -5.4155102e-05
vn -1 0 -5.4153781e-05
vn -1 0 -5.4153788e-05
vn 0.39014807 0 -0.92075217
vn 0.39014807 0 -0.92075211
vn 6.1456358e-06 1 -1.4450783e-05
vn 0.39011708 0 -0.92076528
vn 0.39011711 0 -0.92076528
vn 0.39011711 0 -0.92076534
vn -0.15258199 0 -0.98829085
vn 1.1325541e-05 -1 1.530842e-05
vn 3.0298551e-07 -1 2.7890046e-06
vn 2.6206359e-07 -1 6.3827832e-07
vn 3.6096933e-06 -1 8.7926346e-06
vn 0.39007166 0 -0.92078447
vn 0.39003736 0 -0.92079914
vn 0 1 3.9970932e-06
vn 0 6.2018044e-06 1
vn 0.39009914 7.0311717e-06 -0.92077285
vn 0.39010772 7.0311216e-06 -0.92076921
vn 0.39007065 7.0313404e-06 -0.92078507
vn 0.46452123 0.88556212 -1.3204057e-05
vn 0.46452123 0.88556212 -1.3204058e-05
vn 0.46452123 0.88556212 -1.3204056e-05
vn 0.39011934 0 -0.92076439
vn 0.46451744 0.88556397 0
vn -0.46453196 0.88555646 -9.2427235e-06
vn 0 1 -8.3883615e-06
vn 0.39009839 0 -0.92077327
vn 0.39009833 0 -0.92077321
vn 0.39014164 0 -0.92075497
vn -0.46452948 0.88555777 1.2575516e-05
vn 0.39009446 7.0312622e-06 -0.92077488
vn 0.39009446 7.0312626e-06 -0.92077488
vn 0.39009449 7.0312635e-06 -0.92077494
vn 0.3901343 7.0309666e-06 -0.92075807
vn 0 -3.3536635e-05 1
vn -0.86918092 0 -0.49449429
vn 0 3.3536809e-05 -1
vn 0 -1 -5.7496195e-06
vn -0.48229969 2.2273003e-05 -0.87600631
vn -1 0 -5.4151526e-05
vn -1 5.9509639e-05 -5.4152173e-05
vn -1 5.9509643e-05 -5.4152173e-05
vn -1 5.9509632e-05 -5.4152177e-05
vn 0.39010513 2.5242987e-05 -0.92077029
vn 0.39010516 2.5242991e-05 -0.92077035
vn 0.39010519 2.5242989e-05 -0.92077041
vn -6.1456349e-06 -1 1.4080248e-05
vn 0.39008546 -9.3366543e-06 -0.92077875
vn 0.39008546 -9.3366552e-06 -0.92077869
vn -0.15256794 -1.0794902e-05 -0.98829305
vn -0.15256795 -1.0794902e-05 -0.98829305
vn -0.15256794 -1.0794901e-05 -0.98829299
vn -3.0299145e-07 1 -2.6141677e-06
vn -1.1325763e-05 1 -1.5614894e-05
vn -3.6096135e-06 1 -8.7926346e-06
vn -2.6200297e-07 1 -7.5056749e-07
vn 0.39007169 -8.5828133e-06 -0.92078453
vn 0.39003733 2.3205457e-05 -0.92079908
vn 0.39003736 2.3205461e-05 -0.92079914
vn 0 -1 -3.9970932e-06
vn 0.39015272 -8.9451732e-06 -0.9207502
vn 0.3901599 2.4184712e-05 -0.92074722
vn 0.46451741 -0.88556397 0
vn 0.46451744 -0.88556397 0
vn 0.46451747 -0.88556403 0
vn -0.46450868 -0.88556856 9.24285e-06
vn 0 -1 8.3883615e-06
vn 0.39008886 -2.4186305e-05 -0.92077726
vn 0.39011171 -2.4185476e-05 -0.92076761
vn 0.39011171 -2.4185478e-05 -0.92076755
vn 0.39011171 -2.4185476e-05 -0.92076755
vn 0.3900865 0 -0.92077821
vn 0.39008656 0 -0.92077827
vn 0.39008653 0 -0.92077827
vn -0.40242386 0 0.91545349
vn 0.84575623 0.38270131 0.37180114
vn 0.84575623 0.38270134 0.37180114
vn 0.4024404 0 -0.91544622
vn 0.40244049 0 -0.91544628
vn 0.40244046 0 -0.91544628
vn 0.35031661 -0.92388481 0.15399717
vn 0.35032222 -0.92388195 0.154002
vn 0.35030812 -0.92388934 0.15398984
vn -0.84574682 -0.38272181 -0.37180167
vn -0.84574682 -0.38272184 -0.37180167
vn -0.84574687 -0.38272181 -0.37180167
vn -0.35032091 0.92388177 -0.15400638
vn -0.35032982 0.92387843 -0.15400587
vn -0.35033298 0.92387748 -0.15400444
vn 0.3503238 0.92388165 0.15400009
vn 0.35032386 0.92388165 0.15400009
vn 0.35032383 0.92388159 0.15400009
vn 0.84576547 -0.38268054 0.37180176
vn 0.84576547 -0.38268054 0.37180179
vn -0.35030612 -0.92388862 -0.1539982
vn -0.35030612 -0.92388868 -0.15399823
vn -0.35030612 -0.92388874 -0.15399821
vn -0.84575689 0.38267156 -0.37183034
vn -0.84575695 0.38267159 -0.37183034
vn -0.84575689 0.38267154 -0.37183031
vn -0.34771171 -0.92386121 -0.15992874
vn -0.3477194 -0.92385662 -0.15993799
vn -0.34770575 -0.9238646 -0.15992157
vn -0.83936375 -0.38263965 -0.38607705
vn -0.83936375 -0.38263968 -0.38607711
vn -0.83936375 -0.38263968 -0.38607705
vn -0.83936292 0.38264513 -0.38607362
vn -0.83936292 0.3826451 -0.38607359
vn -0.83936292 0.38264516 -0.38607359
vn -0.34770352 0.92386389 -0.1599309
vn -0.34770575 0.92386276 -0.15993239
vn -0.34770739 0.92386198 -0.15993357
vn 0.34770656 0.92386329 0.15992749
vn 0.34770486 0.92386478 0.1599229
vn 0.34770355 0.92386585 0.15991935
vn 0.83936733 0.38262904 0.38607967
vn 0.83936739 0.38262913 0.38607976
vn 0.83936733 0.38262907 0.3860797
vn 0.83936596 -0.38263068 0.38608131
vn 0.8393659 -0.38263062 0.38608122
vn 0.83936596 -0.38263065 0.38608131
vn 0.34771886 -0.92385817 0.15993018
vn 0.3477225 -0.92385644 0.15993288
vn 0.34771752 -0.92385888 0.15992963
vn 0.34768683 -0.92388934 0.15982002
vn 0.3476868 -0.92388934 0.15982002
vn 0.83916229 -0.38219631 0.38695309
vn 0.83916229 -0.38219631 0.38695306
vn 0.83936048 0.38279951 0.38592565
vn 0.83936048 0.38279954 0.38592568
vn 0.83936054 0.38279954 0.38592568
vn 0.34771365 0.92387724 0.15983202
vn 0.34771362 0.92387718 0.159832
vn 0.34771359 0.92387718 0.159832
vn -0.34774542 0.92386025 -0.15986049
vn -0.34774536 0.92386025 -0.15986049
vn -0.83935684 0.38263252 -0.38609934
vn -0.83935678 0.38263246 -0.38609928
vn 0.40242052 -3.0657342e-05 -0.91545504
vn 0.40242052 -3.0657342e-05 -0.91545492
vn 0.40242046 -3.0657338e-05 -0.91545498
vn -0.83939731 -0.38258564 -0.38605779
vn -0.83939725 -0.38258559 -0.38605776
vn -0.34763932 -0.92386568 -0.16005997
vn -0.34763932 -0.92386574 -0.16005997
vn 0.40243572 0 -0.91544825
vn 0.40243873 0 -0.91544694
vn 0.40243575 0 -0.91544825
vn 0.40228006 7.5616546e-05 -0.91551667
vn 0.40228003 7.5616554e-05 -0.91551679
vn 0.40228003 7.5616546e-05 -0.91551667
vn 0.40233445 4.980373e-05 -0.91549277
vn 0.40233457 4.9803744e-05 -0.91549283
vn 0.40233448 4.9803733e-05 -0.91549277
vn 0.40234029 7.9679237e-05 -0.91549021
vn 0.40234035 7.9679245e-05 -0.91549027
vn 0.40234032 7.9679245e-05 -0.91549021
vn 0.4024328 0 -0.91544956
vn 0.40243277 0 -0.91544956
vn 0.40243283 0 -0.91544956
vn 0.40248054 3.984561e-05 -0.91542864
vn 0.40248048 3.9845607e-05 -0.91542864
vn 0.40248051 3.984561e-05 -0.91542858
vn -0.84583378 0.38263389 -0.37169442
vn -0.84583366 0.38263384 -0.37169442
vn -0.84583378 0.38263389 -0.37169439
vn -0.35030201 -0.92388904 -0.15400511
vn -0.35030198 -0.92388904 -0.15400511
vn 0.35038492 0.92381752 0.15424541
vn 0.35038495 0.92381757 0.15424544
vn 0.35038492 0.92381757 0.15424542
vn -0.35035968 0.923877 -0.15394671
vn -0.35035971 0.923877 -0.15394671
vn -0.35035968 0.92387694 -0.15394673
vn -0.84583384 -0.38241559 -0.37191865
vn -0.8458339 -0.38241562 -0.37191865
vn -0.84583384 -0.38241562 -0.37191868
vn 0.35039672 -0.9238534 0.1540039
vn 0.35039669 -0.9238534 0.15400387
vn 0.84574366 0.38268286 0.37184876
vn 0.84574372 0.38268292 0.37184876
vn 0.84574366 0.38268289 0.37184876
vn 0.20222664 -0.85945565 -0.46951079
vn 0.20222664 -0.8594557 -0.46951076
vn 0.20222665 -0.85945565 -0.46951082
vn 0.20224917 0.85945314 -0.46950588
vn 0.20224917 0.85945314 -0.46950591
vn 0.20224918 0.85945314 -0.46950591
vn 0.39557102 -1.978742e-05 -0.91843545
vn 0.39557102 -1.978742e-05 -0.91843551
vn 0.39557099 -1.9787418e-05 -0.91843539
vn -4.9238429e-06 1 -1.7510825e-05
vn 2.5061142e-06 1 -6.840367e-06
vn 1.0872376e-05 1 5.1747547e-06
vn 4.9238429e-06 -1 1.7287019e-05
vn -2.5061142e-06 -1 6.7218302e-06
vn 1.2903944e-05 -1 2.8634493e-05
vn 0.84573942 -0.38270435 0.37183625
vn 0.84573954 -0.38270441 0.37183625
vn 0.84573948 -0.38270438 0.37183622
vn 0.40243977 -4.7261346e-05 -0.91544646
vn 0.40243983 -4.7261346e-05 -0.91544652
vn 0.4024398 -4.726135e-05 -0.91544658
vn 0.39551389 1.9787565e-05 -0.91846007
vn 0.39551386 1.9787565e-05 -0.91846001
vn 0.39551389 1.9787565e-05 -0.91846001
vn 0.70453304 0 0.7096712
vn 0.7045331 0 0.7096712
vn 0.7045331 0 0.70967114
vn -0.99999356 -3.3360586e-05 -0.0035854813
vn -0.99999356 -3.3360586e-05 -0.0035854809
vn -0.99999362 -3.3360589e-05 -0.0035854813
vn 0.99999338 0 0.0036347075
vn 0.99999338 0 0.0036347078
vn -0.70450032 -7.809126e-05 -0.70970374
vn -0.70450026 -7.8091252e-05 -0.70970374
vn -0.70450032 -7.8091252e-05 -0.70970374
vn -0.0037465675 -4.7190504e-05 0.99999303
vn 0.0036544302 4.888454e-05 -0.99999332
vn 0.003665016 4.8878155e-05 -0.99999338
vn 0.0037724411 4.8813323e-05 -0.99999291
vn -0.70792192 -6.8490896e-05 0.70629072
vn -0.70792192 -6.8490896e-05 0.70629066
vn -0.70792192 -6.8490888e-05 0.70629066
vn 0.71007335 -9.8621291e-05 -0.70412773
vn 0.71007335 -9.8621298e-05 -0.70412779
vn 0.70442551 -2.709084e-05 0.70977789
vn 0.70442551 -2.7090842e-05 0.70977789
vn 0.70442551 -2.7090842e-05 0.70977795
vn -0.99999332 0 -0.003650415
vn -0.99999338 0 -0.0036504155
vn -0.99999332 0 -0.0036504152
vn 0.99999249 6.3921791e-05 0.003897883
vn 0.99999243 6.3921783e-05 0.0038978828
vn 0.99999243 6.3921783e-05 0.0038978825
vn -0.70448351 8.0081345e-06 -0.70972043
vn -0.70448351 8.0081336e-06 -0.70972043
vn -0.0036086317 -4.7356345e-05 0.9999935
vn -0.0036106545 -4.7418474e-05 0.99999356
vn -0.0036125558 -4.7476849e-05 0.9999935
vn 0.003444335 4.8702484e-05 -0.9999941
vn 0.0034462216 4.8787937e-05 -0.99999416
vn 0.0034481378 4.8874736e-05 -0.9999941
vn -0.71979725 -7.0292692e-05 0.69418436
vn -0.71979731 -7.0292706e-05 0.69418436
vn 0.70922822 4.4415599e-05 -0.70497894
vn 0.70922828 4.4415599e-05 -0.70497894
vn -0.28316078 -0.70461464 0.65064448
vn -0.28316078 -0.70461458 0.65064448
vn 0.0014163273 0.99999344 -0.0033287744
vn 0.0014176312 0.99999356 -0.0033083556
vn 0.0014153204 0.99999338 -0.0033445426
vn 0.28306234 0.70454192 -0.65076602
vn 0.28306237 0.70454192 -0.65076607
vn 0.28306237 0.70454192 -0.65076596
vn -0.0014588078 -0.99999338 0.0033439202
vn -0.0014594839 -0.99999338 0.0033333751
vn -0.0014600066 -0.99999338 0.0033252188
vn 0.39896241 -0.0035325706 -0.91696048
vn 0.39896241 -0.0035325701 -0.91696048
vn 0.39896244 -0.0035325708 -0.9169606
vn -0.3989782 0.0036666091 0.91695309
vn -0.3989782 0.0036666088 0.91695315
vn -0.39897817 0.0036666086 0.91695309
vn -0.28121686 0.70967573 0.64597017
vn -0.28121686 0.70967573 0.64597023
vn 0.28113839 -0.70961767 -0.6460681
vn 0.28113839 -0.70961761 -0.64606816
vn 0.28113845 -0.70961767 -0.64606816
vn -0.40240213 -7.4762588e-06 0.91546303
vn -0.40240845 -6.5416739e-06 0.91546029
vn -0.40242091 -4.67264e-06 0.91545475
vn -0.40245947 0 0.91543788
vn -0.40245947 0 0.91543782
vn -0.40245944 0 0.91543788
vn -0.40242729 -3.7380848e-06 0.91545206
vn -0.40249097 0 0.91542405
vn -0.40249094 0 0.91542399
vn -0.402491 0 0.91542399
vn -0.40245926 0 0.915438
vn -0.40245926 0 0.91543794
vn -0.40245929 0 0.91543794
vn 0.84577256 0.38266394 0.37180263
vn 0.8457725 0.38266394 0.3718026
vn 0.8457725 0.38266394 0.37180263
vn 0.40246603 4.8354723e-06 -0.91543496
vn 0.402466 4.8354723e-06 -0.9154349
vn 0.40246609 4.8354727e-06 -0.91543502
vn 0.40246692 4.0054429e-06 -0.91543466
vn 0.40233162 4.8347874e-06 -0.91549402
vn 0.40233165 4.8347874e-06 -0.91549397
vn 0.40233165 4.8347874e-06 -0.91549408
vn 0.40243429 8.0108739e-06 -0.91544896
vn 0.40243423 8.010873e-06 -0.9154489
vn 0.40243426 8.010873e-06 -0.91544896
vn 0.40243462 0 -0.91544873
vn 0.40243459 0 -0.91544878
vn 0.40243465 0 -0.91544878
vn 0.35033074 -0.92387748 0.15400936
vn -0.84576446 -0.3826502 -0.37183496
vn -0.84576458 -0.38265023 -0.37183493
vn -0.84576458 -0.38265026 -0.37183496
vn -0.35032088 0.92388153 -0.15400752
vn 0.35032454 0.92387962 0.15401012
vn 0.3503246 0.92387974 0.15401012
vn 0.84575099 -0.38272592 0.37178764
vn 0.84575111 -0.38272598 0.37178764
vn 0.84575105 -0.38272598 0.37178764
vn -0.350317 -0.92388386 -0.15400247
vn -0.35031697 -0.92388386 -0.15400247
vn -0.35031697 -0.9238838 -0.15400247
vn -0.84575546 0.38270125 -0.37180316
vn -0.8457554 0.38270122 -0.37180319
vn -0.84575546 0.38270125 -0.37180319
vn -0.3477253 -0.92385316 -0.15994513
vn -0.83936816 -0.3826181 -0.386089
vn -0.83936816 -0.38261807 -0.38608897
vn -0.8393681 -0.38261804 -0.38608894
vn -0.83936799 0.38261801 -0.38608918
vn -0.83936793 0.38261798 -0.38608918
vn -0.83936805 0.38261801 -0.38608921
vn -0.34770185 0.92386472 -0.15992972
vn 0.34770784 0.92386228 0.159931
vn 0.83936203 0.38267168 0.386049
vn 0.83936006 0.38267013 0.38605455
vn 0.83935982 0.38266996 0.38605565
vn 0.83936143 -0.3826665 0.38605562
vn 0.83936143 -0.38266641 0.38605556
vn 0.83936137 -0.38266644 0.38605559
vn 0.3477228 -0.92385632 0.15993252
vn 0.34703547 -0.92417175 0.15960297
vn 0.34703547 -0.92417175 0.15960298
vn 0.34703547 -0.92417169 0.15960298
vn 0.34772703 -0.92385095 0.1599545
vn 0.34772706 -0.92385095 0.15995452
vn 0.34772703 -0.92385089 0.15995452
vn 0.34772623 -0.92385435 0.15993674
vn 0.34755188 -0.92392176 0.15992603
vn 0.34755185 -0.92392176 0.15992601
vn 0.34771031 -0.92385787 0.15995061
vn 0.34771034 -0.92385793 0.15995061
vn 0.34771034 -0.92385793 0.15995063
vn 0.34768528 -0.92386574 0.15995976
vn 0.34768525 -0.92386568 0.15995975
vn 0.34768525 -0.9238658 0.15995976
vn 0.34768632 -0.92386389 0.1599682
vn 0.34768635 -0.92386389 0.1599682
vn 0.34768635 -0.92386383 0.1599682
vn 0.83937901 -0.3826665 0.38601726
vn 0.83937907 -0.38266653 0.38601729
vn 0.83937895 -0.38266647 0.38601726
vn 0.83935571 -0.382642 0.38609198
vn 0.83935577 -0.382642 0.38609201
vn 0.83935571 -0.38264203 0.38609204
vn 0.83934885 -0.38265994 0.38608947
vn 0.83934879 -0.38265988 0.38608941
vn 0.83934873 -0.38265994 0.38608944
vn 0.83999175 -0.38272905 0.38461983
vn 0.83999181 -0.38272908 0.38461989
vn 0.83999175 -0.38272902 0.38461986
vn 0.83929259 -0.38254318 0.38632745
vn 0.83929247 -0.38254312 0.38632739
vn 0.83929253 -0.38254315 0.38632739
vn 0.83937728 -0.38268179 0.386006
vn 0.83937722 -0.38268176 0.38600597
vn 0.83940226 -0.3827627 0.38587117
vn 0.83940232 -0.38276276 0.3858712
vn 0.83940226 -0.38276273 0.38587117
vn 0.8393712 0.38267922 0.38602135
vn 0.83972812 0.38283208 0.38509274
vn 0.83972806 0.38283205 0.38509271
vn 0.83972806 0.38283202 0.38509271
vn 0.83934641 0.38265136 0.38610318
vn 0.83934635 0.38265133 0.38610318
vn 0.83934641 0.3826513 0.38610318
vn 0.83929068 0.38276243 0.38611406
vn 0.83929074 0.38276243 0.38611403
vn 0.83929074 0.38276243 0.38611397
vn 0.83957374 0.38228306 0.38597381
vn 0.83957368 0.382283 0.38597378
vn 0.83957368 0.382283 0.38597381
vn 0.83929217 0.38250276 0.38636833
vn 0.83929211 0.3825027 0.3863683
vn 0.83929211 0.3825027 0.38636827
vn 0.83934641 0.38267368 0.38608116
vn 0.83934641 0.38267371 0.38608119
vn 0.83934647 0.38267365 0.38608113
vn 0.34764946 0.92387325 0.15999424
vn 0.34764946 0.92387331 0.15999424
vn 0.34764946 0.92387331 0.15999426
vn 0.3476932 0.92385793 0.15998809
vn 0.34769318 0.92385787 0.15998806
vn 0.34767869 0.9238596 0.16000959
vn 0.34767872 0.92385954 0.16000959
vn 0.34783196 0.92379057 0.16007535
vn 0.34783196 0.92379057 0.16007534
vn 0.34783193 0.92379051 0.16007535
vn 0.34766522 0.92385942 0.16003989
vn 0.34766522 0.92385936 0.16003989
vn 0.34766522 0.92385948 0.1600399
vn 0.34768349 0.92387521 0.15990891
vn 0.34768352 0.92387521 0.15990891
vn 0.34768352 0.92387521 0.15990889
vn 0.34771743 0.92385489 0.15995276
vn 0.3477174 0.92385483 0.15995276
vn 0.34771746 0.92385489 0.15995277
vn -0.34770775 0.92385966 -0.15994586
vn -0.34770772 0.92385966 -0.15994586
vn -0.34770775 0.92385972 -0.15994586
vn -0.34770891 0.92385668 -0.15996072
vn -0.34770894 0.92385668 -0.15996069
vn -0.34770894 0.92385674 -0.1599607
vn -0.34769288 0.92387003 -0.15991849
vn -0.34769291 0.92386997 -0.1599185
vn -0.34522459 0.92497379 -0.15888222
vn -0.34522456 0.92497379 -0.1588822
vn -0.34770331 0.92384064 -0.16006552
vn -0.34770331 0.92384064 -0.16006553
vn -0.34770334 0.92384058 -0.16006552
vn -0.34771192 0.9238618 -0.15992469
vn -0.34771192 0.92386186 -0.15992469
vn -0.34789771 0.9237237 -0.16031751
vn -0.83940315 0.38257122 -0.38605919
vn -0.83940315 0.38257122 -0.38605917
vn -0.83940321 0.38257125 -0.38605922
vn -0.83937854 0.38267279 -0.38601202
vn -0.83937854 0.38267282 -0.38601205
vn -0.8393786 0.38267282 -0.38601208
vn -0.83939117 0.38256246 -0.38609377
vn -0.83939117 0.38256249 -0.38609377
vn -0.83939117 0.38256249 -0.3860938
vn -0.83939457 0.38258374 -0.3860656
vn -0.83939445 0.38258368 -0.38606557
vn -0.83939451 0.38258374 -0.3860656
vn 0.40233666 -4.4823606e-05 -0.91549188
vn 0.40233663 -4.4823602e-05 -0.91549182
vn 0.4023366 -4.4823599e-05 -0.91549182
vn -0.83935696 -0.38264102 -0.38609028
vn -0.83935702 -0.38264105 -0.38609028
vn -0.83935702 -0.38264108 -0.38609031
vn -0.8393802 -0.38267359 -0.38600773
vn -0.83938015 -0.38267356 -0.3860077
vn -0.8393802 -0.38267353 -0.3860077
vn -0.83938175 -0.38257769 -0.38609943
vn -0.83938169 -0.38257763 -0.38609937
vn -0.83938169 -0.38257766 -0.3860994
vn -0.83939368 -0.38258326 -0.38606808
vn -0.83939356 -0.38258326 -0.38606808
vn -0.83939362 -0.38258326 -0.38606811
vn -0.34775797 -0.92383862 -0.15995856
vn -0.34775797 -0.92383868 -0.15995856
vn -0.3742505 -0.91122895 -0.17204191
vn -0.37425047 -0.91122895 -0.17204192
vn -0.3742505 -0.91122901 -0.17204192
vn -0.34769124 -0.92386609 -0.15994471
vn -0.34769124 -0.92386615 -0.15994473
vn -0.34769121 -0.92386609 -0.15994471
vn -0.34777918 -0.92383593 -0.15992764
vn -0.34777918 -0.92383593 -0.15992765
vn -0.34771845 -0.92385554 -0.15994664
vn -0.34771845 -0.9238556 -0.15994664
vn -0.34771839 -0.92385554 -0.15994662
vn -0.34770945 -0.92386574 -0.15990752
vn -0.34770945 -0.92386568 -0.1599075
vn -0.34771305 -0.9238624 -0.15991858
vn -0.34771308 -0.9238624 -0.15991859
vn -0.34771305 -0.92386234 -0.15991856
vn 0.4024421 -5.9768627e-05 -0.91544557
vn 0.40244207 -5.976863e-05 -0.91544557
vn 0.40244207 -5.9768623e-05 -0.91544551
vn 0.40239334 -9.8240562e-05 -0.91546685
vn 0.40239337 -9.8240569e-05 -0.9154669
vn 0.40239331 -9.8240555e-05 -0.91546685
vn 0.40250233 3.0656101e-05 -0.91541898
vn 0.40250236 3.0656098e-05 -0.91541898
vn 0.40250239 3.0656105e-05 -0.91541904
vn 0.40230292 -5.9765716e-05 -0.91550672
vn 0.40230292 -5.9765709e-05 -0.91550672
vn 0.40239763 0 -0.915465
vn 0.40239766 0 -0.91546506
vn -0.84596372 0.38214833 -0.37189806
vn -0.84596372 0.3821483 -0.37189803
vn -0.84596372 0.38214827 -0.37189803
vn -0.84577817 0.38263956 -0.37181479
vn -0.8457762 0.38264629 -0.3718124
vn -0.84577513 0.38265002 -0.37181103
vn -0.8458069 0.38268834 -0.37169942
vn -0.8458069 0.38268831 -0.37169939
vn -0.8458069 0.38268831 -0.37169933
vn -0.84559214 0.38252982 -0.37235084
vn -0.84559208 0.3825298 -0.37235081
vn -0.84562439 0.38319352 -0.37159434
vn -0.84562439 0.38319349 -0.37159431
vn -0.84562433 0.38319346 -0.37159434
vn -0.8457486 0.38274008 -0.37177852
vn -0.84577352 0.38256016 -0.371907
vn -0.84577352 0.38256019 -0.37190703
vn -0.84577358 0.38256016 -0.37190703
vn -0.35030112 -0.92388618 -0.15402496
vn -0.35030109 -0.92388618 -0.15402494
vn -0.35030106 -0.92388612 -0.15402494
vn -0.34933943 -0.92432994 -0.1535458
vn -0.3493394 -0.92432988 -0.15354577
vn -0.3493394 -0.92432988 -0.1535458
vn -0.35023737 -0.9239096 -0.15402918
vn -0.3502374 -0.9239096 -0.15402918
vn -0.35023737 -0.92390954 -0.15402918
vn -0.3502914 -0.92388624 -0.15404603
vn -0.35029143 -0.92388624 -0.15404603
vn -0.35029143 -0.9238863 -0.15404604
vn -0.35030532 -0.92389351 -0.15397106
vn -0.35030526 -0.92389351 -0.15397105
vn -0.35030529 -0.92389345 -0.15397105
vn -0.35035235 -0.92386901 -0.15401103
vn -0.35035232 -0.92386907 -0.15401101
vn -0.35035232 -0.92386907 -0.15401103
vn -0.35037071 -0.9238587 -0.15403095
vn -0.35037071 -0.9238587 -0.15403093
vn -0.35037076 -0.92385876 -0.15403096
vn 0.35190955 0.92316204 0.15469852
vn 0.35190952 0.9231621 0.15469851
vn 0.35190949 0.92316204 0.15469849
vn 0.35033029 0.92387879 0.1540024
vn 0.35033032 0.92387873 0.15400238
vn 0.35033029 0.92387879 0.15400238
vn 0.35018867 0.92393345 0.15399654
vn 0.3501887 0.92393345 0.15399656
vn 0.3501887 0.92393339 0.15399654
vn 0.35034645 0.92387283 0.15400138
vn 0.35034648 0.92387283 0.15400138
vn 0.35034645 0.92387289 0.1540014
vn 0.35038269 0.92385775 0.15400974
vn 0.35038263 0.92385775 0.15400973
vn 0.35038266 0.92385769 0.15400971
vn 0.3502461 0.92392612 0.15390988
vn 0.3502461 0.92392617 0.15390988
vn 0.3502461 0.92392612 0.15390986
vn 0.35031509 0.92387891 0.15403628
vn 0.35031512 0.92387891 0.15403628
vn 0.35031512 0.92387891 0.1540363
vn -0.35031205 0.92388523 -0.15400581
vn -0.35031277 0.92388695 -0.15399297
vn -0.35031274 0.92388701 -0.15399295
vn -0.35031277 0.92388701 -0.15399295
vn -0.35034561 0.92387098 -0.15401451
vn -0.35034561 0.92387092 -0.15401451
vn -0.34623182 0.92573065 -0.15213971
vn -0.34623185 0.92573053 -0.15213972
vn -0.35035813 0.92386407 -0.15402716
vn -0.35035813 0.92386407 -0.15402718
vn -0.35035816 0.92386407 -0.15402716
vn -0.35031149 0.92387652 -0.1540585
vn -0.35031152 0.92387658 -0.15405852
vn -0.35017875 0.9239465 -0.15394086
vn -0.35017872 0.92394656 -0.15394086
vn -0.35017872 0.9239465 -0.15394087
vn -0.84576118 -0.38266787 -0.37182438
vn -0.84576118 -0.38266784 -0.37182441
vn -0.84576124 -0.38266793 -0.37182441
vn -0.84584504 -0.38247922 -0.37182757
vn -0.8458451 -0.38247925 -0.3718276
vn -0.84554762 -0.38335478 -0.37160254
vn -0.84554762 -0.38335475 -0.37160251
vn -0.84554756 -0.38335478 -0.37160254
vn -0.84581369 -0.38268259 -0.37168995
vn -0.84581369 -0.38268262 -0.37168995
vn -0.84581363 -0.38268256 -0.37168992
vn -0.84569395 -0.38244539 -0.37220591
vn -0.84569401 -0.38244545 -0.37220597
vn -0.84569407 -0.38244539 -0.37220591
vn -0.84577358 -0.38262799 -0.37183732
vn -0.84577358 -0.38262802 -0.37183732
vn -0.84577352 -0.38262796 -0.37183735
vn -0.84575421 -0.38285691 -0.37164584
vn -0.84575421 -0.38285688 -0.37164587
vn -0.84575415 -0.38285682 -0.37164581
vn 0.34904644 -0.92445856 0.15343747
vn 0.34904647 -0.92445862 0.15343747
vn 0.35037696 -0.9238432 0.15410958
vn 0.35037696 -0.92384326 0.15410957
vn 0.35037693 -0.9238432 0.15410955
vn 0.35048679 -0.92382634 0.15396148
vn 0.35048676 -0.92382634 0.15396146
vn 0.35048679 -0.92382634 0.15396146
vn 0.35030398 -0.92388839 0.15400477
vn 0.35030401 -0.92388839 0.15400477
vn 0.35030401 -0.92388844 0.15400478
vn 0.35030454 -0.92388338 0.15403385
vn 0.35030454 -0.92388332 0.15403384
vn 0.35030454 -0.92388332 0.15403385
vn 0.35030422 -0.92389071 0.15399005
vn 0.35030419 -0.92389083 0.15399005
vn 0.35031661 -0.92388153 0.15401743
vn 0.35031664 -0.92388153 0.15401742
vn 0.8458218 0.38251531 0.37184364
vn 0.8458218 0.38251534 0.37184367
vn 0.8458218 0.38251537 0.37184364
vn 0.84578258 0.38275334 0.37168798
vn 0.84563154 0.38304588 0.37173027
vn 0.84563148 0.38304585 0.37173027
vn 0.84573817 0.38270172 0.37184209
vn 0.84573811 0.38270172 0.37184203
vn 0.20224087 -0.85948628 -0.4694486
vn 0.2022409 -0.85948634 -0.46944866
vn 0.20224091 -0.85948634 -0.46944863
vn 0.20223534 0.85946268 -0.46949428
vn 0.20223534 0.85946268 -0.46949431
vn 0.20223533 0.85946262 -0.46949425
vn 0.39558929 9.8936889e-06 -0.91842753
vn 0.39558926 9.8936889e-06 -0.91842753
vn 0.39558923 9.8936889e-06 -0.91842753
vn -1.2903944e-05 1 -2.8971368e-05
vn -1.0872376e-05 -1 -5.1747547e-06
vn 0.84572279 -0.38274211 0.3718352
vn 0.84572291 -0.38274214 0.3718352
vn 0.84572291 -0.38274211 0.3718352
vn 0.84560245 -0.38310751 0.37173268
vn 0.84560251 -0.38310754 0.37173271
vn 0.84560245 -0.38310754 0.37173268
vn 0.84576648 -0.38274607 0.3717317
vn 0.84576654 -0.38274601 0.3717317
vn 0.8457666 -0.38274607 0.37173173
vn 0.84582561 -0.38250321 0.37184739
vn 0.84582561 -0.38250321 0.37184736
vn 0.84582567 -0.38250324 0.37184736
vn 0.40244746 9.8234588e-05 -0.91544318
vn 0.4024474 9.8234581e-05 -0.91544312
vn 0.4024474 9.8234574e-05 -0.91544312
vn 0.39564526 -9.8931096e-06 -0.91840345
vn 0.39564526 -9.8931087e-06 -0.91840351
vn 0.39564526 -9.8931105e-06 -0.91840351
vn 0.70457286 0 0.70963168
vn 0.70457286 0 0.70963174
vn -0.99999356 0 -0.0035847567
vn -0.99999362 0 -0.0035847565
vn -0.99999356 0 -0.0035847565
vn 0.99999338 0 0.0036348149
vn 0.99999338 0 0.0036348153
vn -0.70459038 0 -0.70961428
vn -0.70459032 0 -0.70961428
vn -0.70459044 0 -0.70961428
vn -0.0036034097 -4.7917682e-05 0.99999356
vn -0.00360341 -4.7917689e-05 0.99999356
vn -0.0036034097 -4.7917678e-05 0.9999935
vn 0.0035465399 4.8949641e-05 -0.99999374
vn -0.70964688 4.0206625e-05 0.7045576
vn -0.70964688 4.0206622e-05 0.70455754
vn -0.70964688 4.0206618e-05 0.70455754
vn -0.70972311 0 0.70448077
vn -0.70972317 0 0.70448077
vn -0.70972306 0 0.70448077
vn -0.70609814 -5.448288e-05 0.70811397
vn -0.70609808 -5.4482876e-05 0.70811397
vn -0.70609814 -5.4482887e-05 0.70811397
vn 0.70986181 -0.00016017603 -0.70434093
vn 0.70986187 -0.00016017603 -0.70434093
vn 0.70986193 -0.00016017603 -0.70434093
vn 0.70963323 0 -0.70457125
vn 0.70963323 0 -0.70457131
vn 0.70782363 4.0071536e-05 -0.70638919
vn 0.70782363 4.007154e-05 -0.70638919
vn 0.70782363 4.0071543e-05 -0.70638925
vn 0.70447642 0 0.70972747
vn 0.70447636 0 0.70972747
vn -0.99999338 0 -0.0036491747
vn -0.99999332 0 -0.0036491742
vn -0.99999344 0 -0.0036491747
vn 0.99999249 0 0.0038982162
vn 0.99999243 0 0.0038982159
vn 0.99999249 0 0.0038982164
vn -0.70446908 0 -0.70973474
vn -0.70446908 0 -0.70973468
vn -0.0036067364 -4.7298166e-05 0.9999935
vn 0.0034424253 4.8615981e-05 -0.9999941
vn -0.7097488 0.00018932341 0.7044549
vn -0.70974874 0.00018932341 0.70445484
vn -0.70825076 4.8324968e-05 0.70596093
vn -0.70825076 4.8324971e-05 0.70596099
vn -0.70825082 4.8324975e-05 0.70596099
vn -0.70987594 0 0.70432675
vn -0.70987594 0 0.70432681
vn 0.70949793 -7.0512622e-05 -0.70470756
vn 0.70949793 -7.0512622e-05 -0.7047075
vn 0.70949799 -7.0512615e-05 -0.7047075
vn 0.72433716 6.1509614e-05 -0.68944591
vn 0.72433722 6.1509621e-05 -0.68944591
vn 0.72433722 6.1509614e-05 -0.68944591
vn 0.70954472 -5.2295458e-05 -0.70466048
vn 0.70954466 -5.2295451e-05 -0.70466042
vn 0.70954472 -5.2295454e-05 -0.70466042
vn -0.2831299 -0.7044872 0.65079594
vn -0.28312987 -0.70448714 0.65079594
vn 0.0014186618 0.99999362 -0.0032922141
vn 0.28317145 0.70456886 -0.65068942
vn 0.28317147 0.70456892 -0.65068936
vn 0.28317145 0.70456892 -0.65068936
vn -0.0014582728 -0.99999332 0.0033522644
vn 0.39908579 -0.003836154 -0.91690564
vn 0.39908579 -0.0038361538 -0.91690564
vn 0.39908576 -0.0038361533 -0.91690558
vn 0.39795709 -0.003793268 -0.91739625
vn 0.39795706 -0.0037932682 -0.91739631
vn 0.39795712 -0.0037932685 -0.91739631
vn 0.39905578 -0.0033237336 -0.91692072
vn 0.39905575 -0.0033237336 -0.91692072
vn 0.39905572 -0.0033237331 -0.91692066
vn -0.39897531 0.0031798782 0.91695625
vn -0.39897537 0.003179878 0.91695619
vn -0.39897534 0.0031798782 0.91695619
vn -0.39894381 0.0036948069 0.91696793
vn -0.39894384 0.0036948072 0.91696793
vn -0.39894387 0.0036948074 0.91696793
vn -0.39910853 0.0039342581 0.91689527
vn -0.39910859 0.0039342577 0.91689527
vn -0.39910862 0.0039342581 0.91689533
vn -0.28116101 0.70971352 0.645953
vn -0.28116104 0.70971352 0.645953
vn 0.28114113 -0.70981717 -0.64584774
vn 0.28114113 -0.70981717 -0.64584768
vn -0.97084385 0 0.23971303
vn -0.97084385 0 0.23971304
vn -0.97084379 0 0.23971301
vn 5.3202427e-07 -1 5.895327e-07
vn 4.8559519e-07 -1 0
vn 6.8926852e-08 -1 -6.055584e-07
vn 0.99026227 0 0.13921426
vn 0.99026233 0 0.13921425
vn -1.4797322e-07 1 -3.9597543e-07
vn -2.4234228e-07 1 -6.8969899e-07
vn 3.0432597e-07 1 6.9431127e-07
vn -0.082884111 -0.96950781 -0.23061834
vn -0.082893334 -0.96950257 -0.23063721
vn -0.082894295 -0.96950209 -0.23063917
vn -2.0693046e-06 0 -1
vn -1.5880687e-06 0 -1
vn -1.0059983e-06 0 -1
vn 3.6118269e-07 1 1.7677291e-07
vn 1.5210029e-06 1 2.1134338e-06
vn 0.99902624 0 -0.044119872
vn 0.99902624 0 -0.044119868
vn -1.0192733e-07 -1 3.9200791e-07
vn -1.5210029e-06 -1 -2.1938988e-06
vn -0.97083795 0 0.23973668
vn -0.97083795 0 0.23973671
vn -0.97083795 0 0.23973669
vn -0.97083831 0 0.23973528
vn -0.97083837 0 0.23973529
vn -0.97083837 0 0.23973531
vn -8.5374643e-07 -1 -5.3965033e-07
vn -2.5890902e-06 -1 -2.8396828e-06
vn 0.97826248 0 -0.20737074
vn 0.97826242 0 -0.2073707
vn 8.5374643e-07 1 5.6682643e-07
vn 2.5890902e-06 1 3.0319529e-06
vn -0.94110578 0 0.33811262
vn -0.94110566 0 0.33811262
vn -0.94110572 0 0.33811262
vn -0.99989325 0 0.014617198
vn -0.99989325 0 0.014617199
vn 0.78040999 0 -0.62526816
vn 0.78040004 0 -0.62528062
vn 0.78039873 0 -0.62528235
vn -0.082896702 0.96949863 -0.23065245
vn -0.08289165 0.96950191 -0.23064043
vn -0.082897007 0.96949846 -0.23065314
vn 0.33821696 0 0.94106823
vn 0.33821779 0 0.94106793
vn 0.33821931 0 0.9410674
vn 8.0890177e-06 1 1.8508155e-05
vn -7.3966535e-06 1 -1.8292005e-05
vn 8.5648508e-06 1 1.9638928e-05
vn -8.0889695e-06 -1 -1.6950382e-05
vn 7.3966348e-06 -1 1.8338449e-05
vn 7.8725025e-06 -1 1.9422863e-05
vn 0.94110578 0 -0.33811262
vn 0.94110572 0 -0.33811265
vn -0.97084332 0 0.23971525
vn -0.97084326 0 0.2397152
vn 4.430199e-07 -1 0
vn 0.99026251 0 0.1392127
vn -4.4301984e-07 1 -1.2647565e-06
vn -0.082883567 -0.96950823 -0.23061724
vn -2.6513751e-06 0 -1
vn 0.99902618 0 -0.044121236
vn 0.99902618 0 -0.044121239
vn 0.99902624 0 -0.044121236
vn -0.97083741 0 0.23973911
vn -0.97083741 0 0.23973905
vn -0.97083747 0 0.23973908
vn -0.97083843 0 0.23973492
vn -0.97083843 0 0.23973489
vn -0.97083837 0 0.23973487
vn 0.97826201 0 -0.20737316
vn 0.97826195 0 -0.20737313
vn -0.94109881 0 0.33813179
vn -0.94109875 0 0.33813182
vn -0.99989325 0 0.014617843
vn -0.99989319 0 0.014617841
vn -0.99989325 0 0.014617842
vn 0.78041095 0 -0.62526697
vn -0.082891144 0.96950233 -0.23063925
vn 0.33821544 0 0.94106877
vn -7.8725234e-06 1 -1.9422863e-05
vn -8.5648007e-06 -1 -1.8034716e-05
vn 0.94110572 0 -0.33811262
vn 0.94110572 0 -0.33811259
vn 0.81075412 5.6871709e-06 0.58538693
vn 0.81075406 1.8084289e-06 0.58538693
vn 0.81075412 7.4956006e-06 0.58538693
vn 1.5541185e-07 1 -2.0250127e-06
vn -2.199295e-07 1 1.9682247e-07
vn 3.2472963e-07 1 7.0990535e-07
vn 5.6585793e-07 -2.7044598e-06 1
vn -3.0087931e-06 5.4089273e-06 1
vn 3.754129e-06 -6.7488231e-06 1
vn -9.7601423e-07 3.1375023e-06 -1
vn 0 6.7488227e-06 -1
vn -2.6542532e-06 6.7488231e-06 -1
vn 5.9550837e-07 1 1.0122028e-06
vn 2.6538163e-07 1 -4.7383753e-07
vn 0 1 2.7546303e-09
vn -3.9757001e-06 1 -1.7439339e-05
vn -3.9756997e-06 1 -1.7439337e-05
vn -3.02891e-06 1 4.2216223e-07
vn -3.6220132e-07 1 1.4649893e-06
vn 6.8306567e-06 1 1.7751647e-06
vn -0.9901042 0 0.14033473
vn -0.99010402 0 0.14033566
vn -0.99010426 0 0.14033365
vn -0.83134967 0 0.55574977
vn -0.83134961 0 0.55574977
vn -0.83134961 0 0.55574983
vn -0.36203286 0 0.93216538
vn -0.36201978 0 0.93217051
vn -0.36202383 0 0.93216884
vn -1.1231267e-05 1 8.3756504e-06
vn -1.1231192e-05 1 8.4020858e-06
vn -1.1231149e-05 1 8.416494e-06
vn -0.84244788 0 -0.53877801
vn -0.8424474 0 -0.5387786
vn -0.84244782 0 -0.53877795
vn -0.98519194 0 -0.17145555
vn -0.98519206 0 -0.1714544
vn -0.98519188 0 -0.17145553
vn -0.52025092 0 0.85401344
vn -0.52024007 0 0.85402006
vn -0.52024549 0 0.85401684
vn 0 1 -6.4532003e-08
vn 0 1 -6.8130497e-08
vn 2.0388609e-06 -5.4370912e-06 -1
vn 3.1639013e-06 -4.4611541e-12 -1
vn 0.90759742 -7.6523129e-06 0.41984162
vn 0.90759772 1.4459371e-05 0.41984117
vn 0.9075976 9.1923413e-12 0.41984135
vn -0.90286446 0 -0.42992532
vn -0.90286303 0 -0.42992827
vn -0.90286541 0 -0.42992333
vn 1.1744753e-06 1 -1.1809598e-06
vn -6.3328383e-07 1 2.1970645e-06
vn 5.310269e-07 1 -5.6313502e-07
vn 0.90760428 0 0.41982695
vn 0.90760422 0 0.41982689
vn -0.46799985 0.0057910653 0.88370961
vn -0.46799991 0.0057910657 0.88370967
vn -0.46799988 0.0057910657 0.88370967
vn -0.84244829 0 -0.53877729
vn -0.84245467 0 -0.53876722
vn -0.84246087 0 -0.53875762
vn -2.4681989e-07 1 6.8651309e-07
vn 1.5720132e-06 1 -3.5589214e-06
vn 1.8519133e-06 1 -4.9998475e-06
vn -0.84244841 0 -0.53877705
vn 0.894427 6.0036887e-06 0.44721389
vn 0.89442706 6.0036887e-06 0.44721395
vn 0.89442706 6.0036891e-06 0.44721395
vn 0.91525757 1.596347e-06 -0.40286919
vn 0.91525763 1.5963473e-06 -0.40286922
vn 0.91525757 1.596347e-06 -0.40286922
vn 1.7069695e-07 1 8.6044031e-07
vn 9.713018e-07 1 3.8722109e-07
vn 4.1445665e-07 1 1.1849905e-06
vn -1.6450609e-06 1 1.0921409e-06
vn -2.4877909e-06 1 1.9546244e-06
vn -0.60113776 -0.0027242305 0.79914087
vn -0.6011377 -0.0027242303 0.79914081
vn -0.60113776 -0.0027242308 0.79914087
vn 0.52021354 0 -0.85403627
vn 0.52021348 0 -0.85403627
vn 0.59830815 9.1318689e-06 -0.80126607
vn 0.59830821 9.1318698e-06 -0.80126613
vn 0.59830821 9.1318698e-06 -0.80126607
vn 0.3374801 6.2849722e-06 -0.9413327
vn 0.33748031 -1.9280619e-06 -0.94133258
vn 0.33748424 0 -0.94133121
vn 0.99255109 -9.9410236e-06 -0.12182977
vn 0.99255109 -9.9410227e-06 -0.12182976
vn 0.99255103 -9.9410227e-06 -0.12182976
vn 0 1 1.7390175e-06
vn 0 1 -3.3319193e-06
vn 0.58882987 0.66145724 0.46449289
vn 0.58882993 0.66145724 0.46449298
vn 0.58882993 0.6614573 0.46449298
vn 0.60510886 0.74531251 0.27991545
vn 0.60510886 0.74531251 0.27991542
vn 0.75272489 0.56888992 -0.3313151
vn 0.75273478 0.56887835 -0.33131248
vn 0.75271708 0.56889915 -0.33131707
vn 0.60331696 0.74707955 0.27907145
vn 0.6033169 0.74707955 0.27907139
vn -0.62207478 0.78295797 0
vn -0.62207478 0.78295791 0
vn -0.61968607 0.77991933 0.087834939
vn -0.61968613 0.77991933 0.087834939
vn -0.57095039 0.7268734 0.38166842
vn -0.57095045 0.7268734 0.38166842
vn -0.32518232 0.43958852 0.83726847
vn -0.32518467 0.43958777 0.83726799
vn -0.32517487 0.4395909 0.83727008
vn -0.43480778 0.54904157 0.71378964
vn -0.43480772 0.54904151 0.71378964
vn -0.43480775 0.54904151 0.71378964
vn -0.596457 0.75071412 -0.28402022
vn -0.59645694 0.75071412 -0.28402025
vn -0.58445042 0.71863878 -0.37679702
vn -0.58445042 0.71863878 -0.37679705
vn -0.58445048 0.71863878 -0.37679708
vn -0.58589059 0.71855927 -0.37470636
vn -0.58589059 0.71855932 -0.37470633
vn -0.58589059 0.71855927 -0.37470633
vn -0.58589184 0.71855283 -0.37471679
vn -0.58589184 0.71855283 -0.37471682
vn -0.58589184 0.71855283 -0.37471685
vn 0.81075221 -1.2021688e-06 0.58538961
vn 0.81075221 -3.7806278e-06 0.58538949
vn 0.81075227 -4.9827968e-06 0.58538955
vn -2.5741519e-07 -1 1.0484495e-06
vn -1.1109212e-06 -1 -5.9075546e-07
vn 0 -1 3.3299345e-06
vn -1.6907363e-06 -6.6996819e-07 1
vn -1.970242e-06 3.3498551e-07 1
vn -3.2182456e-07 -4.5423295e-07 -1
vn -1.8110278e-06 8.1828341e-07 -1
vn -5.9062966e-08 -1 4.0153532e-07
vn -4.3950516e-07 -1 -2.569405e-07
vn -6.1812902e-06 -1 -8.6121958e-07
vn -6.1812902e-06 -1 -8.6121969e-07
vn -6.1812902e-06 -1 -8.6121963e-07
vn 3.0289307e-06 -1 -3.2449532e-07
vn 3.6226149e-07 -1 -1.4359432e-06
vn 2.4877857e-06 -1 -1.9476699e-06
vn -0.99010438 0 0.14033328
vn -0.99010432 0 0.14033327
vn -0.36203694 0 0.93216377
vn 1.4261884e-05 -1 -7.9157908e-06
vn 1.9822679e-05 -1 -7.8098756e-06
vn 1.1230932e-05 -1 -7.97352e-06
vn -0.84244758 0 -0.53877836
vn -0.985192 0 -0.17145513
vn -0.985192 0 -0.1714551
vn -0.98519194 0 -0.17145513
vn -0.52023792 0 0.85402137
vn 0 -1 6.883414e-07
vn 0 -1 7.2672412e-07
vn 3.3169197e-06 6.0929478e-06 -1
vn 0.90759742 -1.5304711e-05 0.41984162
vn 0.90759742 0 0.4198415
vn -0.90286505 0 -0.42992413
vn -0.90286505 0 -0.42992416
vn -0.90286499 0 -0.42992413
vn -9.2458049e-07 -1 1.1640177e-06
vn 6.3329844e-07 -1 -2.3660857e-06
vn -9.7131681e-07 -1 -5.3894399e-07
vn 0.90760481 0 0.41982564
vn 0.90760487 0 0.41982564
vn 0.90760481 0 0.41982558
vn -0.47695267 0 0.87892902
vn -0.47695273 0 0.87892902
vn -0.84246045 0 -0.53875816
vn -0.84246045 0 -0.53875828
vn -0.84246045 0 -0.53875822
vn -1.0759548e-07 -1 1.8173874e-07
vn -4.5445199e-07 -1 -2.12535e-07
vn -8.5239077e-07 -1 2.776211e-06
vn -6.7338995e-08 -1 1.7812664e-07
vn -0.8424446 0 -0.53878295
vn -0.8424446 0 -0.53878289
vn -0.84244466 0 -0.53878295
vn 0.89442831 0 0.44721156
vn 0.89442831 0 0.44721159
vn 0.89442825 0 0.44721159
vn 0.91525656 0 -0.40287149
vn 0.91525656 0 -0.40287152
vn -9.9662975e-07 -1 -5.7175998e-07
vn 1.645049e-06 -1 -1.1047964e-06
vn 0 -1 -1.8206476e-06
vn -0.59974504 7.676048e-06 0.80019116
vn -0.59974504 7.6760489e-06 0.80019116
vn -0.59974509 7.6760498e-06 0.80019122
vn 0.52024597 -3.0433184e-06 -0.85401654
vn 0.52023792 -1.5216606e-06 -0.85402137
vn 0.52023792 -1.5216559e-06 -0.85402137
vn 0.59831047 -8.7757198e-06 -0.80126435
vn 0.59831041 -8.7757189e-06 -0.80126441
vn 0.59831047 -8.7757198e-06 -0.80126446
vn 0.33747947 -7.2217922e-06 -0.94133294
vn 0.33747941 5.6878554e-07 -0.94133294
vn 0.99255103 1.2075712e-05 -0.12183044
vn 0.99255097 1.2075709e-05 -0.12183043
vn 0.58883154 -0.66145295 0.46449703
vn 0.58883154 -0.66145295 0.464497
vn 0.5888316 -0.66145295 0.46449703
vn 0.60511488 -0.74530715 0.27991658
vn 0.60511488 -0.74530715 0.27991655
vn 0.75272107 -0.56889212 -0.33131996
vn 0.75272101 -0.56889206 -0.33131993
vn 0.75272101 -0.56889212 -0.33131999
vn 0.6033175 -0.74707878 0.27907223
vn 0.60331756 -0.74707878 0.27907228
vn 0.60331756 -0.74707878 0.27907223
vn -9.1696135e-09 -1 1.6438689e-08
vn -0.62207347 -0.78295892 0
vn -0.62207347 -0.78295898 0
vn -0.61968201 -0.77992237 0.087837011
vn -0.61968207 -0.77992237 0.087837018
vn -0.57095158 -0.72687709 0.38165957
vn -0.57095158 -0.72687715 0.3816596
vn -0.57095152 -0.72687715 0.38165954
vn -0.32517996 -0.43958557 0.83727092
vn -0.32518092 -0.43958557 0.83727056
vn -0.3251839 -0.43958563 0.83726937
vn -0.43480372 -0.54903871 0.71379429
vn -0.434811 -0.54903543 0.71379238
vn -0.43482065 -0.5490312 0.71378982
vn -0.59644431 -0.75072378 -0.28402156
vn -0.59644419 -0.75072372 -0.2840215
vn -0.58445358 -0.71863455 -0.3768003
vn -0.58445358 -0.71863449 -0.3768003
vn -0.58445358 -0.71863455 -0.37680033
vn -0.58592117 -0.71854258 -0.3746905
vn -0.58588946 -0.71855366 -0.37471876
vn -0.58588952 -0.71855366 -0.37471873
vn -0.58588952 -0.71855366 -0.37471876
vn 0.81075406 0 0.58538687
vn -3.6589997e-06 1 2.5015331e-06
vn -3.6589995e-06 1 2.5015329e-06
vn -3.659e-06 1 2.5015333e-06
vn -0.99010384 0 0.14033674
vn -0.36204284 0 0.93216151
vn -0.36204281 0 0.93216145
vn -1.1231308e-05 1 8.3612413e-06
vn -0.84244764 0 -0.53877831
vn -0.98519194 0 -0.17145514
vn -0.98519194 0 -0.17145516
vn -0.985192 0 -0.17145517
vn -0.5817281 0.68522727 0.43824196
vn -0.58172816 0.68522727 0.43824199
vn -0.5817281 0.68522727 0.43824202
vn -0.52021766 0 0.85403371
vn -0.52021766 0 0.85403377
vn 0.90759748 -1.6149996e-05 0.41984168
vn -0.90286213 0 -0.42993027
vn 0.90760428 0 0.41982692
vn 0.90760422 0 0.41982692
vn 0.90760416 0 0.41982687
vn -0.46581239 -5.1093625e-06 0.88488352
vn -0.46581241 -5.1093625e-06 0.88488358
vn -0.46581239 -5.1093625e-06 0.88488358
vn -0.47695512 1.0603716e-05 0.87892765
vn -0.47695524 1.0603716e-05 0.87892771
vn -0.47695521 1.0603718e-05 0.87892771
vn -0.84244215 0 -0.53878701
vn -0.84244454 0 -0.53878325
vn -0.84244448 0 -0.53878325
vn -0.84244442 0 -0.53878325
vn 0.89442933 -2.4388584e-05 0.44720945
vn 0.89442939 -2.4388584e-05 0.44720945
vn 0.89442927 -2.4388581e-05 0.44720942
vn 0.91526175 0 -0.4028599
vn 0.91526175 0 -0.40285987
vn -0.60465348 0 0.7964887
vn -0.60465342 0 0.79648864
vn -0.59973884 -7.6760671e-06 0.80019575
vn -0.5997389 -7.676068e-06 0.80019581
vn -0.59973884 -7.6760671e-06 0.80019587
vn 0.52022994 0 -0.85402626
vn 0.59830821 0 -0.80126607
vn 0.59830821 0 -0.80126613
vn 0.59830815 0 -0.80126607
vn 0.99255073 1.2075855e-05 -0.12183271
vn 0.99255067 1.2075854e-05 -0.12183269
vn 0.99255073 1.2075856e-05 -0.12183271
vn 0.64071959 0.7047419 0.30465946
vn 0.64071953 0.7047419 0.30465946
vn 0.75274271 0.56886899 -0.33131042
vn 0.60330176 0.74709582 0.2790609
vn 0.60330176 0.7470957 0.2790609
vn 0.60330176 0.74709576 0.27906087
vn -0.62207007 0.78296161 0
vn -0.62207013 0.78296167 0
vn -0.62207013 0.78296161 0
vn -0.61966306 0.77993792 0.087832272
vn -0.61966306 0.77993792 0.087832265
vn -0.61966312 0.77993792 0.08783228
vn -0.57094628 0.72687608 0.38166943
vn -0.57094628 0.72687614 0.38166946
vn -0.32519096 0.43958566 0.83726662
vn -0.43480292 0.54905081 0.71378553
vn -0.43480289 0.54905075 0.71378547
vn -0.43480295 0.54905081 0.71378547
vn -0.59646183 0.75070506 -0.28403389
vn -0.59646183 0.75070512 -0.28403389
vn -0.59646177 0.75070512 -0.28403386
vn -0.57598686 0.72975636 -0.36836785
vn -0.5759868 0.72975636 -0.36836779
vn -0.57598686 0.72975641 -0.36836788
vn -0.58591813 0.71855038 -0.37468034
vn -0.58591813 0.71855038 -0.37468037
vn -0.58591807 0.71855038 -0.37468037
vn -0.58590174 0.71854788 -0.37471086
vn -0.58590174 0.71854788 -0.37471089
vn 0.81075215 0 0.58538955
vn 0 -6.7488227e-06 1
vn -4.7815802e-06 -6.7488672e-06 -1
vn -6.0983866e-06 -1 4.4257604e-06
vn -6.0983871e-06 -1 4.4257608e-06
vn -6.0983871e-06 -1 4.4257604e-06
vn -6.8303839e-06 -1 -1.9230588e-06
vn -0.9901039 0 0.14033674
vn -0.9901039 0 0.14033675
vn -0.99010384 0 0.14033675
vn -0.36203104 0 0.93216604
vn -0.36203104 0 0.9321661
vn -0.36203101 0 0.93216616
vn 2.2853685e-05 -1 -7.7521436e-06
vn -0.98519176 0 -0.17145666
vn -0.58171988 -0.68523419 0.43824202
vn -0.52023423 0 0.85402364
vn -0.90286213 0 -0.4299303
vn -0.90286219 0 -0.42993033
vn 0.90759981 0 0.41983664
vn 0.90759981 0 0.41983658
vn -0.46799639 -0.0057951757 0.8837114
vn -0.46799639 -0.0057951757 0.88371146
vn -0.46581215 5.3544973e-06 0.8848837
vn -0.46581209 5.3544973e-06 0.8848837
vn -0.46581212 5.3544977e-06 0.88488376
vn -0.84244215 0 -0.53878695
vn -0.84244215 0 -0.53878689
vn -0.8424421 0 -0.53878695
vn -5.9788482e-07 -1 2.8024965e-06
vn -0.84244847 0 -0.53877705
vn -0.84244847 0 -0.53877711
vn 0.89442849 0 0.44721118
vn 0.89442849 0 0.44721121
vn 0.91526484 0 -0.40285289
vn -0.60113907 0.0027242363 0.79913986
vn -0.60113901 0.0027242361 0.7991398
vn -0.60463828 2.8429696e-07 0.79650027
vn 0.52023 0 -0.85402632
vn 0.52023 0 -0.85402626
vn 0.59830517 0 -0.80126834
vn 0.33747718 -5.9305366e-06 -0.94133377
vn 0.99255061 -1.2076e-05 -0.12183334
vn 0.99255061 -1.2076001e-05 -0.12183334
vn 0.99255061 -1.2076001e-05 -0.12183335
vn 0.64072275 -0.70473903 0.30465931
vn 0.64072269 -0.70473903 0.30465931
vn 0.64072275 -0.70473909 0.30465931
vn 0.75273848 -0.56887603 -0.33130792
vn 0.75273848 -0.56887603 -0.33130789
vn 0.75273854 -0.56887597 -0.33130789
vn 0.60330343 -0.74709171 0.27906814
vn 0.60330349 -0.74709171 0.27906814
vn 0.60330343 -0.74709171 0.27906817
vn -0.62207013 -0.78296161 0
vn -0.62207013 -0.78296167 0
vn -0.62207007 -0.78296155 0
vn -0.61965746 -0.77994257 0.087831341
vn -0.61965734 -0.77994251 0.087831333
vn -0.57093823 -0.7268846 0.38166529
vn -0.57093817 -0.7268846 0.38166529
vn -0.3251774 -0.43958554 0.83727193
vn -0.43479413 -0.549043 0.71379691
vn -0.59644949 -0.75071847 -0.28402451
vn -0.59644949 -0.75071841 -0.28402445
vn -0.59644949 -0.75071841 -0.28402448
vn -0.57597971 -0.72976589 -0.36836001
vn -0.57597977 -0.72976589 -0.36836004
vn -0.57597983 -0.72976589 -0.36836001
vn -0.58589834 -0.7185483 -0.37471518
vn -0.5858984 -0.7185483 -0.37471521
vn -0.58589625 -0.71855521 -0.37470534
vn -0.58589625 -0.71855521 -0.37470531
vn -0.58589619 -0.71855521 -0.37470531
vn 0.49999368 -4.1452795e-06 -0.86602914
vn 0.49999321 -7.8059338e-06 -0.86602926
vn 0.49999309 -8.8522902e-06 -0.86602938
vn 1 -4.3329255e-06 0
vn 1 2.1923431e-06 0
vn 1 4.05736e-06 0
vn 0.49996337 6.372326e-06 0.86604661
vn 0.49998704 6.9821381e-06 0.8660329
vn 0.49999383 7.1564405e-06 0.86602896
vn -0.5000217 6.278764e-06 0.86601287
vn -0.49995071 6.5618938e-06 0.86605394
vn -0.49993038 6.6428242e-06 0.86606568
vn -2.2363854e-11 1 -6.2820059e-06
vn 1.8314491e-06 1 -4.6640339e-06
vn -1.8315296e-06 1 -4.6640316e-06
vn -1 4.4944036e-06 0
vn -1 -1.4648504e-06 0
vn -1 -3.1683533e-06 0
vn -0.50000423 -6.2105801e-06 -0.86602306
vn -0.50000465 -6.2546324e-06 -0.86602283
vn -0.50000477 -6.2672243e-06 -0.86602277
vn 9.1306213e-11 -1 4.3149926e-06
vn -1.8314535e-06 -1 -3.0458846e-06
vn 0 -1 5.439078e-06
vn 0.49999377 -3.0989302e-06 -0.86602902
vn 1 -6.1982446e-06 0
vn 0.49995661 6.198014e-06 0.86605048
vn -0.50004202 6.1978435e-06 0.86600125
vn -1.4652008e-05 1 0
vn 1.4652007e-05 1 0
vn 0 1 1.2945477e-05
vn -1 6.1976302e-06 0
vn -0.50000411 -6.1979877e-06 -0.86602306
vn 0 -1 3.8073082e-05
vn 7.3256315e-06 -1 0
vn -2.0930775e-06 -1 -5.2215787e-06
vn 0.50002122 0.32942516 -0.80091065
vn 0.5000326 0.32941979 -0.80090582
vn 0.50004077 0.32941592 -0.80090237
vn 0.49996731 -0.32943001 0.8009423
vn 0.49996737 -0.32943001 0.80094236
vn 0.49996731 -0.32943001 0.80094236
vn -0.50001818 -0.32941079 0.80091846
vn -0.50001818 -0.32941079 0.8009184
vn -0.50001818 -0.32941076 0.80091846
vn -1.1550846e-05 -0.92483008 -0.38038057
vn -1.1550846e-05 -0.92483002 -0.38038054
vn -1.1550847e-05 -0.92483008 -0.3803806
vn -1 1.410151e-05 0
vn -1 5.9054555e-06 0
vn -1 2.0007203e-05 0
vn -0.50003314 0.32942089 -0.80090499
vn -0.5000332 0.32942092 -0.80090505
vn -0.50003314 0.32942092 -0.80090505
vn 0 0.92482257 0.3803989
vn 0 0.92482257 0.38039893
vn 0 0.92482251 0.3803989
vn 0.50001311 0.329429 -0.80091411
vn 1 2.5009006e-06 0
vn 1 2.5009003e-06 0
vn 1 2.5009001e-06 0
vn 0.50005317 -0.32939407 0.80090356
vn 0.50005317 -0.32939404 0.80090356
vn -0.49998072 -0.32941905 0.80093849
vn -0.49998066 -0.32941905 0.80093849
vn 2.3100923e-05 -0.92484546 -0.38034338
vn 2.3100925e-05 -0.92484546 -0.38034338
vn 2.3100923e-05 -0.92484546 -0.38034335
vn 2.3101275e-05 -0.92483634 -0.38036537
vn 2.3101273e-05 -0.92483634 -0.38036531
vn -4.6202349e-05 -0.92483252 -0.38037455
vn -4.620236e-05 -0.92483258 -0.38037464
vn -4.6202353e-05 -0.92483252 -0.38037461
vn -0.49999675 0.32944328 -0.80091858
vn -0.49999672 0.32944325 -0.80091852
vn -0.49999672 0.32944328 -0.80091852
vn -1.1551064e-05 0.9248243 0.38039455
vn -1.1551064e-05 0.92482436 0.38039458
vn 2.3101955e-05 0.92481744 0.38041124
vn 2.3101955e-05 0.92481744 0.38041121
vn 2.3101957e-05 0.92481744 0.38041124
vn 0 0.92482132 0.38040203
vn 0 0.92482126 0.38040197
vn 0 0.92482132 0.380402
vn 0.50001746 0 -0.86601537
vn 0.5000174 0 -0.86601537
vn 0.50000489 0 0.86602259
vn 0.50000489 0 0.86602265
vn -0.49997842 0 0.86603791
vn -0.49997073 0 0.86604244
vn -0.49996522 0 0.86604548
vn -8.4204121e-06 1 -7.5693174e-06
vn -4.81181e-06 1 -1.2777571e-06
vn -3.6089029e-06 1 7.3451298e-07
vn -0.49996525 0 -0.86604548
vn -0.49996519 0 -0.86604553
vn 3.6089007e-06 -1 -6.3869322e-07
vn 4.81181e-06 -1 1.4693861e-06
vn 8.4204084e-06 -1 7.7928862e-06
vn 0.50005472 0 -0.8659938
vn 0.50005478 0 -0.86599386
vn 0.50001752 0 0.86601537
vn 0.50001758 0 0.86601532
vn 0.50001758 0 0.86601537
vn -0.49998391 0 0.86603481
vn 0 1 7.0266888e-06
vn -8.4205094e-06 1 4.6949444e-06
vn 0 1 1.9674901e-05
vn -0.49998391 0 -0.86603475
vn -0.49998391 0 -0.86603481
vn -0.49998385 0 -0.86603481
vn 8.4204994e-06 -1 -4.4713702e-06
vn 0 -1 -6.9628095e-06
vn 0 -1 -1.9227742e-05
vn 2.2231625e-06 -0.92387712 -0.38268939
vn 3.6951501e-06 -0.92387867 -0.38268578
vn 6.8366858e-06 -0.92387974 -0.3826831
vn 1.9060397e-05 -0.38268229 -0.9238801
vn 1.2492941e-05 -0.38267803 -0.92388189
vn 0 -0.38266999 -0.92388517
vn 0 0.38267863 0.92388159
vn 0 0.38267902 0.92388135
vn 0 0.38267809 0.92388171
vn -1 -7.3599567e-06 0
vn -1 -7.3599563e-06 0
vn -1 -7.3599572e-06 0
vn 0 -0.38267243 0.92388409
vn 0 -0.38267249 0.92388415
vn 0 -0.9238897 0.38265902
vn 0 -0.92388976 0.38265902
vn 1.3321478e-06 0.92387873 -0.38268536
vn 4.7338058e-06 0.92387789 -0.38268736
vn 3.3760909e-06 0.92387831 -0.38268661
vn -1 5.2618325e-06 0
vn -1 3.9949549e-07 0
vn -1 7.1890722e-06 0
vn -1 -2.1894318e-06 0
vn -1 9.3880408e-06 0
vn -1 1.146053e-05 0
vn -1 -2.2922113e-05 0
vn -1 -2.292211e-05 0
vn -1 -2.2922111e-05 0
vn 0 -0.38267228 -0.92388421
vn 0 -0.38267228 -0.92388415
vn -3.7967557e-06 -0.92388135 0.38267902
vn -1.4815457e-06 -0.92388117 0.38267958
vn 0 -0.92387956 0.38268346
vn -1.0946081e-05 0.3826887 0.92387748
vn -1.0946079e-05 0.38268861 0.92387742
vn -1.0946079e-05 0.38268864 0.92387748
vn 0 0.38268164 -0.92388034
vn 0 0.38268164 -0.92388028
vn 1.0005831e-05 -0.92388028 -0.38268167
vn 1.0138499e-05 -0.92388427 -0.38267198
vn 1.134374e-05 -0.92388105 -0.38267991
vn 0 -0.38267198 0.92388427
vn 0 -0.38267195 0.92388427
vn 0 0.92387134 0.38270324
vn 0 0.92387313 0.38269901
vn 0 0.92387241 0.38270074
vn 0.99976653 0.0082729515 -0.019961758
vn 0.99976653 0.0082729505 -0.019961758
vn 0.9997679 -0.0082966015 -0.01988635
vn 0.9997679 -0.0082966005 -0.01988635
vn 0 -0.92387593 -0.38269213
vn 2.7136626e-05 -0.38268751 -0.92387795
vn 0 0.38267958 0.92388123
vn 0 -0.38267243 0.92388415
vn -1.8708157e-08 -0.92387938 0.38268393
vn 8.9159943e-07 -0.92387903 0.38268486
vn 6.3303821e-07 -0.92387956 0.38268352
vn 0 0.92387915 -0.38268465
vn -1 -7.189693e-06 0
vn -1 -2.8758774e-05 0
vn -1 -2.8758772e-05 0
vn -1 -5.7305288e-06 0
vn -1 -5.7305283e-06 0
vn -1 -5.7305278e-06 0
vn 0 -0.38268682 -0.92387813
vn -5.1323132e-06 -0.92388213 0.38267723
vn 0 0.38268605 0.92387849
vn 0 0.38268608 0.92387855
vn 3.1360411e-05 0.38273814 -0.92385685
vn 9.4416346e-06 -0.92388016 -0.38268206
vn -1.0946022e-05 -0.38268661 0.92387831
vn -1.0946022e-05 -0.38268659 0.92387831
vn -1.094602e-05 -0.38268653 0.92387825
vn 0 0.92387056 0.38270533
vn 0.99976665 0.008264713 -0.019961884
vn 0.99976659 0.0082647139 -0.019961884
vn 0.99976665 0.0082647139 -0.019961886
vn 0.99976659 -0.0082643572 -0.019961858
vn 0.99976665 -0.0082643563 -0.019961858
vn 0.99976665 -0.0082643572 -0.019961858
vn -1.4530862e-06 0.92388004 -0.38268244
vn -4.1443468e-06 0.9238801 -0.38268226
vn -2.847024e-06 0.92387998 -0.38268247
vn 0.99976707 -0.019941766 -0.0082531041
vn 0.99976712 -0.019941766 -0.0082531041
vn 0.99976712 -0.01994177 -0.008253105
vn -3.6499778e-06 0.92388237 0.3826766
vn -3.7643385e-06 0.92388159 0.38267866
vn -3.7095208e-06 0.92388195 0.38267761
vn 0.98192126 2.1632135e-05 -0.18929003
vn 0.98191893 2.8346332e-05 -0.18930224
vn 0.98192251 1.7920909e-05 -0.18928324
vn 0 0.38266879 -0.92388558
vn 0 0.38266879 -0.92388564
vn 0 0.38266873 -0.92388564
vn 0 0.92385322 0.38274714
vn 0 0.92385322 0.38274717
vn 0.99976718 0.019941768 -0.0082519073
vn 0.99976718 0.019941766 -0.0082519064
vn 0.99976712 0.01994177 -0.0082519064
vn 9.0456106e-06 0.38268134 -0.92388046
vn 9.0456115e-06 0.38268143 -0.92388046
vn 9.0456115e-06 0.38268137 -0.9238804
vn 2.0496434e-06 -0.92387992 0.38268277
vn 0 0.92386907 -0.38270894
vn 0 0.92386895 -0.38270894
vn 0 0.92386901 -0.38270894
vn 0 -0.38271943 -0.92386466
vn 0 -0.38271943 -0.9238646
vn 0 -0.38271946 -0.92386466
vn 0 0.38269699 0.9238739
vn 0 0.38269702 0.92387396
vn 0 0.38207325 -0.92413205
vn 0 0.38207322 -0.92413205
vn 0 0.92388541 0.38266927
vn 0 0.92388541 0.38266924
vn 0 0.92388541 0.38266921
vn 0.99976665 -0.0082683722 -0.019959224
vn 0.99976665 -0.0082683731 -0.019959228
vn 0.99976665 -0.0082683722 -0.019959226
vn 0 -0.92388177 -0.38267824
vn 0 -0.38273668 -0.92385751
vn 0 -0.38273665 -0.92385757
vn 0 -0.38273671 -0.92385757
vn -5.2834475e-06 -0.92386895 0.38270921
vn 1.4099601e-05 -0.38142946 -0.92439795
vn 1.4099601e-05 -0.38142943 -0.92439795
vn 1.4099601e-05 -0.38142949 -0.92439795
vn 0 -0.92388761 0.38266411
vn 0 0.38266814 -0.92388594
vn 0 0.38266811 -0.92388588
vn 0 0.38266814 -0.923886
vn 0 -0.92393762 -0.38254324
vn 0 -0.38274431 0.92385435
vn 0 -0.38274431 0.92385441
vn 0.99976784 0.0082966005 -0.019884421
vn 0.9997679 0.0082966015 -0.019884421
vn 0.99976784 0.0082966015 -0.019884419
vn 0 0.9238804 -0.38268137
vn 0 0.92389601 0.38264382
vn 0 0.92389601 0.38264376
vn 0.98188859 -9.2339731e-05 -0.18945962
vn 0.98190618 2.7172518e-05 -0.18936814
vn 0.98190242 1.924931e-06 -0.18938747
vn 0.98190957 -4.9812785e-05 -0.18935093
vn 0.98190957 -4.9812777e-05 -0.18935093
vn 0.98190951 -4.9812785e-05 -0.18935093
vn 0.98213011 -0.00069164095 -0.18820196
vn 0.98213011 -0.00069164089 -0.18820196
vn 0.98213017 -0.00069164095 -0.18820198
vn 0.98179382 9.3082764e-07 -0.18994975
vn 0.98179388 9.3082781e-07 -0.18994978
vn 0.98179382 9.3082775e-07 -0.18994975
vn 0.98191375 -2.9034447e-05 -0.18932876
vn 0.98191673 -8.0166246e-05 -0.18931349
vn 0.98192221 -2.7918228e-05 -0.18928507
vn 0.98191291 -0.00013916656 -0.18933338
vn 0.98191291 -0.00013916656 -0.18933341
vn 0.98191285 -0.00013916656 -0.18933339
vn 0.9819243 -6.5131615e-05 -0.18927449
vn 0.98192424 -6.5131615e-05 -0.1892745
vn 0.98188245 -0.00013369859 -0.18949126
vn 0.98191267 0.00013915973 -0.18933442
vn 0.98191267 0.00013915972 -0.18933442
vn 0.98191273 0.00013915973 -0.18933444
vn 0.98190981 5.4226435e-05 -0.18934931
vn 0.9817993 0 -0.18992163
vn 0.98179924 0 -0.18992163
vn 0.98179924 0 -0.18992162
vn 0.98193181 6.5114837e-05 -0.18923518
vn 0.98193187 6.5114851e-05 -0.18923521
vn 0.98191392 4.9807946e-05 -0.18932828
vn 0.98191386 4.9807946e-05 -0.18932827
vn 0.98191392 4.980795e-05 -0.1893283
vn 0.98213059 0.00069261674 -0.18819967
vn 0.98213059 0.0006926168 -0.18819967
vn 0.98186225 -0.00011877366 -0.189596
vn 0.98186225 -0.00011877365 -0.18959601
vn 0.98186225 -0.00011877366 -0.18959603
vn 0.98190522 -3.3373213e-05 -0.18937305
vn 0.98190129 0 -0.18939389
vn 0.98191267 -9.472511e-05 -0.18933474
vn 0.98190606 -2.7172515e-05 -0.18936865
vn 0.98190612 -2.717252e-05 -0.18936871
vn 0.98190606 -2.7172517e-05 -0.18936867
vn 0.9818812 0.00013824613 -0.18949786
vn 0.98188132 0.00013951583 -0.18949708
vn 0.98188126 0.00013893389 -0.18949743
vn 0.98191458 -0.00011088503 -0.18932465
vn 0.98189723 -2.9844498e-06 -0.18941426
vn 0.98192137 -4.9584614e-05 -0.18928978
vn 0.98187888 0.00011871822 -0.18951014
vn 0.98189479 0 -0.18942693
vn 0.98189479 0 -0.18942694
vn 0.98189664 3.3271099e-05 -0.1894179
vn 0.98189658 3.3271095e-05 -0.18941788
vn 0.98189664 3.3271099e-05 -0.18941793
vn 0.98189712 -3.327111e-05 -0.18941523
vn 0.98189706 -3.327111e-05 -0.18941519
vn 0.98189712 -3.327111e-05 -0.18941522
vn 0.98189211 0 -0.18944106
vn 0.98191643 0.00011780724 -0.18931526
vn 0.98191643 0.00011780725 -0.18931527
vn 0.98191637 0.00011780723 -0.18931524
vn 0.98188967 0 -0.1894538
vn 0.98188967 0 -0.18945378
vn 0.98188972 0 -0.18945381
vn 0.98193198 4.9568276e-05 -0.18923439
vn 0.98193198 4.9568283e-05 -0.18923438
vn 0.98193198 4.9568276e-05 -0.18923438
vn -3.5868557e-06 0.92388284 0.38267553
vn 0 0.38271651 -0.92386591
vn 0 0.38271645 -0.92386591
vn 0 0.38271645 -0.92386585
vn -1.7361132e-06 1.5526552e-05 1
vn -6.0669009e-08 5.4258021e-07 1
vn -1.7967843e-06 1.6069152e-05 1
vn 0 1 2.7483638e-06
vn 0 1 2.7483636e-06
vn -0.3028664 0.95303303 2.7131255e-06
vn -0.3028664 0.95303303 2.7131257e-06
vn -0.30286637 0.95303303 2.7131257e-06
vn 8.04558e-07 -1 -2.737823e-06
vn 8.5308648e-07 -1 -2.6032519e-06
vn 8.5308545e-07 -1 -2.5956761e-06
vn 1.3469135e-05 1.3443949e-05 1
vn 1.3620528e-05 1.3414439e-05 1
vn 0 1.6069165e-05 1
vn 0 -5.4257981e-07 -1
vn 0 -1.5557433e-05 -1
vn 0 -1 -2.6554842e-06
vn 0 -1 -2.774555e-06
vn 0 -1 -2.7292538e-06
vn -1.3383532e-05 -6.1158698e-06 -1
vn -1.3367662e-05 -6.1276746e-06 -1
vn 0 -1.6069382e-05 -1
vn 1.0836646e-06 -1.5273165e-05 -1
vn 4.4485128e-06 -2.039656e-06 -1
vn 0 -1 -2.6970945e-06
vn 8.0455868e-07 -1 -2.7501978e-06
vn 4.4231993e-07 3.0509048e-06 1
vn -1.5309924e-05 7.3553565e-06 1
vn 4.4605613e-06 2.038342e-06 1
vn -2.6016578e-11 1 2.8422724e-06
vn -1.7353246e-11 1 2.8422917e-06
vn -4.3369041e-11 1 2.8422335e-06
vn 0.2994628 0.95410806 2.6826542e-06
vn 0.29946268 0.95410812 2.6826474e-06
vn 0.29946235 0.95410812 2.6826242e-06
vn 1.3367665e-05 6.127676e-06 1
vn 0 1.6069387e-05 1
vn 6.8058926e-06 0 -1
vn 0 -1 -2.7756685e-06
vn 1 -5.5176729e-06 0
vn 1 5.5176261e-06 0
vn 1 2.300833e-05 0
vn -0.30286241 0.95303434 2.7131293e-06
vn -0.30286244 0.95303428 2.7131293e-06
vn 2.1876705e-05 1.1805261e-05 1
vn 0 -1 -2.6554537e-06
vn -2.457206e-05 1.1805169e-05 1
vn 0 1 2.8423306e-06
vn 0.29946309 0.95410788 2.6826776e-06
vn 1 -2.3009134e-05 0
vn -1.4210344e-06 -1 1.2314725e-06
vn 1.0996113e-06 -1 3.0893048e-06
vn -2.1802157e-06 -1 -1.7140019e-06
vn 0.99732977 9.8140372e-06 -0.073029704
vn 0.99733001 -1.94732e-05 -0.073027201
vn 0.99732977 2.0495334e-05 -0.073030621
vn 0 -2.586385e-05 -1
vn 0 -2.5863852e-05 -1
vn -0.97421813 5.8270175e-06 0.2256085
vn -0.97421807 5.8270166e-06 0.22560851
vn -0.97421813 5.827017e-06 0.22560853
vn -1.0996087e-06 1 -3.0751792e-06
vn 1.4210154e-06 1 -1.2047755e-06
vn 2.1801864e-06 1 1.7378567e-06
vn -0.49092653 2.3822691e-05 0.87120104
vn -0.49092647 2.3822691e-05 0.87120104
vn -0.49092647 2.3822693e-05 0.8712011
vn -0.78279269 -8.7573908e-06 -0.62228268
vn -0.78279799 -1.7075819e-05 -0.62227589
vn -0.78280365 -2.5832811e-05 -0.6222688
vn 0.83073789 2.0404663e-05 0.55666375
vn 0.83073944 2.0404585e-05 0.55666167
vn 0.83074027 2.0404537e-05 0.55666035
vn 0.6807822 -6.4844389e-06 -0.73248595
vn 0.68077904 -1.5461628e-05 -0.73248887
vn 0.68077666 -2.1946169e-05 -0.73249114
vn 0.31162164 2.5518126e-05 0.95020628
vn 0.31162718 2.9399516e-05 0.95020443
vn 0.31162089 2.4985791e-05 0.95020652
vn -3.4403004e-06 -1 -4.8169441e-06
vn 9.0340745e-06 -1 1.696487e-05
vn -5.1371612e-06 -1 -9.646652e-06
vn 0 -1 1.0104516e-05
vn -2.9459875e-07 -1 -4.6082889e-07
vn 0.99733007 -3.0153593e-05 -0.073026285
vn -0.97421807 0 0.22560862
vn -0.97421801 0 0.2256086
vn -0.97421813 0 0.2256086
vn 5.1369875e-06 1 9.646652e-06
vn 3.4403217e-06 1 4.8474158e-06
vn -9.0343319e-06 1 -1.696487e-05
vn 2.946428e-07 1 4.7799995e-07
vn 0 1 -1.0104516e-05
vn -0.4909175 2.3822851e-05 0.87120616
vn -0.49091744 2.3822848e-05 0.87120605
vn -0.49091744 2.3822848e-05 0.8712061
vn -0.78278697 0 -0.62228978
vn 0.83073705 2.0404712e-05 0.556665
vn 0.68078458 0 -0.73248374
vn 0.31162792 2.9931847e-05 0.95020425
vn 0 -0.9698059 0.24387808
vn 0 -0.96980602 0.24387783
vn 0 -0.96980608 0.24387778
vn 0 -0.38268393 0.92387944
vn 0 -0.38268393 0.92387938
vn 0 0.38267988 0.92388105
vn 0 0.9698056 0.24387936
vn 0 0.9698056 0.24387926
vn 4.4938608e-07 0.96617639 -0.25788224
vn 7.2909494e-08 0.96617597 -0.25788394
vn 5.2229478e-07 0.96617651 -0.25788188
vn 0 0.42686915 -0.90431345
vn 0 0.42686912 -0.90431345
vn 0.88231182 0.18010546 0.43484256
vn 0.88231182 0.18010548 0.43484259
vn 0.88231176 0.18010545 0.43484253
vn 0 -0.38267988 -0.92388099
vn 0 -0.38267988 -0.92388105
vn -1.4146451e-07 -0.96980673 -0.2438748
vn -8.1870627e-07 -0.96980578 -0.24387847
vn -9.6017027e-07 -0.96980566 -0.24387924
vn -1 -2.0098909e-07 0
vn -1 5.0991645e-07 0
vn -1 2.1457208e-06 0
vn 0 -0.38267496 -0.92388308
vn 0 -0.38267499 -0.92388314
vn 0.88011348 0.20266293 -0.42933446
vn 0.88011354 0.20266294 -0.42933449
vn 0.88011348 0.20266293 -0.4293344
vn 0.86798048 0.48160386 0.12110981
vn 0.86798048 0.48160389 0.1211098
vn 0.86798054 0.48160395 0.12110981
vn 0.88430244 -0.17867322 -0.43137595
vn 0.88430208 -0.17867403 -0.43137622
vn 0.88430417 -0.17866899 -0.43137428
vn 0.88231474 -0.18011685 0.4348318
vn 0.88231605 -0.18011716 0.43482903
vn 0.88231826 -0.18011776 0.43482447
vn 0.86780876 0.48009104 -0.12814324
vn 0.86780882 0.48009107 -0.12814325
vn 0.86780876 0.48009109 -0.12814324
vn 0.86860073 -0.48055083 -0.1208463
vn 0.86860073 -0.48055083 -0.12084631
vn 0.86860067 -0.48055077 -0.1208463
vn 0.86797982 -0.48160455 0.12111276
vn 0.86797965 -0.48160455 0.12111275
vn 0.86797982 -0.48160458 0.12111277
vn -1 8.2492616e-06 0
vn -1 8.2492606e-06 0
vn 0 0.96617603 -0.25788352
vn 0 0.96617579 -0.25788438
vn 0 0.96617532 -0.25788638
vn 0 0.38267496 0.92388308
vn 0 -0.96980488 0.24388221
vn 0 -0.96980488 0.24388215
vn 0 -0.96980619 -0.24387698
vn 0 -0.96980602 -0.24387784
vn 0 -0.96980661 -0.24387538
vn 0 0.42686817 -0.90431398
vn 0 0.42686814 -0.90431398
vn 0 0.42686808 -0.90431392
vn 0 0.96980727 0.24387291
vn 0 0.96980721 0.24387291
vn 0 0.96980721 0.2438729
vn 0 -0.38267997 0.92388105
vn 0 -0.38267991 0.92388099
vn 0 -0.96980512 -0.24388129
vn 0 -0.96980554 -0.24387965
vn 0 -0.96980482 -0.24388245
vn -1 -5.0747019e-07 0
vn -1 2.4224178e-06 0
vn -1 -9.8282999e-06 0
vn -1 -9.828299e-06 0
vn -1 -8.3682689e-06 0
vn -1 1.6784132e-05 0
vn -1 -9.287638e-06 0
vn -1 2.2817449e-05 0
vn -1 -7.6895658e-06 0
vn 0 0.42686465 -0.90431553
vn 0 0.96980315 0.24388912
vn 0 0.96980274 0.24389075
vn 0 0.96980244 0.24389188
vn -3.179472e-05 -0.38268608 0.92387849
vn -3.1794712e-05 -0.38268602 0.92387843
vn -3.1794712e-05 -0.38268605 0.92387849
vn 0 -0.38267443 -0.92388326
vn 0 -0.38267449 -0.92388332
vn 0 0.96617597 -0.25788367
vn 0 0.38269007 0.92387688
vn 0 0.38269001 0.92387682
vn 0 0.38269001 0.92387688
vn 0 -0.969805 0.24388176
vn 0 -0.96980458 0.24388339
vn 0 -0.96980536 0.2438806
vn 6.4935128e-05 0.38267896 0.92388141
vn 6.4935128e-05 0.38267896 0.92388147
vn 6.4935128e-05 0.38267893 0.92388141
vn 1 -8.9403221e-07 0
vn 1 -8.9403204e-07 0
vn 1 -8.940321e-07 0
vn 1 2.358719e-06 0
vn 1 1.1868024e-06 0
vn 1 1.3448957e-05 0
vn 1 1.3448959e-05 0
vn 1 -7.2179232e-06 0
vn 1 -7.2179241e-06 0
vn 1 1.7198825e-05 0
vn 1 1.7198827e-05 0
vn 1 1.7198829e-05 0
vn 1 -1.2827744e-05 0
vn 1 -1.1417753e-05 0
vn 1 -1.1886059e-06 0
vn 3.2088577e-05 -0.9661755 0.25788561
vn 1.0268671e-05 -0.96617508 0.25788736
vn 4.2355805e-05 -0.96617573 0.2578848
vn 0 -0.38267893 -0.92388141
vn 0 -0.38267896 -0.92388141
vn 0 -0.3826789 -0.92388135
vn 0 0.96980667 -0.24387534
vn 0 0.96980661 -0.24387531
vn 0 0.96980661 -0.24387532
vn 0 0.96980411 0.24388523
vn 0 0.96980417 0.24388525
vn 0 0.96980411 0.24388522
vn 0 -0.42685068 0.90432215
vn 0 -0.42685074 0.90432221
vn 0 -0.42685077 0.90432221
vn 0 -0.96980512 -0.24388139
vn 0 -0.96980619 -0.24387707
vn 0 -0.96980464 -0.24388325
vn 0 0.38269278 -0.92387569
vn 0 0.38269281 -0.92387563
vn 0 0.96980894 0.24386635
vn 0 0.96980894 0.24386638
vn 0 0.96980888 0.24386637
vn 1 -1.648174e-06 0
vn 1 -5.9558456e-06 0
vn 1 9.8787204e-06 0
vn 1 -6.0847347e-06 0
vn 1 -6.5095701e-05 0
vn 1 6.5746222e-05 0
vn 1 6.574623e-05 0
vn 1 1.3406443e-05 0
vn 1 1.3406442e-05 0
vn 1 -2.3066139e-06 0
vn 1 -2.3066136e-06 0
vn 1 -1.1786336e-05 0
vn 1 2.4677499e-07 0
vn 0 -0.42688319 0.90430677
vn 0 -0.42688322 0.90430689
vn 0 -0.42688319 0.90430689
vn 0 -0.96979958 -0.24390323
vn 0 -0.9697997 -0.2439028
vn 0 -0.96979976 -0.24390282
vn 0 0.38273385 -0.92385864
vn 0 0.38273382 -0.92385864
vn 0 0.38262263 0.92390484
vn 0 0.38268328 0.92387968
vn 0 0.38262162 0.92390525
vn 0 -0.96617478 0.25788838
vn 0 -0.96617472 0.25788838
vn 0 -0.38274693 -0.92385334
vn 0 -0.38274691 -0.92385322
vn 0 0.96979958 -0.24390323
vn 0 0.9697997 -0.2439028
vn 0 0.96979964 -0.24390325
vn 0 -0.9698059 0.24387813
vn 0 -0.38268474 0.92387909
vn 0 -0.38268468 0.92387903
vn 0 0.9698056 0.24387921
vn 0 0.96617585 -0.25788429
vn 3.6846841e-06 0.42687342 -0.90431148
vn 3.6846839e-06 0.42687336 -0.90431142
vn 0.88231665 0.18011186 0.43483013
vn 0.88231665 0.18011187 0.43483016
vn 0.88231659 0.18011186 0.43483016
vn 0 -0.38267788 -0.92388189
vn 0 -0.38267788 -0.92388177
vn 0 -0.38267791 -0.92388183
vn 0 -0.96980703 -0.24387406
vn -1 3.3187896e-06 0
vn -1 -5.7213072e-07 0
vn -1 -5.7213077e-07 0
vn -1 2.3698819e-07 0
vn -1 2.3698821e-07 0
vn -1 -2.5147365e-06 0
vn -1 -2.5147367e-06 0
vn -1 1.8937078e-07 0
vn -1 1.8937077e-07 0
vn 0 -0.38267493 -0.92388308
vn 0 -0.38267496 -0.92388314
vn 0.88011253 0.20265615 -0.42933959
vn 0.88011253 0.20265613 -0.42933962
vn 0.88011259 0.20265615 -0.42933962
vn 0.86796945 0.48162279 0.12111389
vn 0.86796945 0.48162279 0.1211139
vn 0.86796945 0.48162284 0.1211139
vn 0.8843016 -0.17867549 -0.43137687
vn 0.8823083 -0.18011515 0.43484548
vn 0.86781925 0.48007366 -0.12813711
vn 0.86781931 0.48007369 -0.12813713
vn 0.86781931 0.48007366 -0.12813711
vn 0.86859149 -0.48056743 -0.1208457
vn 0.86859155 -0.48056746 -0.1208457
vn 0.86859149 -0.4805674 -0.12084569
vn 0.86797929 -0.48160484 0.12111448
vn 0.86797935 -0.48160487 0.12111448
vn 0.86797929 -0.4816049 0.1211145
vn -1 1.018081e-05 0
vn -1 1.0180812e-05 0
vn 0 0.96617657 -0.25788152
vn 0 -0.96980488 0.24388228
vn 0 -0.96980566 -0.24387945
vn 0 0.42686808 -0.90431404
vn 0 0.42686805 -0.90431392
vn 0 0.96980721 0.24387303
vn 0 0.96980727 0.24387304
vn 0 -0.96980578 -0.24387847
vn -1 -8.2491924e-06 0
vn -1 -8.2491915e-06 0
vn -1 -1.0076583e-05 0
vn 1 7.2181315e-06 0
vn 1 7.2181319e-06 0
vn 0 0.96980351 0.24388799
vn 0 -0.38268867 0.92387736
vn 0 -0.38268867 0.92387742
vn 0 0.38268998 0.92387682
vn 0 -0.96980435 0.24388456
vn 0 0.38267893 0.92388141
vn 0 0.3826789 0.92388135
vn 0 0.38267896 0.92388141
vn 1 -1.4345556e-05 0
vn 1 -1.4345555e-05 0
vn 1 -8.1030712e-06 0
vn 1 -8.1030721e-06 0
vn 1 6.3061252e-06 0
vn 1 6.3704015e-06 0
vn 1 6.3704006e-06 0
vn 1 6.370401e-06 0
vn 1 -3.5722451e-06 0
vn 1 -3.5722453e-06 0
vn 1 -1.5181417e-05 0
vn 1 -1.5181419e-05 0
vn 1 -1.5181418e-05 0
vn 1 -1.3406263e-05 0
vn 0 -0.96617484 0.25788823
vn 0 -0.38269278 -0.92387569
vn 0 -0.38269281 -0.92387563
vn 0 0.96980458 -0.24388336
vn 0 0.96980458 -0.2438834
vn 0 0.96980458 -0.24388337
vn 0 0.96980208 0.24389328
vn 0 0.96980214 0.24389331
vn -6.3560401e-05 -0.42687166 0.90431225
vn -6.3560401e-05 -0.42687169 0.90431231
vn 0 -0.96980661 -0.24387518
vn 0 0.38267893 -0.92388141
vn 0 0.3826789 -0.92388135
vn 0 0.38267896 -0.92388141
vn 0 0.96980906 0.24386564
vn 0 0.96980906 0.24386567
vn 0 0.96980911 0.24386567
vn 1 -6.5746222e-05 0
vn 1 3.3417994e-06 0
vn 1 3.3417996e-06 0
vn 1 3.3417991e-06 0
vn 0 -0.42682281 0.90433526
vn 0 -0.42682284 0.90433532
vn 0 -0.96979964 -0.24390325
vn 0 0.38268432 0.92387921
vn 0 -0.96617484 0.25788787
vn 0 -0.9661749 0.25788793
vn 0 0.96979976 -0.24390282
vn 5.2693749e-06 -1 4.2055012e-06
vn 1.2462949e-06 -1 2.9521216e-06
vn 8.5168267e-06 -1 5.2172354e-06
vn 1.5192544e-06 1 -5.0684616e-06
vn 0 1 -5.1481097e-06
vn 4.0826012e-07 1 -5.5721252e-06
vn 0.62281692 0 0.78236771
vn 0.62280661 0 0.78237587
vn 0.62281984 0 0.78236538
vn 0.532713 0 -0.84629595
vn 0.532713 0 -0.84629601
vn 1.7385161e-06 1 -5.5512078e-06
vn 0 1 -6.215264e-06
vn 0 -1 5.1329935e-06
vn -1.5192591e-06 -1 5.0949852e-06
vn -4.082622e-07 -1 5.5945661e-06
vn 1.5953278e-06 1 -3.9154802e-06
vn 1.9575175e-06 1 -3.6600879e-06
vn 3.337308e-06 1 -2.6284722e-06
vn 0 1.1410551e-06 -1
vn 3.0198589e-07 -1 5.6447393e-06
vn 4.5736536e-07 -1 5.3260273e-06
vn -1.9575346e-06 -1 3.5969583e-06
vn -1.7385208e-06 -1 5.6467688e-06
vn 0 -1 6.215264e-06
vn 2.2455129e-06 -1 6.2159902e-06
vn -4.5736539e-07 1 -5.228907e-06
vn -3.0198589e-07 1 -5.7268794e-06
vn -2.2455129e-06 1 -6.2159902e-06
vn -0.53276139 0 -0.84626549
vn -0.53276139 0 -0.84626555
vn -0.53276139 0 -0.84626561
vn 0 2.324158e-06 -1
vn 0 3.5152348e-06 -1
vn -0.39529586 0.91855389 -2.4825192e-06
vn -0.39528906 0.91855681 -2.3986101e-06
vn -0.39528766 0.91855747 -2.3810444e-06
vn -0.37781358 0 0.9258818
vn -0.37781352 0 0.92588174
vn -1.5953431e-06 -1 3.9354227e-06
vn -3.3373283e-06 -1 2.5311369e-06
vn -1.2463132e-06 1 -3.0150138e-06
vn -5.2694327e-06 1 -4.1648827e-06
vn -8.5168949e-06 1 -5.0930566e-06
vn -2.5916395e-06 -3.2733999e-06 1
vn -1.6427248e-07 -2.324158e-06 1
vn -1.1848015e-06 -3.5152348e-06 1
vn 0.39529136 -0.9185558 2.4825245e-06
vn 0.39529365 -0.9185549 2.3986054e-06
vn 0.39529094 -0.91855609 2.5000929e-06
vn -0.39529091 -0.91855603 2.5000929e-06
vn -0.39529088 -0.91855603 2.5000929e-06
vn -0.39529091 -0.91855609 2.5000932e-06
vn 0 -1 2.5921565e-06
vn 1.0779937e-06 -2.324158e-06 1
vn 2.1887475e-07 -3.2733999e-06 1
vn 3.1814923e-06 0 1
vn 0 -3.515235e-06 1
vn 0.39530367 0.91855049 -2.4825686e-06
vn 0.39528134 0.91856021 -2.3985638e-06
vn 0.39527658 0.91856217 -2.3809778e-06
vn 0 1 -2.5921565e-06
vn 0 1.6718554e-06 -1
vn 0 3.515235e-06 -1
vn 0 -1 2.5638417e-06
vn 0 1 -5.1475436e-06
vn 0.62280375 0 0.7823782
vn 0 -1 5.0249832e-06
vn -0.53276134 0 -0.84626555
vn -0.39529732 0.91855323 -2.5000852e-06
vn -0.37783027 0 0.92587489
vn -0.37783033 0 0.92587489
vn -0.37783024 0 0.92587489
vn 0 1 -2.6587984e-06
vn 0.39529413 -0.91855466 2.3810373e-06
vn -0.3952941 -0.9185546 2.3810371e-06
vn -0.39529413 -0.91855472 2.3810371e-06
vn -0.39529413 -0.91855472 2.3810373e-06
vn 0.39530835 0.91854846 -2.5001555e-06
vn 6.1083728e-07 -0.92387742 -0.3826884
vn 5.6996367e-07 -0.92388391 -0.38267308
vn 5.8410188e-07 -0.92388409 -0.3826727
vn 0 -0.38265425 -0.9238916
vn 0 -0.38265428 -0.92389166
vn 0 -0.38265431 -0.92389166
vn 4.0656687e-07 0.38269103 -0.92387646
vn 4.0656681e-07 0.38269097 -0.9238764
vn 4.065669e-07 0.38269103 -0.92387646
vn 0 0.92387849 -0.38268605
vn 0 0.92387849 -0.38268608
vn 0 0.92387915 -0.38268438
vn 0 0.92385519 0.3827422
vn 0 0.92385525 0.38274229
vn 0 -0.38261572 0.9239077
vn 0 -0.38261566 0.92390764
vn 0 -0.38261569 0.92390764
vn 2.056755e-09 -0.92387682 0.38268992
vn 2.6692715e-07 -0.92387545 0.38269359
vn 2.6898365e-07 -0.92387539 0.38269359
vn 0 -0.38273329 -0.92385894
vn 0 -0.38273332 -0.923859
vn 0 -0.38273329 -0.923859
vn 1 9.4466544e-05 0
vn 1 9.446653e-05 0
vn 1 9.4466537e-05 0
vn 1 -3.2162614e-05 0
vn 1 -3.2162618e-05 0
vn 1 -2.974774e-05 0
vn 1 -2.9747738e-05 0
vn 0.45365894 -0.82334083 0.34103292
vn 0.45366091 -0.82334101 0.34102991
vn 0.45366645 -0.82334149 0.34102142
vn 0 -0.38268283 0.9238798
vn 0 -0.38268262 0.92387998
vn 0 -0.38268259 0.92387992
vn 0 0.92388022 0.38268176
vn 0 0.9238804 0.3826814
vn 0 0.92388028 0.3826817
vn 0 0.38268355 -0.92387956
vn 0 0.38268352 -0.9238795
vn 1.6748583e-06 -0.92388415 -0.38267249
vn 5.4311326e-06 -0.9239015 -0.38263062
vn 2.5819545e-06 -0.92388314 -0.38267481
vn 0 -0.92387903 0.38268474
vn 0 -0.9238807 0.38268077
vn 0 -0.92387933 0.38268402
vn 0 0.38268355 0.92387956
vn 0 0.38268352 0.9238795
vn 0 0.92387998 -0.38268238
vn 0 0.92387992 -0.38268259
vn 0 0.38268644 -0.92387831
vn 0 0.3826865 -0.92387837
vn 0.45368454 0.34102979 0.82332802
vn 0.45368463 0.34102982 0.82332808
vn 0.45368466 0.34102982 0.82332808
vn 0.45372793 0.82331496 -0.3410036
vn 0.45372796 0.82331502 -0.34100357
vn 0.45372796 0.82331496 -0.3410036
vn 0.45374596 -0.341021 -0.82329792
vn 0.45374599 -0.34102097 -0.82329792
vn 0.45374587 -0.34102097 -0.8232978
vn 0.45367751 -0.34102401 0.8233344
vn 0.45367751 -0.34102398 0.8233344
vn 0.45367754 -0.34102401 0.8233344
vn 0.45366147 0.8233422 0.34102648
vn 0.45368335 0.82332665 0.34103465
vn 0.45369366 0.82331944 0.34103855
vn 0.4536607 0.34102017 -0.82334524
vn 0.45366067 0.3410202 -0.82334512
vn 0.45366064 0.3410202 -0.82334518
vn 0.45366189 -0.82333094 -0.34105316
vn 0.4536669 -0.82333863 -0.34102765
vn 0.45366299 -0.82333261 -0.34104744
vn 0.34762317 -0.35881129 0.86626357
vn 0.3476232 -0.35881126 0.86626357
vn 0.3476232 -0.35881132 0.86626363
vn 0 -0.92388481 -0.38267094
vn 0 -0.92388457 -0.38267127
vn 0 -0.92387885 0.38268524
vn 0 -0.92387718 0.38268924
vn 0 -0.92387837 0.38268635
vn 0 0.38266435 0.92388743
vn 0 0.38266438 0.92388749
vn 7.0501397e-07 0.92387962 -0.38268328
vn 2.6312687e-06 0.92388076 -0.38268054
vn 0 0.92387921 -0.38268426
vn 0 -0.38269717 -0.92387396
vn 0 -0.38266519 -0.92388719
vn 0 -0.38267526 -0.9238829
vn 0 -0.38267076 0.92388475
vn 0 -0.38267079 0.92388481
vn -2.6312046e-06 0.9238838 0.3826732
vn -7.0501477e-07 0.92388302 0.38267529
vn -3.3362012e-06 0.92388409 0.38267246
vn -1.5124546e-06 0.92388171 -0.38267827
vn -1.3839083e-07 0.92387915 -0.38268432
vn -1.6508418e-06 0.92388201 -0.3826777
vn 0.34756935 0.86628413 0.35881376
vn 0.34756941 0.86628419 0.35881379
vn 0.34755066 0.35883534 -0.86628276
vn 0.34755066 0.35883537 -0.86628276
vn 0.34755063 0.35883534 -0.8662827
vn 0.3475773 -0.86627012 -0.35884005
vn 0.34757724 -0.86627007 -0.35884002
vn 0.34757727 -0.86627012 -0.35883999
vn 0.34755129 -0.86628699 0.35882434
vn 0.34755608 -0.86628419 0.35882655
vn 0.34755385 -0.86628562 0.35882515
vn 0.34759313 0.35880733 0.86627734
vn 0.34759313 0.35880733 0.8662774
vn 0.34759313 0.3588073 0.8662774
vn 0.34756449 0.86628371 -0.35881943
vn 0.34755382 0.86628878 -0.35881758
vn 0.34754881 0.86629128 -0.35881674
vn 0.34754837 -0.35882479 -0.86628801
vn 0.34754834 -0.35882482 -0.86628807
vn 1 -3.5861706e-06 0
vn 4.788184e-06 -0.38271248 -0.92386752
vn 4.788184e-06 -0.38271251 -0.92386758
vn 4.788184e-06 -0.38271245 -0.92386752
vn -3.3016734e-06 -0.38268378 0.9238795
vn -3.3016729e-06 -0.38268387 0.92387944
vn -3.3016727e-06 -0.3826839 0.92387944
vn -1.7892309e-06 0.92388207 0.38267747
vn -3.163258e-06 0.92388374 0.38267344
vn -1.6508413e-06 0.92388189 0.38267782
vn 2.7678496e-07 0.38268429 -0.92387927
vn 3.0248445e-06 0.38268957 -0.92387706
vn 0 0.38268369 -0.92387944
vn 1.4731561e-06 -0.92387879 -0.38268548
vn 1.4731559e-06 -0.92387873 -0.38268539
vn 0 -0.92387712 0.38268924
vn 0 -0.923886 0.3826679
vn 0 -0.92387915 0.38268441
vn -6.0497773e-06 0.38268283 0.9238798
vn -5.5355503e-07 0.38266766 0.92388606
vn -6.6033422e-06 0.38268435 0.92387915
vn 0 0.92387855 -0.38268581
vn 0 0.92387873 -0.38268563
vn 0 0.92387855 -0.38268578
vn 0 0.38268393 0.92387938
vn 0 0.38268378 0.92387944
vn 0 0.38268387 0.92387938
vn -0.75271803 -0.16638875 0.63696975
vn -0.75271809 -0.16638875 0.63696975
vn -0.75271803 -0.16638876 0.63696975
vn 0 -0.92387491 -0.38269472
vn 0 -0.92388529 -0.38266972
vn 0 0.38268393 -0.92387944
vn 0 0.38268375 -0.92387938
vn 0 0.38268331 -0.92387956
vn -6.6106713e-07 0.92388195 0.38267764
vn -7.8407777e-07 0.92388189 0.38267791
vn -6.6862333e-07 0.92388183 0.38267785
vn 0 -0.38267484 0.92388308
vn 0 -0.38268232 0.92388004
vn 2.2500669e-06 -0.38270062 -0.92387241
vn 2.8588622e-06 -0.38270089 -0.92387235
vn -6.1491819e-06 -0.38269678 -0.92387402
vn 0 -0.38266471 -0.92388737
vn 0 -0.38266465 -0.92388731
vn 0 -0.38268563 0.92387873
vn 0 -0.38268548 0.92387879
vn 0 -0.38268444 0.92387921
vn 0 0.92388022 0.38268188
vn 0 0.92388016 0.38268188
vn 0 0.92388022 0.38268194
vn 0 0.38267437 -0.92388332
vn 0 0.38267443 -0.92388326
vn 0 0.38267446 -0.92388338
vn 0 -0.92388272 -0.38267583
vn 0 -0.92387444 -0.38269579
vn 0 -0.92388052 -0.38268107
vn 0 -0.92387581 0.38269249
vn 0 -0.92387581 0.38269252
vn 0 -0.92387587 0.38269258
vn -1.5737067e-05 0.38268733 0.92387795
vn -8.3587665e-06 0.38268495 0.92387897
vn -4.463808e-05 0.38269347 0.92387545
vn 0 0.92387831 -0.38268632
vn 0 0.92387831 -0.38268635
vn 0 -0.92388159 -0.38267857
vn 0 -0.92388046 -0.38268131
vn 1 -9.8239552e-06 0
vn 1 -9.8239543e-06 0
vn 0 -0.92387527 -0.38269398
vn 0 -0.92387527 -0.38269395
vn 0.34756988 -0.86627799 -0.35882807
vn 0.34758648 -0.86627436 -0.35882086
vn 0.34754699 -0.86628306 -0.35883805
vn 0 -0.92387164 -0.38270247
vn 0 -0.9238736 -0.38269791
vn 0 -0.92387402 -0.38269687
vn 0.45370138 -0.82331032 -0.34105042
vn 0.45370135 -0.8233102 -0.34105042
vn 0.45370135 -0.8233102 -0.34105039
vn 3.9848815e-06 -0.92387885 -0.3826851
vn 0 -0.92387384 -0.38269749
vn 1 7.9261379e-05 0
vn 1 6.9004243e-05 0
vn 1 8.0114594e-05 0
vn -2.8240694e-07 -0.92387402 -0.38269699
vn -2.8240694e-07 -0.92387402 -0.38269702
vn 0 -0.92387921 0.38268435
vn 0 -0.9238795 0.38268358
vn -1.2509827e-06 -0.92387986 0.38268262
vn -1.2016642e-06 -0.9238832 0.38267457
vn 0 -0.92387861 0.38268563
vn 0 -0.92387533 0.38269377
vn 0 -0.92387545 0.38269341
vn 0.34755975 -0.86628115 0.3588306
vn 0.34756872 -0.86627489 0.35883698
vn 0 -0.92387891 0.38268501
vn 0 -0.92387837 0.3826862
vn 0.45368436 -0.82332641 0.34103394
vn 0.4536913 -0.8233217 0.34103608
vn 0.45366952 -0.82333654 0.34102926
vn 1.5712052e-07 -0.92387944 0.38268369
vn 2.0820274e-07 -0.92388064 0.3826808
vn 2.0894927e-07 -0.9238807 0.38268077
vn -8.8738983e-07 -0.9238832 0.38267457
vn 0.89024174 -0.11510472 0.44070461
vn 0.89024174 -0.11510473 0.44070461
vn 0 -0.38266319 -0.92388797
vn 0 -0.38266322 -0.92388791
vn 0 -0.38266322 -0.92388797
vn 0 -0.38267416 0.92388338
vn 0 -0.38267413 0.92388338
vn 0 -0.38267419 0.92388344
vn 0 0.92388177 0.38267818
vn 0 0.92388129 0.38267931
vn 0 0.38267744 -0.92388207
vn 0 0.38267311 -0.92388386
vn 0 -0.25273946 0.96753442
vn 0 -0.25273949 0.96753442
vn 1 1.954499e-05 0
vn 1 1.9544992e-05 0
vn 1 1.9544994e-05 0
vn 0 0.38268366 0.92387944
vn 0 0.92387825 -0.38268676
vn 0 0.92387819 -0.38268694
vn 0 -0.25274152 0.96753395
vn 0 -0.25274149 0.96753389
vn 0 -0.38268945 -0.92387706
vn 0 -0.38268852 -0.92387754
vn 0 -0.38269186 -0.92387611
vn -2.0972e-06 -0.38266662 -0.92388648
vn -2.0971997e-06 -0.38266662 -0.92388654
vn -2.0972e-06 -0.38266662 -0.92388654
vn 4.1189987e-06 -0.38268134 -0.92388052
vn -7.0616591e-07 -0.38267386 -0.92388356
vn -1.0489009e-06 -0.38267338 -0.9238838
vn 0.34760815 -0.35881227 -0.86626929
vn 0.34760478 -0.35881257 -0.86627042
vn 0.34761253 -0.35881191 -0.86626762
vn 0 -0.38269821 -0.92387348
vn 0 -0.38269815 -0.92387348
vn 0.45374015 -0.34103179 -0.82329655
vn 0.45374018 -0.34103179 -0.82329661
vn 1 -2.4353418e-05 0
vn 0 -0.3826673 -0.92388624
vn 0 -0.3826673 -0.9238863
vn 0 -0.38266727 -0.92388624
vn -1.0652935e-09 -0.3826986 -0.92387331
vn -6.4831383e-08 -0.38269746 -0.92387372
vn -6.5896678e-08 -0.38269749 -0.92387378
vn 0 0.25274685 -0.96753252
vn 0 0.25277057 -0.96752632
vn 0 0.25274336 -0.96753335
vn 1 -1.5294732e-05 0
vn 1 -1.5294729e-05 0
vn 1 -1.529473e-05 0
vn 0 0.25271299 -0.96754134
vn 0 0.25271297 -0.96754134
vn 0 0.25271297 -0.96754128
vn -0.94908857 -0.079592668 0.30478847
vn -0.94908857 -0.079592675 0.30478847
vn -0.94908851 -0.079592668 0.30478844
vn 0 0.92387694 0.38268992
vn 0 0.92387688 0.38268992
vn 0 0.92387688 0.38268989
vn -0.64823455 0.24875246 0.71966255
vn -0.64823461 0.24875247 0.71966255
vn 0.74424922 0.21821925 0.63124752
vn 0.74424928 0.21821927 0.63124752
vn -1 2.6903845e-05 0
vn -1 3.4402553e-06 0
vn -1 3.0344101e-05 0
vn 0 0.32668412 0.94513369
vn 0 0.32668412 0.94513363
vn -0.53793722 0.27542168 0.79672229
vn -0.53793722 0.27542165 0.79672235
vn 0.64094657 0.25080234 0.72545552
vn 0.64094663 0.25080237 0.72545552
vn 0 0.32668319 0.94513398
vn 0 0.32668322 0.94513392
vn 0 0.32668319 0.94513392
vn 0 -0.92385924 -0.38273254
vn 3.9093879e-07 -0.3826986 -0.92387336
vn 3.9093879e-07 -0.38269857 -0.92387331
vn 3.9093877e-07 -0.38269857 -0.92387331
vn 0 0.38268209 -0.92388022
vn 0 0.38268206 -0.92388022
vn 0 0.92387855 -0.38268587
vn -6.4969015e-07 0.92388082 -0.38268057
vn -1.0961483e-08 0.92387861 -0.38268584
vn 0 0.92388487 -0.38267055
vn 0 0.92388487 -0.38267058
vn 0 0.92387843 -0.38268608
vn 0 0.92387855 -0.38268584
vn -6.6755121e-07 0.92388082 -0.38268039
vn 0 0.92387855 -0.38268608
vn -1.2364007e-06 0.92387927 0.3826842
vn -1.1545619e-06 0.92387927 0.38268417
vn -1.1805034e-07 0.92387933 0.38268381
vn 0 0.92387938 0.38268378
vn -1 -3.5727979e-07 0
vn -1 -2.6136107e-08 0
vn -1 2.6101459e-06 0
vn -1 9.4691704e-06 0
vn -1 7.7999209e-07 0
vn 0 -0.38268518 0.92387891
vn 0 -0.38268515 0.92387891
vn 0 -0.38268512 0.92387879
vn -6.3160419e-06 -0.38271421 0.92386681
vn -6.3160414e-06 -0.38271418 0.92386675
vn -6.3160414e-06 -0.38271421 0.92386681
vn 0 -0.38269654 0.92387408
vn 0 -0.38269654 0.92387414
vn 0 -0.38261908 0.92390627
vn 0 -0.38261905 0.92390621
vn 0 -0.38261905 0.92390627
vn 0 -0.38268629 0.92387837
vn 0 -0.38268632 0.92387843
vn -4.3467135e-06 -0.38268846 0.92387748
vn -4.3482014e-06 -0.38268849 0.92387748
vn -4.1945646e-06 -0.38268572 0.92387861
vn 0 -0.38262764 0.92390269
vn 0 -0.38262761 0.92390269
vn 0 -0.38261142 0.92390943
vn 0 -0.38263559 0.92389935
vn 0 -0.38263562 0.92389941
vn 0 -0.92387688 0.38268992
vn 0 -0.3827332 -0.923859
vn 0 -0.38273314 -0.92385894
vn 0 -0.38273314 -0.923859
vn 1 -8.0251675e-06 0
vn 1 -8.0251666e-06 0
vn 1 0.00010296542 0
vn 1 0.00011920371 0
vn 1 0.00011920372 0
vn 0.45365489 -0.82334059 0.34103921
vn 0 0.9238804 0.38268143
vn 0 0.38268408 -0.92387938
vn 0 0.38268411 -0.92387938
vn 0 0.38268402 -0.92387933
vn 0 -0.92388064 0.38268083
vn 0 0.92388076 -0.38268048
vn 0 0.38268781 -0.92387778
vn 0 0.38268781 -0.92387772
vn 0 0.38268784 -0.92387784
vn 0.45369887 0.34101409 0.82332665
vn 0.45369887 0.34101406 0.82332677
vn 0.45369881 0.34101409 0.82332671
vn 0.453659 0.82333851 -0.34103832
vn 0.45365903 0.82333857 -0.34103832
vn 0.45365906 0.82333857 -0.34103835
vn 0.45370695 -0.34098506 -0.82333434
vn 0.45370692 -0.34098503 -0.82333422
vn 0.45370692 -0.34098506 -0.82333434
vn 0.45371014 -0.34102398 0.82331628
vn 0.4537102 -0.34102398 0.82331628
vn 0.45371014 -0.34102395 0.82331628
vn 0.45364481 0.82335401 0.3410202
vn 0.4537482 0.34102157 -0.82329643
vn 0.4537482 0.34102157 -0.82329637
vn 0.45374823 0.34102154 -0.82329643
vn 0.45372751 -0.82336241 -0.34088981
vn 0.45372754 -0.82336235 -0.34088984
vn 0.45372748 -0.82336235 -0.34088981
vn 0.34751573 -0.35882431 0.8663013
vn 0.34751573 -0.35882431 0.86630136
vn 0.34751573 -0.35882428 0.8663013
vn 0 -0.92388481 -0.38267088
vn 0 -0.92388225 0.38267693
vn 0 -0.92388225 0.3826769
vn 3.336263e-06 0.92388123 -0.38267955
vn 0 -0.3826665 -0.9238866
vn 0 -0.38266656 -0.9238866
vn 0 0.9238826 0.38267598
vn 0 0.92387903 -0.38268495
vn 0.34757179 0.86628038 0.35882068
vn 0.34757176 0.86628032 0.35882068
vn 0.34757173 0.86628032 0.35882065
vn 0.34759369 0.35881546 -0.86627364
vn 0.34759378 0.35881549 -0.8662737
vn 0.34759372 0.35881546 -0.86627364
vn 0.34756199 -0.86628783 -0.35881197
vn 0.34756204 -0.86628789 -0.35881197
vn 0.34756202 -0.86628789 -0.358812
vn 0.34756085 -0.86627972 0.35883269
vn 0.34754694 0.35882211 0.86628973
vn 0.34754694 0.35882211 0.86628968
vn 0.34754696 0.35882208 0.86628973
vn 0.3475717 0.86628032 -0.35882065
vn 0.34753805 -0.35881174 -0.86629766
vn 0.34753808 -0.35881174 -0.86629766
vn 1 1.6951451e-05 0
vn 1 1.6951453e-05 0
vn 1 -1.635612e-06 0
vn 1 -1.6356119e-06 0
vn 1 4.7165295e-06 0
vn 1 4.716529e-06 0
vn 1 4.7165286e-06 0
vn 1 2.610778e-06 0
vn 1 1.3831294e-06 0
vn 1 2.0410081e-07 0
vn 1 -4.1868631e-07 0
vn 1 -4.1868637e-07 0
vn 6.3492348e-06 -0.38268903 -0.92387724
vn 6.3492348e-06 -0.38268906 -0.92387718
vn 6.3492357e-06 -0.38268909 -0.92387724
vn -3.3016727e-06 -0.38268369 0.92387944
vn -3.3016429e-06 0.92388386 0.382673
vn 3.301614e-06 0.38269007 -0.92387682
vn 0 -0.92387468 -0.38269523
vn 0 -0.92387468 -0.38269526
vn 0 -0.92387474 -0.38269526
vn 0 -0.92388058 0.38268116
vn 0 0.38266617 0.92388672
vn 0 0.92387998 -0.38268226
vn 0 0.38268378 0.92387938
vn 0 0.38268375 0.92387938
vn -0.75272036 -0.16637088 0.63697171
vn -0.7527203 -0.16637088 0.63697171
vn -0.75272024 -0.16637087 0.63697171
vn 0 -0.9238748 -0.38269517
vn 0 0.38268378 -0.92387938
vn 0 0.92388022 0.38268182
vn 0 -0.38267425 0.92388344
vn 0 -0.38273275 -0.92385912
vn 0 -0.38273281 -0.92385912
vn 0 -0.38273278 -0.92385912
vn 0 -0.3826887 0.92387736
vn 0 0.92388028 0.38268191
vn 0 0.92388016 0.38268194
vn 0 0.38267449 -0.92388332
vn 0 0.38267443 -0.92388338
vn 0 -0.92387426 -0.38269624
vn 0 -0.92387432 -0.38269627
vn 0 -0.92387927 0.38268423
vn 0 -0.92387927 0.38268426
vn 0 -0.92387927 0.38268429
vn 0 0.92387843 -0.3826862
vn 0 -0.92387807 -0.38268706
vn 0 -0.92387807 -0.38268703
vn 0.34760347 -0.8662706 -0.35881343
vn 0 -0.92387128 -0.38270351
vn 0.45366123 -0.82332999 -0.3410562
vn 8.471942e-07 -0.92388451 -0.38267142
vn 0 -0.92388153 0.38267854
vn 0.45370162 -0.82331479 0.3410393
vn 1.56374e-07 -0.9238795 0.38268378
vn 0.89023948 -0.11512617 0.44070357
vn 0.89023954 -0.11512618 0.44070363
vn 0.89023948 -0.11512618 0.44070357
vn -1.7464936e-05 -0.38269171 -0.92387617
vn 0 -0.38268477 0.92387903
vn 0 -0.25274193 0.96753383
vn 0 -0.2527419 0.96753383
vn 0 -0.2527419 0.96753371
vn 0 -0.25271091 0.96754187
vn 0 -0.25271094 0.96754193
vn 0 -0.25271094 0.96754187
vn 0 -0.38268754 -0.92387784
vn 2.0088964e-06 -0.38268977 -0.923877
vn 2.0088962e-06 -0.38268974 -0.923877
vn 2.0088964e-06 -0.38268974 -0.923877
vn 4.4617532e-06 -0.38268179 -0.92388022
vn 0.3476015 -0.35881281 -0.86627173
vn 0 -0.38269779 -0.92387366
vn 0.45374104 -0.34100375 -0.82330769
vn 0.45374107 -0.34100378 -0.82330775
vn 1 4.511821e-05 0
vn 0 -0.3826651 -0.92388725
vn 0 -0.38266507 -0.92388713
vn 0 -0.38269857 -0.92387325
vn 0 0.25277406 -0.96752542
vn 0 0.25274342 -0.96753341
vn 0 0.25274342 -0.96753335
vn 0 0.25274339 -0.96753335
vn -0.94908673 -0.079594083 0.30479398
vn -0.94908667 -0.079594076 0.30479395
vn -0.94908667 -0.079594083 0.30479398
vn -9.1030915e-07 0.92388362 0.38267344
vn -9.1030927e-07 0.92388374 0.38267356
vn -9.1030921e-07 0.92388368 0.3826735
vn 1.4602983e-06 0.92387527 0.3826938
vn 1.4602984e-06 0.92387527 0.38269383
vn 1.4602982e-06 0.92387521 0.3826938
vn -0.64820802 0.24874897 0.7196877
vn -0.64820796 0.24874896 0.7196877
vn -0.64820802 0.24874894 0.71968764
vn 0.74423474 0.21825622 0.63125193
vn 0.74423474 0.21825619 0.63125181
vn 0.74423474 0.21825619 0.63125193
vn 0 0.32668528 0.94513327
vn 0 0.32668528 0.94513321
vn -0.53788054 0.27539355 0.79677039
vn -0.5378806 0.27539358 0.79677039
vn -0.53788054 0.27539358 0.79677039
vn 0.64093727 0.25080726 0.72546214
vn 0.64093721 0.2508072 0.72546208
vn 0.64093727 0.2508072 0.72546214
vn 0 0.3266834 0.94513386
vn 0 0.3266834 0.94513392
vn 0 -0.92387998 0.38268232
vn 0 -0.92387998 0.38268235
vn 0 -0.92388004 0.38268244
vn 0 -0.38267788 0.92388189
vn 0 -0.38268203 0.92388022
vn 0 -0.38268375 0.92387938
vn 0 0.3826769 0.92388225
vn 0 0.38267687 0.92388219
vn 0 0.9238807 0.38268057
vn 0 0.92388076 0.38268059
vn 0 0.92388076 0.38268045
vn 0 0.92388058 -0.3826811
vn 0 0.92388016 -0.38268191
vn 0 0.9238807 -0.38268077
vn 0 0.38268706 -0.92387801
vn 0 0.38268596 -0.92387849
vn 0 0.38268754 -0.92387795
vn 1 6.5081213e-07 0
vn 1 6.5081201e-07 0
vn 1 6.5081207e-07 0
vn 0 -0.38268366 -0.92387944
vn 0 -0.3826848 -0.92387909
vn 0 -0.38268521 -0.92387885
vn 0 -0.92388165 -0.38267857
vn 0 -0.92388195 -0.38267764
vn 0 -0.92388213 -0.38267735
vn -0.63774395 -0.29476267 0.71161628
vn -0.63774395 -0.29476264 0.71161628
vn 0 0.92388105 -0.38267973
vn 0 0.92388099 -0.38268018
vn 0 0.92388022 -0.38268179
vn -0.63774794 0.71161371 -0.29476026
vn -0.63774794 0.71161371 -0.29476023
vn -0.63771909 -0.71165031 -0.2947343
vn -0.63771904 -0.71165031 -0.29473427
vn -0.63774693 -0.71161687 0.29475492
vn -0.63774693 -0.71161681 0.29475489
vn -0.63774687 -0.71161681 0.29475492
vn -0.63774896 0.29475304 0.71161574
vn -0.6377489 0.29475304 0.71161574
vn -0.63773179 0.29477426 -0.71162236
vn -0.63773179 0.29477429 -0.71162236
vn -0.63774043 0.71162122 0.29475814
vn -0.63774043 0.71162128 0.29475817
vn -0.63772237 -0.29477191 -0.71163177
vn -0.63772237 -0.29477188 -0.71163172
vn -1 -9.6906751e-06 0
vn -1 -9.6906742e-06 0
vn 0 0.38267684 0.92388225
vn 0 0.38267684 0.92388231
vn 0 0.38267681 0.92388231
vn 3.3811004e-06 -0.92388237 0.38267684
vn 3.3811002e-06 -0.92388231 0.38267687
vn 3.3811002e-06 -0.92388231 0.38267684
vn 8.7793242e-06 -0.9238801 -0.38268214
vn 1.1066151e-05 -0.9238807 -0.38268062
vn 0 -0.92387772 -0.38268796
vn 0 0.38269895 -0.92387313
vn 0 0.38269901 -0.92387319
vn 0 0.92388314 0.38267496
vn 0 0.92388314 0.38267493
vn 0 0.92388308 0.38267493
vn 0 -0.38267571 0.92388278
vn 0 -0.38267574 0.92388272
vn 0 -0.38267571 0.92388272
vn 0 -0.38268992 -0.92387682
vn 0 -0.38268998 -0.92387688
vn 0 -0.38268989 -0.92387682
vn 0 -0.92388004 0.38268223
vn 0 -0.38267615 0.9238826
vn 0 0.38267496 0.92388302
vn 0 0.38267496 0.92388314
vn 0 0.92388076 0.38268062
vn 0 0.92388004 -0.38268223
vn 0 0.38268551 -0.92387873
vn 1 4.6020071e-07 0
vn 1 4.6020077e-07 0
vn 1 -4.6019611e-07 0
vn 0 -0.38268328 -0.92387968
vn 0 -0.92388153 -0.38267887
vn -0.6377396 -0.29476199 0.71162039
vn -0.63773954 -0.29476199 0.71162045
vn -0.6377396 -0.29476202 0.71162045
vn 0 0.92388177 -0.38267809
vn -0.63772053 0.71164757 -0.29473773
vn -0.63772053 0.71164757 -0.2947377
vn -0.63775343 -0.71161127 -0.29475403
vn -0.63775343 -0.71161133 -0.294754
vn -0.63775349 -0.71161133 -0.29475406
vn -0.6377396 -0.71162117 0.29476017
vn -0.63773954 -0.71162117 0.29476017
vn -0.6377396 -0.71162117 0.2947602
vn -0.63774961 0.29475233 0.71161538
vn -0.63774967 0.29475236 0.71161538
vn -0.63772786 0.29476911 -0.71162802
vn -0.63772786 0.29476911 -0.71162796
vn -0.63774753 0.71161604 0.29475549
vn -0.63774747 0.71161604 0.29475549
vn -0.63774753 0.71161604 0.29475552
vn -0.63771731 -0.29477933 -0.71163321
vn -0.63771731 -0.29477933 -0.71163327
vn -1 3.8553932e-08 0
vn -1 3.8553928e-08 0
vn 9.9226727e-06 -0.92388028 0.38268167
vn 9.9226745e-06 -0.92388034 0.38268173
vn 1.9844558e-05 -0.9238832 -0.38267484
vn 0 0.38269049 -0.92387664
vn 0 0.38269052 -0.9238767
vn 0 0.923886 0.38266781
vn 0 0.923886 0.38266784
vn 0 -0.38268536 0.92387879
vn 0 -0.38268533 0.92387873
vn 0.49997282 0.33371538 -0.79916281
vn 0.49997285 0.33371538 -0.79916281
vn 0.49997285 0.33371538 -0.79916286
vn 0.49999043 -0.33372375 0.79914844
vn 0.49999046 -0.33372375 0.79914844
vn -0.50000978 -0.33370665 0.79914343
vn -0.50000978 -0.33370665 0.79914337
vn -0.50000972 -0.33370662 0.79914337
vn 0 0.92277402 0.38534155
vn 0 0.92277324 0.38534337
vn 0 0.92277461 0.38534021
vn -0.49998662 0.33371454 -0.79915458
vn -0.49998656 0.33371457 -0.79915458
vn -0.49998662 0.33371457 -0.79915464
vn 7.7006043e-06 -0.92277086 -0.38534912
vn -1.9249676e-06 -0.9227674 -0.3853575
vn 1.7326278e-05 -0.92277437 -0.38534078
vn 0.50000596 0.33371076 -0.79914403
vn 0.50000596 0.33371079 -0.79914403
vn 1 5.001401e-06 0
vn 1 5.0014005e-06 0
vn 0.49999946 -0.33372641 0.79914165
vn 0.4999994 -0.33372641 0.79914165
vn 0.4999994 -0.33372641 0.79914171
vn -0.50000566 -0.33371556 0.7991423
vn -0.50000566 -0.33371556 0.79914224
vn -0.50000566 -0.33371559 0.79914224
vn 1.1550839e-05 0.92277342 0.38534325
vn 1.1550839e-05 0.92277336 0.38534322
vn 0 0.92277068 0.38534981
vn -1.1550698e-05 0.92278528 0.38531464
vn -1.1550698e-05 0.92278534 0.3853147
vn -1.1550699e-05 0.92278534 0.38531467
vn -1 -1.0002801e-05 0
vn -1 -1.0002802e-05 0
vn -0.50001532 0.33369702 -0.79914397
vn -0.50001532 0.33369699 -0.79914391
vn -0.50001532 0.33369699 -0.79914403
vn -2.3101615e-05 -0.92277086 -0.38534939
vn -2.3101613e-05 -0.9227708 -0.38534933
vn 2.3102499e-05 -0.92276007 -0.38537496
vn 2.3102499e-05 -0.92276013 -0.38537493
vn 2.3102502e-05 -0.92276007 -0.38537496
vn -1.1551009e-05 -0.92276388 -0.38536584
vn 0 -0.49999508 0.86602825
vn 0 -0.49999511 0.86602831
vn 0 -0.49999511 0.86602825
vn 0 0.49998671 0.86603314
vn 0 0.49998668 0.86603308
vn 0 1 -2.031031e-06
vn 0 1 -2.0310313e-06
vn 0 0.5000003 -0.86602527
vn 0 0.50000089 -0.86602491
vn 0 0.49999952 -0.86602575
vn 1 -6.8368831e-07 0
vn 1 -6.8368826e-07 0
vn 0 -0.49999332 -0.86602938
vn 0 -0.49999332 -0.86602932
vn 0 -0.49999329 -0.86602932
vn 0 -1 2.1005833e-06
vn 0 -1 2.1461185e-06
vn 0 -1 2.2156705e-06
vn -1 -4.7200592e-07 0
vn -1 -4.7200598e-07 0
vn -1 -4.7200595e-07 0
vn 0 -0.49999505 0.86602831
vn 0 -0.49999505 0.86602825
vn 0 -0.49999502 0.86602825
vn 0 0.49998668 0.86603314
vn 0 0.49998668 0.8660332
vn 0 0.49998665 0.8660332
vn 0 0.50000179 -0.86602449
vn 1 1.3674322e-06 0
vn 1 1.3674321e-06 0
vn 0 -0.49999329 -0.86602938
vn 0 -0.49999323 -0.86602938
vn 0 -0.49999323 -0.86602932
vn 0 -1 2.0310313e-06
vn -1 4.7201075e-07 0
vn -1 4.7201073e-07 0
vn -1 4.1321118e-06 0
vn -1 4.1321114e-06 0
vn -1 -1.3905633e-07 0
vn 1 -3.8572514e-05 0
vn 1 -3.4414916e-06 0
vn 1 -1.6680058e-05 0
vn 0 -1 1.1607291e-06
vn 0 -1 1.160729e-06
vn 0 -3.2153239e-05 1
vn 0 -6.9899907e-06 1
vn 0 -6.9899647e-06 1
vn 0 3.2153337e-05 -1
vn 0 6.9899697e-06 -1
vn -2.6762559e-06 8.1441868e-07 -1
vn 0 -1 -7.100085e-14
vn 0 -1 5.5247511e-13
vn 1 1.622271e-05 0
vn 1 2.1053715e-05 0
vn -3.4196773e-06 -1.0406503e-06 -1
vn -4.5097818e-07 -7.8910471e-06 -1
vn 4.5097818e-07 1.0406505e-06 1
vn 3.419678e-06 7.8910471e-06 1
vn 3.8706562e-06 8.9316982e-06 1
vn -1 1.6956787e-05 0
vn -1 -3.5475233e-07 0
vn 2.8870949e-11 1 8.7992439e-06
vn 8.6925069e-13 1 9.7164821e-06
vn 2.9740287e-11 1 8.7707676e-06
vn 1 -2.278262e-05 0
vn 1 8.3502455e-06 0
vn 0 -1 -9.745334e-06
vn 0 -1 -9.7452967e-06
vn -1 2.664694e-05 0
vn -1 -3.5147627e-06 0
vn -1 2.152708e-06 0
vn 0 1 -1.2739388e-06
vn 0 1 -1.1181311e-06
vn 0 1 -1.3289277e-06
vn -4.5097818e-07 -1.0406505e-06 -1
vn -3.8706562e-06 -8.9316982e-06 -1
vn 1 8.172763e-06 0
vn 1 9.7785451e-06 0
vn -1 -1.7080937e-06 0
vn 1 -7.1341943e-05 0
vn 0 -3.2153341e-05 1
vn 0 3.2153232e-05 -1
vn -3.8706553e-06 0 -1
vn 0 1 9.7449547e-06
vn 0 1 -1.0631421e-06
vn -1.099601e-06 1 -3.0256747e-06
vn 2.1801859e-06 1 1.7419745e-06
vn 2.946428e-07 1 5.1364367e-07
vn 0.99732995 0 -0.073027804
vn 0.99732989 0 -0.073027804
vn -0.97421771 0 0.2256103
vn -0.97421765 0 0.22561026
vn -0.97421771 0 0.22561027
vn 1.0996088e-06 -1 3.0624788e-06
vn -2.946428e-07 -1 -4.7799995e-07
vn -2.1801866e-06 -1 -1.7378569e-06
vn -0.49093527 0 0.87119609
vn -0.49093527 0 0.87119615
vn -0.78278702 0 -0.62228978
vn 0.83073723 0 0.55666494
vn 0.83073717 0 0.55666488
vn 0.68078148 0 -0.73248661
vn 0.68077666 0 -0.73249114
vn 0.68078494 0 -0.73248339
vn 0.31163311 0 0.95020252
vn 0.31162176 0 0.95020628
vn 0.31162018 0 0.95020676
vn 5.1369716e-06 1 9.646621e-06
vn 3.4403256e-06 1 4.8474235e-06
vn 0 1 -9.5101332e-06
vn 1.4210212e-06 1 -1.152751e-06
vn 0.99732983 0 -0.073029585
vn 0.99732977 0 -0.073029585
vn -0.97421807 0 0.2256086
vn -0.97421807 0 0.22560859
vn 9.0343838e-06 -1 1.7406766e-05
vn -5.1369848e-06 -1 -9.6244648e-06
vn -3.4403176e-06 -1 -4.8144207e-06
vn -1.4210154e-06 -1 1.1592554e-06
vn 0 -1 9.5844307e-06
vn -0.4909355 0 0.87119591
vn -0.49093559 0 0.87119597
vn -0.49093553 0 0.87119591
vn -0.78280675 0 -0.62226492
vn -0.78280675 0 -0.62226486
vn -0.78280675 0 -0.62226498
vn 0.83073705 0 0.55666512
vn 0.83073705 0 0.55666506
vn 0.68077314 0 -0.73249435
vn 0.31163469 0 0.95020199
vn 0.77395177 -2.9602428e-05 0.63324451
vn 0.77395183 -2.9602432e-05 0.63324451
vn 0.77395177 -2.960243e-05 0.63324451
vn 0.16747434 4.7274589e-06 -0.98587644
vn 0.16747448 -5.644833e-06 -0.98587644
vn 0.16747698 1.060967e-05 -0.98587608
vn -0.90152138 9.1164702e-06 -0.4327347
vn -0.90152222 3.7232403e-05 -0.43273303
vn -0.90152276 5.6893965e-05 -0.43273181
vn 0.00051201961 0.82887554 -0.55943292
vn 0.00051201956 0.82887548 -0.55943292
vn 0.00051201956 0.8288756 -0.55943292
vn -5.2579264e-07 0.95846796 0.28520027
vn 6.8044608e-07 0.95846689 0.28520375
vn -1.165283e-06 0.95846856 0.28519836
vn 0.95502371 -1.1677676e-05 0.29652971
vn 0.95502365 -1.1677676e-05 0.29652971
vn 0.95502371 -1.1677677e-05 0.29652971
vn -2.9668547e-07 1 5.3099296e-07
vn -7.1319397e-07 1 -8.9919138e-07
vn -3.4116422e-07 1 -1.4564475e-07
vn 0.98776257 4.72179e-06 0.15596527
vn 0.98776263 6.1378938e-07 0.15596528
vn 0.98776257 5.3355761e-06 0.15596528
vn 2.1584983e-06 1 -5.130863e-06
vn 4.7251528e-06 1 -1.3940627e-06
vn -7.2366865e-06 1 5.9563958e-05
vn -0.9904784 1.1493083e-05 -0.1376683
vn -0.9904784 1.1493083e-05 -0.13766828
vn -0.9904784 1.1493082e-05 -0.13766828
vn -1 5.7624961e-06 0
vn 1 -2.310921e-06 0
vn 1 -5.1567022e-06 0
vn 1 -7.5154899e-06 0
vn 4.130563e-06 0.73223263 0.68105465
vn 8.2310004e-07 0.7322368 0.68105012
vn 5.7780157e-06 0.73223054 0.68105686
vn 0.77396482 0 0.63322872
vn 0.7739647 0 0.63322878
vn 0.77396476 0 0.63322878
vn -0.99046975 0 -0.13773108
vn -0.99046981 0 -0.13772991
vn -0.99046999 0 -0.13772927
vn 0.95502764 0 0.29651681
vn 4.5924021e-06 1 1.4242747e-06
vn 0.28382581 -0.60797322 -0.74149281
vn 0.28383648 -0.60797644 -0.74148601
vn 0.28384396 -0.6079787 -0.74148136
vn -0.99047071 -1.5960792e-05 -0.13772418
vn -0.99047071 -1.5960788e-05 -0.13772418
vn -0.99047071 -1.596079e-05 -0.13772418
vn 0.3574951 0 -0.93391502
vn 0.35749513 0 -0.93391508
vn 0.35749516 0 -0.93391508
vn -1 8.6069457e-07 0
vn -1 8.6069463e-07 0
vn 1 7.4606301e-06 0
vn 1 6.6178836e-06 0
vn -1 -1.1137436e-06 0
vn -1 -1.1137437e-06 0
vn -1 -1.1137435e-06 0
vn 0.95502406 0 0.29652822
vn 0.95502412 0 0.29652822
vn -0.20054808 -3.3012033e-12 0.97968382
vn -0.20056944 -1.6608661e-05 0.97967952
vn -0.20056862 4.7867378e-12 0.97967964
vn 0.16536315 -0.88658851 -0.43199056
vn 0.16536269 -0.88658804 -0.4319917
vn 0.16536157 -0.8865869 -0.43199447
vn -0.90153277 2.1899938e-05 -0.43271089
vn -0.90153277 2.1899934e-05 -0.43271092
vn -0.90153277 2.1899936e-05 -0.43271092
vn 0.16747291 -4.1436529e-06 -0.98587674
vn 0.16747271 1.9894383e-06 -0.9858768
vn -0.35749948 0 0.93391335
vn -0.35750258 9.8554365e-06 0.93391222
vn -0.35750154 6.465355e-06 0.93391263
vn -7.0318129e-07 -1 -6.7714365e-07
vn -4.4825674e-07 -1 -4.3165858e-07
vn -1.1514367e-06 -1 -1.108801e-06
vn 0.77396035 -8.8972865e-06 0.63323414
vn 0.77396345 -1.6719305e-05 0.63323045
vn 0.77396888 -3.0968353e-05 0.63322371
vn 0.98776269 1.8928289e-05 0.15596503
vn 0.98776263 1.1491248e-06 0.15596536
vn 0.98776263 1.5315023e-05 0.15596512
vn 0.77394629 0 0.63325137
vn 0.77394623 0 0.63325143
vn 0.77394629 0 0.63325143
vn 0.058852833 -0.98635566 -0.15375014
vn 0.058851909 -0.98635584 -0.15374909
vn 0.058850359 -0.9863562 -0.15374736
vn -1.4226644e-06 -1 -3.869352e-07
vn -1.6487766e-06 -1 2.4009336e-07
vn -1.4226646e-06 -1 -3.9984948e-07
vn 0.77395028 0 0.63324642
vn 0.77394247 0 0.63325602
vn 0.77394319 0 0.63325518
vn 0.98776257 -1.2247575e-05 0.15596537
vn 0.98776263 5.5497735e-06 0.15596534
vn 0.98776257 5.5498467e-06 0.15596533
vn 0.77396834 8.6260361e-06 0.63322437
vn 0.77395821 5.9641061e-06 0.63323677
vn 0.95503038 0 0.29650807
vn 0.95503032 0 0.29650846
vn 0.95502949 0 0.29651111
vn -0.3574937 4.1962371e-06 0.93391556
vn -0.35749969 -4.6206841e-07 0.93391329
vn -0.35749972 -4.6206617e-07 0.93391329
vn 0.16747436 2.1565373e-07 -0.9858765
vn 0.16747299 -2.7799081e-07 -0.98587668
vn -0.90153325 5.5184798e-11 -0.43270996
vn -0.90153342 -1.417071e-05 -0.43270969
vn -0.90153325 0 -0.43270996
vn -0.2005547 1.0746928e-05 0.97968256
vn -0.20057273 1.0746886e-05 0.97967887
vn 0.95502478 0 0.29652604
vn 0.95502514 0 0.29652503
vn 0.95502597 0 0.29652247
vn -0.99047005 0 -0.13772886
vn -0.99046999 0 -0.13772887
vn -0.99046993 0 -0.13772886
vn 1 2.7337901e-05 0
vn -1 -7.3377209e-06 0
vn -1 -8.9057758e-06 0
vn -1 -7.8682715e-06 0
vn -0.99047875 9.2277269e-06 -0.13766582
vn -0.99047875 9.227726e-06 -0.13766581
vn -0.99047875 9.2277269e-06 -0.13766581
vn -0.99046928 0 -0.13773458
vn -0.99046922 0 -0.13773456
vn -0.99046928 0 -0.13773456
vn 0.95502555 3.8483495e-06 0.2965236
vn 0.95502555 3.8483495e-06 0.29652363
vn 0.95502561 3.8483499e-06 0.29652363
vn 0.95502561 -9.5731702e-06 0.2965236
vn 0.95502561 -2.5270077e-05 0.29652348
vn 0.95502555 -5.9475324e-06 0.2965236
vn -0.99046928 1.460833e-05 -0.1377341
vn -0.99046928 1.4608332e-05 -0.13773412
vn -0.99046928 1.4608329e-05 -0.1377341
vn -1.0402441e-06 -1 1.184036e-06
vn 6.6057322e-07 -1 4.6223236e-06
vn 2.3624007e-06 1 2.7217436e-07
vn 0.95502669 4.5345305e-06 0.29651988
vn 0.95502603 2.0488436e-05 0.29652226
vn 0.95502698 0 0.29651919
vn -0.99046934 0 -0.13773412
vn -0.99046928 0 -0.1377341
vn -0.99046934 0 -0.1377341
vn -0.14753559 0.67420763 0.72365558
vn -0.14753561 0.67420763 0.72365558
vn -0.990475 -4.8662173e-06 -0.13769288
vn -0.99047869 -7.9911351e-06 -0.13766637
vn -0.99047571 -5.4719249e-06 -0.13768774
vn -0.18737482 -0.85164195 0.48948616
vn -0.18737482 -0.85164195 0.48948613
vn -0.18737482 -0.85164195 0.4894861
vn -1 -2.0269588e-05 0
vn -1 -2.0269586e-05 0
vn -2.2166028e-06 -1 -8.7991884e-07
vn -2.2166369e-06 -1 0
vn -1.1322279e-06 -1 1.2710066e-06
vn 0.77396148 -1.5006016e-05 0.63323271
vn 0.77395868 -9.7876318e-06 0.63323623
vn 0.7739659 -2.3153278e-05 0.63322729
vn 0.16747665 -1.71764e-05 -0.98587602
vn 0.16747642 -1.8388346e-06 -0.98587614
vn 0.16747409 -8.307502e-06 -0.9858765
vn -0.90153635 0 -0.43270358
vn -5.0746912e-06 -0.82774377 -0.56110638
vn -5.0746921e-06 -0.82774383 -0.56110638
vn -5.0746917e-06 -0.82774371 -0.56110638
vn -4.1382259e-07 -0.95846707 0.28520355
vn -1.1943837e-06 -0.9584685 0.28519869
vn -1.3658361e-06 -0.95846879 0.28519762
vn 0.95495647 4.2452216e-06 0.29674613
vn 0.95495641 4.2452216e-06 0.29674616
vn 0.95495647 4.245222e-06 0.29674616
vn -5.9392676e-07 -1 1.221142e-06
vn -1.4711925e-06 -1 1.5563554e-06
vn 0 -1 1.64639e-06
vn 0.98776263 0 0.15596528
vn 0.98776257 0 0.15596533
vn 0.98776263 0 0.15596533
vn -0.99047822 -4.1328558e-06 -0.13766989
vn -0.99047804 4.1329072e-06 -0.13767159
vn -0.99047863 -1.7463823e-05 -0.13766715
vn -1 2.8918941e-05 -4.8263688e-11
vn -1 2.9456644e-06 -4.1988897e-06
vn -1 -6.338189e-08 0
vn -1 -2.1710922e-07 0
vn -1 1.0362345e-06 0
vn -1 4.0216332e-06 0
vn -1 3.785334e-06 0
vn 0 -0.73222357 0.68106443
vn 0 -0.73222589 0.68106186
vn 0 -0.73222649 0.68106121
vn 0.77395546 0 0.6332401
vn 0.77395546 0 0.63324004
vn -0.99046999 0 -0.13772886
vn -0.99046993 0 -0.13772887
vn -0.99047005 0 -0.13772888
vn 0.95503044 1.2972246e-05 0.29650775
vn 0.9550305 1.2972248e-05 0.29650781
vn 0.95503044 1.2972248e-05 0.29650778
vn 5.6558821e-07 -1 4.5655552e-06
vn 1.1442145e-06 -1 -7.1021924e-07
vn -4.7695488e-07 -1 3.767926e-06
vn 0.28382748 0.60798025 -0.74148631
vn 0.28383011 0.60798258 -0.74148345
vn 0.28382567 0.60797864 -0.7414884
vn -0.99046928 0 -0.13773416
vn -0.99046928 0 -0.13773417
vn 0.35748872 0 -0.93391746
vn 0.35748875 0 -0.93391746
vn 0.35748875 0 -0.93391752
vn -1 5.3556843e-05 1.5537102e-05
vn -1 5.3556843e-05 1.55371e-05
vn -1 1.2213223e-05 -4.3420373e-06
vn -1 0 -1.1900174e-05
vn -1 0 -1.1900167e-05
vn -1 0 -1.1900177e-05
vn -0.20056383 0 0.97968066
vn -0.20054919 -6.5248646e-06 0.97968364
vn -0.20056334 -5.9786557e-06 0.97968084
vn 0.16535951 0.88658839 -0.4319922
vn 0.1653595 0.88658845 -0.43199223
vn 0.1653595 0.88658839 -0.4319922
vn -0.90153384 0 -0.43270847
vn -0.90153384 0 -0.43270859
vn -0.9015339 0 -0.43270856
vn 0.16747364 -5.066358e-06 -0.98587662
vn 0.16747272 3.4859659e-07 -0.9858768
vn -0.35749203 -9.8554183e-06 0.93391627
vn -0.35750175 0 0.93391246
vn -0.35749537 -6.46535e-06 0.93391496
vn 5.6192166e-06 1 -6.1782316e-07
vn 4.5995143e-06 1 -1.5997661e-06
vn 2.806531e-06 1 -3.326355e-06
vn 0.95503098 0 0.29650626
vn 0.95503092 0 0.29650626
vn 0.95503098 0 0.29650629
vn 0.77396756 0 0.63322532
vn 0.7739656 0 0.63322777
vn 0.77396899 0 0.63322353
vn 0.98776245 0 0.15596579
vn 0.98776263 0 0.1559653
vn 0.98776257 0 0.15596522
vn 0.77394414 0 0.63325387
vn 0.77394414 0 0.63325393
vn 0.058856457 0.98635507 -0.15375178
vn 0.058856644 0.98635507 -0.1537521
vn 0.058856141 0.98635519 -0.15375119
vn 2.6131486e-06 1 4.7883196e-07
vn 1.5039128e-06 1 7.3968351e-07
vn 5.8086295e-07 1 1.1240563e-09
vn 0.77394557 1.2919821e-05 0.63325214
vn 0.77394557 1.291982e-05 0.63325214
vn 0.77394563 1.2919822e-05 0.6332522
vn 0.98776263 2.3347435e-05 0.15596531
vn 0.77396786 0 0.63322484
vn 0.77396601 0 0.63322729
vn 0.95502865 0 0.29651383
vn 0.95502758 0 0.29651704
vn -0.35750568 -5.1203074e-06 0.93391103
vn 0.16747281 -3.9955803e-12 -0.98587668
vn -0.9015348 0 -0.43270665
vn -0.20055285 -1.0274761e-05 0.97968298
vn -0.20057085 -9.3751232e-06 0.97967923
vn 0.95502764 0 0.29651693
vn 0.9550277 0 0.29651693
vn 0.9550277 0 0.29651695
vn -0.99047065 0 -0.13772404
vn -0.99047071 0 -0.13772404
vn -1 3.068264e-05 -6.9400194e-06
vn -0.99047828 0 -0.13766934
vn -0.99047834 0 -0.13766937
vn -0.99047834 0 -0.13766935
vn -0.99047232 3.2687032e-05 -0.13771187
vn -0.99047238 3.2687036e-05 -0.13771187
vn 0.95502555 -3.8483877e-06 0.29652366
vn 0.95502555 -2.6907449e-06 0.29652357
vn 0.95502561 -2.3365099e-06 0.29652354
vn 0.95502561 0 0.2965233
vn -0.99047244 0 -0.13771158
vn -1.9993163e-06 1 -1.1533633e-06
vn -3.5273581e-06 1 -3.0044628e-06
vn -1.7702392e-06 -1 1.2953687e-06
vn 0.95502603 0 0.29652193
vn 0.95502603 0 0.29652196
vn -0.99046928 6.1531969e-06 -0.13773441
vn -0.99046934 2.1150796e-05 -0.13773398
vn -0.99046934 1.8969418e-05 -0.13773404
vn -0.14798057 -0.67493004 0.72289091
vn -0.14798054 -0.67493004 0.72289085
vn -0.14798056 -0.67493004 0.72289091
vn -0.99047559 1.6533886e-05 -0.13768879
vn -0.99047816 7.3903748e-06 -0.13767003
vn -0.99047494 1.8733133e-05 -0.1376933
vn -1 2.324402e-05 -8.263698e-06
vn -0.187361 0.85164595 0.48948467
vn -0.18736099 0.85164589 0.48948455
vn -0.18736096 0.85164589 0.48948458
vn -1 6.080906e-05 -2.1618795e-05
vn -1.548113e-06 -1 6.9772888e-08
vn 0 -1 3.1404982e-06
vn 0.77396584 0 0.63322741
vn 0.7739659 0 0.63322741
vn 0.77396584 0 0.63322747
vn -0.90152109 0 -0.43273523
vn 0 0.82775396 -0.56109124
vn 0 0.8277539 -0.56109124
vn 9.4540502e-07 0.95846677 0.28520456
vn 0.95508164 0 0.29634285
vn 0.95508164 0 0.29634279
vn -3.8649101e-12 1 7.5987231e-07
vn 0.98776263 0 0.15596527
vn -0.99047744 -1.7465041e-05 -0.13767543
vn -0.99047738 -1.7465039e-05 -0.13767542
vn -0.9904775 -1.7465043e-05 -0.13767545
vn 0 0.73223782 0.68104905
vn 0.77396584 0 0.63322735
vn 0.77396595 0 0.63322735
vn -0.99046957 0 -0.1377317
vn 0.95502871 0 0.29651341
vn 0.95502871 0 0.29651344
vn 0.95502865 0 0.29651344
vn 0.28381833 -0.60797095 -0.74149752
vn 0.357476 0 -0.93392235
vn 0.35747597 0 -0.93392241
vn -0.20054509 -1.6608747e-05 0.97968459
vn 0.16536425 -0.88658965 -0.43198779
vn -0.90153259 0 -0.43271148
vn -0.90153253 0 -0.43271145
vn -0.90153253 0 -0.43271148
vn -0.35749111 0 0.93391663
vn -0.35749111 0 0.93391657
vn 0.95503056 0 0.29650733
vn 0.95503056 0 0.29650736
vn 0.77395695 0 0.63323832
vn 0.98776251 0 0.1559657
vn 0.98776245 0 0.1559657
vn 0.77393782 3.0968044e-05 0.63326162
vn 0.77393782 3.096804e-05 0.63326156
vn 0.058854371 -0.98635513 -0.15375184
vn 0.98776263 0 0.15596537
vn 0.77397412 1.5485677e-05 0.63321728
vn 0.95503098 0 0.29650605
vn -0.3575027 1.0240696e-05 0.9339121
vn -0.90153486 0 -0.43270668
vn -0.9015348 0 -0.43270662
vn 0.955024 0 0.29652864
vn -0.9904772 0 -0.13767681
vn -0.99047726 0 -0.13767682
vn -0.99046946 0 -0.13773291
vn -0.99046946 0 -0.13773292
vn -0.9904694 0 -0.13773289
vn 0.95502555 0 0.29652363
vn 0.95502567 -2.8895514e-05 0.29652351
vn -0.9904694 -2.8306607e-05 -0.13773316
vn -0.99046946 -2.8306607e-05 -0.13773315
vn 2.1885539e-06 -1 6.4572787e-06
vn 0.95502573 2.5023437e-05 0.29652295
vn -0.99046957 0 -0.13773218
vn -0.14799686 0.67494994 0.72286898
vn -0.14799684 0.67495 0.72286892
vn -0.14799684 0.67494994 0.72286892
vn -0.18737574 -0.85164177 0.48948631
vn -0.18737575 -0.85164171 0.48948622
vn -0.18737574 -0.85164177 0.48948628
vn -1 1.514555e-05 0
vn -1 1.5145548e-05 0
vn -1 1.5145549e-05 0
vn -2.2165818e-06 -1 0
vn 0.77395332 0 0.63324267
vn 0.167482 -1.1288766e-05 -0.98587513
vn -0.90153378 0 -0.43270874
vn 0.00051537942 -0.82887834 -0.55942875
vn 0.00051537936 -0.82887828 -0.55942875
vn 0.00051537942 -0.8288784 -0.55942875
vn 0 -0.95846623 0.28520611
vn 0.95502722 -1.1678148e-05 0.29651809
vn 0.95502722 -1.1678148e-05 0.29651806
vn 0.95502722 -1.1678147e-05 0.29651806
vn 1.1158473e-07 -1 -7.6772341e-07
vn -4.2609854e-06 -1 2.9316347e-05
vn -0.99047762 1.7464738e-05 -0.13767433
vn 0 -0.73222232 0.68106568
vn 0.77395952 0 0.63323522
vn 0.77395946 0 0.63323522
vn 0.77395946 0 0.63323516
vn -0.99046946 0 -0.13773298
vn -0.99046946 0 -0.13773297
vn 0.95502919 0 0.29651201
vn 0.95502919 0 0.29651198
vn 0.28383198 0.60798424 -0.74148142
vn -0.99046993 3.6394264e-05 -0.13772956
vn 0.35748234 0 -0.93391991
vn 0.35748237 0 -0.93391997
vn 0.95502651 0 0.29652068
vn 0.95502645 0 0.29652062
vn -0.20055571 0 0.97968239
vn 0.16536024 0.88659132 -0.43198591
vn 0.16536024 0.88659137 -0.43198591
vn 0.16536026 0.88659132 -0.43198594
vn -0.90153289 -2.1900336e-05 -0.43271077
vn -0.90153289 -2.1900338e-05 -0.4327108
vn -0.90153289 -2.1900336e-05 -0.43271083
vn -0.35749114 0 0.93391651
vn 7.4122363e-06 1 1.1088008e-06
vn 0.98776251 0 0.15596589
vn 0.77393645 0 0.63326335
vn 0.77393639 0 0.63326329
vn 0.77393657 0 0.63326329
vn 0.058856957 0.98635495 -0.15375267
vn 2.8986628e-06 1 6.8546734e-07
vn 0.77394295 0 0.63325542
vn 0.98776257 0 0.15596525
vn 0.77395922 -2.0038815e-05 0.63323551
vn -0.35749164 -1.0240672e-05 0.93391639
vn -0.90153307 1.4170592e-05 -0.43271026
vn 0.95502323 0 0.29653123
vn 0.95502317 0 0.29653126
vn -0.9904685 0 -0.13773984
vn -0.99046844 0 -0.13773982
vn -0.9904778 0 -0.13767315
vn -0.9904778 0 -0.13767317
vn -0.99046922 0 -0.13773458
vn 0.95502549 0 0.29652369
vn 0.95502561 0 0.29652369
vn 0.95502567 0 0.29652351
vn 0.95502555 0 0.29652342
vn -0.99047232 0 -0.13771242
vn -0.99047232 0 -0.13771243
vn 0.95502633 2.502296e-05 0.29652101
vn 0.95502639 2.502296e-05 0.29652101
vn 0.95502633 2.502296e-05 0.29652104
vn -0.9904694 0 -0.13773304
vn -0.99046946 0 -0.13773304
vn -0.9904694 0 -0.13773306
vn -0.14756152 -0.67419529 0.72366178
vn -0.18736123 0.85165071 0.48947623
vn -0.18736123 0.85165071 0.48947626
vn -0.18736123 0.85165066 0.4894762
vn 0.99995464 -4.0307924e-07 -0.0095301904
vn 0.9999547 -1.1302124e-06 -0.0095219202
vn 0.99995458 -2.8011195e-06 -0.0095308023
vn -0.013331912 0.96143913 -0.27469456
vn -0.013331909 0.96143907 -0.27469453
vn -0.013331912 0.96143919 -0.27469453
vn 0 0.92968571 -0.36835387
vn 0 0.92968571 -0.3683539
vn 0 0.92968565 -0.36835387
vn -5.7490359e-07 1 5.0144598e-07
vn 2.0196459e-05 1 -4.6908817e-06
vn 1.8182227e-06 1 -8.1059522e-07
vn 0.98154181 0 -0.19124763
vn 0.98154169 0 -0.19124837
vn 0.98154175 0 -0.19124842
vn 0.93109721 -1.2265298e-05 -0.36477113
vn 0.93109721 -1.2265299e-05 -0.36477116
vn 0.93109727 -1.22653e-05 -0.36477119
vn 0.9718082 1.9116422e-05 -0.23577291
vn 0.97180808 -1.530621e-05 -0.23577359
vn 0.97180814 1.5880378e-05 -0.23577346
vn 1.4963383e-07 1 -5.0037465e-07
vn -1.0641281e-06 1 -2.5926147e-07
vn 0.9008162 -4.0246169e-07 -0.43420056
vn 0.90081644 0 -0.43420038
vn 0.90081626 0 -0.43420056
vn 3.0649222e-10 1 -1.2522526e-07
vn -9.6452425e-07 1 4.297523e-07
vn 0.50359982 0 0.86393702
vn 0.50359988 0 0.86393708
vn -0.99505836 0.09919785 0.0043401197
vn -0.9950583 0.099197857 0.0043401192
vn -0.99505836 0.099197857 0.0043401192
vn -1.6495129e-07 1 -4.5208492e-07
vn -1.1069549e-06 1 1.3846322e-07
vn -0.90058142 0.015536058 0.43440947
vn -0.90058154 0.015536434 0.43440944
vn -0.90058148 0.015536441 0.43440944
vn 1.8508999e-07 1 1.0093371e-06
vn -2.6732457e-07 1 -5.1116551e-08
vn 0.99995464 0 -0.0095347445
vn 0.99995464 0 -0.0095347436
vn -0.97910494 0.065363914 0.19256458
vn -0.979105 0.065363914 0.19256459
vn 0.50368959 2.0852125e-05 0.86388475
vn 0.50368023 1.8417799e-06 0.86389029
vn 0.50367922 0 0.86389077
vn -0.86415148 0 0.50323194
vn -0.86415142 0 0.50323188
vn 0.97021985 -0.057118874 -0.23539558
vn 0.97021979 -0.057118867 -0.23539554
vn 0.97021979 -0.05711887 -0.23539558
vn 0.93079555 -0.030729312 -0.36424628
vn 0.93079555 -0.030729314 -0.36424631
vn 0.93079549 -0.030729312 -0.36424634
vn -0.014903236 0.95153797 -0.30717018
vn -0.014903238 0.95153797 -0.30717021
vn -0.014903237 0.95153797 -0.30717018
vn -0.015371389 0.94838703 -0.31674254
vn -0.015371389 0.94838703 -0.31674251
vn -0.01537139 0.94838703 -0.31674251
vn -7.115691e-06 1 6.3273887e-07
vn -3.4328248e-06 1 5.7006423e-07
vn -2.2425511e-06 1 5.8909956e-07
vn -3.5879529e-07 1 -6.6927697e-07
vn -2.3830503e-06 1 -1.2304215e-08
vn -7.5108581e-08 1 -2.0477873e-07
vn 4.3151836e-06 1 -1.9020337e-06
vn 2.9230703e-06 1 -6.3798007e-07
vn 2.6432342e-06 1 -6.1457098e-07
vn -1.7423683e-06 1 1.0231562e-06
vn -8.3889208e-06 1 1.0525912e-06
vn -2.1572268e-06 1 2.3495474e-07
vn 2.194125e-06 1 -2.9220899e-07
vn 2.4927217e-06 1 -3.0295007e-07
vn 2.1421577e-06 1 -9.6403255e-07
vn 5.0326975e-08 1 -4.0278923e-07
vn -1.746432e-07 1 -3.3633978e-07
vn 2.2564855e-06 1 -9.9468718e-07
vn -0.97023326 0.056906812 0.23539133
vn -0.97023326 0.056906808 0.23539132
vn -0.9702332 0.056906804 0.2353913
vn 0.9788214 -0.065034218 -0.19411196
vn 0.97882134 -0.065034211 -0.19411193
vn 0.97882134 -0.065034203 -0.19411193
vn 0.50368464 0 0.86388767
vn 0.50368154 0 0.86388946
vn 0.50368446 0 0.86388779
vn 0.013173599 0.99500483 0.098954529
vn 0.013173598 0.99500477 0.098954521
vn 0.013173598 0.99500483 0.098954521
vn -4.3031721e-07 1 -1.4853631e-08
vn -2.3092537e-06 1 3.2422005e-07
vn 0.90046173 -0.015483471 -0.43465978
vn 0.9004572 -0.015629437 -0.43466377
vn 0.90046173 -0.015481168 -0.43465975
vn -0.99994874 0 -0.010124545
vn -0.90030003 4.8227334e-06 0.43527016
vn -0.90030056 -3.0483238e-07 0.43526897
vn -0.90029991 -8.6893651e-06 0.43527001
vn -0.93073064 0.030642785 0.36441967
vn -0.93073064 0.030642785 0.3644197
vn -0.93073064 0.030642787 0.3644197
vn -0.93138301 -2.3652686e-07 0.364041
vn -0.93138307 -1.0171046e-07 0.36404061
vn -0.93138272 -3.8157939e-08 0.36404181
vn 0.86371881 0 -0.50397402
vn 0.86371875 0 -0.50397402
vn 0.86371887 0 -0.50397408
vn -0.97180635 2.0270011e-06 0.23578054
vn -0.97180641 3.0880557e-07 0.23578015
vn -0.97180641 1.1597587e-07 0.23578036
vn -0.98028988 -6.9173956e-07 0.19756453
vn -0.9802897 1.0059706e-06 0.19756541
vn -0.98028964 4.4953977e-06 0.19756562
vn -0.99990326 0 -0.013909792
vn -0.99990332 0 -0.013909793
vn -0.99990332 0 -0.013909793
vn -6.9447381e-08 1 -1.4094509e-06
vn 6.6883722e-08 1 3.9121963e-07
vn 2.2212851e-05 1 -8.8637471e-06
vn -1.1471601e-05 1 2.7273104e-06
vn -6.9583216e-08 1 3.3030196e-07
vn -0.00012117776 0 -1
vn -8.4183543e-05 0 -1
vn -0.00011855354 0 -1
vn -0.015471868 0.94753981 -0.31926337
vn -0.015471866 0.94753975 -0.31926334
vn -0.015471867 0.94753975 -0.31926334
vn 0.50370622 2.3659037e-05 0.86387503
vn 0.50369233 6.1730684e-06 0.86388314
vn 0.50368738 0 0.863886
vn 0.50364929 0 0.86390823
vn 0.50365239 0 0.86390638
vn 0.50363225 0 0.86391824
vn 6.7016714e-08 1 5.8692844e-08
vn -8.9921457e-07 1 1.9963855e-07
vn -1.081223e-06 1 4.9059173e-07
vn -1.2355396e-06 1 2.104448e-07
vn -1.3274043e-06 1 -2.8085577e-07
vn -2.3537221e-07 1 -2.1143785e-07
vn 0 0.9296841 -0.36835808
vn 0 0.92968458 -0.36835679
vn 0 0.92968392 -0.3683584
vn -0.014357178 0.95511019 -0.29590294
vn -0.014357178 0.95511019 -0.29590297
vn -0.014357177 0.95511013 -0.29590294
vn 0 -0.99408185 0.10863411
vn 0 -0.9940818 0.10863411
vn 0 -0.9940818 0.10863409
vn 0.50367832 2.2038957e-05 0.8638913
vn 0.50367838 2.2038957e-05 0.86389136
vn 0.50367832 2.2038959e-05 0.86389136
vn 0.503699 -5.4159668e-06 0.86387932
vn 0.50370079 -6.1076953e-06 0.86387825
vn 0.50370038 0 0.86387849
vn -3.1100157e-05 -1.2853349e-05 -1
vn -5.7362158e-05 -1.2853956e-05 -1
vn -0.99994874 0 -0.010127419
vn -0.99994874 0 -0.010125487
vn -0.99994874 0 -0.01012544
vn -0.98028988 0 0.19756462
vn -0.98028976 7.3136794e-06 0.19756512
vn -0.98028976 0 0.19756509
vn -0.97180635 -9.5973546e-06 0.23578055
vn -0.97180635 -2.1921247e-07 0.23578072
vn -0.97180647 -7.0619585e-06 0.23578027
vn 0.86374158 -2.9957553e-05 -0.50393522
vn 0.86374152 -2.9957551e-05 -0.50393522
vn 0.86374158 -2.9957559e-05 -0.50393522
vn -0.93138278 6.547765e-08 0.36404139
vn -0.93138313 -1.4048432e-07 0.36404055
vn -0.9313826 -4.7965041e-06 0.36404184
vn -0.9003005 -1.9575828e-07 0.435269
vn -0.90029997 4.2005095e-07 0.43527001
vn -0.90030086 1.855854e-05 0.43526822
vn -0.99994874 0 -0.010124567
vn -0.99994874 0 -0.010124566
vn -0.99994874 0 -0.010124568
vn 0.50368696 0 0.8638863
vn 0.99966401 0 -0.025920518
vn 0.99966401 0 -0.025920676
vn 0.99966401 0 -0.025920549
vn 0 -0.99362117 0.11276995
vn 0 -0.99362111 0.11276994
vn 0 -0.99362111 0.11276993
vn -0.86424065 0 0.5030787
vn -0.86424071 0 0.50307876
vn 0.50368345 -6.3221655e-06 0.86388832
vn 0.50368714 -1.8428671e-05 0.86388624
vn 0.50368309 -4.9422229e-06 0.86388856
vn 0.99995458 0 -0.009534725
vn 0.50357485 -2.5515548e-05 0.86395168
vn 0.50357485 -2.5515545e-05 0.86395162
vn 0.50357491 -2.551555e-05 0.86395168
vn 0.90081644 -5.8793321e-09 -0.43420038
vn 0.90081632 -2.1069381e-07 -0.43420058
vn 0.97180825 1.1575278e-07 -0.23577294
vn 0.97180802 7.7294299e-06 -0.235774
vn 0.93109745 -1.9696688e-05 -0.36477077
vn 0.93109739 -2.4206754e-06 -0.36477089
vn 0.93109733 -5.3520844e-06 -0.36477089
vn 0.98154163 -2.0670734e-05 -0.19124898
vn 0.98154163 -2.0670735e-05 -0.19124903
vn 0.98154157 -2.0670735e-05 -0.19124897
vn 0 -0.85901743 -0.5119465
vn 0 -0.85901743 -0.51194644
vn 0 -0.85901737 -0.51194644
vn 0.99995464 3.1122645e-06 -0.0095297461
vn 0.99995476 7.9028086e-06 -0.0095219128
vn -0.12674083 1.3103553e-07 -0.99193597
vn -0.12674734 1.8558785e-05 -0.99193513
vn -0.12674595 2.276247e-07 -0.99193525
vn -0.12675345 1.3776064e-06 -0.9919343
vn -0.12674463 1.4936193e-05 -0.99193537
vn -0.12674659 -8.7245758e-07 -0.99193519
vn -0.12674478 1.5938989e-05 -0.99193543
vn -0.12673913 -3.2868907e-12 -0.99193609
vn 2.5917875e-06 -0.99489814 0.10088495
vn 2.5917871e-06 -0.99489814 0.10088496
vn 2.5917871e-06 -0.99489808 0.10088494
vn -0.99985224 1.7506149e-05 0.01719163
vn -0.99985224 5.4998128e-07 0.017191594
vn -0.99985224 0 0.017191576
vn 0 -0.36068141 -0.93268913
vn 0 -0.36068141 -0.93268907
vn 0 -0.36069459 -0.93268406
vn 0 -0.3606945 -0.932684
vn 0 -0.36069453 -0.93268406
vn 0 -0.94148612 0.33705184
vn 0 -0.94148618 0.3370519
vn 0 -0.94148612 0.3370519
vn 5.540492e-10 -0.94148517 0.3370547
vn 2.4983238e-09 -0.94148505 0.33705494
vn 2.6457101e-09 -0.94148505 0.33705497
vn 0.49737063 -0.31292018 -0.80913752
vn 0.49737057 -0.31292018 -0.80913752
vn -0.9998523 0 0.017191648
vn -0.99985224 0 0.017191617
vn -0.12674844 -3.5231517e-06 -0.9919349
vn -0.12673992 -2.9735249e-06 -0.99193609
vn -0.12675166 -3.1332502e-06 -0.99193454
vn -0.12674697 -3.7322432e-06 -0.99193519
vn -0.12674432 -3.0700594e-06 -0.99193549
vn 0.99995476 -1.137597e-06 -0.0095219193
vn 0.9999547 -1.450656e-06 -0.009521856
vn 0.99995476 -2.9486823e-06 -0.0095218495
vn 0 -2.3569975e-13 -1
vn 0 -1.7651317e-05 -1
vn 0.98154175 0 -0.19124825
vn 0.98154175 0 -0.19124836
vn 0.98154169 0 -0.19124822
vn 0.93109751 0 -0.36477035
vn 0.93109757 0 -0.36477041
vn 0.93109751 0 -0.36477032
vn 0.97180814 3.2127247e-07 -0.23577319
vn 0.97180802 3.3928889e-06 -0.23577376
vn 0.9008162 0 -0.43420061
vn 0.90081644 0 -0.4342002
vn 0.50359327 5.7257589e-06 0.86394089
vn 0.50360858 0 0.86393201
vn 0.50359321 5.7257676e-06 0.86394089
vn 0.99995458 0 -0.0095346766
vn 0.99995464 0 -0.0095346766
vn 0.5036853 0 0.86388725
vn 0.50368524 0 0.86388725
vn -0.86419213 0 0.50316203
vn -0.86419213 0 0.50316209
vn -0.86419219 0 0.50316203
vn 0.99966407 6.3566546e-08 -0.02592038
vn 0.99966407 4.5082125e-09 -0.025920402
vn 0.99966401 3.1783021e-08 -0.025920376
vn 0.50368387 0 0.86388803
vn 0.50368392 0 0.86388808
vn -0.00018014185 -4.1935827e-10 -1
vn -0.00023010888 4.1908543e-10 -1
vn 0.50369954 0 0.86387897
vn 0.50369912 0 0.86387914
vn 0.50362957 0 0.86391979
vn 0.50362951 0 0.86391979
vn 0.50362951 0 0.86391968
vn -0.99990332 0 -0.013909767
vn -0.99990332 0 -0.013909768
vn -0.99990332 0 -0.01390977
vn -0.97180641 -2.2785134e-07 0.23578028
vn 0.86374462 2.6148389e-05 -0.50392985
vn 0.86374456 2.6148387e-05 -0.50392979
vn 0.86374462 2.6148389e-05 -0.50392979
vn -0.93138295 7.4996144e-08 0.364041
vn -0.90030032 -2.2424645e-07 0.4352695
vn -0.99994874 0 -0.010124466
vn -0.9999488 0 -0.010124465
vn 0.99995476 0 -0.0095219873
vn 0.99995476 0 -0.0095219864
vn -0.013332202 -0.96144187 -0.2746852
vn -0.0133322 -0.96144181 -0.27468517
vn -0.013332201 -0.96144187 -0.2746852
vn 0 -0.92968571 -0.3683539
vn 0 -0.92968571 -0.36835387
vn 0 -0.92968565 -0.36835387
vn -2.0517875e-05 -1 3.6212753e-06
vn -1.6059365e-06 -1 -1.030866e-06
vn -2.3167568e-06 -1 9.7549652e-08
vn 0.98154181 2.2414994e-05 -0.19124763
vn 0.98154187 5.9023444e-07 -0.19124775
vn 0.98154193 2.2129248e-05 -0.1912476
vn 0.93109757 -3.2140601e-05 -0.36477041
vn 0.93109751 3.2651464e-05 -0.36477065
vn 0.93109733 5.7163161e-06 -0.36477074
vn 0.97180808 1.6107686e-05 -0.23577352
vn 0.97180796 0 -0.23577397
vn 0.97180802 1.1807768e-06 -0.235774
vn -2.8495032e-07 -1 5.123535e-08
vn 0.90081632 0 -0.43420058
vn 0.90081602 0 -0.434201
vn 0.90081626 0 -0.43420067
vn 9.2839548e-07 -1 -1.5220105e-07
vn -3.0556802e-10 -1 -1.4301827e-07
vn 0.50359964 1.4506172e-05 0.86393714
vn 0.50359976 2.06558e-05 0.86393708
vn 0.50360006 3.5161993e-05 0.86393702
vn 9.6452413e-07 -1 -4.4004383e-07
vn 1.6493784e-07 -1 4.4677662e-07
vn -0.90058118 -0.015554475 0.43440974
vn -0.90058106 -0.015554475 0.43440977
vn -0.90058112 -0.015554476 0.4344098
vn 1.6064145e-07 -1 -7.8180898e-07
vn -2.3571185e-06 -1 -1.087076e-06
vn 0.99995458 1.9987931e-05 -0.0095347324
vn 0.99995464 1.9465906e-06 -0.0095347827
vn 0.99995458 2.1934336e-05 -0.0095347259
vn 0.9949702 0.10017158 0.00041012448
vn 0.99497014 0.10017158 0.00041012446
vn 0.99497014 0.10017157 0.00041012443
vn -0.97910577 -0.065351263 0.19256501
vn -0.97910577 -0.065351263 0.19256499
vn -0.97910571 -0.065351255 0.19256499
vn 0.50368273 2.6054768e-05 0.86388874
vn 0.50368625 2.3013163e-06 0.86388665
vn 0.50368237 2.8356098e-05 0.86388904
vn -0.86418182 -6.0838693e-06 0.50317967
vn -0.86418188 -6.0838697e-06 0.50317973
vn -0.86418188 -6.0838697e-06 0.50317967
vn 0.97023332 0.056907453 -0.23539102
vn 0.97023326 0.056907445 -0.23539102
vn 0.97023326 0.056907445 -0.23539101
vn 0.9307974 0.030685734 -0.36424547
vn 0.9307974 0.030685736 -0.36424547
vn 0.93079734 0.03068573 -0.36424547
vn -0.014899381 -0.95153916 -0.3071667
vn -0.014899383 -0.95153916 -0.30716676
vn -0.0153692 -0.94838685 -0.31674314
vn -0.015369199 -0.94838685 -0.31674314
vn 2.8853954e-06 -1 -1.2302712e-06
vn 2.5274021e-06 -1 -9.1658399e-07
vn 2.0698437e-06 -1 -1.2017881e-06
vn 2.1996409e-07 -1 2.1523532e-07
vn 2.2422246e-06 -1 -4.6622412e-07
vn 7.510905e-08 -1 1.6338043e-07
vn -4.3151945e-06 -1 1.9381971e-06
vn -2.9230578e-06 -1 6.9858015e-07
vn 2.1155306e-06 -1 -1.2546849e-06
vn 1.8683023e-06 -1 -1.0803357e-06
vn 1.9684453e-06 -1 -7.86736e-07
vn -2.1240924e-06 -1 5.2859872e-07
vn 2.166933e-06 -1 -7.9532373e-07
vn -4.3623209e-06 -1 1.7494364e-06
vn -2.7146294e-07 -1 4.2678073e-07
vn -4.4645703e-06 -1 1.8004575e-06
vn -2.5555105e-06 -1 5.5620228e-07
vn -0.97023612 -0.056855779 0.23539208
vn -0.97023606 -0.056855772 0.23539203
vn -0.97023612 -0.056855783 0.23539208
vn 0.97881579 0.065110937 -0.1941141
vn 0.97881585 0.065110944 -0.19411412
vn 0.97881579 0.065110944 -0.1941141
vn 0.50367165 0 0.86389518
vn 0.50367165 0 0.8638953
vn 0.50367159 0 0.86389524
vn 0.013173778 -0.99500459 0.098956034
vn 0.013173779 -0.99500459 0.098956026
vn 0.013173779 -0.99500465 0.098956041
vn 2.0228799e-07 -1 -1.3715837e-06
vn 0.90046138 0.01548995 -0.43466035
vn 0.90045732 0.015629733 -0.43466362
vn 0.90045726 0.015631938 -0.43466365
vn -0.99994874 0 -0.01012448
vn -0.9999488 0 -0.010124471
vn -0.9999488 0 -0.010124482
vn -0.9003005 8.2747965e-07 0.43526891
vn -0.90030015 1.1948981e-05 0.43526983
vn -0.93073052 -0.030644346 0.36441982
vn -0.93073046 -0.03064434 0.36441979
vn -0.93073052 -0.03064434 0.36441982
vn -0.93138301 7.0421661e-06 0.364041
vn -0.93138313 0 0.36404046
vn 0.86374271 0 -0.50393319
vn 0.86374265 0 -0.50393313
vn -0.97180629 0 0.23578066
vn -0.97180629 0 0.23578064
vn -0.98028988 0 0.19756466
vn -0.98028982 0 0.19756535
vn -0.99990326 6.0518046e-06 -0.013909842
vn -0.99990332 6.0518059e-06 -0.013909844
vn -0.99990332 6.0518046e-06 -0.013909842
vn 2.3092418e-05 -1 8.774187e-07
vn -1.9716586e-07 -1 -1.3489293e-06
vn -2.2212911e-05 -1 9.194423e-06
vn -2.6432176e-06 -1 6.7371627e-07
vn 1.1329789e-05 -1 -3.308304e-06
vn -1.0026825e-07 -1 -9.8703549e-07
vn -8.4155559e-05 0 -1
vn -0.00012115578 0 -1
vn -0.0001184956 0 -1
vn -0.015453232 -0.94754159 -0.31925899
vn -0.015453232 -0.94754159 -0.31925896
vn -0.015453232 -0.94754153 -0.31925899
vn 0.50371128 -1.0889255e-05 0.86387217
vn 0.50371128 -1.0889255e-05 0.86387205
vn 0.50364923 -8.1968096e-07 0.86390823
vn 0.50365245 -5.5808882e-06 0.86390638
vn 0.50366992 -3.1649273e-05 0.86389631
vn -2.4567214e-06 -1 -1.0642238e-07
vn -1.0950012e-06 -1 -5.4277012e-07
vn 9.649076e-07 -1 -4.5346763e-07
vn 2.1898323e-07 -1 3.5949348e-08
vn 1.189174e-06 -1 -1.3784963e-07
vn 7.2905188e-08 -1 -3.2262494e-07
vn 5.5794876e-06 -0.92969346 -0.36833429
vn 4.0297537e-06 -0.9296934 -0.36833429
vn 3.7766144e-06 -0.92969352 -0.36833429
vn -0.014361669 -0.9551087 -0.29590768
vn -0.01436167 -0.9551087 -0.29590768
vn 0 0.99408162 0.10863558
vn 0 0.99408168 0.10863559
vn 0 0.99408174 0.10863559
vn 0.50365084 2.3226257e-06 0.8639074
vn 0.5036397 3.26388e-06 0.86391377
vn 0.50361246 5.5866594e-06 0.86392975
vn 0.50369185 1.1677232e-06 0.8638835
vn 0.50369495 2.2653965e-06 0.86388165
vn 0.5036881 9.6267659e-06 0.86388564
vn -3.1085085e-05 1.2853514e-05 -1
vn -5.7332483e-05 1.2853459e-05 -1
vn -0.9999488 2.0849704e-05 -0.010127678
vn -0.9999488 2.5537909e-06 -0.01012753
vn -0.99994874 2.3403583e-05 -0.010127696
vn -0.9802897 2.1631797e-05 0.19756548
vn -0.98028988 1.2267438e-06 0.19756483
vn -0.98028964 2.8687708e-05 0.19756588
vn -0.97180653 0 0.23577988
vn -0.97180641 0 0.23578045
vn -0.97180629 0 0.23578069
vn 0.86374146 0 -0.50393522
vn 0.86374158 0 -0.50393522
vn 0.86374152 0 -0.50393522
vn -0.93138254 0 0.36404204
vn -0.93138295 0 0.36404103
vn -0.93138307 0 0.36404049
vn -0.90030092 0 0.43526828
vn -0.90030038 0 0.43526915
vn -0.90030015 0 0.4352698
vn -0.99994874 -4.1932444e-06 -0.010124567
vn -0.99994874 -4.193244e-06 -0.010124568
vn -0.9999488 -4.193244e-06 -0.010124568
vn 0.5036779 0 0.86389154
vn 0.99923712 0.033553161 -0.019985633
vn 0.99923718 0.033553168 -0.019985639
vn 0 0.99362093 0.11277145
vn 0 0.99362093 0.11277144
vn -0.86418682 5.3103045e-06 0.50317109
vn -0.86418682 5.310304e-06 0.50317109
vn 0.50368536 -1.0958955e-05 0.86388719
vn 0.50368637 -1.8386952e-06 0.86388665
vn 0.50368804 0 0.86388576
vn 0.99995458 -1.9145575e-05 -0.0095346831
vn 0.99995464 -6.9833902e-07 -0.0095346719
vn 0.99995458 -1.1301314e-05 -0.0095346784
vn 0.50357491 -5.1766165e-06 0.86395168
vn 0.50357485 -5.176616e-06 0.86395156
vn 0.50357485 -5.176616e-06 0.86395162
vn 0.90081632 0 -0.43420038
vn 0.90081638 0 -0.4342005
vn 0.97180814 -3.0167497e-05 -0.23577312
vn 0.97180814 -3.0167497e-05 -0.23577313
vn 0.93109733 -1.9696687e-05 -0.36477086
vn 0.98154157 -2.0670734e-05 -0.191249
vn 0.98154157 -2.0670735e-05 -0.191249
vn 0.98154163 -2.0670735e-05 -0.19124901
vn 0 0.85900682 -0.51196432
vn 0 0.85900676 -0.51196432
vn 0.99995476 0 -0.0095218029
vn 0.9999547 0 -0.0095218029
vn -0.12674622 1.7163689e-05 -0.99193519
vn -0.12674133 4.2075671e-06 -0.99193585
vn -0.12674664 4.7210269e-06 -0.99193519
vn -0.12674981 1.7714594e-05 -0.99193478
vn -0.12675671 3.9992065e-06 -0.99193388
vn -0.126754 5.188569e-06 -0.9919343
vn -0.12673791 1.6330841e-05 -0.99193627
vn -0.12674189 4.4631947e-06 -0.99193573
vn -3.4563575e-06 0.99489862 0.10088022
vn -3.4563568e-06 0.99489856 0.10088021
vn -3.4563573e-06 0.99489862 0.10088022
vn -0.99985224 -9.2645669e-06 0.017191591
vn -0.99985224 6.9069729e-06 0.0171916
vn 0 0.36067411 -0.93269193
vn 0 0.36066002 -0.93269736
vn 0 0.36067328 -0.93269223
vn 0 0.36067352 -0.93269217
vn 0 0.36067337 -0.93269217
vn 0 0.94148481 0.33705556
vn 0 0.94148481 0.33705553
vn 0 0.94147605 0.33708018
vn 0 0.94147599 0.33708018
vn 0 0.94147599 0.33708021
vn -5.785646e-06 0.94148391 0.33705804
vn -9.5551923e-07 0.94147646 0.33707881
vn -6.7410738e-06 0.94148535 0.33705389
vn 0.40770891 0 -0.91311204
vn 0.40770888 0 -0.91311198
vn 0.40770894 0 -0.91311204
vn 0 -0.92969346 -0.36833438
vn -0.99985224 0 0.017191624
vn -0.99985224 0 0.017191611
vn 0.9999547 0 -0.0095219277
vn 0.99995464 0 -0.0095218439
vn 0 1.7651004e-05 -1
vn 0.98154169 0 -0.19124812
vn 0.93109769 -1.0261278e-05 -0.36477005
vn 0.93109751 -6.6698084e-07 -0.36477053
vn 0.93109751 0 -0.36477059
vn 0.97180814 0 -0.23577341
vn 0.50357795 1.1451608e-05 0.86394989
vn 0.99995452 0 -0.0095347669
vn 0.99995464 0 -0.0095347697
vn 0.99995458 0 -0.0095347688
vn 0.50368297 9.2349137e-06 0.86388856
vn 0.50368303 9.2349155e-06 0.86388862
vn -0.86430877 -1.9805173e-06 0.50296181
vn -0.86430871 -1.980517e-06 0.50296181
vn -0.86430877 -1.980517e-06 0.50296181
vn 0.99966401 0 -0.02592038
vn 0.50368124 -5.5987052e-06 0.86388963
vn 0.50367922 -4.9861537e-06 0.86389077
vn 0.50368011 1.7355612e-06 0.86389023
vn 0.50371212 -3.5463747e-06 0.86387163
vn 0.50371206 -3.5463752e-06 0.86387163
vn 0.50371206 -3.546375e-06 0.86387163
vn 0.50367641 -1.0307381e-05 0.86389244
vn 0.50367641 -1.0307383e-05 0.86389244
vn 0.50367635 -1.0307383e-05 0.86389244
vn -0.9999103 0.011504889 -0.0068659694
vn -0.99991024 0.011504889 -0.0068659694
vn -0.99991024 0.011504889 -0.0068659689
vn -0.98028982 1.3697342e-05 0.19756518
vn -0.98028988 -2.0683823e-05 0.19756472
vn -0.97180647 0 0.23578005
vn 0.86374658 0 -0.50392652
vn 0.86374652 0 -0.50392652
vn 0.86374664 0 -0.50392652
vn -0.93138278 0 0.36404154
vn -0.90030056 0 0.43526885
vn -0.9999488 3.6600716e-06 -0.010124578
vn -0.9999488 3.2625562e-07 -0.010124478
vn -0.9999488 3.4361362e-06 -0.01012457
vn 0.9999547 0 -0.0095219398
vn 0 0.96218753 -0.2723878
vn 0 0.96218759 -0.27238786
vn 0.98154181 0 -0.1912476
vn 0.93109781 0 -0.36476964
vn 0.93109787 0 -0.3647697
vn 0.9718079 -3.4561617e-05 -0.23577408
vn 0.90081608 0 -0.43420103
vn 0.50359988 2.9231473e-05 0.86393708
vn 0.50359982 2.9231471e-05 0.86393702
vn -0.90058154 0.015536054 0.43440953
vn -1.0686502e-05 1 -9.4779686e-08
vn 0.99496365 -0.10023532 0.00041037079
vn 0.99496371 -0.10023533 0.00041037085
vn 0.99496371 -0.10023532 0.00041037079
vn -0.97912264 0.065132059 0.19255298
vn -0.9791227 0.065132059 0.19255297
vn -0.97912264 0.065132067 0.19255297
vn 0.50369054 2.2693876e-05 0.86388421
vn -0.86425894 0 0.50304717
vn -0.864259 0 0.50304711
vn 0.9702363 -0.05685845 -0.23539077
vn 0.9702363 -0.056858458 -0.23539077
vn 0.9702363 -0.056858446 -0.23539075
vn 0.93079728 -0.030686086 -0.36424571
vn 0.93079722 -0.030686086 -0.36424571
vn 0.93079722 -0.030686088 -0.36424568
vn 0 0.95521104 -0.29592559
vn 0 0.95521098 -0.29592562
vn 0 0.95521098 -0.29592559
vn 0 0.95162392 -0.3072651
vn 0 0.95162398 -0.3072651
vn 1.1981875e-07 1 2.5521456e-06
vn -0.97022098 0.057098869 0.23539583
vn -0.97022092 0.057098873 0.23539582
vn -0.97022086 0.057098862 0.23539582
vn 0.97881556 -0.065114141 -0.19411418
vn 0.97881562 -0.065114141 -0.19411418
vn 0.97881562 -0.065114141 -0.19411419
vn 0.50368184 0 0.86388922
vn 0.5036819 0 0.86388922
vn 0.0046024229 0.99547613 0.094900854
vn 0.0046024229 0.99547619 0.094900861
vn 0.0046024225 0.99547619 0.094900854
vn 0 1 2.8073035e-08
vn 0.90045714 -0.015631739 -0.4346638
vn -0.9999488 0 -0.010124485
vn -0.99994874 0 -0.010124476
vn -0.90030062 0 0.43526885
vn -0.9307307 0.030643569 0.36441943
vn -0.9307307 0.030643571 0.36441943
vn -0.93138307 5.3095405e-06 0.36404058
vn 0.86375177 0 -0.50391757
vn 0.86375177 0 -0.50391752
vn -0.97180635 0 0.23578057
vn -0.98029 7.7577752e-06 0.19756442
vn -0.99990326 0 -0.013909901
vn -0.99990332 0 -0.013909904
vn -0.99990326 0 -0.013909902
vn -5.98882e-05 0 -1
vn 0 0.94845873 -0.31690061
vn 0 0.94845879 -0.31690064
vn 0 0.94845873 -0.31690067
vn 0.5037111 2.9831866e-05 0.86387217
vn 0.50366956 0 0.86389649
vn 0 0.92968464 -0.36835647
vn -2.351999e-06 0.9615584 -0.27460074
vn -2.351999e-06 0.96155834 -0.27460074
vn -2.3519992e-06 0.9615584 -0.27460077
vn 0.014373302 -0.99354845 0.11249395
vn 0.014373304 -0.99354851 0.11249396
vn 0.014373305 -0.99354851 0.11249396
vn 0.50361222 -2.2039922e-05 0.86392993
vn 0.50361222 -2.203992e-05 0.86392981
vn 0.50361228 -2.2039923e-05 0.86392987
vn 0.50369465 -2.6039477e-05 0.86388171
vn -0.99994874 0 -0.01012751
vn -0.99994874 0 -0.010127509
vn -0.98028994 -2.220348e-05 0.19756469
vn 0.86368853 0 -0.504026
vn 0.86368847 0 -0.504026
vn 0.86368853 0 -0.50402606
vn 0.50367779 0 0.8638916
vn 0.50367779 0 0.86389172
vn 0.99923682 -0.033561151 -0.019985128
vn 0.99923688 -0.033561155 -0.01998513
vn 0.99923682 -0.033561159 -0.019985128
vn 0.01482527 -0.99313509 0.11603057
vn 0.014825271 -0.99313509 0.11603058
vn 0.01482527 -0.99313504 0.11603057
vn -0.86422044 0 0.50311339
vn -0.86422044 0 0.50311345
vn 0.5036875 -1.9808575e-05 0.86388606
vn 0.50361288 0 0.86392945
vn 0.50361294 0 0.86392951
vn 0.93109769 3.0402569e-05 -0.36477005
vn 0.93109769 3.0402569e-05 -0.36477003
vn 0.93109775 3.0402571e-05 -0.36477003
vn 0.98154199 0 -0.19124722
vn 0.98154193 0 -0.19124718
vn 0.98154199 0 -0.19124721
vn 0 -0.85903531 -0.51191646
vn 0 -0.85903531 -0.51191634
vn 0 -0.85903537 -0.5119164
vn 0.99995476 0 -0.0095218373
vn 0.9999547 0 -0.0095218364
vn 0.9999547 0 -0.0095218383
vn -0.12674189 1.5218769e-05 -0.99193579
vn -0.12674463 2.0005989e-05 -0.99193537
vn 0.013843938 -0.99401665 0.10834791
vn 0.01384394 -0.99401671 0.10834792
vn 0.01384394 -0.99401671 0.10834792
vn 0 -0.36070704 -0.93267924
vn 0 -0.36070704 -0.93267918
vn 0 -0.36070707 -0.93267918
vn 0 -0.36069605 -0.93268347
vn 0 -0.36069599 -0.93268347
vn 0 -0.36069602 -0.93268353
vn 0 -0.94148481 0.33705556
vn 0 -0.94148517 0.33705473
vn 0.40769964 0 -0.91311616
vn 0.4076997 0 -0.91311616
vn 0.40769964 0 -0.9131161
vn 0 0.92968434 -0.36835742
vn 0 0.92968428 -0.36835742
vn 0 -1.7651315e-05 -1
vn 0.98154169 0 -0.19124836
vn 0.93109739 0 -0.36477089
vn 0.50358015 0 0.86394852
vn 0.99995458 0 -0.0095348656
vn 0.99995464 0 -0.0095348665
vn 0.99995458 0 -0.0095348665
vn -0.86425984 0 0.50304586
vn -0.86425972 0 0.50304592
vn -0.86425978 0 0.50304592
vn 0.99966401 0 -0.025920497
vn 0.50367725 0 0.86389196
vn 0.50365406 0 0.86390555
vn -0.99991024 -0.011505076 -0.0068657575
vn -0.9999103 -0.011505076 -0.0068657571
vn -0.9999103 -0.011505075 -0.0068657571
vn 0.86372197 0 -0.50396866
vn 0.86372209 0 -0.50396866
vn -0.99994874 0 -0.010124555
vn -0.9999488 0 -0.010124557
vn 0.99995476 0 -0.0095220255
vn 0.9999547 0 -0.0095220245
vn 0 -0.9621926 -0.27237025
vn 0 -0.96219254 -0.27237019
vn 0 -0.96219254 -0.27237022
vn 0 -0.92968583 -0.36835372
vn 0 -0.92968577 -0.36835372
vn 0.98154169 0 -0.1912483
vn 0.93109751 -3.483082e-05 -0.36477038
vn 0.97180825 0 -0.235773
vn 0.90081638 0 -0.43420035
vn 0.50359941 0 0.86393726
vn -0.99505824 -0.09919852 0.0043396517
vn -0.99505824 -0.099198528 0.0043396517
vn -0.99505818 -0.099198528 0.0043396517
vn -0.90058184 -0.015536829 0.43440881
vn -0.90058184 -0.015536829 0.43440887
vn -0.90058178 -0.015536829 0.43440884
vn 1.068641e-05 -1 9.4779686e-08
vn 0.99995464 0 -0.0095347883
vn -0.97912288 -0.065128855 0.19255318
vn -0.97912294 -0.065128855 0.19255321
vn -0.97912288 -0.065128848 0.19255316
vn 0.50368661 0 0.86388648
vn -0.8641963 0 0.50315493
vn -0.86419618 0 0.50315493
vn -0.86419624 0 0.50315493
vn 0.97022372 0.057047911 -0.23539641
vn 0.97022372 0.057047907 -0.23539639
vn 0.97022372 0.057047907 -0.23539641
vn 0.93079579 0.030732892 -0.36424544
vn 0.93079579 0.030732892 -0.3642455
vn 0.93079585 0.030732896 -0.3642455
vn 0 -0.95520973 -0.29593003
vn 0 -0.95520967 -0.29593003
vn 0 -0.95520973 -0.29593
vn 0 -0.9516266 -0.30725703
vn 0 -0.95162666 -0.30725706
vn -6.4271571e-06 -1 -2.5521456e-06
vn 1.746423e-07 -1 2.802872e-07
vn -0.97022116 -0.057094514 0.23539567
vn -0.97022122 -0.057094522 0.23539568
vn -0.97022122 -0.057094518 0.23539568
vn 0.97882104 0.065037824 -0.19411199
vn 0.9788211 0.065037824 -0.19411202
vn 0.97882104 0.065037824 -0.194112
vn 0.50367129 0 0.86389548
vn 0.50367129 0 0.86389542
vn 0.50367123 0 0.86389536
vn 0.0046135415 -0.99547553 0.094906852
vn 0.0046135415 -0.99547547 0.094906844
vn 0.0046135411 -0.99547547 0.094906837
vn -1.8329716e-07 -1 -1.4176879e-06
vn 0.90046138 0.015487743 -0.43466029
vn -0.93073022 -0.030643653 0.36442041
vn -0.93073028 -0.030643657 0.36442047
vn -0.93073028 -0.030643653 0.36442041
vn 0.86369169 0 -0.50402051
vn -0.99990332 0 -0.013909644
vn -0.99990332 0 -0.013909641
vn -0.99990326 0 -0.013909642
vn -5.9888192e-05 0 -1
vn -8.3909559e-05 -0.94845766 -0.31690389
vn -8.3909552e-05 -0.94845766 -0.31690389
vn 0.50368887 2.9832316e-05 0.86388516
vn 0.50368887 2.9832318e-05 0.86388522
vn 0.50363183 2.5249767e-05 0.86391836
vn 0 -1 2.6305599e-08
vn 0 -0.92968386 -0.3683584
vn 0 -0.92968392 -0.3683584
vn 7.0559872e-06 -0.96156168 -0.2745893
vn 7.0559859e-06 -0.96156162 -0.27458927
vn 0.014373302 0.99354839 0.11249541
vn 0.014373302 0.99354833 0.1124954
vn 0.014373301 0.99354833 0.11249541
vn 0.5036782 0 0.86389142
vn 0.50371414 -2.6039139e-05 0.86387038
vn 0.86382335 0 -0.50379491
vn 0.86382335 0 -0.50379485
vn 0.86382341 0 -0.50379485
vn 0.50367779 4.8211514e-05 0.8638916
vn 0.50367773 4.821151e-05 0.86389166
vn 0.50367779 4.8211517e-05 0.86389172
vn 0.99966407 0 -0.025920363
vn 0.99966401 0 -0.025920263
vn 0.014827901 0.99313474 0.11603206
vn 0.014827901 0.9931348 0.11603206
vn 0.014827902 0.99313486 0.11603207
vn -0.86420137 3.8642524e-05 0.50314617
vn -0.86420131 3.864252e-05 0.50314611
vn -0.86420137 3.864252e-05 0.50314611
vn 0.50368309 -1.9808789e-05 0.86388862
vn 0.99995458 0 -0.0095347399
vn 0.99995458 0 -0.0095347408
vn 0.50361294 -2.5514892e-05 0.86392945
vn 0.50361288 -2.551489e-05 0.86392945
vn 0.97180796 3.0167603e-05 -0.23577397
vn 0.93109775 -6.2695999e-12 -0.36477003
vn 0.98154199 0 -0.19124731
vn 0 0.85902464 -0.51193428
vn 0 0.85902458 -0.51193434
vn 0.99995476 0 -0.0095220422
vn 0.9999547 0 -0.0095220422
vn 0.99995464 0 -0.0095220413
vn -0.12674198 1.5218777e-05 -0.99193579
vn -0.1267598 1.3337521e-05 -0.99193347
vn 0.013845808 0.99401653 0.10834931
vn 0.013845807 0.99401653 0.1083493
vn 0 0.36068583 -0.9326874
vn 0 0.36068583 -0.93268746
vn 0 0.36068586 -0.93268746
vn 0 0.94147587 0.33708036
vn 0 0.94147593 0.33708036
vn 0 0.94147497 0.33708286
vn 0.49737599 0.31290072 -0.80914176
vn 0.49737602 0.31290072 -0.80914176
vn 0.49737597 0.31290069 -0.8091417
vn -0.9998523 0 0.01719158
vn 0.99995476 0 -0.0095220311
vn 0 1.7651006e-05 -1
vn 0.98154169 0 -0.19124834
vn 0.97180808 0 -0.23577341
vn 0.50360626 0 0.86393332
vn 0.50360632 0 0.86393338
vn 0.99995464 0 -0.00953467
vn 0.50368851 0 0.86388534
vn -0.86413217 0 0.50326496
vn -0.86413217 0 0.50326502
vn 0.50368124 -1.7988295e-05 0.86388958
vn 0.5036903 9.7156862e-06 0.86388427
vn 0.50360268 8.2234274e-06 0.86393541
vn 0.50360274 8.2234283e-06 0.86393547
vn -0.99990332 0 -0.013909773
vn -0.99990326 0 -0.013909773
vn -0.99990326 0 -0.013909774
vn -0.98028994 -4.1583964e-05 0.19756468
vn 0.86380029 0 -0.50383431
vn 0.86380029 0 -0.50383437
vn 0.86380035 0 -0.50383437
vn -0.9999488 0 -0.010124468
vn -0.87301475 0 0.48769388
vn -0.87300873 0 0.48770466
vn -0.87301522 0 0.48769298
vn 1.5383769e-06 -1 -5.6262792e-07
vn 4.7334302e-06 -1 6.4561714e-06
vn 1.3928743e-06 -1 -8.8226415e-07
vn 0.87300766 -3.6624469e-06 -0.48770651
vn 0.87300771 -3.6624472e-06 -0.48770654
vn 0.87300771 -3.6624472e-06 -0.48770657
vn -5.1589655e-06 1 -5.5224968e-06
vn -1.1128401e-06 1 2.9952315e-07
vn -5.3432213e-06 1 -5.7876264e-06
vn 0.48768684 0 0.87301868
vn 0.48768619 0 0.87301904
vn 0.48768544 0 0.87301952
vn -0.48768649 0 -0.87301886
vn -0.48768681 0 -0.87301868
vn -0.4876872 0 -0.87301844
vn -0.87300825 0 0.4877055
vn 4.8789311e-06 -1 6.7758024e-06
vn 0.87301522 0 -0.48769304
vn 0.87301517 0 -0.48769304
vn 0.87301528 0 -0.48769304
vn -9.2858488e-07 1 5.6465024e-07
vn 0.48768756 0 0.87301826
vn -0.48768607 0 -0.8730191
vn 2.31186e-06 -0.50000167 0.86602437
vn 2.31186e-06 -0.50000167 0.86602443
vn 2.3118603e-06 -0.50000179 0.86602449
vn 0 0.500009 0.86602032
vn 0 1 1.1225836e-05
vn 0 0.50000054 -0.86602509
vn 0 0.50000054 -0.86602515
vn 1 -1.0313421e-05 0
vn 1 -2.1672697e-05 0
vn 1 -1.0671745e-05 0
vn 0 -0.50000787 -0.86602098
vn 0 -0.50000781 -0.86602092
vn -5.2586634e-06 -1 -1.1191174e-05
vn -5.2586593e-06 -1 -1.1100112e-05
vn -5.2586565e-06 -1 -1.1065449e-05
vn -0.51609439 0.42829472 -0.74176157
vn -0.51609445 0.42829481 -0.74176157
vn -0.51609439 0.42829478 -0.74176157
vn 0 -1 4.2733923e-06
vn 0 -1 4.3826799e-06
vn 0 -1 4.2493457e-06
vn -0.51610607 0.42827386 0.74176556
vn -0.51610607 0.4282738 0.74176556
vn -0.51610607 0.4282738 0.7417655
vn -0.51609182 -0.42825359 -0.7417872
vn -0.51609176 -0.42825356 -0.7417872
vn -0.51609176 -0.42825356 -0.74178714
vn -0.51612115 -0.42827821 0.74175256
vn -0.51612115 -0.42827815 0.74175256
vn -0.51612115 -0.42827818 0.74175256
vn -0.51604301 0.85656279 9.5571213e-06
vn -0.51604295 0.85656279 9.5571204e-06
vn -0.51607323 -0.85654449 3.7576531e-06
vn -0.51607329 -0.85654449 3.7576528e-06
vn -0.51607335 -0.85654449 3.7576531e-06
vn 1 1.3913374e-05 0
vn 1 2.7260185e-05 0
vn 1 1.4716852e-05 0
vn 0 0.50000656 -0.86602175
vn 0 0.50000656 -0.86602169
vn 0 0.5000065 0.86602175
vn 0 0.5000065 0.86602169
vn 0 0.50000644 0.86602169
vn 0 -0.5000065 -0.86602169
vn 0 -0.5000065 -0.86602175
vn 0 -0.50000644 -0.86602169
vn 0 1 -4.3826799e-06
vn 0 1 -4.2733923e-06
vn 0 1 -4.2493457e-06
vn 0 -0.5000065 0.86602169
vn 0 -0.5000065 0.86602175
vn 0 -0.50000644 0.86602169
vn 0 -1 1.1168272e-05
vn 1 -1.39143e-05 0
vn 1 -2.6208774e-05 0
vn 1 -1.471627e-05 0
vn 1 -1.391246e-05 0
vn 1 2.3474471e-05 0
vn 1 3.1841566e-05 0
vn 1 3.4308374e-05 0
vn 1 -3.4313638e-05 0
vn 1 -5.4531745e-05 0
vn 1 -1.4715932e-05 0
vn -1 1.119489e-05 0
vn -1 3.3830388e-06 0
vn -1 3.9603551e-06 0
vn 0 0.49997106 -0.86604208
vn 0 0.49997109 -0.86604208
vn 0 0.49999291 0.8660295
vn 0 0.49999288 0.8660295
vn 0 -0.49998644 -0.86603326
vn 0 -0.49998647 -0.86603332
vn 0 -0.4999865 -0.86603332
vn 0 1 -1.1167532e-05
vn 0 1 -1.116817e-05
vn 0 1 -1.1168273e-05
vn 0 -0.50002104 0.86601329
vn 0 -0.5000211 0.86601335
vn 0 -0.50002104 0.86601335
vn 1 -0.00032896688 0
vn 1 -0.00016697781 0
vn 1 -0.00016868777 0
vn 1 1.0836082e-05 0
vn 1 2.1665655e-05 0
vn 1 1.0833379e-05 0
vn 1 -2.1660024e-05 0
vn 1 -2.1660026e-05 0
vn 0 -1 2.3659773e-05
vn 0 -1 2.3701738e-05
vn 0 -1 2.363999e-05
vn -1 -6.670683e-06 0
vn -1 -3.1647082e-06 0
vn -1 -1.4706274e-05 0
vn -1 7.6963679e-06 0
vn -1 9.3031986e-06 0
vn -1 -2.4032065e-06 0
vn -1 -1.5841835e-05 0
vn 0 0.49997494 -0.86603999
vn 0 0.49997494 -0.86603987
vn 0 0.49997497 -0.86603993
vn 0 1 -2.3720058e-05
vn 0 1 -2.3721052e-05
vn 0 1 -2.3721524e-05
vn 0 -0.49998868 0.86603206
vn 0 -0.49998865 0.86603194
vn 0 -0.50000548 -0.86602223
vn 0 0.49993071 0.8660655
vn 0 0.49993065 0.86606544
vn 0 0.49993068 0.8660655
vn -1 4.8447266e-05 0
vn -1 4.8447273e-05 0
vn -1 4.8447269e-05 0
vn 0.056175698 0.49920341 -0.86466205
vn 0.056170586 0.49920079 -0.86466378
vn 0.056154974 0.49919295 -0.86466932
vn 0.25387344 0.96723753 6.0817056e-06
vn 0.25385973 0.96724117 1.492909e-06
vn 0.25384337 0.9672454 -3.9761758e-06
vn 0.056112863 0.49923432 0.86464816
vn 0.056112871 0.49923438 0.86464822
vn 0.056112867 0.49923432 0.86464822
vn 0.056202885 -0.49921221 -0.8646552
vn 0.056202885 -0.49921227 -0.86465514
vn 0.056202885 -0.49921224 -0.86465514
vn 0.056162719 0.99842161 -4.0297032e-06
vn 0.056163043 0.99842167 -4.0234381e-06
vn 0.056164026 0.99842161 -4.0042751e-06
vn 0.056189142 -0.49921617 0.86465371
vn 0.056189142 -0.49921614 0.86465377
vn 0.056189142 -0.49921617 0.86465377
vn 0.056181803 -0.9984206 4.0296763e-06
vn 0.05618237 -0.99842054 4.0234163e-06
vn 0.0561799 -0.99842072 4.0508512e-06
vn 0.47730008 0.43941006 0.76098859
vn 0.47730008 0.43941003 0.76098853
vn 0.47730002 0.43941006 0.76098847
vn 0.25385648 -0.48364165 0.83764422
vn 0.25385651 -0.48364162 0.83764422
vn 0.25382841 -0.96724933 -1.446694e-05
vn 0.25382838 -0.96724927 -1.4466939e-05
vn 0.25382838 -0.96724927 -1.4466938e-05
vn 0.2539033 0.48361683 -0.83764428
vn 0.25390333 0.48361683 -0.83764422
vn 0.25390333 0.48361686 -0.83764434
vn 0.25392935 0.48363936 0.83762336
vn 0.25392938 0.48363939 0.83762342
vn 0.25392935 0.48363933 0.83762336
vn 0.25381616 -0.48363224 -0.83766168
vn 0.25381616 -0.4836323 -0.8376618
vn 0.25381616 -0.48363227 -0.83766174
vn 0.74504364 -0.33353174 0.57763892
vn 0.74504364 -0.33353174 0.57763886
vn 0.74504358 -0.33353174 0.5776388
vn 0.47728863 -0.43934199 -0.76103497
vn 0.47728863 -0.43934196 -0.76103497
vn 0.47728866 -0.43934196 -0.76103497
vn 0.47729495 0.87874311 7.5648154e-06
vn 0.47729471 0.87874329 6.9464372e-06
vn 0.47729751 0.87874174 1.318267e-05
vn 0.47726443 -0.43940833 0.7610119
vn 0.47726446 -0.43940836 0.7610119
vn 0.4772644 -0.43940833 0.76101184
vn 0.4772929 -0.8787443 -7.5339544e-06
vn 0.47729385 -0.87874377 -6.9120251e-06
vn 0.47731718 -0.87873119 7.8496396e-06
vn 0.4772751 0.43936777 -0.76102859
vn 0.47727507 0.4393678 -0.76102853
vn 0.47727513 0.43936777 -0.76102853
vn 0.74499059 -0.66707498 2.8996858e-06
vn 0.74500149 -0.66706276 1.3680219e-06
vn 0.74512315 -0.66692698 -1.5725156e-05
vn 0.74504977 0.33347508 -0.57766366
vn 0.74504972 0.33347508 -0.57766366
vn 0.74504972 0.33347505 -0.57766366
vn 0.74498749 0.33355778 0.57769614
vn 0.74489248 -0.33358327 -0.57780403
vn 0.74489248 -0.33358324 -0.57780403
vn 0.74489248 -0.33358327 -0.57780397
vn 0.74499017 0.66707546 -2.9404193e-06
vn 0.74499714 0.66706771 -1.3869702e-06
vn 0.74497694 0.66709024 -5.9238241e-06
vn 0 -0.50001699 0.86601573
vn 0 -0.50001693 0.86601567
vn 0 -0.50001699 0.86601567
vn 0 -1 2.6595253e-05
vn 0 -1 2.6595255e-05
vn 0 0.49995875 -0.86604923
vn 0 0.49995881 -0.86604923
vn 0 0.49995884 -0.86604923
vn 0 0.50004596 0.86599886
vn 0 0.50004596 0.86599898
vn 0 -0.49992043 -0.8660714
vn 0 -0.49992046 -0.86607134
vn 0 -0.4999204 -0.8660714
vn 0 1 -2.6595253e-05
vn 0 1 -2.6595255e-05
vn 0 -0.50000757 0.86602104
vn 0 0.50000703 0.86602145
vn 0 0.50000697 0.86602145
vn 0 0.50000697 0.86602139
vn 0 0.49999091 -0.86603063
vn 0 0.49999088 -0.86603069
vn 0 0.49999094 -0.86603075
vn 0 -0.49997935 -0.86603737
vn 0 -0.49997938 -0.86603737
vn -5.2586652e-06 -1 -1.1225836e-05
vn -0.51609576 0.42823905 -0.74179286
vn -0.5160957 0.42823899 -0.7417928
vn -0.5160957 0.42823905 -0.74179286
vn 0 -1 4.4067283e-06
vn -0.5160799 0.42829716 0.74177021
vn -0.51607996 0.42829719 0.74177027
vn -0.51610607 -0.4282738 -0.7417655
vn -0.51610601 -0.4282738 -0.74176556
vn -0.51610607 -0.4282738 -0.74176556
vn -0.51606309 -0.4282583 0.74180442
vn -0.51606309 -0.42825836 0.74180442
vn -0.51606309 -0.42825833 0.74180442
vn -0.51610065 0.85652798 -3.757463e-06
vn -0.51610059 0.85652798 -3.757463e-06
vn -0.5161007 0.85652804 -3.7574637e-06
vn -0.51608467 -0.85653758 -9.5568412e-06
vn -0.51608461 -0.85653764 -9.5568412e-06
vn -0.51608473 -0.85653764 -9.5568421e-06
vn 0 0.5000065 -0.86602169
vn 0 0.50000644 -0.86602169
vn 0 0.5000065 -0.86602175
vn 0 0.50000656 0.86602169
vn 0 0.50000656 0.86602175
vn 0 -0.50000656 -0.86602175
vn 0 -0.50000656 -0.86602169
vn 0 1 -4.4067283e-06
vn 1 -6.8643603e-05 0
vn 0 0.49999931 -0.86602581
vn 0 0.49999934 -0.86602587
vn 0 0.49999928 -0.86602581
vn 0 0.49999288 0.86602956
vn 0 -0.49995822 -0.86604965
vn 0 -0.49995816 -0.86604959
vn 0 1 -1.1167432e-05
vn 0 -0.49999291 0.8660295
vn 0 -0.49999288 0.8660295
vn 0.99999994 0.00034675567 0
vn 1 0.00034675564 0
vn 1 0.00034675567 0
vn 1 0.00016452781 0
vn 1 0.0001645278 0
vn 0 -1 2.3721524e-05
vn -1 1.0890572e-05 0
vn -1 4.2016813e-06 0
vn 0 0.5000056 -0.86602223
vn 0 0.5000056 -0.86602229
vn 0 1 -2.3719587e-05
vn 0 -0.49995807 0.86604971
vn 0 -0.49995801 0.86604965
vn 0 -0.49995801 0.86604971
vn 0 -0.49997494 -0.86603987
vn 0 -0.49997497 -0.86603993
vn 0 -0.499975 -0.86603993
vn 0 0.49996132 0.86604786
vn 0 0.49996129 0.8660478
vn 0.056192961 0.49921209 -0.86465591
vn 0.25389856 0.96723092 1.4466799e-05
vn 0.056171812 0.49921617 0.86465484
vn 0.056171812 0.49921614 0.86465484
vn 0.056171816 0.4992162 0.86465484
vn 0.056154314 -0.4991973 -0.86466694
vn 0.056154311 -0.4991973 -0.86466688
vn 0.056161627 0.99842179 -4.0508967e-06
vn 0.056132536 -0.49922696 0.86465126
vn 0.056132533 -0.49922696 0.8646512
vn 0.05613254 -0.49922696 0.8646512
vn 0.056184087 -0.99842042 4.004271e-06
vn 0.47726479 0.43940634 0.76101273
vn 0.47726482 0.43940637 0.76101285
vn 0.25387168 -0.4836435 0.83763856
vn 0.25387168 -0.48364347 0.83763856
vn 0.25387168 -0.48364347 0.83763844
vn 0.25385368 -0.96724272 3.9762872e-06
vn 0.25385368 -0.96724266 3.9762872e-06
vn 0.25385365 -0.96724266 3.9762867e-06
vn 0.25383335 0.48361221 -0.83766812
vn 0.25383332 0.48361218 -0.83766812
vn 0.25383332 0.48361224 -0.83766824
vn 0.25383282 0.48366567 0.83763754
vn 0.25383282 0.48366567 0.83763742
vn 0.25390506 -0.48362008 -0.83764189
vn 0.25390506 -0.48362008 -0.83764184
vn 0.74491096 -0.33357254 0.57778633
vn 0.74491096 -0.33357254 0.57778639
vn 0.74491096 -0.33357251 0.57778633
vn 0.47727394 -0.43938759 -0.76101798
vn 0.47727391 -0.4393875 -0.7610178
vn 0.47727385 -0.4393875 -0.76101792
vn 0.47728822 0.87874693 -7.7342129e-06
vn 0.47728398 -0.43939531 0.76100707
vn 0.47728401 -0.43939531 0.76100707
vn 0.47728398 -0.87874919 -1.3183285e-05
vn 0.47729278 0.4393532 -0.76102591
vn 0.47729275 0.43935317 -0.76102591
vn 1 2.8758846e-05 0
vn 1 3.4741792e-05 0
vn 1 2.7049968e-05 0
vn 1 2.5768297e-05 0
vn 1 8.6251523e-05 0
vn 1 8.6251508e-05 0
vn 0.74496967 -0.66709834 5.8412365e-06
vn 0.74495244 0.33353415 -0.57775497
vn 0.7449525 0.33353415 -0.57775497
vn 0.7449525 0.33353418 -0.57775497
vn 0.74506062 0.33353227 0.57761651
vn 0.74506068 0.3335323 0.57761651
vn 0.74506074 0.33353233 0.57761651
vn 0.7450949 -0.33344474 -0.57762289
vn 0.7450949 -0.3334448 -0.57762295
vn 0.74509495 -0.33344477 -0.57762289
vn 0.74507439 0.6669814 1.594989e-05
vn 0 -0.50005364 0.86599445
vn 0 -0.50005358 0.86599445
vn 0 -0.50005358 0.86599451
vn 0 0.5000093 0.86602014
vn 0 0.50000924 0.86602014
vn 0 0.50000924 0.86602008
g HK_MP5_Body
usemtl Props_Gun_M
f 1//1 2//2 3//3
f 4//4 5//4 2//5
f 6//6 7//7 5//8
f 8//9 9//10 7//11
f 10//12 11//13 4//14
f 11//15 12//16 9//17
f 12//18 1//19 3//20
f 2//21 9//22 12//23
f 1//1 4//24 2//2
f 4//25 6//25 5//25
f 6//26 8//27 7//28
f 8//29 11//30 9//31
f 6//32 4//14 11//13
f 1//33 10//12 4//14
f 11//13 8//34 6//32
f 11//35 10//35 12//35
f 12//18 10//36 1//19
f 12//23 3//37 2//21
f 2//21 5//38 9//22
f 7//39 9//22 5//38
f 13//40 14//41 15//42
f 14//43 16//44 17//45
f 16//25 18//25 17//25
f 19//46 15//47 18//48
f 20//49 21//49 22//49
f 23//50 19//50 16//51
f 24//52 21//53 25//52
f 18//54 26//54 24//54
f 27//25 25//25 20//25
f 17//25 24//25 27//25
f 22//55 27//55 20//56
f 28//57 17//58 27//59
f 21//35 28//35 22//35
f 15//35 28//35 26//35
f 13//40 23//60 14//41
f 14//43 23//61 16//44
f 16//25 19//25 18//25
f 19//46 13//62 15//47
f 20//49 25//49 21//49
f 23//50 13//51 19//50
f 24//52 26//63 21//53
f 18//54 15//54 26//54
f 27//25 24//25 25//25
f 17//25 18//25 24//25
f 22//55 28//56 27//55
f 28//57 14//64 17//58
f 21//35 26//35 28//35
f 15//35 14//35 28//35
f 29//35 30//35 31//35
f 32//65 33//66 34//67
f 35//68 36//69 32//70
f 31//71 37//72 38//73
f 39//74 32//75 34//76
f 40//77 30//78 41//79
f 42//80 37//81 40//82
f 31//83 43//84 29//85
f 44//86 37//87 45//88
f 43//89 41//90 29//91
f 46//92 47//93 48//94
f 49//95 50//96 51//97
f 52//98 53//99 54//100
f 54//101 51//102 55//103
f 56//104 40//105 43//89
f 38//106 56//107 43//84
f 44//49 57//108 52//109
f 55//110 45//111 42//112
f 51//113 57//114 55//115
f 52//109 50//116 46//92
f 54//117 42//118 56//104
f 44//119 54//100 56//107
f 36//120 58//121 33//122
f 39//123 59//124 35//125
f 60//126 34//76 61//127
f 61//128 33//66 62//129
f 63//130 49//131 64//132
f 48//133 63//134 64//135
f 65//136 66//137 67//138
f 68//139 66//140 69//141
f 68//139 70//142 60//143
f 62//144 69//145 65//146
f 71//147 67//148 63//130
f 72//149 71//150 63//134
f 33//151 70//152 62//153
f 60//143 58//154 39//123
f 61//128 65//155 71//147
f 68//156 61//127 71//150
f 46//157 64//135 53//99
f 64//132 51//158 53//159
f 67//160 47//161 49//95
f 48//94 66//140 72//123
f 29//35 41//35 30//35
f 32//65 36//162 33//66
f 35//163 59//164 36//165
f 31//71 30//166 37//72
f 39//74 35//167 32//75
f 40//77 37//168 30//78
f 42//80 45//169 37//81
f 31//83 38//106 43//84
f 44//86 38//123 37//87
f 43//89 40//105 41//90
f 46//92 50//116 47//93
f 49//95 47//161 50//96
f 52//98 46//157 53//99
f 54//101 53//170 51//102
f 56//104 42//118 40//105
f 38//106 44//119 56//107
f 44//49 45//49 57//108
f 55//110 57//171 45//111
f 51//113 50//172 57//114
f 52//109 57//108 50//116
f 54//117 55//117 42//118
f 44//119 52//98 54//100
f 36//120 59//173 58//121
f 39//123 58//154 59//124
f 60//126 39//74 34//76
f 61//128 34//67 33//66
f 63//130 67//148 49//131
f 48//133 72//149 63//134
f 65//136 69//174 66//137
f 68//139 72//123 66//140
f 68//139 69//141 70//142
f 62//144 70//175 69//145
f 71//147 65//155 67//148
f 72//149 68//156 71//150
f 33//151 58//176 70//152
f 60//143 70//142 58//154
f 61//128 62//129 65//155
f 68//156 60//126 61//127
f 46//157 48//133 64//135
f 64//132 49//131 51//158
f 67//160 66//177 47//161
f 48//94 47//93 66//140
f 73//178 74//179 75//35
f 74//180 76//180 77//180
f 78//181 79//182 80//25
f 81//183 82//184 79//185
f 83//186 84//187 85//188
f 73//189 81//190 78//191
f 86//192 84//193 87//194
f 79//195 88//196 86//197
f 83//198 86//199 87//200
f 80//25 86//199 89//25
f 90//201 91//202 92//203
f 93//204 77//205 91//206
f 85//35 93//35 90//35
f 75//35 93//35 94//35
f 82//207 94//35 88//35
f 88//35 85//35 84//35
f 77//208 89//25 91//25
f 91//25 83//198 92//25
f 76//209 73//210 78//210
f 92//49 85//188 90//49
f 77//208 78//181 80//25
f 82//207 73//178 75//35
f 73//178 95//211 74//179
f 74//180 95//180 76//180
f 78//181 81//212 79//182
f 81//213 96//214 82//214
f 83//186 87//215 84//187
f 73//216 96//217 81//217
f 86//192 88//218 84//193
f 79//195 82//219 88//196
f 83//198 89//25 86//199
f 80//25 79//182 86//199
f 90//201 93//220 91//202
f 93//204 74//221 77//205
f 85//35 94//35 93//35
f 75//35 74//179 93//35
f 82//207 75//35 94//35
f 88//35 94//35 85//35
f 77//208 80//25 89//25
f 91//25 89//25 83//198
f 76//210 95//222 73//223
f 92//49 83//186 85//188
f 77//208 76//224 78//181
f 82//207 96//225 73//178
f 97//35 98//35 99//35
f 98//226 100//227 101//228
f 100//25 102//25 101//25
f 103//229 99//230 102//231
f 101//232 99//233 98//234
f 104//235 103//236 100//237
f 97//35 104//35 98//35
f 98//226 104//238 100//227
f 100//25 103//25 102//25
f 103//229 97//239 99//230
f 101//232 102//240 99//233
f 104//235 97//241 103//236
f 105//242 106//243 107//244
f 108//245 109//246 106//247
f 109//248 110//249 111//250
f 112//251 113//252 114//253
f 115//254 116//255 117//256
f 117//257 118//258 119//257
f 113//35 120//35 105//35
f 118//259 121//260 119//261
f 122//262 107//263 121//264
f 115//25 117//265 121//266
f 111//267 120//268 112//269
f 114//270 123//271 115//272
f 105//242 108//273 106//243
f 108//245 124//274 109//246
f 109//248 124//275 110//249
f 112//251 120//276 113//252
f 115//254 123//277 116//255
f 117//278 116//279 118//280
f 124//35 108//281 110//282
f 105//283 122//284 123//283
f 118//35 116//35 122//35
f 123//285 113//285 105//285
f 120//286 110//282 108//281
f 108//287 105//287 120//287
f 116//288 123//289 122//288
f 118//259 122//290 121//260
f 122//262 105//291 107//263
f 121//25 107//25 115//25
f 106//292 109//293 111//293
f 111//294 112//294 106//295
f 114//296 115//296 107//296
f 117//265 119//297 121//266
f 107//298 106//298 112//298
f 112//299 114//300 107//301
f 111//267 110//302 120//268
f 114//270 113//303 123//271
f 125//304 126//305 127//306
f 128//307 129//307 126//308
f 129//309 130//310 131//311
f 131//312 132//313 133//314
f 128//315 134//316 135//317
f 133//318 136//319 137//318
f 136//320 127//321 137//322
f 131//25 138//25 139//25
f 134//323 140//324 141//325
f 142//326 143//327 130//328
f 125//329 144//330 134//331
f 130//332 145//333 132//332
f 142//334 135//335 146//336
f 132//337 144//338 136//339
f 147//340 148//341 149//342
f 143//343 150//343 145//343
f 146//344 147//345 149//346
f 145//347 140//348 144//349
f 146//350 151//351 143//352
f 135//353 141//353 147//353
f 139//354 152//355 153//356
f 126//25 154//25 155//25
f 133//25 156//25 138//25
f 126//25 157//25 127//25
f 131//25 154//25 129//25
f 127//25 156//25 137//25
f 158//357 159//358 160//358
f 154//359 161//360 155//361
f 138//362 162//362 152//363
f 154//364 153//365 158//366
f 155//367 163//368 157//369
f 157//370 162//371 156//372
f 160//373 164//373 165//373
f 161//374 166//375 163//376
f 163//377 167//378 162//379
f 153//380 168//381 159//382
f 158//383 165//384 161//385
f 152//386 167//387 168//388
f 151//389 148//390 169//391
f 168//392 170//393 171//392
f 160//394 169//395 148//394
f 165//343 172//343 166//343
f 166//396 170//396 167//396
f 159//353 171//353 169//353
f 141//397 164//398 147//399
f 141//400 170//401 172//402
f 150//403 170//404 140//405
f 150//406 169//407 171//408
f 125//304 128//409 126//305
f 128//410 142//410 129//411
f 129//412 142//413 130//414
f 131//312 130//415 132//313
f 128//315 125//416 134//316
f 133//417 132//418 136//419
f 136//420 125//421 127//422
f 131//25 133//25 138//25
f 134//323 144//423 140//324
f 142//326 146//424 143//327
f 125//329 136//425 144//330
f 130//426 143//427 145//428
f 142//429 128//430 135//431
f 132//432 145//433 144//432
f 147//434 164//435 148//435
f 143//343 151//343 150//343
f 146//436 135//437 147//438
f 145//347 150//439 140//348
f 146//440 149//441 151//442
f 135//353 134//353 141//353
f 139//354 138//443 152//355
f 126//444 129//445 154//445
f 133//25 137//25 156//25
f 126//25 155//25 157//25
f 131//446 139//446 154//446
f 127//25 157//25 156//25
f 158//447 153//448 159//449
f 154//450 158//451 161//452
f 138//453 156//454 162//455
f 154//456 139//457 153//456
f 155//367 161//458 163//368
f 157//459 163//460 162//459
f 160//373 148//373 164//373
f 161//374 165//461 166//375
f 163//462 166//463 167//464
f 153//380 152//465 168//381
f 158//466 160//467 165//468
f 152//469 162//470 167//471
f 151//472 149//473 148//473
f 168//392 167//393 170//393
f 160//394 159//395 169//395
f 165//343 164//343 172//343
f 166//396 172//396 170//396
f 159//353 168//353 171//353
f 141//474 172//475 164//476
f 141//477 140//478 170//479
f 150//480 171//481 170//482
f 150//483 151//484 169//485
f 173//486 174//487 175//487
f 176//488 177//489 174//490
f 174//491 178//492 175//493
f 176//494 179//495 180//496
f 180//497 178//498 177//497
f 175//493 181//499 182//500
f 182//501 173//486 175//487
f 183//487 184//487 185//487
f 184//502 186//503 185//504
f 187//505 188//506 189//507
f 190//508 188//509 191//510
f 192//511 190//508 181//512
f 193//513 189//513 192//513
f 194//514 195//515 184//516
f 195//517 191//518 184//502
f 173//519 192//520 179//521
f 179//522 181//512 178//498
f 187//523 182//501 195//515
f 182//500 190//524 195//517
f 196//525 185//526 186//527
f 194//528 196//528 188//529
f 188//509 186//510 191//510
f 173//486 176//530 174//487
f 176//488 180//531 177//489
f 174//491 177//532 178//492
f 176//494 173//533 179//495
f 180//497 179//522 178//498
f 175//493 178//492 181//499
f 182//501 193//534 173//486
f 183//487 194//487 184//487
f 184//502 191//518 186//503
f 187//505 194//535 188//506
f 190//508 189//536 188//509
f 192//511 189//536 190//508
f 193//513 187//513 189//513
f 194//514 187//523 195//515
f 195//517 190//524 191//518
f 173//519 193//537 192//520
f 179//522 192//511 181//512
f 187//523 193//534 182//501
f 182//500 181//499 190//524
f 196//525 183//35 185//526
f 194//528 183//529 196//528
f 188//509 196//497 186//510
f 197//35 198//35 199//35
f 198//538 200//539 201//540
f 200//25 202//25 201//25
f 203//541 199//542 202//543
f 204//117 203//117 200//117
f 205//544 206//545 207//546
f 202//543 205//547 208//548
f 201//540 209//549 198//538
f 198//35 205//35 199//35
f 202//550 210//551 201//552
f 210//553 211//554 212//555
f 212//555 201//540 210//553
f 211//49 207//49 206//49
f 211//49 213//49 214//49
f 215//556 216//557 210//557
f 215//558 214//559 213//560
f 208//548 207//561 214//559
f 212//555 206//562 209//549
f 197//35 204//35 198//35
f 198//538 204//563 200//539
f 200//25 203//25 202//25
f 203//541 197//564 199//542
f 204//117 197//117 203//117
f 205//565 209//566 206//567
f 202//543 199//542 205//547
f 201//540 212//555 209//549
f 198//35 209//35 205//35
f 202//568 215//569 210//570
f 202//543 208//548 215//558
f 210//553 216//571 211//554
f 211//49 214//49 207//49
f 211//49 216//49 213//49
f 215//572 213//573 216//572
f 215//558 208//548 214//559
f 208//548 205//547 207//561
f 212//555 211//554 206//562
f 217//574 218//575 219//576
f 220//577 221//578 218//579
f 222//580 223//581 224//581
f 225//582 220//583 217//584
f 218//579 226//585 227//586
f 219//587 227//588 228//589
f 229//590 230//591 231//592
f 225//593 232//594 229//595
f 233//596 229//597 221//598
f 221//599 231//600 226//601
f 234//602 228//603 235//604
f 236//605 217//606 237//607
f 228//608 224//609 231//610
f 237//611 219//612 234//613
f 230//614 228//615 231//616
f 226//617 224//618 223//617
f 228//589 238//619 222//620
f 227//586 223//621 238//622
f 239//623 240//624 241//625
f 242//626 243//627 239//628
f 244//49 245//49 246//49
f 243//629 247//630 240//631
f 248//632 239//628 249//633
f 249//634 241//635 250//636
f 230//637 251//638 252//639
f 232//640 247//641 251//642
f 251//643 253//644 242//645
f 252//646 242//647 248//648
f 250//649 234//613 235//650
f 237//607 247//630 236//605
f 246//651 250//652 252//653
f 241//654 237//611 234//613
f 250//655 230//614 252//656
f 246//657 248//658 244//659
f 254//660 250//661 245//662
f 244//663 249//633 254//664
f 217//665 220//666 218//665
f 220//577 233//667 221//578
f 222//580 238//668 223//581
f 225//669 233//670 220//671
f 218//579 221//578 226//585
f 219//576 218//575 227//672
f 229//673 232//674 230//675
f 225//676 236//677 232//678
f 233//679 225//680 229//681
f 221//682 229//683 231//683
f 234//613 219//612 228//684
f 236//685 225//686 217//687
f 228//608 222//688 224//609
f 237//689 217//689 219//689
f 230//614 235//690 228//615
f 226//691 231//692 224//691
f 228//589 227//588 238//619
f 227//586 226//585 223//621
f 239//666 243//665 240//665
f 242//626 253//693 243//627
f 244//49 254//49 245//49
f 243//629 253//694 247//630
f 248//632 242//626 239//628
f 249//695 239//623 241//625
f 230//696 232//697 251//696
f 232//678 236//677 247//698
f 251//699 247//700 253//701
f 252//702 251//703 242//702
f 250//649 241//654 234//613
f 237//607 240//631 247//630
f 246//651 245//704 250//652
f 241//705 240//706 237//705
f 250//655 235//690 230//614
f 246//658 252//659 248//707
f 254//661 249//634 250//636
f 244//663 248//632 249//633
f 255//708 256//709 257//710
f 258//711 259//711 260//712
f 261//25 262//25 263//25
f 264//713 265//714 266//715
f 267//716 262//716 268//717
f 269//718 270//719 264//720
f 271//721 272//721 269//721
f 273//722 267//723 274//722
f 273//724 261//725 263//726
f 270//727 275//728 265//729
f 259//25 276//25 260//25
f 260//730 277//730 258//731
f 256//732 278//732 279//733
f 280//734 281//735 255//736
f 272//737 282//738 275//739
f 283//740 280//740 282//741
f 284//742 285//743 276//744
f 286//25 273//25 285//25
f 277//745 285//746 287//747
f 287//748 273//749 274//750
f 281//751 288//752 278//753
f 289//754 271//755 288//754
f 290//756 291//757 286//758
f 292//759 286//760 284//761
f 287//49 293//49 294//49
f 295//49 287//49 294//49
f 296//117 284//117 259//117
f 297//762 277//763 295//764
f 274//765 298//766 293//49
f 291//767 299//768 261//769
f 261//770 300//770 301//770
f 267//771 266//772 298//771
f 301//773 268//774 262//775
f 297//776 296//777 258//778
f 257//779 279//780 297//776
f 298//781 265//782 275//783
f 293//784 275//785 282//786
f 257//787 295//788 255//787
f 255//789 294//790 280//791
f 294//792 282//793 280//794
f 288//117 302//117 290//117
f 278//117 290//117 292//117
f 279//795 292//795 296//796
f 302//117 269//117 299//117
f 299//797 264//798 300//799
f 300//800 266//715 268//774
f 255//708 281//801 256//709
f 258//711 296//712 259//711
f 261//25 301//25 262//25
f 264//713 270//802 265//714
f 267//803 263//804 262//804
f 269//805 272//806 270//807
f 271//808 283//809 272//810
f 273//811 263//812 267//811
f 273//813 291//726 261//813
f 270//727 272//814 275//728
f 259//25 284//25 276//25
f 260//815 276//816 277//817
f 256//818 281//818 278//819
f 280//734 289//820 281//735
f 272//737 283//821 282//738
f 283//35 289//35 280//35
f 284//822 286//823 285//824
f 286//25 291//25 273//25
f 277//825 276//826 285//827
f 287//828 285//829 273//830
f 281//831 289//832 288//833
f 289//834 283//835 271//836
f 290//756 302//837 291//757
f 292//838 290//839 286//839
f 287//49 274//765 293//49
f 295//49 277//49 287//49
f 296//840 292//841 284//842
f 297//762 258//843 277//763
f 274//765 267//844 298//766
f 291//845 302//846 299//847
f 261//848 299//849 300//850
f 267//851 268//852 266//851
f 301//773 300//800 268//774
f 297//776 279//780 296//777
f 257//779 256//853 279//780
f 298//854 266//855 265//856
f 293//857 298//858 275//859
f 257//860 297//861 295//862
f 255//863 295//864 294//865
f 294//866 293//866 282//867
f 288//117 271//117 302//117
f 278//117 288//117 290//117
f 279//868 278//869 292//870
f 302//117 271//117 269//117
f 299//871 269//872 264//873
f 300//800 264//713 266//715
f 303//874 304//875 305//876
f 306//25 307//25 303//25
f 308//877 309//878 306//879
f 310//880 311//881 308//882
f 309//883 312//884 307//885
f 313//35 314//35 310//35
f 305//886 312//886 313//887
f 313//888 306//889 303//890
f 303//891 307//892 304//893
f 306//25 309//25 307//25
f 308//877 311//894 309//878
f 310//895 314//896 311//897
f 304//898 307//885 312//884
f 309//883 311//899 314//900
f 314//900 312//884 309//883
f 313//35 312//35 314//35
f 305//901 304//901 312//902
f 303//890 305//903 313//888
f 313//888 310//889 306//889
f 308//904 306//889 310//889
f 315//905 316//906 317//907
f 318//908 319//909 316//910
f 320//911 321//912 319//913
f 322//914 323//915 321//916
f 324//917 325//918 318//919
f 325//920 326//921 323//921
f 324//922 317//923 326//924
f 316//925 323//926 326//927
f 315//928 318//928 316//929
f 318//908 320//930 319//909
f 320//931 322//931 321//932
f 322//933 325//934 323//935
f 320//936 318//919 325//918
f 315//343 324//917 318//919
f 325//918 322//937 320//936
f 325//35 324//35 326//35
f 324//938 315//939 317//940
f 326//927 317//941 316//925
f 316//925 319//942 323//926
f 321//943 323//926 319//942
f 327//944 328//945 329//946
f 328//25 330//25 331//25
f 330//947 332//948 331//949
f 333//950 334//951 332//952
f 335//953 336//954 337//955
f 336//956 338//957 334//956
f 335//958 329//959 338//960
f 327//961 337//962 328//963
f 328//25 337//25 330//25
f 330//964 333//965 332//966
f 333//967 336//968 334//969
f 330//970 337//955 336//954
f 327//971 335//953 337//955
f 336//954 333//971 330//970
f 336//972 335//972 338//973
f 335//958 327//974 329//959
f 339//975 340//976 341//977
f 342//25 343//25 340//25
f 343//978 344//979 345//980
f 344//981 346//981 345//981
f 347//982 348//983 342//984
f 348//35 349//35 346//35
f 347//985 341//986 349//987
f 340//988 346//989 349//990
f 339//991 342//992 340//993
f 342//25 350//25 343//25
f 343//994 350//995 344//996
f 344//997 348//998 346//999
f 350//1000 342//984 348//983
f 339//1001 347//982 342//984
f 348//983 344//1002 350//1000
f 348//35 347//35 349//35
f 347//985 339//1003 341//986
f 349//990 341//1004 340//988
f 340//988 343//1005 346//989
f 345//1006 346//989 343//1005
f 351//1007 352//1007 353//1007
f 354//1008 355//1009 356//1010
f 357//1011 358//1012 359//1013
f 360//1014 361//1015 362//1016
f 362//1017 363//1018 364//1019
f 365//1020 366//1021 363//1020
f 367//1022 368//1023 369//1024
f 370//1025 371//1026 365//1025
f 372//25 366//25 371//25
f 373//25 372//25 371//25
f 374//1027 373//1028 352//1029
f 354//1030 373//1031 370//1030
f 368//1032 360//1014 369//1033
f 375//1034 376//1034 355//1035
f 377//1036 378//1037 379//1038
f 380//1039 379//1040 381//1041
f 382//25 383//25 384//25
f 355//1042 385//1043 377//1043
f 356//1044 377//1045 380//1046
f 386//25 353//25 383//25
f 387//1047 388//1048 384//1049
f 381//1050 389//1051 390//1052
f 357//1011 391//1053 392//1054
f 353//1055 380//1046 383//1056
f 383//1057 381//1058 384//1059
f 375//1060 370//1061 368//1062
f 368//1063 365//1064 393//1065
f 393//1066 363//1067 361//1068
f 364//1069 366//1070 394//1071
f 389//1072 378//1072 395//1073
f 352//1074 356//1075 353//1074
f 396//1076 397//1077 358//1012
f 398//25 399//25 400//25
f 388//1078 398//1079 401//1080
f 382//1081 388//1082 401//1083
f 384//1084 390//1085 387//1086
f 402//1087 403//1088 388//1089
f 391//1090 387//1091 390//1092
f 404//1093 390//1094 389//1095
f 402//1096 359//1097 358//1096
f 399//1098 358//1098 397//1099
f 392//1100 404//1101 395//1102
f 351//25 405//25 374//25
f 406//1103 407//1104 408//1105
f 409//1106 357//1011 410//49
f 360//1107 411//1108 412//1107
f 364//1019 411//1109 362//1017
f 413//1110 414//1111 415//1111
f 367//1112 416//1113 417//1114
f 418//1115 415//1116 419//1117
f 414//1118 372//1119 415//1118
f 419//25 372//25 420//25
f 419//25 374//25 405//25
f 407//1120 419//1121 405//1120
f 360//1122 416//1123 369//1024
f 376//1124 417//1124 406//1125
f 378//1126 421//1127 422//1128
f 422//1129 423//1130 424//1131
f 382//25 425//25 386//25
f 385//1132 406//1133 421//1134
f 421//1135 408//1136 423//1137
f 386//25 426//25 351//25
f 427//1138 428//1139 429//1138
f 430//1140 424//1141 431//1142
f 432//49 357//1011 392//1054
f 423//1137 426//1143 425//1144
f 424//1145 425//1145 429//1145
f 417//1146 418//1147 407//1146
f 416//1148 413//1148 418//1149
f 412//1150 433//1151 413//1152
f 414//117 364//1069 394//1071
f 378//1153 422//1154 430//1155
f 408//1156 405//1156 426//1157
f 434//1077 396//1076 409//1106
f 435//25 436//25 398//25
f 398//1079 427//1158 401//1080
f 382//1081 427//1159 429//1160
f 431//1161 429//1162 428//1163
f 436//1164 437//1165 427//1166
f 432//1167 428//1168 410//1169
f 438//1170 431//1171 432//1172
f 437//1173 410//1173 428//1174
f 435//1175 409//1175 437//1176
f 438//1177 392//1100 395//1102
f 351//25 374//25 352//25
f 354//1178 375//1179 355//1178
f 357//1011 396//1076 358//1012
f 360//1014 393//1180 361//1015
f 362//1017 361//1181 363//1018
f 365//1182 371//1182 366//1183
f 367//1184 375//1184 368//1185
f 370//1186 373//1186 371//1187
f 372//25 394//25 366//25
f 373//1028 420//25 372//25
f 374//1027 420//25 373//1028
f 354//1188 352//1189 373//1189
f 368//1032 393//1180 360//1014
f 375//1190 367//1191 376//1191
f 377//1192 385//1193 378//1194
f 380//1195 377//1196 379//1195
f 382//25 386//25 383//25
f 355//1197 376//1198 385//1198
f 356//1044 355//1199 377//1045
f 386//25 351//25 353//25
f 387//1047 402//1200 388//1048
f 381//1201 379//1201 389//1202
f 357//1011 359//1013 391//1053
f 353//1055 356//1044 380//1046
f 383//1203 380//1039 381//1041
f 375//1204 354//1205 370//1206
f 368//1063 370//1207 365//1064
f 393//1066 365//1208 363//1067
f 364//1069 363//1209 366//1070
f 395//1210 404//1211 389//1212
f 389//1213 379//1213 378//1214
f 352//1215 354//1008 356//1010
f 396//1076 400//49 397//1077
f 397//25 400//25 399//25
f 398//25 403//25 399//25
f 388//1078 403//117 398//1079
f 382//1081 384//1216 388//1082
f 384//1084 381//1217 390//1085
f 402//1087 399//1218 403//1088
f 391//1219 359//1220 387//1219
f 404//1221 391//1222 390//1223
f 402//1224 387//1225 359//1226
f 399//1227 402//1228 358//1229
f 392//1230 391//1231 404//1232
f 351//25 426//25 405//25
f 406//1233 417//1233 407//1234
f 409//1106 396//1076 357//1011
f 360//1235 362//1236 411//1237
f 364//1019 433//1238 411//1109
f 413//1239 433//1240 414//1241
f 367//1022 369//1024 416//1123
f 418//1115 413//1242 415//1116
f 414//25 394//25 372//25
f 419//25 415//25 372//25
f 419//25 420//25 374//1027
f 407//1243 418//1244 419//1245
f 360//1180 412//1246 416//1247
f 376//1191 367//1191 417//1248
f 378//1249 385//1249 421//1250
f 422//1129 421//1251 423//1130
f 382//25 429//25 425//25
f 385//1252 376//1253 406//1254
f 421//1135 406//1255 408//1136
f 386//25 425//25 426//25
f 427//1256 437//1138 428//1256
f 430//1257 422//1258 424//1259
f 432//49 410//49 357//1011
f 423//1137 408//1136 426//1143
f 424//1260 423//1261 425//1260
f 417//1262 416//1263 418//1264
f 416//1265 412//1266 413//1267
f 412//1150 411//1268 433//1151
f 414//117 433//117 364//1069
f 430//1269 438//1269 395//1270
f 395//1271 378//1272 430//1273
f 408//1274 407//1274 405//1275
f 434//1077 400//49 396//1076
f 398//25 400//25 435//25
f 434//25 435//25 400//25
f 398//1079 436//1276 427//1158
f 382//1081 401//1083 427//1159
f 431//1161 424//1277 429//1162
f 436//1164 435//1164 437//1165
f 432//1278 431//1279 428//1279
f 438//1280 430//1280 431//1281
f 437//1282 409//1283 410//1283
f 435//1284 434//1285 409//1286
f 438//1287 432//1288 392//1287
f 439//1289 440//1290 441//1291
f 441//1292 442//1293 443//1294
f 442//1295 444//1296 443//1296
f 445//343 439//343 444//343
f 440//1297 445//1298 442//1299
f 439//25 446//1300 447//1301
f 443//1302 446//1303 441//1304
f 439//1305 448//1306 444//1307
f 443//1308 448//1308 449//1308
f 448//1309 450//1310 449//1311
f 450//1312 451//1312 452//1313
f 448//1314 451//1315 453//1316
f 449//1317 452//1318 446//1319
f 446//1320 451//1321 447//1320
f 439//1322 454//1323 440//1324
f 441//1292 440//1325 442//1293
f 442//1326 445//1327 444//1328
f 445//343 454//343 439//343
f 440//1329 454//1330 445//1331
f 439//25 441//35 446//1300
f 443//1332 449//1305 446//1333
f 439//1334 447//1335 448//1336
f 443//1308 444//1308 448//1308
f 448//1337 453//1338 450//1339
f 450//1340 453//1341 451//1342
f 448//1314 447//1343 451//1315
f 449//1317 450//1344 452//1318
f 446//1345 452//1346 451//1347
f 455//1348 456//1349 457//1350
f 458//1351 459//1352 456//1352
f 460//1353 461//1354 459//1355
f 462//1356 463//1357 461//1358
f 464//1359 465//1360 458//1361
f 465//1362 466//1363 463//1364
f 464//1365 457//1366 466//1367
f 456//1368 463//1369 466//1370
f 455//1371 458//1371 456//1372
f 458//25 460//25 459//25
f 460//1373 462//1374 461//1375
f 462//1376 465//1377 463//1378
f 460//1379 458//1361 465//1360
f 455//1380 464//1359 458//1361
f 465//1360 462//343 460//1379
f 465//1362 464//1381 466//1363
f 464//1382 455//1382 457//1383
f 466//1370 457//1384 456//1368
f 456//1368 459//1385 463//1369
f 461//353 463//1369 459//1385
f 467//1386 468//1387 469//1388
f 470//1389 471//1390 468//1391
f 471//1392 472//1393 473//1394
f 472//1395 474//1396 473//1397
f 467//1398 475//1399 476//1399
f 476//1400 477//1400 478//1401
f 479//1402 480//1403 481//1404
f 468//1405 474//1406 478//1407
f 481//1408 482//1409 483//1410
f 484//1411 485//1412 475//1413
f 475//1414 480//1415 477//1416
f 479//1417 483//1418 484//1417
f 486//1419 487//1420 488//1420
f 483//1421 486//1422 485//1412
f 480//1423 486//1424 488//1423
f 481//1404 488//1425 487//1426
f 479//1427 467//1427 469//1427
f 489//1428 478//1429 474//1429
f 470//1430 489//1431 490//1432
f 467//1433 470//1433 468//1433
f 470//25 490//25 471//25
f 471//1392 490//1434 472//1393
f 472//1435 489//1436 474//1435
f 467//1437 484//1438 475//1439
f 476//1440 475//1441 477//1441
f 479//1402 477//1442 480//1403
f 477//1443 479//1444 469//1444
f 469//1445 468//1405 478//1407
f 471//1446 473//1447 474//1406
f 478//1448 477//1449 469//1450
f 471//1446 474//1406 468//1405
f 481//1408 487//1409 482//1409
f 484//1411 483//1421 485//1412
f 475//1414 485//1451 480//1415
f 479//1452 481//1453 483//1453
f 486//1454 482//1455 487//1455
f 483//1421 482//1456 486//1422
f 480//1457 485//1458 486//1459
f 481//1404 480//1403 488//1425
f 479//1460 484//1460 467//1460
f 489//1461 476//1462 478//1462
f 472//1463 490//1432 489//1431
f 470//1430 467//1464 476//1465
f 476//1465 489//1431 470//1430
f 491//1466 492//1467 493//1468
f 492//1469 494//1469 495//1469
f 495//1470 496//1471 497//1472
f 497//1473 498//1474 499//1474
f 494//25 500//25 501//25
f 498//1475 502//1476 499//1477
f 503//1478 493//1479 502//1480
f 503//1481 504//1482 505//1483
f 491//1484 500//1484 506//1484
f 496//1485 501//1486 507//1487
f 491//1488 505//1483 508//1489
f 496//1485 504//1482 498//1490
f 491//1466 506//1491 492//1467
f 492//1469 506//1492 494//1469
f 495//1470 494//1493 496//1471
f 497//1474 496//1494 498//1474
f 494//1495 506//1496 500//1496
f 498//1497 503//1498 502//1499
f 503//1478 491//1500 493//1479
f 503//1481 498//1490 504//1482
f 491//1501 508//1502 500//1503
f 496//25 494//25 501//25
f 491//1488 503//1481 505//1483
f 496//1485 507//1487 504//1482
f 509//35 510//35 511//35
f 512//1504 513//1505 514//1506
f 513//25 515//25 514//25
f 516//1507 511//1508 517//1509
f 514//1510 518//1510 512//1511
f 519//1512 516//1513 520//117
f 520//1514 521//1514 522//1515
f 523//1516 511//1516 510//1516
f 521//1517 517//1509 524//1518
f 510//1519 520//1520 523//1521
f 525//1522 526//1523 527//1524
f 528//1525 525//1526 529//1527
f 530//1528 531//49 532//49
f 532//1529 528//1530 530//1531
f 523//1521 522//1532 533//1533
f 533//49 517//49 523//49
f 534//1534 524//1518 531//1535
f 522//117 534//117 535//117
f 535//1536 536//1536 528//1536
f 536//1537 531//1535 526//1523
f 533//1533 535//1538 532//1529
f 532//49 524//49 533//49
f 537//1539 538//1539 513//1540
f 538//1541 518//1542 515//1543
f 512//1544 539//1544 540//1544
f 540//1545 537//1546 512//1504
f 530//1531 529//1547 541//1548
f 541//1549 526//1550 530//1528
f 529//1551 542//1552 543//1553
f 542//1554 527//1524 544//1555
f 545//1556 544//1555 539//1557
f 543//1558 545//1558 546//1558
f 541//1548 543//1559 547//1560
f 547//1511 527//1511 541//1511
f 546//1561 548//1562 537//1563
f 548//1564 539//1557 518//1542
f 547//1560 546//1565 540//1545
f 540//1544 544//1511 547//1544
f 509//35 519//35 510//35
f 512//1504 537//1546 513//1505
f 513//25 538//25 515//25
f 516//1507 509//1566 511//1508
f 514//1510 515//1511 518//1510
f 519//1512 509//1567 516//1513
f 520//1514 516//1515 521//1514
f 523//49 517//49 511//49
f 521//1517 516//1507 517//1509
f 510//1519 519//1568 520//1520
f 525//1522 536//1537 526//1523
f 528//1525 536//117 525//1526
f 530//1528 526//1550 531//49
f 532//1529 535//1538 528//1530
f 523//1521 520//1520 522//1532
f 533//49 524//49 517//49
f 534//1534 521//1517 524//1518
f 522//117 521//117 534//117
f 535//1536 534//1569 536//1536
f 536//1537 534//1534 531//1535
f 533//1533 522//1532 535//1538
f 532//49 531//49 524//49
f 537//1539 548//1540 538//1539
f 538//1541 548//1564 518//1542
f 512//1544 518//1544 539//1544
f 540//1545 546//1565 537//1546
f 530//1531 528//1530 529//1547
f 541//1549 527//1570 526//1550
f 529//1571 525//1572 542//1573
f 542//1554 525//1522 527//1524
f 545//1556 542//1554 544//1555
f 543//1558 542//1558 545//1558
f 541//1548 529//1547 543//1559
f 547//1511 544//1511 527//1511
f 546//1574 545//1575 548//1576
f 548//1564 545//1556 539//1557
f 547//1560 543//1559 546//1565
f 540//1544 539//1510 544//1511
f 549//1577 550//1578 551//1579
f 552//1580 553//1581 550//1582
f 553//1583 554//1584 555//1585
f 555//1586 556//1587 557//1588
f 557//1589 558//1590 559//1591
f 559//1592 560//1593 561//1592
f 558//35 556//35 549//35
f 560//1594 562//1595 561//1596
f 563//1597 551//1598 562//1599
f 562//1600 564//1601 565//1602
f 565//1603 566//1604 567//1605
f 551//1606 568//1607 564//1608
f 555//1609 569//1610 553//1611
f 561//1612 570//1613 559//1614
f 557//1615 571//1616 555//1617
f 561//1618 565//1619 572//1620
f 550//1621 569//1622 568//1623
f 559//1624 573//1625 557//1626
f 574//1627 575//1628 567//1629
f 572//1630 575//1631 570//1632
f 573//1633 576//1633 571//1634
f 568//1635 577//1636 578//1637
f 572//1638 567//1639 579//1638
f 570//1640 574//1640 573//1641
f 571//1642 577//1643 569//1644
f 564//1645 578//1646 566//1647
f 549//1648 552//1649 550//1650
f 552//1580 580//1651 553//1581
f 553//1652 580//1653 554//1654
f 555//1586 554//1655 556//1587
f 557//1589 556//1656 558//1590
f 559//1657 558//1658 560//1658
f 580//35 552//35 554//35
f 549//1659 563//1660 558//1661
f 560//35 558//1661 563//1660
f 556//35 554//35 552//35
f 552//35 549//35 556//35
f 560//1662 563//1663 562//1662
f 563//1597 549//1664 551//1598
f 562//1600 551//1665 564//1601
f 565//1603 564//1666 566//1604
f 551//1606 550//1667 568//1607
f 555//1668 571//1669 569//1670
f 561//1671 572//1672 570//1673
f 557//1674 573//1675 571//1675
f 561//1676 562//1677 565//1678
f 550//1679 553//1680 569//1679
f 559//1624 570//1681 573//1625
f 567//1629 566//1682 574//1627
f 578//1683 577//1684 576//1683
f 576//1685 574//1627 566//1682
f 575//1628 579//1686 567//1629
f 566//25 578//25 576//25
f 572//1687 579//1688 575//1689
f 573//1633 574//1634 576//1633
f 568//1690 569//1691 577//1691
f 572//1692 565//1693 567//1693
f 570//1694 575//1695 574//1694
f 571//1696 576//1697 577//1698
f 564//1645 568//1699 578//1646
f 581//1700 582//1700 583//1701
f 584//353 585//1702 586//1703
f 587//1704 588//1705 585//1706
f 587//1707 589//343 590//1708
f 586//49 589//49 584//49
f 585//117 583//117 587//117
f 591//1709 592//1710 593//1711
f 586//1703 588//1712 594//1713
f 590//1708 591//1709 587//1707
f 586//1714 595//1715 590//1715
f 593//1716 596//1717 597//1718
f 594//1719 592//1719 595//1720
f 591//1721 597//1722 588//1721
f 588//1712 598//1723 594//1713
f 599//1724 600//1725 601//1724
f 597//1726 602//1727 598//1723
f 593//1711 603//1728 604//1729
f 598//1730 603//1731 592//1732
f 601//1733 605//1734 606//1735
f 599//1736 606//1737 607//1738
f 608//1739 605//1740 600//1741
f 607//1742 605//1743 609//1742
f 602//1744 609//1745 603//1746
f 604//1729 609//1747 608//1739
f 596//1748 607//1738 602//1727
f 604//1749 599//1750 596//1751
f 610//1752 611//1753 612//1754
f 589//1755 610//1755 584//1756
f 581//1757 610//1758 613//1759
f 583//1760 614//1761 589//343
f 615//1762 616//1763 617//1764
f 613//1759 612//1765 618//1766
f 582//1767 611//1768 614//1761
f 582//1769 618//1769 619//1770
f 620//1771 616//1772 621//1773
f 622//1774 621//1775 623//1776
f 615//1777 620//1778 622//1779
f 623//1780 616//1780 624//1781
f 625//1782 624//1783 626//1784
f 627//1785 615//1786 622//1785
f 627//1787 623//1776 625//1788
f 628//1789 624//1790 615//1762
f 618//1766 626//1791 628//1789
f 619//1792 625//1788 611//1768
f 618//1793 627//1793 619//1793
f 612//1794 625//1795 626//1796
f 581//1797 613//1798 582//1797
f 584//353 581//1757 585//1702
f 587//1704 591//1799 588//1705
f 587//1707 583//1760 589//343
f 586//49 590//49 589//49
f 585//117 581//117 583//117
f 591//1709 595//1800 592//1710
f 586//1703 585//1702 588//1712
f 590//1708 595//1800 591//1709
f 586//1801 594//1802 595//1801
f 593//1803 604//1804 596//1805
f 594//1806 598//1720 592//1719
f 591//1807 593//1808 597//1809
f 588//1712 597//1726 598//1723
f 599//1810 608//1810 600//1811
f 597//1726 596//1748 602//1727
f 593//1711 592//1710 603//1728
f 598//1812 602//1813 603//1814
f 601//1733 600//1815 605//1734
f 599//1736 601//1816 606//1737
f 608//1739 609//1747 605//1740
f 607//1817 606//1817 605//1818
f 602//1744 607//1819 609//1745
f 604//1729 603//1728 609//1747
f 596//1748 599//1736 607//1738
f 604//1820 608//1821 599//1822
f 610//1823 614//1824 611//1825
f 589//1826 614//1827 610//1826
f 581//1757 584//353 610//1758
f 583//1760 582//1767 614//1761
f 615//1762 624//1790 616//1763
f 613//1759 610//1758 612//1765
f 582//1767 619//1792 611//1768
f 582//1828 613//1829 618//1830
f 620//1771 617//1831 616//1772
f 622//1774 620//1832 621//1775
f 615//1833 617//1834 620//1833
f 623//1835 621//1836 616//1837
f 625//1782 623//1838 624//1783
f 627//1839 628//1840 615//1840
f 627//1787 622//1774 623//1776
f 628//1789 626//1791 624//1790
f 618//1766 612//1765 626//1791
f 619//1792 627//1787 625//1788
f 618//1841 628//1841 627//1841
f 612//1842 611//1843 625//1844
f 629//35 630//35 631//35
f 630//353 632//353 633//353
f 634//1845 635//25 636//1846
f 637//1847 638//1848 635//1849
f 639//1850 640//1851 641//1852
f 629//1853 637//1854 634//1855
f 635//1849 642//1856 643//1857
f 636//1846 643//25 644//1858
f 645//1859 646//1860 644//1861
f 636//1862 630//1863 633//1864
f 646//35 647//35 641//35
f 647//1865 645//1866 648//1867
f 644//1858 649//25 639//1868
f 643//1857 640//1869 649//1870
f 645//1871 639//1868 648//1872
f 642//35 641//35 640//35
f 638//35 646//35 642//35
f 636//1873 646//1874 631//1875
f 650//1876 634//1855 632//1859
f 648//1877 641//1852 647//1878
f 632//1879 636//1846 633//1880
f 651//35 631//35 638//35
f 629//35 650//35 630//35
f 630//353 650//353 632//353
f 634//1845 637//25 635//25
f 637//1847 651//1881 638//1848
f 639//1850 649//1882 640//1851
f 629//1853 651//117 637//1854
f 635//1849 638//1848 642//1856
f 636//1846 635//25 643//25
f 645//1859 652//1883 646//1860
f 636//1862 631//1884 630//1863
f 646//35 652//35 647//35
f 647//1865 652//1885 645//1866
f 644//1858 643//25 649//25
f 643//1857 642//1856 640//1869
f 645//1871 644//1858 639//1868
f 642//35 646//35 641//35
f 638//35 631//35 646//35
f 636//1873 644//1886 646//1874
f 650//1876 629//1853 634//1855
f 648//1877 639//1850 641//1852
f 632//1879 634//1845 636//1846
f 651//35 629//35 631//35
f 653//1887 654//1888 655//1889
f 656//25 657//25 653//25
f 656//1890 658//1890 659//1891
f 660//1892 661//1893 658//1893
f 658//1894 661//1895 657//1896
f 662//1897 663//1898 661//1899
f 655//1900 663//1901 664//1902
f 662//1903 660//1904 653//1905
f 653//1906 657//1907 654//1908
f 656//1909 659//1910 657//1909
f 656//1911 660//1912 658//1913
f 660//1914 662//1914 661//1915
f 654//1916 657//1896 661//1895
f 659//1917 658//1894 657//1896
f 661//1918 663//1919 654//1920
f 662//1897 664//1921 663//1898
f 655//1922 654//1923 663//1924
f 653//1925 655//1925 662//1926
f 664//1927 662//1928 655//1928
f 660//1929 656//1930 653//1931
f 665//1932 666//1933 667//1934
f 668//25 669//25 666//25
f 670//1935 671//1936 669//1937
f 672//1938 673//1939 671//1940
f 674//1941 675//1942 670//1943
f 675//35 676//35 673//35
f 674//1944 667//1945 676//1944
f 669//900 673//900 676//1946
f 665//1932 668//1947 666//1933
f 668//25 670//25 669//25
f 670//1935 672//1948 671//1936
f 672//1949 675//1950 673//1951
f 670//1943 668//1952 674//1941
f 665//1953 674//1941 668//1952
f 675//1942 672//1954 670//1943
f 675//35 674//35 676//35
f 674//1944 665//1955 667//1945
f 676//1946 667//1956 666//1957
f 666//1957 669//900 676//1946
f 671//899 673//900 669//900
f 677//1958 678//1959 679//1960
f 680//1961 681//1962 678//1963
f 681//1964 682//1965 683//1965
f 683//1966 684//1967 685//1966
f 685//1968 686//1969 687//1970
f 687//1971 688//1972 689//1973
f 677//1974 690//1975 691//1976
f 688//1977 692//1978 689//1979
f 693//1980 679//1981 692//1982
f 685//35 687//35 692//35
f 690//1983 694//1984 695//1985
f 680//1986 691//1987 696//1988
f 682//1989 697//1990 698//1991
f 686//1992 699//1993 688//1994
f 682//1995 700//1996 684//1996
f 693//1997 699//1998 690//1997
f 680//1999 697//2000 701//2001
f 684//2002 702//2002 686//2003
f 703//2004 704//2004 695//2004
f 700//2005 703//2005 702//2006
f 697//2007 705//2008 698//2009
f 696//2010 706//2011 707//2011
f 691//2012 695//2013 706//2012
f 702//2014 694//2015 699//2016
f 698//2017 704//2017 700//2017
f 697//2018 707//2019 708//2020
f 677//1958 680//2021 678//1959
f 680//2022 701//2023 681//2024
f 681//2025 701//2026 682//2027
f 683//1966 682//1967 684//1967
f 685//1968 684//2028 686//1969
f 687//1971 686//2029 688//1972
f 677//2030 693//2031 690//2030
f 688//1977 693//2032 692//1978
f 693//1980 677//2033 679//1981
f 692//2034 679//2035 685//2035
f 678//35 681//35 683//35
f 683//2036 685//2037 679//2037
f 687//35 689//35 692//35
f 679//35 678//35 683//35
f 690//1983 699//2038 694//1984
f 680//1986 677//2039 691//1987
f 682//2040 701//2041 697//2042
f 686//2043 702//2044 699//2045
f 682//2046 698//2047 700//2048
f 693//2049 688//2050 699//2050
f 680//2051 696//2052 697//2051
f 684//2053 700//2054 702//2055
f 708//2056 707//2057 705//2056
f 706//2058 695//2059 704//2059
f 694//25 703//25 695//25
f 704//2060 705//2061 707//2061
f 707//25 706//25 704//25
f 700//2062 704//2062 703//2063
f 697//2007 708//2064 705//2008
f 696//2065 691//2066 706//2065
f 691//2067 690//2068 695//2069
f 702//2014 703//2070 694//2015
f 698//2017 705//2017 704//2017
f 697//2071 696//2072 707//2019
f 709//2073 710//2074 711//2075
f 712//2076 713//2077 714//2078
f 715//2079 716//2080 717//2081
f 714//2082 718//2083 719//2084
f 719//2085 720//2086 710//2074
f 710//2087 721//2088 722//2089
f 723//2090 712//2091 724//2092
f 725//2093 726//2094 712//2095
f 711//2096 722//2097 727//2096
f 724//2092 714//2098 728//2099
f 729//2100 730//2101 723//2102
f 728//2103 719//2085 709//2073
f 713//2104 731//2105 718//2106
f 732//2107 733//2108 713//2109
f 734//2110 732//2110 712//2111
f 735//2112 718//2113 731//2114
f 736//35 721//35 731//35
f 737//2115 729//2116 724//2115
f 738//2117 739//2118 740//2119
f 741//2120 742//2121 743//2122
f 744//2123 743//2124 740//2125
f 740//2119 745//2126 746//2127
f 739//2128 721//2129 745//2130
f 747//2131 742//2132 748//2133
f 748//2134 749//2135 750//2136
f 751//2137 722//2138 739//2128
f 752//2139 743//2140 742//2141
f 753//2142 748//2143 715//2079
f 754//2144 740//2119 743//2145
f 741//2146 755//2147 756//2148
f 757//2149 756//2150 758//2151
f 757//2152 749//2153 742//2154
f 746//2155 744//2156 740//2157
f 759//2158 758//2159 721//2160
f 737//25 727//25 738//25
f 760//2161 761//2162 762//2163
f 763//2164 730//2165 764//2166
f 764//2167 765//2168 766//2169
f 767//2170 768//2171 769//2172
f 770//2173 771//2174 762//2174
f 762//25 772//25 760//25
f 725//2175 773//2176 726//2177
f 767//2178 774//2179 725//2180
f 763//2181 775//2182 768//2183
f 764//35 776//35 775//35
f 726//2184 777//2185 770//2186
f 709//2073 719//2085 710//2074
f 712//2076 732//2187 713//2077
f 715//2079 748//2143 716//2080
f 714//2188 713//2189 718//2190
f 719//2085 735//2191 720//2086
f 710//2087 720//2192 721//2088
f 723//2090 730//2090 712//2091
f 712//2193 730//2194 767//2195
f 730//2196 763//2197 767//2198
f 761//2199 734//2200 762//2201
f 770//2202 762//2203 734//2204
f 726//2205 770//2206 734//2207
f 712//2095 767//2208 725//2093
f 726//2209 734//2210 712//2211
f 711//2212 710//2087 722//2089
f 724//2092 712//2091 714//2098
f 729//2100 765//2213 730//2101
f 728//2214 714//2215 719//2216
f 713//2104 733//2217 731//2105
f 732//2107 736//2218 733//2108
f 734//49 736//49 732//49
f 735//2219 719//2219 718//2220
f 720//35 735//35 731//35
f 731//35 733//35 736//35
f 736//2221 734//35 761//35
f 778//35 759//2158 736//2221
f 736//2221 761//35 778//35
f 720//2222 731//2223 721//2224
f 759//2158 721//2160 736//2221
f 724//25 728//25 709//25
f 709//25 711//25 727//25
f 727//25 737//25 709//25
f 729//25 723//25 724//25
f 724//25 709//25 737//25
f 738//2117 751//2225 739//2118
f 741//2226 757//2227 742//2228
f 744//2229 741//2230 743//2231
f 740//2119 739//2118 745//2126
f 739//2128 722//2138 721//2129
f 747//2232 752//2139 742//2141
f 748//2133 742//2132 749//2233
f 751//2234 727//2235 722//2236
f 752//2139 754//2237 743//2140
f 753//2142 747//2142 748//2143
f 754//2144 738//2117 740//2119
f 741//2146 744//2238 755//2147
f 757//2149 741//2239 756//2150
f 757//2240 758//2241 749//2242
f 746//2155 755//2243 744//2156
f 755//35 746//35 745//35
f 745//2244 721//2245 755//2244
f 759//2158 750//2246 758//2159
f 758//2247 756//2247 755//2248
f 750//2246 749//35 758//2159
f 755//2249 721//2160 758//2159
f 738//25 754//25 752//25
f 752//2250 747//25 753//2251
f 753//2251 737//2252 752//2250
f 727//25 751//25 738//25
f 738//25 752//25 737//25
f 760//2161 778//2253 761//2162
f 764//2254 730//2255 765//2256
f 767//2257 763//2257 768//2258
f 770//25 777//25 771//25
f 762//25 771//25 772//25
f 725//2175 774//2259 773//2176
f 767//2260 769//2261 774//2262
f 763//2263 764//2264 775//2264
f 764//35 766//35 776//35
f 726//2265 773//2266 777//2265
f 779//2267 780//2268 781//2269
f 781//2270 782//2271 783//25
f 782//2272 784//2273 783//2274
f 785//2275 786//2276 784//2277
f 787//2278 788//2279 780//2280
f 788//1921 789//1921 786//2281
f 789//2282 787//2283 779//2284
f 781//2285 786//2286 779//2287
f 779//2267 787//2288 780//2268
f 781//2270 780//2289 782//2271
f 782//2290 785//2291 784//2292
f 785//2275 788//2293 786//2276
f 782//2294 780//2295 785//2296
f 787//2297 790//2297 788//2297
f 788//2279 785//2298 780//2280
f 788//35 790//35 789//35
f 789//2299 790//2299 787//2300
f 789//2301 779//2302 786//2303
f 781//2304 783//2305 784//2305
f 784//2306 786//2307 781//2308
f 791//2309 792//2310 793//2311
f 794//2312 795//2313 792//2314
f 795//2315 796//2316 797//2317
f 797//2318 798//2319 799//2320
f 799//2321 800//2322 801//2323
f 801//2324 802//2325 803//2326
f 800//25 798//25 804//25
f 802//2327 805//2328 803//2329
f 804//2330 793//2331 805//2332
f 799//35 801//35 805//35
f 791//2309 794//2333 792//2310
f 794//2334 806//2335 795//2336
f 795//2337 806//2338 796//2339
f 797//2318 796//2340 798//2319
f 799//2321 798//2341 800//2322
f 801//2342 800//2342 802//2343
f 806//25 794//25 796//25
f 791//2344 804//2345 798//2346
f 802//25 800//25 804//25
f 798//2346 796//25 794//25
f 794//25 791//2344 798//2346
f 802//2347 804//2348 805//2349
f 804//2330 791//2350 793//2331
f 805//35 793//35 799//35
f 792//2351 795//2352 797//2351
f 797//35 799//35 793//35
f 801//35 803//35 805//35
f 793//35 792//35 797//35
f 807//2353 808//2354 809//2355
f 810//2356 811//2357 808//2358
f 812//2359 813//2360 811//2361
f 814//2362 815//2363 813//2364
f 816//2365 817//2366 812//2367
f 817//2368 818//2369 815//2370
f 816//2371 809//2372 818//2373
f 808//2374 815//2375 818//2376
f 807//2353 810//2377 808//2354
f 810//2356 812//25 811//2357
f 812//2359 814//2378 813//2360
f 814//2362 817//2379 815//2363
f 812//2367 810//2380 807//2381
f 807//2381 816//2365 812//2367
f 817//2366 814//2382 812//2367
f 817//2368 816//35 818//2369
f 816//2371 807//2383 809//2372
f 818//2376 809//2384 808//2374
f 808//2374 811//2385 813//2386
f 813//2386 815//2375 808//2374
f 819//2387 820//2388 821//2389
f 821//2389 822//2390 823//2391
f 824//2392 825//2393 826//2394
f 821//2389 827//2395 819//2387
f 828//2396 826//2394 827//2395
f 829//2397 830//2398 831//2399
f 832//2400 833//2401 834//2402
f 835//2403 836//2404 832//2400
f 823//2391 837//2405 838//2406
f 839//2407 840//2408 841//2409
f 842//2410 843//2411 834//2402
f 844//2412 845//2413 846//2414
f 844//117 847//2415 848//2416
f 819//117 847//117 849//117
f 827//117 850//117 819//117
f 851//2417 839//2407 843//2411
f 843//2411 852//2418 853//2419
f 826//117 854//117 827//117
f 825//117 855//117 826//117
f 834//2402 853//2419 832//2400
f 839//2407 856//2420 852//2418
f 834//2402 857//2421 842//2410
f 838//2406 858//2422 835//2403
f 859//2423 860//2424 861//2425
f 861//2425 862//2426 863//2427
f 864//2428 865//2429 866//2430
f 844//2431 867//2432 868//2433
f 868//2433 869//2434 870//2435
f 870//2435 871//2436 859//2423
f 863//2427 872//2437 864//2428
f 837//2438 861//2438 858//2439
f 858//2440 863//2441 836//2442
f 833//2443 866//2444 857//2445
f 849//2446 868//2447 820//2448
f 820//2449 870//2450 822//2451
f 822//2452 859//2453 837//2452
f 836//2454 864//2455 833//2456
f 871//2457 873//2458 860//2459
f 872//2460 874//2461 865//2462
f 869//2463 875//2464 871//2465
f 860//2466 876//2467 862//2467
f 862//2468 877//2469 872//2470
f 867//2471 878//2472 869//2473
f 846//2474 879//2475 867//35
f 831//2476 880//2477 829//2477
f 829//2478 881//2479 825//2480
f 852//2481 882//2481 853//2482
f 835//25 883//2483 838//25
f 828//2484 884//2484 824//2484
f 824//2485 885//2486 830//2486
f 838//25 886//2487 823//25
f 821//2488 887//2488 828//2488
f 853//2489 888//2490 832//2489
f 856//2491 889//2492 852//2491
f 832//2493 890//2494 835//2495
f 821//25 886//2487 891//2496
f 892//2497 893//2498 840//2499
f 842//2500 894//2501 851//2502
f 866//2503 895//2504 857//2505
f 892//2506 894//2507 896//2507
f 857//2508 897//2509 842//2510
f 865//2511 898//2512 866//49
f 841//2513 899//2514 856//2514
f 840//2515 900//2516 841//2517
f 901//2518 902//2519 903//2520
f 904//2521 903//2520 905//2522
f 906//2523 907//2524 908//2525
f 909//2526 903//2520 902//2519
f 908//2525 910//2527 909//2526
f 911//2528 912//2529 907//2524
f 913//2530 914//2531 915//2532
f 916//2533 917//2534 914//2531
f 918//2535 905//2522 919//2536
f 920//2537 921//2538 922//2539
f 923//2540 924//2541 915//2532
f 845//2413 925//2542 926//117
f 925//2543 847//2415 927//117
f 847//117 902//117 927//117
f 902//117 854//117 909//117
f 920//2537 928//2544 923//2540
f 929//2545 923//2540 930//2546
f 854//117 908//117 909//117
f 855//117 906//117 908//117
f 930//2546 915//2532 914//2531
f 931//2547 920//2537 929//2545
f 932//2548 915//2532 924//2541
f 933//2549 919//2536 917//2534
f 934//2550 935//2551 936//2552
f 937//2553 936//2552 938//2554
f 939//2555 940//2556 941//353
f 942//2557 925//2558 943//2559
f 944//2560 943//2559 945//2561
f 946//2562 945//2561 935//2551
f 947//2563 938//2554 940//2556
f 936//2564 918//2565 933//2566
f 938//2567 933//2568 916//2569
f 941//2570 913//2570 932//2570
f 943//2571 927//2572 901//2573
f 945//2574 901//2575 904//2575
f 935//2576 904//2577 918//2578
f 940//2579 916//2580 913//2581
f 873//2582 946//2583 934//2583
f 874//2584 947//2585 939//2586
f 875//2464 944//2587 946//2588
f 876//2589 934//2590 937//2591
f 877//2592 937//2593 947//2594
f 878//2595 942//2596 944//2595
f 879//2475 926//35 942//35
f 880//2597 948//2598 911//2599
f 881//2479 911//2600 906//2601
f 882//2602 929//2603 930//2603
f 883//2483 917//2604 919//2605
f 884//2606 910//2607 907//2608
f 885//2609 907//2610 912//2611
f 886//2487 919//2612 905//2613
f 887//2614 903//2615 910//2614
f 888//2616 930//2617 914//2618
f 889//2619 931//2620 929//2621
f 890//2622 914//2623 917//2624
f 891//2496 905//2613 903//2625
f 893//2626 922//2627 921//2628
f 894//2501 924//2629 928//2630
f 895//2504 941//2631 932//2632
f 896//2633 928//2634 922//2635
f 897//2509 932//2636 924//2637
f 898//2512 939//2638 941//2639
f 899//2640 949//2641 931//2642
f 900//2643 921//2644 949//2645
f 819//2387 849//2646 820//2388
f 821//2389 820//2388 822//2390
f 824//2392 829//2397 825//2393
f 821//2389 828//2396 827//2395
f 828//2396 824//2392 826//2394
f 829//2397 824//2392 830//2398
f 832//2400 836//2404 833//2401
f 835//2403 858//2422 836//2404
f 823//2391 822//2390 837//2405
f 839//2407 892//2647 840//2408
f 842//2410 851//2417 843//2411
f 844//2412 848//2648 845//2413
f 844//117 849//117 847//2415
f 819//117 850//117 847//117
f 827//117 854//117 850//117
f 851//2417 892//2647 839//2407
f 843//2411 839//2407 852//2418
f 826//117 855//117 854//117
f 825//117 881//117 855//117
f 834//2402 843//2411 853//2419
f 839//2407 841//2409 856//2420
f 834//2402 833//2401 857//2421
f 838//2406 837//2405 858//2422
f 859//2423 871//2436 860//2424
f 861//2425 860//2424 862//2426
f 864//2428 872//2437 865//2429
f 844//2431 846//2649 867//2432
f 868//2433 867//2432 869//2434
f 870//2435 869//2434 871//2436
f 863//2427 862//2426 872//2437
f 837//2650 859//2651 861//2652
f 858//2653 861//2654 863//2655
f 833//2656 864//2657 866//2656
f 849//2658 844//2658 868//2659
f 820//2660 868//2661 870//2661
f 822//2662 870//2663 859//2664
f 836//2665 863//2666 864//2667
f 871//2457 875//2668 873//2458
f 872//2669 877//2670 874//2671
f 869//2463 878//2672 875//2464
f 860//2673 873//2674 876//2674
f 862//2675 876//2675 877//2676
f 867//2677 879//2678 878//2679
f 846//2474 845//2680 879//2475
f 831//2681 950//2682 880//2683
f 829//2478 880//2684 881//2479
f 852//2685 889//2685 882//2686
f 835//25 890//2687 883//2483
f 828//2688 887//2689 884//2688
f 824//2690 884//2691 885//2692
f 838//25 883//25 886//25
f 821//2693 891//2693 887//2693
f 853//2694 882//2694 888//2695
f 856//2696 899//2697 889//2619
f 832//2698 888//2699 890//2699
f 821//25 823//25 886//2487
f 892//2498 896//2499 893//2497
f 842//2500 897//2700 894//2501
f 866//2503 898//2701 895//2504
f 892//2507 851//2702 894//2702
f 857//2508 895//2703 897//2509
f 865//2511 874//2704 898//2512
f 841//2517 900//2516 899//2705
f 840//2706 893//2707 900//2643
f 901//2518 927//2708 902//2519
f 904//2521 901//2518 903//2520
f 906//2523 911//2528 907//2524
f 909//2526 910//2527 903//2520
f 908//2525 907//2524 910//2527
f 911//2528 948//2709 912//2529
f 913//2530 916//2533 914//2531
f 916//2533 933//2549 917//2534
f 918//2535 904//2521 905//2522
f 920//2537 949//2710 921//2538
f 923//2540 928//2544 924//2541
f 845//2413 848//2648 925//2542
f 925//2543 848//2416 847//2415
f 847//117 850//117 902//117
f 902//117 850//117 854//117
f 920//2537 922//2539 928//2544
f 929//2545 920//2537 923//2540
f 854//117 855//117 908//117
f 855//117 881//117 906//117
f 930//2546 923//2540 915//2532
f 931//2547 949//2710 920//2537
f 932//2548 913//2530 915//2532
f 933//2549 918//2535 919//2536
f 934//2550 946//2562 935//2551
f 937//2553 934//2550 936//2552
f 939//2555 947//2563 940//2556
f 942//2557 926//2711 925//2558
f 944//2560 942//2557 943//2559
f 946//2562 944//2560 945//2561
f 947//2563 937//2553 938//2554
f 936//2712 935//2713 918//2714
f 938//2715 936//2715 933//2716
f 941//2717 940//2718 913//2719
f 943//2720 925//2721 927//2722
f 945//2723 943//2724 901//2725
f 935//2726 945//2727 904//2728
f 940//2729 938//2730 916//2731
f 873//2582 875//2732 946//2583
f 874//2733 877//2586 947//2584
f 875//2464 878//2672 944//2587
f 876//2589 873//2734 934//2590
f 877//2675 876//2592 937//2675
f 878//2735 879//2736 942//2737
f 879//2475 845//2680 926//35
f 880//2683 950//2682 948//2738
f 881//2479 880//2684 911//2600
f 882//2739 889//2740 929//2741
f 883//2483 890//2687 917//2604
f 884//2742 887//2743 910//2744
f 885//2745 884//2746 907//2747
f 886//25 883//25 919//25
f 887//2748 891//2749 903//2749
f 888//2616 882//2750 930//2617
f 889//2619 899//2697 931//2620
f 890//2699 888//2699 914//2751
f 891//2496 886//2487 905//2613
f 893//2626 896//2752 922//2627
f 894//2501 897//2700 924//2629
f 895//2504 898//2701 941//2631
f 896//2753 894//2754 928//2755
f 897//2509 895//2703 932//2636
f 898//2512 874//2704 939//2638
f 899//2756 900//2757 949//2758
f 900//2643 893//2707 921//2644
f 951//35 952//35 953//35
f 951//2759 954//2760 955//2761
f 956//2762 954//2763 957//2764
f 953//2765 958//2766 956//2767
f 953//2768 957//2769 951//2770
f 958//2771 955//2772 954//2773
f 951//35 955//35 952//35
f 951//2759 957//2774 954//2760
f 956//2762 958//25 954//2763
f 953//2765 952//2775 958//2766
f 953//2768 956//2776 957//2769
f 958//2771 952//117 955//2772
f 959//2777 960//2778 961//2779
f 962//2780 963//2781 964//2782
f 960//2783 965//2784 966//2785
f 967//2786 968//2787 969//2788
f 970//2789 971//2790 972//2791
f 973//2792 974//2793 975//2792
f 974//2794 976//2795 977//2796
f 978//2797 979//2798 980//2799
f 981//2800 982//2801 983//2802
f 984//2803 985//2804 986//2803
f 987//2805 988//2806 982//2029
f 989//2807 990//2808 991//2809
f 986//2810 992//2811 984//2812
f 993//2813 982//2814 994//2815
f 995//2816 983//2817 996//2818
f 997//2819 996//2820 990//2821
f 989//2822 998//2823 986//2824
f 984//2825 999//2826 993//2827
f 1000//2828 1001//2829 1002//2830
f 996//2831 974//2831 973//2831
f 1003//2832 1004//2833 990//2834
f 991//2835 1005//2836 998//2837
f 992//2838 1006//2839 999//2840
f 983//2841 1007//2842 1008//2842
f 991//2843 1004//2844 1000//2845
f 998//2846 963//2846 992//2847
f 1005//2848 968//2849 967//2850
f 1009//2851 1001//2852 1004//2853
f 1000//2854 1010//2855 1005//2856
f 1011//2857 1012//2858 1013//2859
f 993//2860 1014//2861 1011//2862
f 995//2863 1015//2864 981//2865
f 995//2863 1016//2866 1017//2867
f 986//35 1018//35 989//35
f 984//2868 1011//2869 1013//2869
f 981//2865 1014//2861 994//2870
f 997//35 1018//35 1016//35
f 1012//2871 1019//2872 1020//2873
f 1014//2874 1020//2875 1021//2876
f 1016//2877 1022//2878 1023//2877
f 1013//2879 1024//2879 985//2879
f 1014//2880 1019//2881 1011//2882
f 1015//2883 1025//2884 1020//2884
f 1017//2885 1023//2886 1025//2887
f 985//2888 1022//2889 1018//2888
f 1001//25 1026//25 1027//25
f 1010//25 1028//25 1029//25
f 1001//25 1028//2890 1002//2891
f 1010//25 969//25 1030//25
f 981//2800 994//2892 982//2801
f 984//35 1013//35 985//35
f 999//2893 1031//2894 1032//2894
f 989//2807 997//2895 990//2808
f 986//2810 998//2896 992//2811
f 993//2813 999//2897 982//2814
f 995//2816 981//2898 983//2817
f 997//2819 995//2899 996//2820
f 989//2822 991//2900 998//2823
f 984//2825 992//2901 999//2826
f 1000//2902 1004//2902 1001//2903
f 983//2904 1008//2905 1033//2906
f 990//2907 973//2908 1034//2909
f 991//2835 1000//2910 1005//2836
f 992//2911 962//2912 965//2913
f 982//2914 1035//2914 1036//2915
f 991//2843 990//2916 1004//2844
f 1005//2917 1037//2918 998//2919
f 1010//2920 968//2849 1005//2848
f 1004//2921 979//2922 1009//2923
f 1000//2924 1002//2924 1010//2925
f 1011//2926 1019//2927 1012//2928
f 993//2860 994//2870 1014//2861
f 995//2863 1017//2867 1015//2864
f 995//35 997//35 1016//35
f 986//35 985//35 1018//35
f 984//2929 993//2860 1011//2862
f 981//2865 1015//2864 1014//2861
f 997//35 989//35 1018//35
f 1020//35 1025//35 1012//35
f 1023//2930 1022//2931 1024//2931
f 1024//35 1012//35 1025//35
f 1019//2872 1021//2932 1020//2873
f 1025//2933 1023//2933 1024//2934
f 1014//2875 1015//2876 1020//2876
f 1016//2935 1018//2936 1022//2937
f 1013//2938 1012//2939 1024//2939
f 1014//2940 1021//2941 1019//2940
f 1015//2942 1017//2943 1025//2944
f 1017//2945 1016//2945 1023//2946
f 985//2947 1024//2947 1022//2948
f 1001//25 978//25 1026//25
f 1010//2949 1002//2891 1028//2890
f 1001//25 1027//25 1028//25
f 1010//25 1029//25 1038//25
f 1039//25 1040//25 1041//25
f 959//2950 1042//2951 1040//2952
f 987//2953 1043//2954 988//2955
f 972//25 1008//25 1007//25
f 961//25 1044//25 1045//25
f 1046//2956 1035//2957 988//2958
f 960//2959 1032//2960 1031//2961
f 1047//2962 1040//2963 1042//2964
f 971//25 1041//25 1048//25
f 961//2965 1041//2966 1047//2966
f 959//2967 988//2968 1043//2969
f 1049//2970 1038//2971 1045//2972
f 980//25 1048//25 1026//25
f 970//2973 988//2974 1040//2975
f 1050//2976 971//2977 1048//2978
f 1051//2979 970//2980 1040//2981
f 966//2982 964//2983 961//2779
f 1049//2984 1044//2984 964//2985
f 961//2779 1047//2986 959//2777
f 959//2987 1043//2988 960//2989
f 1047//2986 1042//2990 959//2777
f 964//2983 1044//2991 961//2779
f 1052//2992 960//2993 987//2994
f 1043//2995 987//2994 960//2993
f 966//2982 961//2779 960//2778
f 1053//2996 964//2997 963//2998
f 966//2999 962//2780 964//2782
f 962//3000 966//2785 965//2784
f 960//2783 1006//3001 965//2784
f 1049//3002 964//117 967//2786
f 1037//117 967//2786 964//117
f 964//117 1053//117 1037//117
f 968//2787 1030//3003 969//2788
f 969//2788 1049//3002 967//2786
f 980//3004 975//3005 1050//3006
f 977//3007 972//2791 971//2790
f 1036//3008 1035//3009 972//2791
f 970//2789 1051//3010 1039//3011
f 1035//3009 1046//3012 972//2791
f 975//3013 977//3007 971//2790
f 971//2790 1050//3014 975//3013
f 970//2789 1039//3011 971//2790
f 972//2791 1046//3012 970//2789
f 977//3015 975//3016 974//3017
f 1034//3018 973//3019 975//3020
f 972//3021 977//3022 976//3023
f 976//3023 1033//3024 972//3021
f 1034//3025 975//3026 1003//3027
f 978//2797 1054//117 1009//3028
f 975//3026 980//2799 979//2798
f 979//3029 1003//3029 975//3030
f 978//2797 1009//3028 979//2798
f 982//3031 999//3032 1052//3032
f 1052//3033 987//3034 982//3035
f 999//3036 1032//3037 1052//3038
f 996//3039 976//3040 974//3041
f 1003//3042 979//3042 1004//3042
f 992//3043 965//2926 1006//3043
f 1006//3044 1031//3045 999//3046
f 998//3047 1037//2320 1053//3048
f 1053//3049 963//3050 998//3051
f 1009//3052 1054//3053 1001//3054
f 1010//25 1038//25 969//25
f 996//3055 983//2904 1033//2906
f 1033//3056 976//3057 996//3058
f 990//3059 996//3060 973//3060
f 1034//3061 1003//2832 990//2834
f 992//2911 963//3062 962//2912
f 1007//3063 983//3064 1036//3065
f 982//3066 988//3067 1035//3068
f 1036//3065 983//3064 982//3069
f 1005//2917 967//3070 1037//2918
f 1010//3071 1030//3072 968//3073
f 1001//25 1054//25 978//25
f 1039//25 1051//25 1040//25
f 1007//3074 1036//3075 972//3075
f 972//25 1033//25 1008//25
f 1031//2961 1006//25 960//2959
f 960//2959 1052//25 1032//2960
f 1047//3076 1041//3076 1040//3077
f 971//25 1039//25 1041//25
f 961//3078 1045//3078 1041//3079
f 959//3080 1040//3081 988//3082
f 1045//3083 1044//3084 1049//3084
f 1049//25 969//25 1038//25
f 1026//25 978//25 980//25
f 980//25 1050//25 1048//25
f 970//3085 1046//3086 988//3087
f 1055//35 1056//35 1057//35
f 1056//3088 1058//3089 1059//3090
f 1058//25 1060//25 1059//25
f 1061//3091 1057//3092 1060//3093
f 1056//35 1062//35 1057//35
f 1063//3094 1061//3095 1058//3094
f 1064//3096 1065//3097 1066//3098
f 1060//25 1066//3098 1059//25
f 1060//3099 1062//3100 1064//3101
f 1059//3102 1067//3103 1056//3104
f 1065//49 1068//49 1069//49
f 1062//35 1069//35 1068//35
f 1064//3105 1068//3106 1070//3105
f 1066//3107 1069//3108 1067//3109
f 1055//35 1063//35 1056//35
f 1056//3088 1063//3110 1058//3089
f 1058//25 1061//25 1060//25
f 1061//3091 1055//3111 1057//3092
f 1056//35 1067//35 1062//35
f 1063//3094 1055//3112 1061//3095
f 1064//3096 1070//25 1065//3097
f 1060//25 1064//3096 1066//3098
f 1060//3113 1057//3114 1062//3115
f 1059//3116 1066//3116 1067//3117
f 1065//49 1070//49 1068//49
f 1062//35 1067//35 1069//35
f 1064//3118 1062//3119 1068//3120
f 1066//3121 1065//3121 1069//3122
f 1071//25 1072//25 1073//25
f 1074//3123 1075//3124 1076//3125
f 1077//35 1078//35 1079//35
f 1080//3126 1081//3126 1082//3127
f 1083//3128 1078//3129 1084//3130
f 1085//3131 1076//3132 1075//3133
f 1086//3134 1087//3135 1088//3136
f 1082//3137 1089//3138 1090//3137
f 1073//25 1091//25 1092//25
f 1092//3139 1093//3140 1094//3141
f 1095//3142 1084//3143 1096//3144
f 1093//3145 1097//3146 1080//3147
f 1072//3148 1098//3149 1091//3150
f 1071//3151 1075//3152 1099//3153
f 1089//3154 1080//3155 1097//3156
f 1099//3157 1100//3158 1072//3159
f 1091//3160 1101//3161 1093//3162
f 1074//3163 1079//3164 1100//3165
f 1076//3166 1077//3167 1074//3166
f 1100//3168 1083//3169 1098//3170
f 1098//3171 1095//3172 1101//3173
f 1102//3174 1087//3175 1076//3176
f 1103//3177 1097//3178 1104//3178
f 1101//3179 1104//3180 1097//3181
f 1090//3182 1103//3183 1105//3184
f 1105//3185 1103//3186 1104//3186
f 1106//25 1071//25 1073//25
f 1107//3187 1108//3188 1109//3189
f 1078//35 1110//35 1111//35
f 1082//3190 1112//3191 1094//3192
f 1113//35 1078//35 1111//35
f 1085//3193 1114//3194 1102//3195
f 1086//3196 1115//3197 1110//3198
f 1116//3199 1082//3200 1090//3201
f 1117//25 1073//25 1092//25
f 1118//3202 1092//3203 1094//3204
f 1119//35 1084//35 1113//35
f 1118//3205 1120//3206 1121//3207
f 1122//3208 1106//3209 1117//3210
f 1108//3211 1071//3212 1109//3212
f 1116//3213 1112//3214 1123//3213
f 1124//353 1109//353 1106//353
f 1121//3215 1117//3216 1118//3217
f 1111//3218 1107//3219 1124//3220
f 1110//3221 1114//3222 1107//3223
f 1113//3224 1124//3225 1122//3226
f 1119//3227 1122//3228 1121//3229
f 1115//3230 1102//3231 1114//3232
f 1120//3233 1125//3234 1126//3233
f 1126//3235 1121//3236 1120//3237
f 1090//3238 1125//3239 1116//3239
f 1126//3240 1105//3241 1096//3242
f 1071//25 1099//25 1072//25
f 1074//3243 1099//3244 1075//3245
f 1077//35 1086//35 1078//35
f 1082//3246 1094//3247 1080//3248
f 1093//3249 1080//3249 1094//3249
f 1083//35 1079//35 1078//35
f 1085//3193 1102//3195 1076//3250
f 1086//3251 1077//3251 1087//3252
f 1082//3253 1081//3253 1089//3254
f 1073//25 1072//25 1091//25
f 1092//25 1091//25 1093//25
f 1095//3142 1083//35 1084//3143
f 1093//3145 1101//3255 1097//3146
f 1072//3256 1100//3256 1098//3257
f 1071//3258 1085//3258 1075//3259
f 1089//3260 1081//3261 1080//3262
f 1099//3157 1074//3263 1100//3158
f 1091//3160 1098//3264 1101//3161
f 1074//3163 1077//3265 1079//3164
f 1076//3266 1087//3266 1077//3267
f 1100//3168 1079//3268 1083//3169
f 1098//3269 1083//3270 1095//3271
f 1102//3272 1088//3273 1087//3274
f 1103//3275 1089//3276 1097//3277
f 1101//3278 1095//3279 1104//3280
f 1090//3281 1089//3281 1103//3282
f 1104//3283 1095//3284 1096//3285
f 1096//3286 1105//3287 1104//3288
f 1106//25 1109//25 1071//25
f 1107//3289 1114//3289 1108//3290
f 1078//35 1086//35 1110//35
f 1118//3291 1094//3292 1112//3292
f 1082//3293 1123//3294 1112//3295
f 1113//35 1084//35 1078//35
f 1085//3296 1108//3297 1114//3298
f 1086//3299 1088//3300 1115//3300
f 1116//3301 1123//3199 1082//3199
f 1117//25 1106//25 1073//25
f 1118//3202 1117//25 1092//3203
f 1119//35 1096//35 1084//35
f 1118//3205 1112//3302 1120//3206
f 1122//3209 1124//3210 1106//3208
f 1108//3303 1085//3304 1071//3305
f 1116//3306 1120//3306 1112//3306
f 1124//353 1107//353 1109//353
f 1121//3215 1122//3307 1117//3216
f 1111//3308 1110//3309 1107//3310
f 1110//3311 1115//3312 1114//3313
f 1113//3224 1111//3314 1124//3225
f 1119//3315 1113//3316 1122//3317
f 1115//3318 1088//3273 1102//3272
f 1120//3319 1116//3320 1125//3321
f 1126//3322 1119//3323 1121//3322
f 1090//3324 1105//3324 1125//3324
f 1096//3325 1119//3325 1126//3326
f 1126//3327 1125//3328 1105//3329
f 1127//3330 1128//3331 1129//3332
f 1128//3333 1130//3334 1131//3335
f 1130//3336 1132//3337 1131//3338
f 1133//3339 1129//3340 1132//3341
f 1134//3342 1135//3343 1136//3344
f 1137//3345 1133//3346 1130//3347
f 1132//3341 1138//3348 1139//3349
f 1131//3350 1139//3351 1134//3352
f 1136//3344 1131//3335 1134//3342
f 1129//3353 1136//3354 1138//3355
f 1140//3356 1141//3357 1142//3356
f 1136//3358 1143//3359 1138//3358
f 1139//3360 1142//3361 1134//3361
f 1139//3349 1143//3362 1140//3363
f 1144//3364 1145//3365 1141//3364
f 1135//3366 1146//3367 1143//3368
f 1143//3362 1144//3369 1140//3363
f 1135//3343 1141//3370 1147//3371
f 1145//3372 1148//3373 1149//3374
f 1147//3375 1148//3376 1146//3377
f 1146//3378 1150//3379 1144//3369
f 1147//3371 1145//3380 1149//3381
f 1127//3382 1137//3383 1128//3384
f 1128//3333 1137//3385 1130//3334
f 1130//3386 1133//3387 1132//3388
f 1133//3339 1127//3389 1129//3340
f 1134//3342 1142//3390 1135//3343
f 1137//3345 1127//3391 1133//3346
f 1132//3341 1129//3340 1138//3348
f 1131//3350 1132//3392 1139//3351
f 1136//3344 1128//3333 1131//3335
f 1129//3354 1128//3355 1136//3353
f 1140//3393 1144//3394 1141//3395
f 1136//3396 1135//3397 1143//3398
f 1139//3399 1140//3400 1142//3401
f 1139//3349 1138//3348 1143//3362
f 1144//3402 1150//3365 1145//3364
f 1135//3403 1147//3404 1146//3405
f 1143//3362 1146//3378 1144//3369
f 1135//3343 1142//3390 1141//3370
f 1145//3406 1150//3407 1148//3408
f 1147//3375 1149//3409 1148//3376
f 1146//3378 1148//3410 1150//3379
f 1147//3371 1141//3370 1145//3380
f 1151//3411 1152//3412 1153//3413
f 1154//3414 1155//3415 1153//3416
f 1156//35 1153//35 1152//35
f 1157//3417 1152//3417 1158//3418
f 1159//3419 1158//3420 1160//3421
f 1161//25 1160//25 1151//25
f 1162//3422 1151//3423 1155//3424
f 1153//3413 1155//3425 1151//3411
f 1151//3411 1160//3426 1152//3412
f 1158//3427 1152//3412 1160//3426
f 1154//3414 1162//3428 1155//3415
f 1156//35 1154//35 1153//35
f 1157//3429 1156//3430 1152//3429
f 1159//3419 1157//3431 1158//3420
f 1161//25 1159//25 1160//25
f 1162//3432 1161//3422 1151//3432
f 1163//3433 1164//49 1165//49
f 1166//3434 1167//3435 1168//3436
f 1165//49 1169//49 1170//49
f 1171//3437 1172//3438 1173//3439
f 1166//25 1174//25 1175//25
f 1176//3440 1177//3441 1178//3440
f 1179//353 1169//353 1180//353
f 1176//3442 1175//3443 1181//3444
f 1182//117 1183//117 1184//117
f 1181//3444 1183//3445 1185//3446
f 1174//25 1183//25 1175//25
f 1181//3447 1182//3448 1177//3449
f 1176//35 1186//35 1167//35
f 1186//3450 1187//3450 1173//3451
f 1167//3452 1173//3453 1172//3454
f 1188//3455 1173//3439 1187//3456
f 1189//3457 1190//3458 1191//3459
f 1168//3436 1172//3460 1192//3461
f 1179//3462 1193//3463 1189//3464
f 1191//3465 1194//3466 1195//3467
f 1196//3468 1197//3469 1186//3470
f 1184//3471 1186//3472 1178//3473
f 1196//3474 1198//3475 1199//3476
f 1168//3436 1200//3477 1166//3434
f 1166//3478 1201//3479 1196//3480
f 1192//3461 1202//3481 1168//3436
f 1171//49 1203//49 1192//49
f 1188//3482 1204//49 1171//49
f 1205//3483 1191//3484 1195//3485
f 1206//3486 1189//3487 1207//3488
f 1208//3489 1189//3457 1191//3459
f 1209//3490 1179//3491 1206//3492
f 1210//3493 1170//3494 1209//3495
f 1211//3496 1165//3497 1210//3493
f 1204//3498 1212//3499 1213//3500
f 1212//3499 1210//3493 1213//3500
f 1203//3501 1213//3500 1214//3502
f 1213//3500 1209//3495 1214//49
f 1203//3503 1215//3504 1202//3505
f 1214//3506 1206//3507 1215//3508
f 1200//3509 1216//3510 1201//3511
f 1217//3512 1208//3513 1216//3514
f 1202//3515 1217//3516 1200//3517
f 1215//3508 1207//3518 1217//3519
f 1201//3520 1218//3521 1198//3520
f 1216//3522 1205//3523 1218//3524
f 1219//3525 1163//3433 1220//3526
f 1221//3527 1222//3528 1223//3529
f 1224//3530 1220//3526 1225//3531
f 1226//3532 1227//3533 1228//3534
f 1229//25 1230//25 1222//25
f 1231//3535 1232//3536 1233//3537
f 1234//353 1224//353 1225//353
f 1232//3538 1229//3539 1222//3528
f 1235//3540 1236//3541 1237//3542
f 1238//3543 1235//3544 1229//3539
f 1235//25 1239//25 1229//25
f 1236//3545 1238//3546 1231//3547
f 1240//3548 1232//3549 1221//3550
f 1187//3551 1240//3552 1228//3553
f 1228//3554 1221//3555 1226//3556
f 1228//3534 1188//3455 1187//3456
f 1241//3557 1242//3558 1243//3559
f 1226//3560 1223//3529 1244//3561
f 1245//3562 1234//3563 1242//3564
f 1194//3466 1243//3565 1195//3467
f 1197//3566 1230//3566 1240//3566
f 1233//3567 1240//3568 1237//3569
f 1198//3570 1230//3571 1199//3572
f 1246//3573 1223//3529 1222//3528
f 1247//3574 1222//3575 1230//3576
f 1248//3577 1244//3561 1223//3529
f 1249//3578 1227//3579 1244//3580
f 1250//3581 1188//3482 1227//3579
f 1205//3582 1243//3583 1251//3584
f 1242//3585 1252//3586 1253//3587
f 1251//3588 1242//3589 1253//3590
f 1234//3591 1254//3592 1252//3586
f 1225//3593 1255//3594 1254//3595
f 1220//3596 1211//3496 1255//3594
f 1250//3597 1212//3499 1256//3598
f 1255//3594 1212//3499 1257//3599
f 1249//3600 1257//3599 1250//3597
f 1254//3595 1257//3599 1258//3601
f 1259//3602 1249//3603 1248//3604
f 1252//3605 1258//3606 1259//3607
f 1260//3608 1246//3609 1247//3610
f 1251//3611 1261//3612 1260//3613
f 1261//3614 1248//3604 1246//3615
f 1253//3616 1259//3607 1261//3617
f 1218//3618 1247//3619 1198//3620
f 1218//3618 1251//3621 1260//3622
f 1163//3433 1262//3623 1164//49
f 1166//3434 1176//3442 1167//3435
f 1165//49 1164//49 1169//49
f 1171//3437 1192//3624 1172//3438
f 1166//25 1196//25 1174//25
f 1176//3625 1181//3626 1177//3627
f 1179//343 1170//343 1169//343
f 1176//3442 1166//3434 1175//3443
f 1182//117 1185//117 1183//117
f 1181//3444 1175//3443 1183//3445
f 1174//25 1184//25 1183//25
f 1181//3447 1185//3628 1182//3448
f 1176//35 1178//35 1186//35
f 1186//3629 1197//3630 1187//3630
f 1167//3631 1186//3632 1173//3632
f 1188//3455 1171//3437 1173//3439
f 1189//3633 1193//3633 1190//3634
f 1168//3436 1167//3435 1172//3460
f 1179//3462 1180//3635 1193//3463
f 1191//3636 1190//3637 1194//3638
f 1196//3468 1199//3639 1197//3469
f 1177//3640 1182//3641 1178//3473
f 1184//3471 1174//3642 1186//3472
f 1196//3643 1186//3472 1174//3642
f 1178//3473 1182//3641 1184//3471
f 1196//3474 1201//3644 1198//3475
f 1168//3436 1202//3481 1200//3477
f 1166//3478 1200//3645 1201//3479
f 1192//3461 1203//3646 1202//3481
f 1171//49 1204//49 1203//49
f 1188//3482 1256//3647 1204//49
f 1205//3648 1208//3649 1191//3650
f 1206//3651 1179//3652 1189//3653
f 1208//3489 1207//3654 1189//3457
f 1209//3490 1170//3655 1179//3491
f 1210//3493 1165//3497 1170//3494
f 1211//3496 1163//3598 1165//3497
f 1204//3498 1256//3598 1212//3499
f 1212//3499 1211//3496 1210//3493
f 1203//3501 1204//3498 1213//3500
f 1213//3500 1210//3493 1209//3495
f 1203//3503 1214//3656 1215//3504
f 1214//3506 1209//3657 1206//3507
f 1200//3658 1217//3658 1216//3659
f 1217//3660 1207//3654 1208//3489
f 1202//3505 1215//3504 1217//3661
f 1215//3508 1206//3507 1207//3518
f 1201//3662 1216//3663 1218//3664
f 1216//3665 1208//3649 1205//3648
f 1219//3525 1262//3623 1163//3433
f 1221//3527 1232//3538 1222//3528
f 1224//3530 1219//3525 1220//3526
f 1226//3532 1244//3666 1227//3533
f 1229//25 1239//25 1230//25
f 1231//3535 1238//3667 1232//3536
f 1234//343 1263//343 1224//343
f 1232//3538 1238//3543 1229//3539
f 1235//3540 1264//3668 1236//3541
f 1238//3543 1264//3669 1235//3544
f 1235//25 1237//25 1239//25
f 1236//3545 1264//3670 1238//3546
f 1240//3548 1233//35 1232//3549
f 1187//3551 1197//3671 1240//3552
f 1228//3672 1240//3673 1221//3674
f 1228//3534 1227//3533 1188//3455
f 1241//3675 1245//3676 1242//3677
f 1226//3560 1221//3527 1223//3529
f 1245//3562 1263//3678 1234//3563
f 1194//3565 1241//3679 1243//3680
f 1197//3681 1199//3682 1230//3683
f 1237//3569 1236//3684 1233//3567
f 1231//3685 1233//3567 1236//3684
f 1240//3568 1230//3686 1239//3687
f 1239//3687 1237//3569 1240//3568
f 1198//3688 1247//3574 1230//3576
f 1246//3573 1248//3577 1223//3529
f 1247//3689 1246//3689 1222//3690
f 1248//3577 1249//3691 1244//3561
f 1249//3578 1250//3581 1227//3579
f 1250//3581 1256//3647 1188//3482
f 1205//3483 1195//3485 1243//3692
f 1242//3585 1234//3591 1252//3586
f 1251//3584 1243//3583 1242//3693
f 1234//3694 1225//3695 1254//3696
f 1225//3593 1220//3596 1255//3594
f 1220//3596 1163//3598 1211//3496
f 1250//3597 1257//3599 1212//3499
f 1255//3594 1211//3496 1212//3499
f 1249//3600 1258//3601 1257//3599
f 1254//3595 1255//3594 1257//3599
f 1259//3602 1258//3697 1249//3603
f 1252//3605 1254//3698 1258//3606
f 1260//3608 1261//3699 1246//3609
f 1251//3700 1253//3701 1261//3702
f 1261//3614 1259//3602 1248//3604
f 1253//3616 1252//3605 1259//3607
f 1218//3618 1260//3622 1247//3619
f 1218//3703 1205//3704 1251//3705
f 1265//3706 1266//3706 1267//3706
f 1268//3707 1269//3707 1270//3708
f 1271//3709 1272//3710 1273//3711
f 1274//3712 1271//3713 1275//3714
f 1276//3715 1277//3716 1278//3717
f 1279//3718 1273//3719 1280//3720
f 1281//3721 1270//3722 1273//3723
f 1275//3724 1269//3724 1282//3725
f 1278//3726 1272//3727 1274//3728
f 1276//3729 1280//3730 1283//3731
f 1267//3732 1284//3733 1285//3734
f 1286//3735 1287//3736 1267//3737
f 1288//3738 1286//3739 1266//3740
f 1289//3741 1266//3742 1265//3743
f 1290//3744 1265//3745 1291//3746
f 1292//3747 1291//3748 1293//3749
f 1294//3750 1292//3751 1293//3752
f 1285//3753 1295//3754 1294//3755
f 1296//3756 1297//3756 1298//3757
f 1299//3758 1300//3759 1295//3759
f 1301//3760 1302//3761 1290//3762
f 1303//3763 1304//3764 1305//3765
f 1306//3766 1307//3767 1288//3766
f 1288//3768 1308//3769 1309//3768
f 1303//3770 1310//3771 1311//3772
f 1312//3773 1313//3773 1287//3774
f 1314//3775 1315//3776 1287//3776
f 1316//3777 1311//3778 1317//3779
f 1313//3780 1318//3781 1319//3782
f 1298//3783 1310//3784 1320//3785
f 1316//3786 1321//3787 1322//3788
f 1323//3789 1319//3790 1324//3791
f 1323//3792 1325//3793 1298//3794
f 1279//3795 1326//3796 1327//3797
f 1311//3798 1278//3798 1328//3799
f 1268//3800 1329//3801 1330//3802
f 1331//3803 1281//3804 1325//3805
f 1332//3806 1333//3807 1278//3808
f 1334//3809 1335//3810 1275//3810
f 1336//3811 1282//3812 1268//3813
f 1337//3814 1338//3815 1339//3816
f 1338//3817 1340//3818 1341//3819
f 1340//3820 1312//3821 1341//3822
f 1312//3823 1318//3824 1342//3825
f 1308//3826 1343//3827 1344//3828
f 1344//3829 1275//3830 1282//3831
f 1343//3832 1322//3833 1321//3834
f 1308//3835 1337//3836 1339//3837
f 1334//3838 1306//3839 1335//3840
f 1304//3841 1345//3842 1346//3843
f 1306//3844 1347//3845 1335//3844
f 1328//3846 1304//3847 1346//3848
f 1348//3849 1307//3849 1334//3849
f 1349//3850 1305//3851 1328//3852
f 1350//3853 1348//3854 1351//3855
f 1352//3856 1353//3857 1354//3857
f 1330//3858 1315//3859 1314//3860
f 1297//3861 1355//3862 1356//3863
f 1315//3864 1357//3865 1358//3866
f 1331//3867 1297//3868 1296//3868
f 1359//3869 1314//3870 1360//3871
f 1361//3872 1296//3873 1362//3874
f 1359//3875 1360//3875 1363//3876
f 1364//3877 1362//3878 1365//3877
f 1366//3879 1332//3879 1367//3880
f 1326//3881 1300//3882 1327//3883
f 1368//3884 1369//3885 1326//3886
f 1302//3887 1333//3888 1332//3889
f 1370//3890 1371//3891 1372//3892
f 1299//3893 1366//3894 1373//3895
f 1327//3896 1299//3896 1374//3897
f 1301//3898 1375//3899 1333//3900
f 1267//3901 1285//3902 1265//3903
f 1294//3904 1293//3905 1291//3906
f 1291//3907 1265//3903 1285//3902
f 1266//3908 1286//3909 1267//3910
f 1285//3911 1294//3912 1291//3913
f 1268//3914 1282//3915 1269//3916
f 1283//3917 1280//3918 1277//3919
f 1273//3920 1270//3920 1271//3920
f 1269//3921 1271//3922 1270//3923
f 1272//3924 1277//3925 1280//3926
f 1280//3927 1273//3928 1272//3929
f 1274//3712 1272//3930 1271//3713
f 1276//3931 1283//3932 1277//3933
f 1279//3718 1281//3934 1273//3719
f 1281//3935 1268//3936 1270//3936
f 1275//3937 1271//3938 1269//3939
f 1278//3940 1277//3941 1272//3942
f 1276//3943 1279//3944 1280//3945
f 1267//3732 1287//3946 1284//3733
f 1286//3947 1309//3948 1287//3949
f 1288//3950 1309//3951 1286//3952
f 1289//3741 1288//3953 1266//3742
f 1290//3744 1289//3954 1265//3745
f 1292//3955 1290//3956 1291//3957
f 1294//3958 1295//3959 1292//3960
f 1285//3753 1284//3961 1295//3754
f 1284//3962 1365//3963 1362//3964
f 1284//3965 1362//3966 1296//3967
f 1298//3968 1295//3754 1284//3961
f 1363//3969 1323//3970 1356//3969
f 1356//3971 1323//3972 1298//3973
f 1298//3974 1284//3975 1296//3976
f 1297//3977 1356//3978 1298//3979
f 1292//3980 1295//3981 1376//3982
f 1298//3983 1320//3984 1295//3985
f 1320//3986 1377//3987 1299//3988
f 1371//3989 1376//3990 1295//3991
f 1369//3992 1371//3993 1295//3994
f 1320//3995 1299//3996 1295//3996
f 1369//3997 1295//3998 1300//3999
f 1290//3956 1292//3955 1376//4000
f 1290//4001 1376//4002 1370//4003
f 1320//4004 1303//4005 1290//4006
f 1366//4007 1377//4008 1320//4009
f 1302//4010 1366//4011 1290//4012
f 1290//4013 1370//4014 1301//4015
f 1366//4016 1320//4017 1290//4018
f 1289//4019 1290//4020 1305//4021
f 1303//4022 1316//4023 1378//4023
f 1316//4024 1350//4025 1378//4025
f 1353//4026 1352//4027 1289//4028
f 1305//4029 1353//4030 1289//4031
f 1303//4032 1378//4033 1304//4034
f 1305//4035 1290//4036 1303//4037
f 1288//4038 1289//4039 1379//4040
f 1289//4041 1352//4042 1379//4043
f 1316//4044 1322//4045 1288//4044
f 1380//4046 1350//4046 1316//4047
f 1307//4048 1380//4049 1316//4050
f 1288//4051 1379//4051 1306//4052
f 1307//4053 1316//4053 1288//4053
f 1288//4054 1322//4055 1308//4056
f 1308//4057 1339//4058 1338//4059
f 1322//4060 1381//4061 1308//4062
f 1338//4063 1309//4064 1308//4065
f 1303//4066 1320//4067 1310//4068
f 1287//4069 1309//4070 1312//4071
f 1338//4072 1341//4073 1312//4074
f 1312//4075 1342//4076 1313//4077
f 1309//4078 1338//4079 1312//4080
f 1284//4081 1287//4082 1358//4081
f 1323//4083 1363//4084 1360//4085
f 1323//4086 1360//4087 1314//4088
f 1358//4089 1365//4089 1284//4090
f 1323//4091 1314//4092 1287//4093
f 1315//4094 1358//4095 1287//4095
f 1313//4096 1323//4097 1287//4098
f 1316//4099 1303//4100 1311//4101
f 1313//4102 1342//4103 1318//4104
f 1298//4105 1325//4106 1310//4107
f 1316//3777 1317//3779 1321//3791
f 1323//4108 1313//4108 1319//4109
f 1323//4110 1324//4110 1325//4111
f 1373//4112 1310//4113 1374//4114
f 1325//4115 1279//4116 1310//4117
f 1276//4118 1372//4119 1279//4120
f 1372//4121 1368//4121 1279//4122
f 1374//4123 1310//4124 1327//4125
f 1327//4126 1310//4117 1279//4116
f 1279//4127 1368//4128 1326//4129
f 1351//4130 1317//4131 1345//4132
f 1274//4133 1354//4134 1349//4135
f 1274//4136 1349//4137 1328//4138
f 1345//4139 1317//4140 1311//4141
f 1346//4142 1345//4143 1311//4144
f 1278//4145 1274//4146 1328//4147
f 1328//4148 1346//4149 1311//4150
f 1382//4151 1324//4152 1359//4153
f 1319//4154 1268//4155 1324//4156
f 1281//4157 1364//4158 1357//4159
f 1281//4160 1357//4161 1268//4162
f 1359//4163 1324//4164 1330//4165
f 1330//4166 1324//4167 1268//4168
f 1268//4169 1357//4170 1329//4171
f 1279//3718 1325//4172 1281//3934
f 1324//4173 1382//4174 1355//4175
f 1324//4176 1355//4177 1325//4177
f 1361//4178 1364//4179 1281//4179
f 1331//4180 1361//4181 1281//4182
f 1325//4183 1355//4183 1383//4184
f 1383//4185 1331//4186 1325//4187
f 1278//4188 1311//4189 1310//4190
f 1310//4191 1373//4192 1367//4191
f 1310//4193 1367//4194 1332//4195
f 1372//4196 1276//4197 1278//4198
f 1375//4199 1372//4200 1278//4201
f 1278//4202 1310//4203 1332//4204
f 1333//4205 1375//4206 1278//4207
f 1317//4208 1351//4209 1348//4209
f 1317//4210 1348//4211 1334//4212
f 1354//4213 1274//4214 1347//4215
f 1347//4216 1274//4217 1275//4218
f 1321//4219 1317//4220 1334//4221
f 1335//4222 1347//4223 1275//4223
f 1321//4224 1334//4225 1275//4225
f 1268//4226 1319//4227 1336//4228
f 1336//4229 1340//4229 1384//4229
f 1319//4230 1318//4231 1336//4231
f 1384//4232 1282//4233 1336//4232
f 1337//4234 1384//4235 1338//4236
f 1338//4237 1384//4238 1340//4239
f 1340//4240 1336//4241 1312//4242
f 1312//3823 1336//4243 1318//3824
f 1308//3826 1381//4244 1343//3827
f 1282//4245 1384//4246 1344//4247
f 1344//4248 1343//4249 1321//4250
f 1384//4251 1337//4252 1344//4253
f 1344//4254 1321//4255 1275//4256
f 1343//4257 1381//4258 1322//4259
f 1308//4260 1344//4261 1337//4262
f 1334//4263 1307//4264 1306//4264
f 1304//4265 1378//4266 1345//4267
f 1306//4268 1379//4268 1347//4269
f 1328//4270 1305//4271 1304//4272
f 1348//4273 1380//4274 1307//4275
f 1349//3850 1353//4276 1305//3851
f 1351//4277 1345//4278 1378//4279
f 1378//4280 1350//4281 1351//4282
f 1380//4283 1348//4284 1350//4285
f 1354//4286 1347//4287 1352//4288
f 1379//4289 1352//4290 1347//4290
f 1353//4291 1349//4292 1354//4293
f 1330//4294 1329//4295 1315//4295
f 1297//4296 1383//4297 1355//4298
f 1315//4299 1329//4300 1357//4301
f 1331//4302 1383//4302 1297//4303
f 1359//3869 1330//4304 1314//3870
f 1361//3872 1331//4305 1296//3873
f 1363//4306 1356//4307 1382//4306
f 1382//4308 1359//4309 1363//4310
f 1356//4311 1355//4312 1382//4312
f 1365//4313 1358//4314 1357//4315
f 1364//4316 1361//4317 1362//4318
f 1365//4319 1357//4320 1364//4321
f 1366//4322 1302//4323 1332//4323
f 1326//3881 1369//4324 1300//3882
f 1368//4325 1371//4326 1369//4327
f 1302//3887 1301//4328 1333//3888
f 1372//4329 1375//4330 1370//4331
f 1370//4332 1376//4333 1371//4334
f 1371//4335 1368//4336 1372//4337
f 1373//4338 1374//4339 1299//4340
f 1299//4341 1377//4342 1366//4343
f 1366//4344 1367//4345 1373//4346
f 1327//4347 1300//4347 1299//4348
f 1301//4349 1370//4349 1375//4350
f 1385//4351 1386//4352 1387//4353
f 1386//4354 1388//4355 1389//4356
f 1389//4357 1390//4358 1391//4357
f 1390//4359 1387//4360 1391//4361
f 1392//4362 1393//4363 1394//4364
f 1395//4365 1390//4366 1388//4367
f 1391//4361 1396//4368 1397//4369
f 1389//4370 1397//4371 1398//4371
f 1399//4372 1389//4356 1398//4373
f 1387//4374 1399//4375 1396//4376
f 1396//4377 1394//4378 1400//4379
f 1394//4380 1398//4373 1392//4381
f 1398//4382 1401//4383 1392//4382
f 1397//4369 1400//4384 1401//4385
f 1393//4386 1402//4387 1403//4388
f 1394//4389 1403//4390 1400//4390
f 1401//4391 1404//4392 1392//4393
f 1401//4394 1403//4395 1405//4396
f 1406//4397 1402//4398 1407//4399
f 1405//4400 1402//4401 1408//4402
f 1404//4403 1407//4404 1393//4405
f 1405//4406 1406//4406 1404//4407
f 1385//4408 1395//4409 1386//4409
f 1386//4354 1395//4410 1388//4355
f 1389//4411 1388//4411 1390//4411
f 1390//4359 1385//4412 1387//4360
f 1392//4362 1404//4413 1393//4363
f 1395//4365 1385//4414 1390//4366
f 1391//4361 1387//4360 1396//4368
f 1389//4415 1391//4416 1397//4417
f 1399//4372 1386//4354 1389//4356
f 1387//4418 1386//4419 1399//4420
f 1396//4421 1399//4422 1394//4423
f 1394//4380 1399//4372 1398//4373
f 1398//4424 1397//4425 1401//4424
f 1397//4369 1396//4368 1400//4384
f 1393//4426 1407//4426 1402//4427
f 1394//4428 1393//4429 1403//4430
f 1401//4391 1405//4431 1404//4392
f 1401//4394 1400//4432 1403//4395
f 1406//4397 1408//4433 1402//4398
f 1405//4400 1403//4434 1402//4401
f 1404//4403 1406//4435 1407//4404
f 1405//4436 1408//4406 1406//4437
f 1409//4438 1410//4439 1411//4440
f 1412//4441 1413//4442 1414//4443
f 1415//4444 1410//4445 1416//4446
f 1417//4447 1418//4448 1419//4449
f 1414//4443 1420//4450 1416//4451
f 1419//4452 1412//4441 1416//4451
f 1421//4453 1422//4454 1423//4454
f 1424//4455 1421//4456 1423//4457
f 1425//4458 1426//4459 1427//4460
f 1428//4461 1429//4462 1426//4463
f 1429//4464 1430//4465 1431//4466
f 1432//4467 1433//4468 1422//4469
f 1434//4470 1435//4471 1436//4472
f 1437//4473 1438//4474 1439//4475
f 1430//4476 1437//4477 1431//4478
f 1440//4479 1416//4451 1410//4480
f 1417//4447 1440//4481 1409//4482
f 1441//4483 1442//4484 1443//4485
f 1444//4486 1436//4487 1445//4488
f 1446//4489 1447//4490 1448//4491
f 1449//4492 1450//4492 1451//4493
f 1450//4494 1452//4495 1453//4496
f 1454//4497 1455//4498 1435//4499
f 1456//4500 1446//4489 1457//4501
f 1457//4501 1448//4491 1452//4502
f 1458//4503 1459//4503 1455//4503
f 1416//4504 1460//4505 1415//4506
f 1442//4507 1451//4508 1443//4509
f 1461//4510 1462//4511 1446//4489
f 1414//4443 1463//4512 1461//4510
f 1464//4513 1465//4514 1424//4455
f 1453//4515 1447//4516 1466//4517
f 1432//4518 1439//4519 1467//4519
f 1468//4520 1421//4521 1465//4522
f 1421//4523 1469//4524 1432//4525
f 1470//4526 1465//4527 1418//4528
f 1418//4529 1471//4530 1412//4441
f 1420//4531 1460//4532 1416//4533
f 1460//4534 1456//4535 1442//4534
f 1442//4536 1457//4537 1449//4538
f 1449//4539 1452//4540 1472//4540
f 1420//4450 1461//4510 1456//4500
f 1464//4541 1445//4541 1471//4542
f 1424//4543 1425//4544 1464//4543
f 1423//4545 1428//4546 1424//4545
f 1473//4547 1422//4548 1430//4549
f 1433//4550 1430//4551 1422//4552
f 1436//4553 1471//4553 1445//4554
f 1413//4555 1435//4556 1463//4557
f 1463//4558 1455//4559 1462//4560
f 1462//4561 1459//4562 1447//4563
f 1425//35 1444//35 1445//35
f 1474//4564 1409//4565 1411//4566
f 1475//4567 1476//4568 1477//4569
f 1478//4570 1411//4571 1415//4444
f 1479//4572 1470//4573 1417//4447
f 1478//4574 1480//4575 1475//4567
f 1475//4567 1479//353 1478//4574
f 1481//4576 1482//4577 1483//4578
f 1484//4579 1482//4580 1485//4581
f 1426//4582 1486//4583 1427//4583
f 1429//4462 1487//4461 1426//4463
f 1431//4466 1488//4584 1429//4464
f 1489//4585 1490//4586 1481//4587
f 1491//4588 1434//4588 1492//4588
f 1493//4589 1494//4590 1439//4591
f 1437//4477 1495//4592 1431//4478
f 1478//4574 1496//4593 1474//4594
f 1496//4595 1417//4447 1409//4482
f 1441//4483 1497//4596 1498//4597
f 1492//4598 1444//4599 1499//4600
f 1500//4601 1501//4602 1502//4603
f 1450//4604 1503//4605 1451//4606
f 1504//4607 1505//4607 1450//4608
f 1506//4609 1454//4610 1491//4611
f 1507//4612 1500//4601 1508//4613
f 1509//4614 1510//4615 1500//4601
f 1511//4616 1458//4617 1506//4618
f 1415//4619 1498//4620 1478//4621
f 1451//4622 1497//4623 1443//4622
f 1508//4613 1502//4603 1512//4624
f 1480//4575 1512//4624 1476//4568
f 1513//4625 1485//4581 1514//4626
f 1501//4627 1510//4628 1453//4629
f 1490//4630 1439//4631 1469//4632
f 1482//4633 1468//4634 1485//4635
f 1482//4636 1469//4524 1515//4637
f 1485//4638 1470//4639 1514//4638
f 1477//4569 1514//4626 1475//4567
f 1516//4640 1478//4641 1498//4642
f 1507//4643 1498//4644 1497//4644
f 1509//4645 1497//4646 1503//4647
f 1504//4648 1503//4649 1505//4650
f 1516//4651 1508//4613 1480//4575
f 1499//4652 1513//4652 1477//4653
f 1486//4654 1484//4654 1513//4655
f 1487//4656 1483//4657 1484//4658
f 1481//4659 1488//4660 1495//4661
f 1495//4662 1489//4663 1481//4664
f 1477//4665 1492//4666 1499//4666
f 1491//4667 1476//4668 1512//4669
f 1506//4670 1512//4670 1502//4670
f 1511//4671 1502//4672 1501//4673
f 1444//35 1486//35 1499//35
f 1409//4438 1440//4674 1410//4439
f 1412//4441 1471//4530 1413//4442
f 1415//4444 1411//4571 1410//4445
f 1417//4447 1470//4573 1418//4448
f 1412//4441 1414//4443 1416//4451
f 1419//4452 1418//4529 1412//4441
f 1421//4675 1432//4676 1422//4677
f 1424//4455 1465//4514 1421//4456
f 1425//4458 1428//4678 1426//4459
f 1428//4462 1473//4463 1429//4461
f 1429//4679 1473//4680 1430//4680
f 1432//4467 1467//4681 1433//4468
f 1434//4470 1454//4682 1435//4471
f 1467//4683 1439//4684 1438//4685
f 1438//4686 1433//4687 1467//4688
f 1430//4689 1438//4689 1437//4690
f 1440//4479 1419//4452 1416//4451
f 1417//4447 1419//4449 1440//4481
f 1441//4483 1460//4691 1442//4484
f 1444//4486 1434//4692 1436//4487
f 1446//4489 1462//4511 1447//4490
f 1449//4693 1472//4694 1450//4695
f 1448//4696 1453//4697 1452//4698
f 1450//4699 1472//4700 1452//4701
f 1454//4497 1458//4702 1455//4498
f 1456//4500 1461//4510 1446//4489
f 1457//4501 1446//4489 1448//4491
f 1458//4703 1466//4704 1459//4705
f 1441//4706 1415//4707 1460//4708
f 1442//4709 1449//4709 1451//4710
f 1461//4510 1463//4512 1462//4511
f 1414//4443 1413//4442 1463//4512
f 1464//4513 1418//4529 1465//4514
f 1459//4711 1466//4711 1447//4712
f 1453//4713 1448//4714 1447//4715
f 1432//4716 1469//4632 1439//4631
f 1468//4717 1515//4718 1421//4719
f 1421//4523 1515//4637 1469//4524
f 1470//4720 1468//4721 1465//4722
f 1418//4529 1464//4513 1471//4530
f 1460//4723 1420//4724 1456//4724
f 1442//4536 1456//4725 1457//4537
f 1449//4726 1457//4727 1452//4728
f 1420//4450 1414//4443 1461//4510
f 1464//4729 1425//4730 1445//4731
f 1424//4732 1428//4733 1425//4734
f 1423//4735 1473//4736 1428//4736
f 1473//4547 1423//4737 1422//4548
f 1433//4738 1438//4739 1430//4740
f 1436//4741 1413//4742 1471//4743
f 1413//4744 1436//4745 1435//4746
f 1463//4747 1435//4748 1455//4749
f 1462//4750 1455//4751 1459//4751
f 1425//35 1427//35 1444//35
f 1474//4564 1496//4752 1409//4565
f 1475//4567 1480//4575 1476//4568
f 1478//4570 1474//4753 1411//4571
f 1479//4572 1514//4754 1470//4573
f 1478//4574 1516//4651 1480//4575
f 1475//4567 1514//4626 1479//353
f 1481//4755 1490//4756 1482//4757
f 1484//4579 1483//4758 1482//4580
f 1426//4759 1487//4760 1486//4761
f 1429//4461 1488//4463 1487//4462
f 1431//4762 1495//4763 1488//4764
f 1489//4585 1493//4765 1490//4586
f 1491//4472 1454//4682 1434//4470
f 1437//4473 1439//4475 1494//4766
f 1493//4767 1489//4767 1494//4767
f 1437//4477 1494//4768 1495//4592
f 1478//4574 1479//353 1496//4593
f 1496//4595 1479//4572 1417//4447
f 1441//4483 1443//4485 1497//4596
f 1492//4769 1434//4770 1444//4769
f 1500//4601 1510//4615 1501//4602
f 1450//4771 1505//4772 1503//4771
f 1450//4773 1453//4773 1504//4774
f 1510//4775 1504//4776 1453//4777
f 1506//4778 1458//4779 1454//4780
f 1507//4612 1509//4614 1500//4601
f 1509//4614 1504//4781 1510//4615
f 1511//4782 1466//4503 1458//4783
f 1415//4784 1441//4785 1498//4784
f 1451//4786 1503//4786 1497//4786
f 1508//4613 1500//4601 1502//4603
f 1480//4575 1508//4613 1512//4624
f 1513//4625 1484//4579 1485//4581
f 1453//4787 1466//4788 1501//4787
f 1511//4789 1501//4789 1466//4789
f 1490//4790 1493//4791 1439//4790
f 1482//4792 1515//4792 1468//4792
f 1482//4636 1490//4793 1469//4524
f 1485//4794 1468//4795 1470//4796
f 1477//4569 1513//4625 1514//4626
f 1507//4797 1516//4798 1498//4799
f 1509//4800 1507//4801 1497//4802
f 1504//4803 1509//4804 1503//4805
f 1516//4651 1507//4612 1508//4613
f 1499//4806 1486//4807 1513//4808
f 1486//4809 1487//4809 1484//4810
f 1487//4811 1488//4811 1483//4812
f 1481//4659 1483//4813 1488//4660
f 1495//4662 1494//4814 1489//4663
f 1477//4815 1476//4816 1492//4817
f 1491//4818 1492//4819 1476//4820
f 1506//4821 1491//4822 1512//4822
f 1511//4823 1506//4824 1502//4825
f 1444//35 1427//35 1486//35
f 1517//4826 1518//4827 1519//4828
f 1520//4829 1521//4830 1518//4831
f 1522//4832 1523//4833 1521//4834
f 1524//4835 1525//4836 1523//4837
f 1517//4838 1526//4839 1522//4840
f 1526//4841 1527//4842 1525//4843
f 1528//4844 1519//4845 1527//4846
f 1518//4847 1525//4848 1527//4849
f 1517//4826 1520//4850 1518//4827
f 1520//4829 1522//4851 1521//4830
f 1522//4832 1524//4852 1523//4833
f 1524//4835 1526//4853 1525//4836
f 1522//4840 1520//4854 1517//4838
f 1517//4838 1528//4855 1526//4839
f 1526//4839 1524//4856 1522//4840
f 1526//4841 1528//4857 1527//4842
f 1528//4844 1517//4858 1519//4845
f 1527//4849 1519//4859 1518//4847
f 1518//4847 1521//4860 1523//4861
f 1523//4861 1525//4848 1518//4847
f 1529//4862 1530//4863 1531//4864
f 1532//25 1533//25 1530//25
f 1534//4865 1533//4866 1535//4867
f 1536//4868 1537//4869 1534//4870
f 1537//4871 1538//4872 1530//4873
f 1539//4874 1538//4875 1536//4876
f 1539//4877 1531//4878 1540//4879
f 1536//4880 1534//4881 1532//4882
f 1529//4862 1532//4883 1530//4863
f 1532//4884 1535//4885 1533//4886
f 1534//4887 1537//4887 1533//4888
f 1536//4889 1538//4889 1537//4890
f 1531//4891 1530//4892 1538//4893
f 1533//4894 1537//4895 1530//4895
f 1538//4896 1540//4897 1531//4898
f 1539//4874 1540//35 1538//4875
f 1539//4899 1529//4900 1531//4901
f 1532//4902 1529//4903 1536//4903
f 1539//4904 1536//4905 1529//4906
f 1534//4907 1535//4908 1532//4909
f 1541//4910 1542//4910 1543//4911
f 1544//25 1545//25 1542//25
f 1545//4912 1546//4913 1547//4913
f 1546//4914 1548//4915 1547//4916
f 1549//4917 1550//4918 1544//4919
f 1550//35 1551//35 1548//35
f 1549//4920 1543//4921 1551//4920
f 1542//4922 1548//4923 1551//4924
f 1541//4925 1544//4925 1542//4926
f 1544//25 1552//25 1545//25
f 1545//4927 1552//4928 1546//4929
f 1546//4914 1550//4930 1548//4915
f 1552//4931 1544//4919 1550//4918
f 1541//4932 1549//4917 1544//4919
f 1550//4918 1546//4933 1552//4931
f 1550//35 1549//35 1551//35
f 1549//4934 1541//4935 1543//4936
f 1551//4924 1543//4937 1542//4922
f 1542//4922 1545//4938 1548//4923
f 1547//4939 1548//4923 1545//4938
f 1553//4940 1554//4941 1555//4942
f 1556//4943 1557//4944 1558//4945
f 1559//4946 1560//4947 1561//4948
f 1562//4949 1563//4950 1564//4951
f 1560//4952 1565//4953 1561//4952
f 1566//4954 1567//4955 1565//4954
f 1568//4956 1569//4957 1570//4958
f 1566//4959 1571//4960 1570//4961
f 1556//4962 1572//4963 1573//4964
f 1562//35 1574//35 1575//35
f 1553//35 1570//35 1569//35
f 1553//4965 1576//4966 1556//4967
f 1577//35 1572//35 1563//35
f 1575//35 1571//4960 1560//35
f 1571//4968 1578//4969 1579//4968
f 1564//4970 1580//4971 1581//4972
f 1582//4973 1572//4974 1576//4975
f 1583//4976 1570//4977 1571//4977
f 1574//4978 1584//4979 1585//4980
f 1563//4981 1586//4982 1587//4981
f 1588//4983 1576//4984 1569//4985
f 1565//4986 1579//4987 1561//4987
f 1559//4988 1578//4988 1589//4989
f 1556//4990 1554//4941 1553//4940
f 1573//4991 1557//4944 1556//4943
f 1559//4946 1575//4992 1560//4947
f 1562//35 1577//35 1563//35
f 1560//4952 1566//4993 1565//4953
f 1553//4994 1590//4995 1566//4996
f 1570//4958 1591//4997 1568//4956
f 1566//4959 1560//35 1571//4960
f 1556//4962 1576//4998 1572//4963
f 1562//4999 1564//5000 1574//5000
f 1553//35 1566//35 1570//35
f 1553//35 1569//35 1576//35
f 1577//5001 1573//5002 1572//5003
f 1575//35 1574//35 1571//4960
f 1574//5004 1592//5004 1571//5004
f 1563//5005 1580//4971 1564//4970
f 1576//5006 1593//5007 1582//5006
f 1571//5008 1594//5008 1583//5008
f 1564//5009 1584//4979 1574//4978
f 1572//5010 1586//5011 1563//5012
f 1569//4985 1595//5013 1588//4983
f 1565//5014 1594//5015 1579//5016
f 1559//5017 1561//5018 1579//5019
f 1596//5020 1577//5021 1562//5022
f 1589//5023 1597//5024 1559//5025
f 1598//5026 1562//5027 1575//5028
f 1593//5029 1558//5030 1582//5031
f 1599//5032 1600//5033 1577//5034
f 1601//3046 1596//5020 1562//5022
f 1597//5035 1575//5035 1559//5036
f 1567//5037 1602//5038 1565//5039
f 1600//5040 1573//5041 1577//5042
f 1566//4996 1590//4995 1567//5043
f 1568//5044 1595//5045 1569//5046
f 1571//5047 1592//5048 1578//5049
f 1582//5050 1603//5051 1572//5051
f 1583//5052 1591//5053 1570//5052
f 1588//5054 1593//5055 1576//5056
f 1559//5057 1579//5058 1578//5059
f 1556//4990 1558//5060 1554//4941
f 1573//5061 1604//5062 1557//5063
f 1553//4994 1555//5064 1590//4995
f 1574//5065 1585//5066 1592//5067
f 1563//5005 1587//5068 1580//4971
f 1571//5069 1579//5070 1594//5071
f 1564//5009 1581//5072 1584//4979
f 1572//5073 1603//5074 1586//5074
f 1565//5075 1602//5076 1594//5077
f 1596//5020 1599//5078 1577//5021
f 1598//5079 1601//5079 1562//5080
f 1598//5081 1597//5082 1585//5083
f 1589//5084 1578//5085 1592//5086
f 1589//5087 1592//5088 1585//5089
f 1601//5090 1598//5091 1581//5092
f 1599//5093 1596//5094 1587//5095
f 1557//5096 1604//5097 1603//5098
f 1597//5099 1589//5100 1585//5100
f 1598//5081 1585//5083 1584//5101
f 1604//5102 1600//5103 1603//5104
f 1554//5105 1558//5030 1593//5029
f 1590//5106 1555//5107 1595//5108
f 1602//5109 1567//5109 1591//5110
f 1583//5111 1594//5112 1602//5113
f 1591//5114 1583//5115 1602//5115
f 1598//5116 1584//5117 1581//5118
f 1601//5119 1581//5120 1580//5121
f 1591//5122 1567//5123 1590//5124
f 1568//5125 1591//5126 1590//5127
f 1596//5128 1601//5119 1580//5121
f 1587//5095 1586//5129 1599//5093
f 1596//5094 1580//5130 1587//5095
f 1595//5131 1568//5125 1590//5127
f 1588//5132 1595//5132 1555//5133
f 1600//5134 1586//5135 1603//5136
f 1603//5137 1582//5138 1557//5139
f 1599//5093 1586//5129 1600//5140
f 1588//5141 1555//5142 1554//5143
f 1557//5144 1582//5145 1558//5146
f 1593//5147 1588//5148 1554//5149
f 1597//5150 1598//5026 1575//5028
f 1600//5151 1604//5152 1573//5153
f 1605//35 1606//35 1607//35
f 1608//5154 1607//5155 1609//5156
f 1610//5157 1605//5157 1608//5158
f 1611//5159 1608//5160 1612//5161
f 1613//5162 1607//5163 1606//5164
f 1614//5165 1608//5166 1609//5167
f 1615//5168 1613//5169 1606//117
f 1616//5170 1617//5171 1618//5172
f 1618//5173 1619//5174 1616//5175
f 1610//5176 1620//5177 1613//5169
f 1620//5178 1609//5179 1613//5162
f 1621//5180 1614//5181 1617//5182
f 1622//5183 1612//5184 1621//5185
f 1619//5186 1621//5187 1623//5188
f 1623//5189 1617//5182 1624//5190
f 1611//5191 1618//117 1620//5177
f 1618//5172 1614//5192 1620//5178
f 1616//5193 1623//5194 1624//5195
f 1605//35 1615//35 1606//35
f 1608//5154 1605//49 1607//5155
f 1610//5157 1615//5158 1605//5157
f 1611//5196 1610//5197 1608//5197
f 1613//5162 1609//5179 1607//5163
f 1614//5165 1612//5198 1608//5166
f 1615//5168 1610//5176 1613//5169
f 1616//5170 1624//5199 1617//5171
f 1618//5173 1622//103 1619//5174
f 1610//5176 1611//5191 1620//5177
f 1620//5178 1614//5192 1609//5179
f 1621//5180 1612//5200 1614//5181
f 1622//5183 1611//5201 1612//5184
f 1619//5186 1622//5202 1621//5187
f 1623//5189 1621//5180 1617//5182
f 1611//5191 1622//117 1618//117
f 1618//5172 1617//5171 1614//5192
f 1616//5193 1619//5203 1623//5194
f 1625//5204 1626//5205 1627//5206
f 1628//5207 1629//5208 1630//5209
f 1626//5210 1631//5210 1632//5211
f 1633//5212 1625//5213 1627//5214
f 1632//5215 1634//5216 1633//5217
f 1633//5218 1635//5219 1636//5220
f 1625//5221 1631//5222 1637//5223
f 1628//5224 1638//5225 1639//5226
f 1629//5227 1626//5228 1632//5229
f 1635//5230 1638//5231 1636//5232
f 1628//5233 1639//5234 1635//5235
f 1635//5235 1627//5206 1628//5233
f 1625//5204 1637//5236 1626//5205
f 1626//5205 1640//5237 1627//5206
f 1628//5233 1627//5206 1640//5237
f 1628//5207 1640//5238 1629//5208
f 1626//5210 1637//5211 1631//5210
f 1633//5239 1634//5240 1625//5241
f 1633//5217 1636//5242 1630//5243
f 1638//5244 1630//5243 1636//5242
f 1629//5245 1632//5215 1633//5217
f 1631//5246 1634//5216 1632//5215
f 1633//5217 1630//5243 1629//5245
f 1633//5247 1627//5248 1635//5249
f 1625//5221 1634//5250 1631//5222
f 1628//5224 1630//5251 1638//5225
f 1629//5227 1640//5252 1626//5228
f 1635//5230 1639//5253 1638//5231
f 1641//5254 1642//5255 1643//5256
f 1644//5257 1645//5257 1642//5258
f 1645//5259 1646//5259 1647//5259
f 1647//5260 1648//5261 1649//5260
f 1649//5262 1650//5263 1651//5264
f 1651//5265 1652//5265 1653//5266
f 1646//5267 1654//5268 1655//5269
f 1652//5270 1656//5271 1653//5271
f 1657//5272 1643//5273 1656//5274
f 1649//5275 1651//5276 1643//5277
f 1658//5278 1659//5279 1660//5278
f 1650//5280 1661//5281 1652//5282
f 1648//5283 1655//5284 1662//5285
f 1657//5286 1661//5287 1658//5288
f 1644//5289 1654//5290 1663//5291
f 1648//5292 1664//5293 1650//5294
f 1641//5295 1658//5296 1665//5297
f 1641//5298 1666//5299 1644//5300
f 1667//5301 1668//5301 1669//5302
f 1662//5303 1670//5304 1664//5305
f 1654//5306 1671//5306 1655//5306
f 1666//5307 1672//5307 1673//5308
f 1665//5309 1660//5310 1672//5311
f 1664//5312 1659//5313 1661//5314
f 1655//5315 1674//5316 1662//5317
f 1654//5318 1673//5319 1667//5319
f 1675//5320 1676//5321 1677//5322
f 1659//5323 1678//35 1660//5324
f 1670//5325 1679//5326 1680//5325
f 1667//35 1681//35 1671//35
f 1673//5327 1675//5328 1668//5329
f 1660//5324 1675//5328 1672//5330
f 1659//5323 1680//5331 1682//35
f 1671//35 1679//35 1674//35
f 1683//25 1684//25 1685//25
f 1680//5332 1686//5332 1682//5332
f 1681//5333 1687//5334 1679//5335
f 1669//5336 1688//5337 1689//5338
f 1678//5339 1686//5339 1676//5340
f 1679//5341 1690//5341 1680//5341
f 1669//5342 1683//5343 1681//5344
f 1668//5345 1677//5346 1688//5347
f 1691//5348 1692//5349 1693//5350
f 1677//25 1694//25 1688//25
f 1677//5351 1693//5352 1695//5353
f 1690//5354 1691//5355 1686//25
f 1687//5356 1685//5356 1696//5357
f 1688//5358 1684//5359 1689//5358
f 1676//25 1691//25 1693//25
f 1687//5360 1697//5361 1690//5362
f 1698//5363 1699//5364 1700//5365
f 1697//5366 1698//5367 1701//5368
f 1685//5369 1702//5370 1703//5371
f 1695//5372 1704//5373 1694//5374
f 1693//5375 1705//5376 1695//5377
f 1691//5378 1701//5379 1706//5380
f 1696//5381 1703//5382 1698//5383
f 1694//5384 1702//5385 1684//5385
f 1707//5386 1708//5387 1709//5388
f 1704//5389 1710//5390 1702//25
f 1692//5391 1711//5392 1707//5393
f 1698//25 1712//25 1701//25
f 1703//5394 1710//5394 1699//5395
f 1705//5396 1713//5396 1704//5397
f 1705//5398 1707//5399 1709//5399
f 1701//5400 1711//5392 1706//5401
f 1714//25 1715//25 1708//25
f 1711//5402 1714//5403 1716//5404
f 1700//5405 1717//5406 1715//5407
f 1713//5408 1718//5408 1710//5409
f 1711//5410 1719//5411 1707//5412
f 1712//5413 1715//5414 1714//5414
f 1699//5415 1718//5415 1717//5416
f 1709//5417 1720//5418 1713//5419
f 1641//5254 1644//5420 1642//5255
f 1644//5421 1663//2878 1645//5422
f 1645//5259 1663//5259 1646//5259
f 1647//5260 1646//5423 1648//5261
f 1649//5262 1648//5424 1650//5263
f 1651//5425 1650//5426 1652//5426
f 1646//5427 1663//5428 1654//5429
f 1652//5430 1657//5431 1656//5432
f 1657//5272 1641//5433 1643//5273
f 1656//5434 1643//5277 1651//5276
f 1642//5435 1645//5436 1647//5435
f 1647//5437 1649//5438 1642//5438
f 1651//5439 1653//5440 1656//5439
f 1643//5441 1642//5442 1649//5442
f 1658//5443 1661//5443 1659//5444
f 1650//5445 1664//5446 1661//5447
f 1648//5448 1646//5449 1655//5450
f 1657//5286 1652//5451 1661//5287
f 1644//5289 1666//5452 1654//5290
f 1648//5453 1662//5454 1664//5455
f 1641//5456 1657//5457 1658//5458
f 1641//5459 1665//5460 1666//5461
f 1667//5462 1673//5463 1668//5462
f 1662//5303 1674//5464 1670//5304
f 1654//5306 1667//5306 1671//5306
f 1666//5307 1665//5465 1672//5307
f 1665//5309 1658//5466 1660//5310
f 1664//5467 1670//5468 1659//5314
f 1655//5469 1671//5470 1674//5470
f 1654//5319 1666//5319 1673//5318
f 1675//5320 1678//5471 1676//5321
f 1659//5323 1682//35 1678//35
f 1670//35 1674//35 1679//35
f 1667//5472 1669//5473 1681//5473
f 1673//5327 1672//5330 1675//5328
f 1660//5324 1678//35 1675//5328
f 1659//5323 1670//5474 1680//5331
f 1671//35 1681//35 1679//35
f 1683//5475 1689//5476 1684//5475
f 1680//5332 1690//5332 1686//5332
f 1681//5333 1683//5477 1687//5334
f 1669//5478 1668//5478 1688//5479
f 1678//5339 1682//5340 1686//5339
f 1679//5341 1687//5341 1690//5341
f 1669//5343 1689//5480 1683//5344
f 1668//5345 1675//5481 1677//5346
f 1691//5482 1706//5483 1692//5484
f 1677//5485 1695//5486 1694//5485
f 1677//5487 1676//5487 1693//5488
f 1690//5354 1697//5489 1691//5355
f 1687//25 1683//25 1685//25
f 1688//5490 1694//5491 1684//5492
f 1676//5493 1686//5494 1691//5494
f 1687//5495 1696//5496 1697//5497
f 1698//5363 1703//5498 1699//5364
f 1697//5366 1696//5499 1698//5367
f 1685//5500 1684//5501 1702//5501
f 1695//5502 1705//5503 1704//5504
f 1693//5505 1692//5506 1705//5505
f 1691//5507 1697//5508 1701//5507
f 1696//5381 1685//5509 1703//5382
f 1694//5510 1704//5511 1702//5512
f 1707//5513 1719//5514 1708//5515
f 1704//5389 1713//5516 1710//5390
f 1692//5391 1706//5401 1711//5392
f 1698//5363 1700//5365 1712//25
f 1703//25 1702//25 1710//5390
f 1705//25 1709//25 1713//25
f 1705//5517 1692//5518 1707//5519
f 1701//25 1712//25 1711//25
f 1718//25 1720//25 1717//25
f 1708//25 1719//25 1714//25
f 1716//25 1714//25 1719//25
f 1715//25 1717//25 1720//25
f 1720//25 1708//25 1715//25
f 1711//5520 1712//5521 1714//5520
f 1700//5405 1699//5522 1717//5406
f 1713//5408 1720//5408 1718//5408
f 1711//5410 1716//5523 1719//5411
f 1712//5524 1700//5524 1715//5525
f 1699//5415 1710//5416 1718//5415
f 1709//5417 1708//5526 1720//5418
f 1721//35 1722//35 1723//35
f 1724//5527 1725//5528 1726//5529
f 1725//25 1727//25 1726//25
f 1728//5530 1723//5531 1729//5532
f 1726//5533 1730//5534 1724//5535
f 1731//117 1728//117 1732//117
f 1732//5536 1733//5537 1734//5536
f 1735//49 1723//49 1722//49
f 1733//5538 1729//5532 1736//5539
f 1722//5540 1732//5541 1735//5542
f 1737//5543 1738//5544 1739//5545
f 1740//117 1737//117 1741//5546
f 1742//49 1743//49 1744//49
f 1744//5547 1740//5548 1742//5549
f 1735//5542 1734//5550 1745//5551
f 1745//5551 1746//5552 1744//5547
f 1745//49 1729//49 1735//49
f 1744//49 1736//49 1745//49
f 1747//5553 1743//5554 1738//5544
f 1748//5555 1736//5539 1743//5554
f 1746//5556 1747//5557 1740//5558
f 1734//117 1748//117 1746//117
f 1741//5546 1749//5559 1750//5560
f 1749//5561 1739//5562 1751//5563
f 1752//5564 1738//5565 1742//5564
f 1742//5549 1741//5566 1752//5567
f 1753//5568 1730//5569 1727//5570
f 1754//117 1753//117 1725//117
f 1724//5571 1755//5572 1756//5573
f 1756//5574 1754//5575 1724//5576
f 1752//5577 1750//5578 1757//5579
f 1757//5580 1758//5580 1756//5580
f 1757//5581 1739//5582 1752//5583
f 1756//5573 1751//5584 1757//5581
f 1759//5585 1755//5586 1730//5587
f 1760//5588 1751//5588 1755//5588
f 1758//5559 1759//5589 1754//117
f 1750//5560 1760//5590 1758//5559
f 1721//35 1731//35 1722//35
f 1724//5527 1754//5591 1725//5528
f 1725//25 1753//25 1727//25
f 1728//5530 1721//5592 1723//5531
f 1726//5533 1727//5593 1730//5534
f 1731//117 1721//117 1728//117
f 1732//5537 1728//5536 1733//5536
f 1735//49 1729//49 1723//49
f 1733//5538 1728//5530 1729//5532
f 1722//5540 1731//5594 1732//5541
f 1737//5543 1747//5553 1738//5544
f 1740//117 1747//117 1737//117
f 1742//49 1738//49 1743//49
f 1744//5547 1746//5552 1740//5548
f 1735//5542 1732//5541 1734//5550
f 1745//5551 1734//5550 1746//5552
f 1745//49 1736//49 1729//49
f 1744//49 1743//49 1736//49
f 1747//5553 1748//5555 1743//5554
f 1748//5555 1733//5538 1736//5539
f 1746//5595 1748//5595 1747//5557
f 1734//117 1733//117 1748//117
f 1741//5546 1737//117 1749//5559
f 1749//5561 1737//5596 1739//5562
f 1752//5597 1739//5598 1738//5599
f 1742//5549 1740//5548 1741//5566
f 1753//5568 1759//5600 1730//5569
f 1754//117 1759//5589 1753//117
f 1724//5571 1730//49 1755//5572
f 1756//5574 1758//5601 1754//5575
f 1752//5602 1741//5603 1750//5604
f 1757//5580 1750//5580 1758//5580
f 1757//5581 1751//5584 1739//5582
f 1756//5573 1755//5572 1751//5584
f 1759//5585 1760//5605 1755//5586
f 1760//5588 1749//5588 1751//5588
f 1758//5559 1760//5590 1759//5589
f 1750//5560 1749//5559 1760//5590
f 1761//5606 1762//5607 1763//5608
f 1764//5609 1765//5610 1766//5611
f 1765//5612 1767//5613 1768//5614
f 1768//5615 1769//5616 1770//5617
f 1771//5618 1772//5619 1773//5618
f 1761//35 1767//35 1774//35
f 1775//5620 1776//5621 1777//5622
f 1778//5623 1779//5624 1780//5625
f 1773//25 1781//25 1768//25
f 1782//5626 1783//5627 1784//5628
f 1777//25 1785//25 1786//25
f 1766//25 1787//25 1788//25
f 1773//5629 1789//5630 1790//5631
f 1779//25 1791//25 1780//25
f 1763//5632 1792//5633 1793//5632
f 1768//25 1787//25 1765//25
f 1794//5634 1785//5634 1789//5635
f 1795//5636 1796//5637 1797//5638
f 1798//5639 1799//5640 1800//5641
f 1801//5642 1802//5643 1803//5644
f 1804//5645 1783//5646 1805//5646
f 1806//5647 1807//5648 1808//5649
f 1809//5650 1810//5651 1795//5652
f 1798//5653 1811//5654 1801//5654
f 1803//5655 1812//1968 1804//5656
f 1813//5657 1814//5658 1815//5657
f 1800//5659 1816//5660 1811//5661
f 1802//5662 1813//5663 1812//5664
f 1784//5665 1815//5666 1817//5667
f 1800//5668 1818//5669 1819//5670
f 1811//5671 1820//5672 1802//5673
f 1812//5674 1815//5675 1783//5676
f 1808//5677 1821//5678 1822//5679
f 1823//5680 1824//5681 1825//5682
f 1822//5683 1826//5684 1827//5684
f 1797//5685 1828//5686 1829//5687
f 1819//5688 1830//5688 1816//5689
f 1820//5690 1831//5691 1813//5692
f 1817//5693 1814//5694 1832//5695
f 1819//5696 1833//5696 1823//5697
f 1816//5698 1834//5699 1820//5700
f 1835//5701 1836//5702 1837//5703
f 1830//5704 1835//5704 1834//5705
f 1831//5706 1838//5707 1814//5708
f 1827//5709 1839//5710 1840//5711
f 1829//5712 1841//5713 1842//5714
f 1823//5715 1843//5716 1830//5717
f 1834//5718 1837//5719 1831//5720
f 1832//5721 1838//5722 1844//5722
f 1845//5723 1846//5723 1847//5723
f 1844//5724 1848//5725 1849//5726
f 1825//5727 1850//5728 1851//5729
f 1843//5730 1846//5731 1835//5732
f 1837//5733 1848//5734 1838//5735
f 1840//5736 1852//5736 1845//5737
f 1842//5738 1847//5739 1853//5740
f 1825//5741 1854//5742 1843//5743
f 1855//5744 1804//5745 1856//5746
f 1857//5747 1801//5748 1858//5749
f 1859//5750 1860//5751 1861//5752
f 1862//5753 1863//5754 1806//5647
f 1856//5755 1805//5756 1864//5757
f 1858//5758 1803//5759 1855//5760
f 1857//5761 1865//5762 1798//5639
f 1864//5763 1782//5764 1861//5765
f 1788//5766 1866//5767 1867//5767
f 1785//5768 1868//5769 1869//5770
f 1789//5771 1870//5772 1790//5773
f 1781//5774 1866//5775 1787//5776
f 1793//5777 1871//5778 1872//5779
f 1791//5780 1873//5781 1874//5782
f 1785//5783 1875//5784 1789//5785
f 1790//5786 1876//5787 1781//5787
f 1877//5788 1872//5779 1873//5789
f 1872//5790 1878//5791 1879//5791
f 1841//5792 1845//5793 1847//5792
f 1828//5794 1840//5795 1841//5796
f 1796//5797 1827//5798 1828//5799
f 1810//5800 1822//5801 1796//5802
f 1880//5803 1808//5649 1810//5804
f 1779//5805 1793//5806 1877//5807
f 1881//5808 1763//5809 1779//5809
f 1882//5810 1874//5811 1868//5812
f 1883//5813 1809//5650 1865//5814
f 1824//5815 1853//5740 1850//5816
f 1833//5817 1842//5714 1824//5818
f 1818//5819 1829//5687 1833//291
f 1865//5814 1795//5652 1799//5820
f 1799//5821 1797//5822 1818//5823
f 1780//25 1882//25 1777//25
f 1884//5824 1780//5825 1777//5826
f 1868//5812 1885//5827 1883//5813
f 1871//5828 1886//5829 1878//5828
f 1866//5830 1861//5831 1867//5832
f 1869//5833 1883//5834 1857//5835
f 1875//5836 1855//5760 1870//5837
f 1876//5838 1864//5757 1866//5839
f 1861//5840 1886//5841 1867//5841
f 1874//5842 1887//5843 1888//5844
f 1869//5845 1858//5749 1875//5784
f 1870//5846 1856//5746 1876//5847
f 1806//5848 1889//5848 1862//5849
f 1792//5850 1867//5851 1871//5852
f 1859//5853 1782//5854 1863//5855
f 1839//5856 1849//5857 1852//5858
f 1826//5859 1844//5860 1839//5861
f 1821//5862 1832//5863 1826//5863
f 1807//5864 1817//5865 1821//5864
f 1762//5866 1788//5866 1792//5866
f 1863//5867 1784//5868 1807//5869
f 1774//5870 1766//5871 1762//5872
f 1880//35 1890//35 1806//35
f 1885//5873 1888//5874 1891//5875
f 1873//5876 1879//5877 1887//5878
f 1809//5879 1891//5880 1892//5881
f 1862//5882 1893//5883 1859//5884
f 1809//35 1894//35 1880//35
f 1895//5885 1896//5886 1897//5887
f 1771//5888 1898//5889 1899//5888
f 1895//5890 1900//5891 1901//5890
f 1902//25 1903//25 1904//25
f 1905//5892 1906//5893 1907//5894
f 1769//5895 1900//5895 1908//5896
f 1772//5897 1899//5898 1906//5897
f 1904//5899 1909//5900 1895//5900
f 1770//5901 1908//5902 1898//5903
f 1761//5606 1774//5904 1762//5607
f 1764//5905 1910//5906 1765//5907
f 1765//5908 1910//5909 1767//5909
f 1768//5910 1767//5911 1901//5912
f 1896//5913 1895//5913 1901//5914
f 1901//5915 1769//5616 1768//5615
f 1770//5617 1771//5916 1768//5615
f 1767//5911 1896//5917 1901//5912
f 1771//5916 1773//5918 1768//5615
f 1794//5919 1773//5920 1905//5921
f 1772//5922 1905//5921 1773//5920
f 1764//35 1774//35 1767//35
f 1761//35 1881//5923 1896//5924
f 1778//5925 1884//5926 1897//5927
f 1911//35 1897//5927 1884//5926
f 1896//5924 1767//35 1761//35
f 1910//35 1764//35 1767//35
f 1881//5923 1778//5925 1896//5924
f 1897//5927 1896//5924 1778//5925
f 1777//5928 1786//5929 1912//5930
f 1777//5931 1912//5932 1913//5933
f 1914//5934 1911//5934 1776//5935
f 1915//5936 1775//5937 1777//5938
f 1776//5939 1911//5939 1884//5940
f 1777//5941 1913//5942 1916//5943
f 1917//5944 1915//5945 1777//5945
f 1777//5941 1916//5943 1917//5946
f 1776//5947 1884//5947 1777//5948
f 1778//5623 1881//5949 1779//5624
f 1773//25 1790//25 1781//25
f 1782//5950 1805//5951 1783//5952
f 1777//25 1882//25 1785//25
f 1766//5953 1765//5953 1787//5954
f 1773//25 1794//25 1789//25
f 1779//5805 1877//5807 1791//5955
f 1763//5956 1762//5957 1792//5956
f 1768//25 1781//25 1787//25
f 1794//25 1786//25 1785//25
f 1795//5636 1810//5958 1796//5637
f 1798//5639 1865//5762 1799//5640
f 1801//5642 1811//5959 1802//5643
f 1804//5960 1812//5961 1783//5962
f 1806//5647 1863//5754 1807//5648
f 1809//5650 1880//5963 1810//5651
f 1798//5654 1800//5654 1811//5653
f 1803//5655 1802//5964 1812//1968
f 1813//5965 1831//5966 1814//5967
f 1800//5968 1819//5969 1816//5970
f 1802//5971 1820//5972 1813//5973
f 1784//5974 1783//5975 1815//5976
f 1800//5977 1799//5978 1818//5979
f 1811//5671 1816//5980 1820//5672
f 1812//5981 1813//5982 1815//5983
f 1808//5984 1807//5985 1821//5986
f 1823//5987 1833//5988 1824//5989
f 1822//5683 1821//5990 1826//5684
f 1797//5991 1796//5992 1828//5991
f 1819//5688 1823//5689 1830//5688
f 1820//5690 1834//5993 1831//5691
f 1817//5994 1815//5994 1814//5995
f 1819//5696 1818//5697 1833//5696
f 1816//5698 1830//5996 1834//5699
f 1835//5701 1846//5997 1836//5702
f 1830//5998 1843//5999 1835//6000
f 1831//6001 1837//6002 1838//6003
f 1827//6004 1826//6005 1839//6006
f 1829//5712 1828//6007 1841//5713
f 1823//6008 1825//6009 1843//6010
f 1834//5718 1835//6011 1837//5719
f 1832//6012 1814//6013 1838//6013
f 1853//25 1847//25 1846//25
f 1845//25 1852//25 1836//25
f 1849//6014 1848//6014 1836//6015
f 1836//6016 1846//6017 1845//6017
f 1854//6018 1851//6019 1850//6020
f 1850//6021 1853//6022 1854//6023
f 1852//6024 1849//6024 1836//6025
f 1846//25 1854//6023 1853//6022
f 1844//6026 1838//6027 1848//6028
f 1825//5727 1824//6029 1850//5728
f 1843//5730 1854//6030 1846//5731
f 1837//5733 1836//6031 1848//5734
f 1840//6032 1839//6033 1852//6034
f 1842//5738 1841//6035 1847//5739
f 1825//5741 1851//6036 1854//5742
f 1855//6037 1803//5655 1804//5656
f 1857//5748 1798//6038 1801//6039
f 1859//6040 1893//6041 1860//6042
f 1862//5753 1859//6043 1863//5754
f 1856//5755 1804//6044 1805//5756
f 1858//6045 1801//5642 1803//5644
f 1857//5761 1883//6046 1865//5762
f 1864//6047 1805//6048 1782//6049
f 1788//5767 1787//5767 1866//5766
f 1785//5768 1882//6050 1868//5769
f 1789//6051 1875//6052 1870//5771
f 1781//5776 1876//6053 1866//6054
f 1793//6055 1792//6055 1871//6056
f 1791//6057 1877//6058 1873//6059
f 1785//5783 1869//5845 1875//5784
f 1790//6060 1870//5846 1876//5847
f 1877//5788 1793//5777 1872//5779
f 1872//25 1871//25 1878//25
f 1841//6061 1840//6062 1845//6062
f 1828//5794 1827//6063 1840//5795
f 1796//5797 1822//6064 1827//5798
f 1810//6065 1808//5677 1822//5679
f 1880//5803 1806//5647 1808//5649
f 1779//25 1763//25 1793//25
f 1881//6066 1761//5606 1763//5608
f 1882//5810 1791//6067 1874//5811
f 1883//5813 1885//5827 1809//5650
f 1824//5815 1842//5738 1853//5740
f 1833//5817 1829//5712 1842//5714
f 1818//5819 1797//5685 1829//5687
f 1865//5814 1809//5650 1795//5652
f 1799//5821 1795//6068 1797//5822
f 1780//25 1791//25 1882//25
f 1884//5824 1778//6069 1780//5825
f 1868//5812 1874//5811 1885//5827
f 1871//6070 1867//6071 1886//6072
f 1866//6073 1864//5763 1861//5765
f 1869//5770 1868//5769 1883//6074
f 1875//5836 1858//5758 1855//5760
f 1876//5838 1856//5755 1864//5757
f 1861//6075 1860//6076 1886//6077
f 1874//25 1873//25 1887//25
f 1869//5845 1857//5747 1858//5749
f 1870//5846 1855//5744 1856//5746
f 1806//6078 1890//6079 1889//6080
f 1792//5850 1788//6081 1867//5851
f 1859//6082 1861//6083 1782//6084
f 1839//5856 1844//6085 1849//5857
f 1826//5859 1832//6086 1844//5860
f 1821//6087 1817//5693 1832//5695
f 1807//6088 1784//6089 1817//6089
f 1762//6090 1766//6090 1788//6090
f 1863//6091 1782//6092 1784//6092
f 1774//5870 1764//6093 1766//5871
f 1880//35 1894//35 1890//35
f 1885//5873 1874//6094 1888//5874
f 1873//25 1872//25 1879//25
f 1809//6095 1885//6096 1891//6097
f 1862//6098 1889//6099 1893//6100
f 1809//35 1892//35 1894//35
f 1897//6101 1902//6102 1904//6103
f 1904//6104 1895//6105 1897//6106
f 1771//6107 1770//6108 1898//6109
f 1895//6110 1909//6111 1900//6112
f 1902//25 1918//25 1903//25
f 1905//5892 1772//35 1906//5893
f 1769//6113 1901//6113 1900//6114
f 1772//6115 1771//6116 1899//6117
f 1904//6118 1903//6119 1909//6120
f 1770//6121 1769//6122 1908//6121
f 1919//6123 1920//6124 1921//6125
f 1922//6126 1923//6127 1920//6128
f 1923//6129 1924//6130 1925//6129
f 1925//6131 1926//6132 1927//6133
f 1927//6134 1928//6135 1929//6136
f 1929//6137 1930//6138 1931//6139
f 1928//6140 1926//6141 1932//6142
f 1930//6143 1933//6144 1931//6145
f 1932//6146 1921//6147 1933//6148
f 1920//6149 1934//6150 1935//6150
f 1936//6151 1937//6152 1938//6153
f 1929//6154 1938//6155 1927//6155
f 1933//6156 1939//6156 1940//6157
f 1921//6158 1935//6159 1939//6160
f 1925//6161 1934//6162 1923//6161
f 1929//6163 1941//6163 1936//6164
f 1927//6165 1942//6166 1925//6165
f 1933//6167 1941//6168 1931//6167
f 1937//6169 1943//6170 1944//6170
f 1942//6171 1945//6172 1934//6173
f 1939//6174 1946//6175 1947//6176
f 1940//6177 1947//6178 1944//6179
f 1941//6180 1943//6181 1936//6180
f 1938//6182 1948//6183 1942//6184
f 1935//6185 1945//6186 1946//6187
f 1941//6188 1944//6189 1949//6190
f 1919//6123 1922//6191 1920//6124
f 1922//6126 1950//6192 1923//6127
f 1923//6193 1950//5306 1924//6194
f 1925//6131 1924//6195 1926//6132
f 1927//6134 1926//6196 1928//6135
f 1929//6137 1928//6197 1930//6138
f 1950//25 1922//25 1924//25
f 1919//6198 1932//6198 1926//6199
f 1930//25 1928//25 1932//25
f 1926//6200 1924//6200 1919//6200
f 1922//25 1919//25 1924//25
f 1930//6143 1932//6201 1933//6144
f 1932//6146 1919//6202 1921//6147
f 1920//6203 1923//6204 1934//6205
f 1936//6151 1943//6206 1937//6152
f 1929//6207 1936//6207 1938//6208
f 1933//6209 1921//6210 1939//6211
f 1921//6212 1920//6213 1935//6214
f 1925//6215 1942//6215 1934//6216
f 1929//6217 1931//6218 1941//6218
f 1927//6219 1938//6220 1942//6221
f 1933//6222 1940//6222 1941//6223
f 1944//35 1947//35 1937//35
f 1946//35 1945//35 1948//35
f 1948//35 1937//35 1947//35
f 1943//6224 1949//6225 1944//6224
f 1947//35 1946//35 1948//35
f 1942//6172 1948//6173 1945//6171
f 1939//6226 1935//6227 1946//6226
f 1940//6177 1939//6228 1947//6178
f 1941//6229 1949//6230 1943//2101
f 1938//6231 1937//6232 1948//6232
f 1935//6233 1934//6234 1945//6233
f 1941//6189 1940//6190 1944//6188
f 1951//6235 1952//6236 1953//6237
f 1954//25 1955//25 1952//25
f 1955//6238 1956//6239 1957//6238
f 1957//6240 1958//6241 1959//6242
f 1951//6243 1958//6244 1954//6245
f 1959//35 1960//35 1961//35
f 1960//6246 1953//6247 1961//6248
f 1952//6249 1959//6250 1953//6251
f 1951//6252 1954//6253 1952//6253
f 1954//6254 1962//6254 1955//6255
f 1955//6256 1962//6257 1956//6258
f 1957//6259 1956//6260 1958//6261
f 1962//6262 1954//6262 1956//6263
f 1951//6243 1960//6264 1958//6244
f 1958//6265 1956//6266 1954//6267
f 1959//6268 1958//6268 1960//6269
f 1960//6270 1951//6271 1953//6272
f 1961//6273 1953//6274 1959//6274
f 1952//6275 1955//6276 1957//6277
f 1957//6278 1959//6250 1952//6249
f 1963//6279 1964//6280 1965//6281
f 1964//6282 1966//6283 1967//6283
f 1967//6284 1968//6284 1969//6285
f 1969//6286 1970//6287 1971//6288
f 1963//6289 1968//6290 1966//6289
f 1970//6291 1972//6292 1971//6293
f 1973//6294 1965//6295 1972//6296
f 1967//6297 1969//6298 1965//6299
f 1963//6300 1974//6301 1964//6302
f 1964//6303 1974//6304 1966//6305
f 1967//6284 1966//6285 1968//6284
f 1969//6286 1968//6306 1970//6287
f 1966//6307 1974//6308 1963//6307
f 1963//25 1973//25 1968//25
f 1970//25 1968//25 1973//25
f 1970//6309 1973//6310 1972//6311
f 1973//6294 1963//6312 1965//6295
f 1972//6313 1965//6314 1969//6313
f 1964//35 1967//35 1965//35
f 1969//6315 1971//6316 1972//6316
f 1975//35 1976//35 1977//6317
f 1975//343 1978//343 1979//343
f 1980//6318 1981//6319 1982//6320
f 1983//6321 1984//353 1980//6322
f 1985//6323 1986//6324 1987//6325
f 1984//6326 1976//6327 1981//6328
f 1988//6329 1980//6322 1989//6330
f 1989//6331 1982//6320 1990//6332
f 1991//6333 1992//6334 1990//1861
f 1975//6335 1982//6336 1993//6337
f 1994//35 1991//6338 1987//6339
f 1994//6340 1992//6341 1995//6342
f 1996//6343 1990//6332 1986//6344
f 1985//6345 1989//6330 1996//6346
f 1986//6344 1992//25 1997//25
f 1987//6339 1988//6347 1985//6348
f 1991//6338 1983//6349 1988//6347
f 1982//6350 1991//6351 1990//6352
f 1981//6328 1979//6353 1978//6354
f 1987//6325 1997//49 1994//49
f 1982//6320 1978//6355 1993//6356
f 1977//6317 1998//6357 1983//6349
f 1975//35 1979//35 1976//35
f 1975//343 1993//343 1978//343
f 1980//6318 1984//6358 1981//6319
f 1983//6321 1998//353 1984//353
f 1985//6323 1996//6359 1986//6324
f 1984//6326 1998//6360 1976//6327
f 1988//6329 1983//6321 1980//6322
f 1989//6331 1980//6318 1982//6320
f 1991//6333 1995//6361 1992//6334
f 1975//6335 1977//49 1982//6336
f 1994//35 1995//35 1991//6338
f 1994//6340 1997//6362 1992//6341
f 1996//6343 1989//6331 1990//6332
f 1985//6345 1988//6329 1989//6330
f 1986//6344 1990//6332 1992//25
f 1987//6339 1991//6338 1988//6347
f 1991//6338 1977//6317 1983//6349
f 1982//6350 1977//6363 1991//6351
f 1981//6328 1976//6327 1979//6353
f 1987//6325 1986//6324 1997//49
f 1982//6320 1981//6319 1978//6355
f 1977//6317 1976//35 1998//6357
f 1999//6364 2000//6365 2001//6366
f 2002//6367 2003//6368 2004//6368
f 2005//117 1999//117 2006//117
f 2007//6369 2008//6370 2000//6371
f 2006//6372 2002//6373 2008//6374
f 2009//6375 2008//6375 2010//6376
f 2005//5250 2007//6377 2011//5250
f 2012//6378 2003//6379 2013//6378
f 1999//6380 2002//6381 2006//6382
f 2012//6383 2009//6384 2010//6385
f 2009//6386 2013//5244 2003//6387
f 2003//6387 2001//6366 2000//6365
f 1999//6364 2011//6388 2007//6389
f 2007//6389 2000//6365 1999//6364
f 2009//6386 2003//6387 2000//6365
f 2002//6390 2001//6391 2003//6390
f 2005//117 2011//117 1999//117
f 2007//6392 2014//6393 2008//5240
f 2012//6394 2010//6395 2004//6396
f 2008//6374 2014//6397 2006//6372
f 2005//6398 2006//6372 2014//6397
f 2002//6373 2004//6396 2008//6374
f 2010//6395 2008//6374 2004//6396
f 2009//6399 2000//6400 2008//6401
f 2005//6402 2014//6403 2007//6404
f 2012//6405 2004//6406 2003//6406
f 1999//6380 2001//6407 2002//6381
f 2012//6383 2013//6408 2009//6384
f 2015//25 2016//25 2017//25
f 2016//343 2018//343 2017//343
f 2019//6409 2020//6410 2021//6411
f 2022//6412 2023//6413 2024//6414
f 2025//6415 2023//6416 2026//6417
f 2027//6418 2024//6419 2023//6420
f 2028//6421 2029//6422 2020//6423
f 2030//6424 2031//6425 2032//6426
f 2020//6427 2033//6428 2034//6429
f 2020//6430 2035//6431 2021//6432
f 2036//6433 2037//6434 2031//6435
f 2038//6436 2039//6437 2040//6438
f 2041//35 2042//35 2043//35
f 2044//6439 2045//6439 2042//6439
f 2046//6440 2047//6441 2048//6442
f 2049//35 2050//35 2051//35
f 2052//35 2043//35 2053//35
f 2054//6443 2055//6444 2028//6445
f 2056//6446 2028//6447 2019//6448
f 2057//6449 2040//6450 2058//6451
f 2059//6452 2036//6452 2030//6452
f 2060//6453 2037//6434 2036//6433
f 2059//6454 2061//6455 2062//6456
f 2063//6457 2037//6458 2064//6459
f 2065//6460 2061//6461 2030//6462
f 2066//6463 2055//6463 2067//6464
f 2027//35 2068//35 2018//35
f 2069//6465 2024//6466 2016//25
f 2029//35 2070//35 2033//35
f 2071//6467 2029//6468 2055//6469
f 2030//6470 2032//6470 2072//6471
f 2072//6472 2073//6473 2039//6474
f 2056//6475 2074//6476 2075//6477
f 2049//6478 2026//6479 2076//6480
f 2047//6481 2026//6482 2022//6412
f 2069//6483 2077//6484 2048//6485
f 2015//6486 2075//6487 2078//6488
f 2079//6489 2074//6490 2080//6491
f 2081//6492 2082//6493 2083//6494
f 2080//6495 2081//6496 2083//6497
f 2084//25 2085//25 2078//25
f 2019//6498 2081//6499 2074//6500
f 2021//6501 2086//6502 2081//6503
f 2087//25 2084//25 2088//25
f 2089//6504 2083//6505 2090//6506
f 2083//6507 2091//6508 2090//6509
f 2092//6510 2080//6511 2089//6504
f 2093//6512 2094//6513 2095//6514
f 2048//6515 2087//6516 2046//6517
f 2096//6518 2076//6519 2047//6481
f 2097//6520 2076//6521 2098//6522
f 2099//6523 2039//6474 2100//6524
f 2030//6525 2099//6526 2065//6527
f 2058//6528 2101//6529 2063//6530
f 2053//35 2071//35 2066//35
f 2025//35 2051//35 2068//35
f 2048//25 2022//6531 2069//6465
f 2042//6532 2070//6533 2102//6534
f 2043//35 2102//35 2071//35
f 2040//6535 2073//6536 2101//6537
f 2045//6538 2063//6539 2070//6540
f 2082//6541 2095//6542 2091//6543
f 2086//6544 2093//6545 2082//6546
f 2070//6547 2064//6548 2033//6549
f 2035//6550 2062//6551 2086//6502
f 2034//6429 2064//6552 2060//6453
f 2034//6553 2059//6554 2035//6555
f 2103//6556 2058//6557 2045//6558
f 2073//6559 2031//6560 2037//6560
f 2101//6561 2073//6562 2037//6563
f 2068//35 2053//35 2066//35
f 2088//25 2079//25 2092//25
f 2084//25 2075//25 2079//25
f 2069//6564 2078//6565 2085//6566
f 2018//6567 2066//6568 2067//6567
f 2051//35 2052//35 2053//35
f 2017//343 2067//343 2054//343
f 2015//25 2054//25 2056//25
f 2104//25 2105//25 2106//25
f 2107//6569 2105//6570 2108//6571
f 2109//6572 2110//6573 2111//6574
f 2112//6575 2113//6576 2114//6577
f 2115//6578 2113//6578 2116//6578
f 2116//6579 2117//6580 2105//6581
f 2111//6582 2118//6583 2119//6584
f 2120//6585 2121//6586 2122//6587
f 2110//6588 2123//6589 2118//6590
f 2124//6591 2110//6592 2125//6593
f 2126//6594 2038//6595 2127//6596
f 2128//35 2041//35 2129//35
f 2130//6597 2044//35 2128//6598
f 2131//25 2046//25 2132//25
f 2050//6599 2133//6600 2134//6601
f 2129//35 2052//6602 2135//6603
f 2136//6604 2119//6605 2137//6606
f 2138//6607 2111//6607 2136//6608
f 2127//6609 2057//6610 2139//6611
f 2140//6612 2122//6613 2141//6614
f 2141//6615 2142//6616 2143//6617
f 2140//6618 2144//6619 2120//6620
f 2142//6621 2145//6622 2143//6622
f 2144//6623 2065//6624 2120//6625
f 2119//6626 2146//6626 2137//6627
f 2147//35 2116//35 2107//6628
f 2117//25 2106//25 2105//25
f 2123//6629 2148//6630 2118//6631
f 2118//35 2149//35 2119//35
f 2150//6632 2151//6633 2126//6634
f 2138//6635 2152//6636 2109//6637
f 2133//6638 2114//6639 2115//6640
f 2131//6641 2114//6577 2153//6642
f 2154//6643 2106//6644 2132//6645
f 2104//6646 2155//6647 2138//6648
f 2156//6649 2144//6650 2157//6651
f 2158//6652 2152//6653 2155//6654
f 2159//6655 2160//6656 2161//6657
f 2162//6658 2160//6658 2152//6659
f 2163//25 2164//25 2154//25
f 2109//6660 2160//6661 2125//6662
f 2125//6663 2165//6664 2124//6665
f 2163//25 2087//25 2088//25
f 2089//6666 2161//6667 2162//6668
f 2091//6508 2161//6669 2090//6509
f 2092//6670 2162//6671 2158//6652
f 2095//6514 2144//6672 2156//6673
f 2087//6516 2132//6674 2046//6517
f 2096//6518 2153//6642 2098//6675
f 2097//6676 2153//6676 2133//6676
f 2126//6634 2099//6677 2100//6678
f 2099//6679 2120//6680 2065//6681
f 2166//6682 2139//6683 2145//6683
f 2149//35 2135//35 2146//35
f 2134//6601 2115//35 2147//35
f 2112//25 2132//25 2106//25
f 2167//6684 2128//6598 2148//6630
f 2148//35 2129//35 2149//35
f 2150//6685 2127//6686 2166//6687
f 2145//6688 2130//6689 2167//6688
f 2091//6690 2156//6691 2159//6692
f 2156//6691 2165//6693 2159//6692
f 2143//6694 2167//6694 2123//6694
f 2124//6665 2157//6695 2140//6696
f 2168//6697 2143//6617 2123//6589
f 2140//6698 2168//6699 2124//6699
f 2139//6700 2103//6701 2130//6702
f 2150//6703 2121//6704 2169//6705
f 2142//6706 2150//6707 2166//6708
f 2135//6603 2147//35 2146//6709
f 2158//25 2088//25 2092//25
f 2155//25 2163//25 2158//25
f 2106//6710 2170//6711 2104//6712
f 2146//6709 2107//6628 2137//6713
f 2052//6602 2134//6601 2135//6603
f 2137//6714 2108//6571 2136//6715
f 2136//25 2104//25 2138//25
f 2015//25 2069//25 2016//25
f 2016//343 2027//343 2018//343
f 2019//6716 2028//6717 2020//6718
f 2022//6412 2026//6482 2023//6413
f 2025//6415 2027//6719 2023//6416
f 2027//6720 2016//6721 2024//6720
f 2028//6421 2055//6722 2029//6422
f 2030//6723 2036//6724 2031//6724
f 2020//6427 2029//6725 2033//6428
f 2020//6430 2034//6726 2035//6431
f 2038//6727 2100//6728 2039//6729
f 2041//35 2044//35 2042//35
f 2044//35 2103//35 2045//35
f 2046//6440 2096//25 2047//6441
f 2049//35 2097//35 2050//35
f 2052//35 2041//35 2043//35
f 2054//6443 2067//6730 2055//6444
f 2056//6731 2054//6732 2028//6716
f 2057//6449 2038//6733 2040//6450
f 2059//6734 2060//6735 2036//6736
f 2060//6453 2064//6552 2037//6434
f 2059//6454 2030//6737 2061//6455
f 2063//6622 2101//6561 2037//6563
f 2065//6738 2094//6739 2061//6738
f 2066//35 2071//35 2055//35
f 2027//35 2025//35 2068//35
f 2069//6465 2022//6531 2024//6466
f 2029//35 2102//35 2070//35
f 2071//35 2102//35 2029//35
f 2072//6472 2032//6740 2073//6473
f 2056//6475 2019//6741 2074//6476
f 2049//6742 2025//6743 2026//6744
f 2047//6481 2076//6519 2026//6482
f 2069//6745 2085//6746 2077//6746
f 2015//6486 2056//353 2075//6487
f 2093//6747 2062//6748 2061//6747
f 2079//6489 2075//6749 2074//6490
f 2081//6750 2086//6751 2082//6751
f 2080//6752 2074//6753 2081//6752
f 2084//25 2077//25 2085//25
f 2019//6498 2021//6754 2081//6499
f 2021//6501 2035//6550 2086//6502
f 2087//25 2077//25 2084//25
f 2089//6504 2080//6511 2083//6505
f 2083//6494 2082//6493 2091//6755
f 2092//6510 2079//6756 2080//6511
f 2093//6512 2061//6757 2094//6513
f 2048//6485 2077//6484 2087//6758
f 2096//6518 2098//6675 2076//6519
f 2097//6676 2049//6759 2076//6760
f 2099//6523 2072//6472 2039//6474
f 2030//6525 2072//6761 2099//6526
f 2058//6558 2040//6558 2101//6557
f 2053//35 2043//35 2071//35
f 2025//35 2049//35 2051//35
f 2048//25 2047//25 2022//25
f 2042//35 2045//35 2070//35
f 2043//35 2042//6532 2102//6534
f 2040//6762 2039//6762 2073//6763
f 2045//6764 2058//6765 2063//6766
f 2082//6767 2093//6767 2095//6767
f 2086//6544 2062//6768 2093//6545
f 2070//6769 2063//6770 2064//6770
f 2035//6550 2059//6771 2062//6551
f 2034//6429 2033//6428 2064//6552
f 2034//6553 2060//6772 2059//6554
f 2103//6773 2057//6773 2058//6773
f 2073//6774 2032//6775 2031//6776
f 2068//35 2051//35 2053//35
f 2088//25 2084//25 2079//25
f 2084//25 2078//25 2075//25
f 2069//6777 2015//6778 2078//6779
f 2018//35 2068//35 2066//35
f 2051//6780 2050//6781 2052//6782
f 2017//343 2018//343 2067//343
f 2015//25 2017//25 2054//25
f 2104//25 2108//25 2105//25
f 2107//6569 2116//6783 2105//6570
f 2109//6572 2125//6784 2110//6573
f 2112//6575 2117//6785 2113//6576
f 2115//6640 2114//6639 2113//6786
f 2116//6787 2113//6788 2117//6789
f 2111//6582 2110//6790 2118//6583
f 2169//6791 2121//6792 2120//6793
f 2110//6588 2168//6697 2123//6589
f 2124//6591 2168//6726 2110//6592
f 2122//6794 2121//6795 2142//6616
f 2126//6594 2100//6796 2038//6595
f 2128//35 2044//35 2041//35
f 2130//6597 2103//35 2044//35
f 2131//25 2096//25 2046//6440
f 2050//6599 2097//35 2133//6600
f 2129//35 2041//35 2052//35
f 2136//6604 2111//6797 2119//6605
f 2138//6798 2109//6799 2111//6800
f 2127//6801 2038//6801 2057//6802
f 2140//6803 2120//6804 2122//6804
f 2141//6615 2122//6794 2142//6616
f 2140//6618 2157//6805 2144//6619
f 2142//6706 2166//6708 2145//6806
f 2144//6807 2094//6808 2065//6807
f 2119//35 2149//35 2146//35
f 2147//35 2115//35 2116//35
f 2117//25 2112//25 2106//25
f 2123//6629 2167//6684 2148//6630
f 2118//35 2148//35 2149//35
f 2120//6809 2151//6810 2169//6809
f 2150//6632 2169//6811 2151//6633
f 2138//6812 2155//6813 2152//6814
f 2133//6815 2153//6816 2114//6817
f 2131//6641 2112//6575 2114//6577
f 2154//6745 2164//6818 2106//6746
f 2104//6646 2170//6819 2155//6647
f 2158//6652 2162//6671 2152//6653
f 2159//6655 2165//6820 2160//6656
f 2162//6821 2161//6822 2160//6823
f 2163//25 2170//25 2164//25
f 2109//6660 2152//6824 2160//6661
f 2125//6663 2160//6825 2165//6664
f 2163//25 2154//25 2087//25
f 2089//6504 2090//6506 2161//6826
f 2091//6827 2159//6726 2161//6726
f 2092//6828 2089//6828 2162//6828
f 2095//6514 2094//6513 2144//6672
f 2087//6829 2154//6643 2132//6645
f 2096//6518 2131//6641 2153//6642
f 2097//6520 2098//6522 2153//6830
f 2126//6634 2151//6633 2099//6677
f 2099//6831 2151//6831 2120//6832
f 2166//6833 2127//6833 2139//6834
f 2149//35 2129//35 2135//35
f 2134//6601 2133//6600 2115//35
f 2112//25 2131//25 2132//25
f 2167//6684 2130//6597 2128//6598
f 2148//35 2128//35 2129//35
f 2150//6835 2126//6836 2127//6836
f 2145//6837 2139//6700 2130//6702
f 2091//6838 2095//6838 2156//6839
f 2156//6840 2157//6840 2165//6841
f 2143//6842 2145//6843 2167//6842
f 2124//6665 2165//6664 2157//6695
f 2168//6697 2141//6615 2143//6617
f 2140//6844 2141//6845 2168//6846
f 2139//6847 2057//6848 2103//6849
f 2150//6850 2142//6850 2121//6850
f 2135//6603 2134//6601 2147//35
f 2158//25 2163//25 2088//25
f 2155//25 2170//25 2163//25
f 2106//6851 2164//6852 2170//6853
f 2146//6709 2147//35 2107//6628
f 2052//6602 2050//6599 2134//6601
f 2137//6714 2107//6569 2108//6571
f 2136//25 2108//25 2104//25
g HK_MP5_Magazine
usemtl Props_Gun_M
f 2171//6854 2172//6855 2173//6856
f 2174//6857 2175//6858 2176//6859
f 2177//6860 2178//6861 2179//6862
f 2180//6863 2181//6864 2182//6865
f 2183//6866 2184//6867 2185//6868
f 2186//6869 2187//6870 2188//6871
f 2184//6872 2188//6873 2185//6874
f 2182//6865 2189//6875 2190//6876
f 2187//6877 2191//6878 2192//6879
f 2190//6876 2193//6880 2194//6881
f 2192//6882 2195//6883 2196//6882
f 2197//6884 2198//6885 2199//6886
f 2194//6881 2200//6887 2201//6888
f 2202//6889 2203//6890 2204//6891
f 2176//6892 2205//6893 2180//6863
f 2171//6854 2206//6894 2183//6895
f 2197//6896 2207//6897 2208//6896
f 2209//6898 2201//6899 2210//6900
f 2211//6901 2203//6902 2212//6901
f 2213//6903 2214//6904 2215//6905
f 2216//6906 2217//6907 2214//6908
f 2177//35 2218//35 2219//35
f 2220//6909 2221//6910 2198//6911
f 2222//6912 2198//6913 2223//6914
f 2224//117 2222//117 2225//117
f 2226//6915 2208//6916 2227//6917
f 2227//6917 2228//6918 2229//6919
f 2229//6919 2202//6920 2230//6921
f 2230//6921 2204//6922 2195//6923
f 2223//6924 2197//6925 2226//6915
f 2207//6926 2214//6927 2231//6928
f 2232//6929 2233//6930 2203//6931
f 2231//6928 2217//6932 2232//6929
f 2208//6933 2231//6934 2228//6935
f 2234//6936 2215//6937 2235//6938
f 2212//6939 2233//6940 2236//6941
f 2198//6942 2235//6943 2199//6944
f 2199//6945 2215//6946 2207//6926
f 2237//6947 2233//6948 2217//6949
f 2238//6950 2239//6950 2240//6950
f 2241//6951 2242//6952 2243//6953
f 2228//6954 2232//6955 2202//6956
f 2244//6957 2243//6958 2245//6959
f 2246//6960 2247//6961 2248//6962
f 2249//6963 2245//6964 2250//6965
f 2240//6966 2249//6967 2250//6968
f 2251//6969 2252//6970 2238//6971
f 2173//6972 2226//6915 2206//6973
f 2253//6974 2195//6923 2191//343
f 2186//6975 2230//6921 2253//6974
f 2184//6976 2229//6919 2186//6975
f 2206//6973 2227//6917 2184//6976
f 2225//6977 2172//6978 2254//6979
f 2172//6980 2223//6981 2173//6982
f 2196//6983 2204//6984 2211//6985
f 2210//6986 2200//6987 2255//6988
f 2221//6989 2180//6863 2234//6990
f 2237//6991 2201//6888 2256//6992
f 2216//6993 2194//6881 2237//6991
f 2213//6994 2190//6876 2216//6993
f 2234//6990 2182//6865 2213//6994
f 2174//6995 2257//6996 2178//6997
f 2258//6998 2176//6999 2221//7000
f 2224//7001 2259//7002 2260//7003
f 2261//7004 2255//7005 2242//7006
f 2262//7007 2211//7008 2263//7009
f 2264//7010 2254//6979 2265//7011
f 2177//7012 2266//7013 2175//7014
f 2205//7015 2267//7016 2181//7017
f 2267//7018 2189//7019 2181//7020
f 2209//7021 2233//7022 2256//7023
f 2268//7024 2193//7025 2189//7026
f 2269//7027 2200//7028 2193//7029
f 2175//7030 2270//7031 2205//7032
f 2247//7033 2212//6939 2236//6941
f 2271//7034 2272//7035 2273//7036
f 2225//7037 2274//7038 2224//7039
f 2263//7040 2212//7041 2275//7041
f 2261//7042 2209//7043 2210//7044
f 2276//7045 2183//7045 2277//7045
f 2278//7046 2196//7047 2262//7048
f 2187//6877 2278//7049 2279//7050
f 2185//6874 2280//7051 2281//7052
f 2188//7053 2279//7054 2280//7055
f 2281//7056 2183//7057 2185//7058
f 2251//7059 2282//7060 2271//7061
f 2276//7062 2254//7063 2171//6854
f 2273//7064 2259//7065 2283//7066
f 2284//7067 2285//7068 2286//7069
f 2283//7066 2274//7070 2284//7071
f 2260//7072 2272//7073 2282//7074
f 2264//7075 2287//7076 2286//7077
f 2218//7078 2178//7078 2288//7079
f 2288//7080 2257//7081 2289//7082
f 2219//7083 2288//7084 2282//7085
f 2282//7086 2289//7087 2260//7088
f 2220//7089 2289//7089 2257//7090
f 2225//7091 2286//7077 2285//7092
f 2290//7093 2284//7071 2291//7094
f 2291//7095 2286//7069 2287//7096
f 2292//7097 2283//7066 2290//7093
f 2293//7098 2265//7099 2276//7100
f 2294//7101 2271//7102 2295//117
f 2296//7103 2281//7104 2297//7105
f 2298//7106 2279//7107 2299//7108
f 2281//7052 2298//7109 2297//7110
f 2299//7111 2278//7049 2300//7112
f 2300//7113 2262//7114 2301//7115
f 2293//7116 2277//7117 2296//7117
f 2302//7118 2248//7118 2261//7119
f 2303//7120 2275//7121 2304//7122
f 2271//7123 2292//7124 2295//7125
f 2305//7126 2275//7127 2247//7126
f 2306//7128 2265//7011 2307//7129
f 2301//7130 2263//7009 2303//7131
f 2302//7132 2242//7133 2308//7134
f 2266//7135 2251//7136 2238//7137
f 2267//7016 2240//6966 2250//6968
f 2250//6965 2268//7138 2267//7018
f 2248//7139 2236//7140 2209//7141
f 2245//6959 2269//7142 2268//7024
f 2243//6953 2255//7143 2269//7027
f 2266//7013 2240//7144 2270//7145
f 2309//7146 2310//7147 2311//7146
f 2312//7148 2313//7149 2314//7150
f 2315//7151 2316//7152 2313//7153
f 2317//7154 2318//7155 2319//7156
f 2320//7157 2321//7158 2322//7159
f 2323//7160 2324//7161 2325//7162
f 2325//7163 2320//7164 2322//7165
f 2319//7156 2326//7166 2317//7154
f 2327//7167 2328//7168 2323//7169
f 2329//7170 2330//7171 2326//7166
f 2331//7172 2327//7173 2332//7174
f 2333//7175 2334//7176 2330//7171
f 2335//7177 2336//7178 2337//7179
f 2338//7180 2314//7181 2318//7155
f 2339//7182 2309//7183 2321//7184
f 2340//7185 2341//7186 2342//7187
f 2343//7188 2344//7189 2345//7190
f 2346//7191 2347//7192 2348//7193
f 2349//7194 2335//7195 2337//7196
f 2350//7197 2351//7198 2352//7199
f 2352//7200 2353//7201 2354//7202
f 2355//35 2315//35 2356//35
f 2340//7203 2357//7204 2358//7204
f 2358//7205 2359//7205 2360//7206
f 2359//117 2361//117 2362//117
f 2345//7207 2363//7208 2364//7209
f 2364//7209 2365//7210 2345//7207
f 2366//7211 2336//7212 2365//7210
f 2367//7213 2337//7214 2336//7212
f 2344//7215 2360//7216 2363//7208
f 2343//7217 2351//7218 2368//7219
f 2369//7220 2370//7221 2353//7222
f 2371//7223 2353//7222 2351//7218
f 2371//7224 2345//7225 2365//7226
f 2342//7227 2368//7228 2350//7229
f 2370//7230 2372//7231 2373//7232
f 2341//7233 2358//7234 2374//7235
f 2368//7219 2374//7236 2343//7217
f 2354//7237 2370//7238 2375//7239
f 2239//7240 2376//7241 2377//7242
f 2378//7243 2241//6951 2379//7244
f 2369//7245 2365//7246 2336//7247
f 2379//7248 2244//6957 2380//7249
f 2381//7250 2246//7250 2382//7251
f 2380//7252 2249//6963 2383//7253
f 2249//6967 2377//7254 2383//7255
f 2252//7256 2384//7257 2376//7258
f 2363//7208 2385//7259 2339//7260
f 2328//7261 2331//7262 2367//7213
f 2324//7263 2367//7213 2366//7211
f 2320//7264 2366//7211 2364//7209
f 2364//7209 2339//7260 2320//7264
f 2310//7265 2362//7266 2311//7267
f 2360//7268 2310//7269 2385//7270
f 2337//7271 2332//7272 2349//7272
f 2334//7273 2348//7274 2386//7275
f 2318//7155 2340//7276 2342//7277
f 2354//7278 2346//7279 2333//7175
f 2352//7280 2333//7175 2329//7170
f 2350//7281 2329//7170 2319//7156
f 2319//7156 2342//7277 2350//7281
f 2313//7282 2387//7283 2388//7284
f 2314//7285 2388//7286 2340//7286
f 2389//7287 2361//7288 2390//7289
f 2386//7290 2391//7291 2378//7292
f 2349//7293 2392//7294 2393//7295
f 2311//7267 2394//7296 2395//7297
f 2396//7298 2315//7299 2312//7300
f 2397//7301 2338//7302 2317//7303
f 2326//7304 2397//7305 2317//7306
f 2370//7307 2347//7308 2375//7309
f 2330//7310 2398//7311 2326//7312
f 2334//7313 2399//7314 2330//7315
f 2400//7316 2312//7317 2338//7318
f 2373//7319 2401//7319 2381//7319
f 2402//7320 2403//7321 2404//7321
f 2405//7322 2362//7322 2361//7323
f 2393//7324 2372//7325 2349//7324
f 2391//7326 2347//7327 2382//7328
f 2321//7329 2406//7330 2407//7331
f 2332//7332 2408//7333 2392//7334
f 2408//7335 2323//7169 2409//7336
f 2410//7337 2322//7338 2411//7338
f 2410//7339 2323//7160 2325//7162
f 2322//7340 2407//7341 2411//7342
f 2404//7343 2384//7344 2402//7343
f 2406//7345 2311//7346 2395//7346
f 2389//7347 2412//7348 2413//7349
f 2414//7350 2415//7351 2416//7352
f 2405//7353 2413//7349 2415//7354
f 2403//7355 2390//7356 2404//7357
f 2394//7358 2287//7076 2306//7359
f 2316//7360 2355//7361 2417//7362
f 2387//7363 2417//7362 2418//7364
f 2361//7365 2418//7365 2390//7366
f 2417//7367 2356//7368 2404//7369
f 2418//7370 2404//7371 2390//7372
f 2357//7373 2418//7374 2361//7375
f 2388//7284 2387//7283 2357//7376
f 2362//7377 2416//7378 2394//7358
f 2291//7094 2413//7349 2290//7093
f 2416//7352 2291//7095 2287//7096
f 2413//7349 2292//7097 2290//7093
f 2293//7098 2395//7379 2307//7380
f 2402//7381 2294//7101 2295//117
f 2411//7382 2296//7103 2297//7105
f 2299//7383 2410//7384 2298//7385
f 2298//7109 2411//7386 2297//7110
f 2300//7112 2409//7336 2299//7111
f 2392//7387 2300//7113 2301//7115
f 2407//7388 2293//7389 2296//7390
f 2391//7391 2246//7392 2302//7391
f 2303//7393 2401//7394 2393//7395
f 2292//7124 2402//7396 2295//7125
f 2381//7397 2304//7398 2305//7399
f 2395//7297 2306//7128 2307//7129
f 2393//7400 2301//7401 2303//7402
f 2378//7403 2302//7404 2308//7405
f 2396//7406 2384//7407 2356//7408
f 2383//7409 2400//7410 2397//7301
f 2398//7411 2383//7253 2397//7305
f 2373//7412 2382//7413 2347//7414
f 2399//7415 2380//7249 2398//7311
f 2386//7416 2379//7244 2399//7314
f 2377//7417 2396//7418 2400//7419
f 2171//6854 2254//7420 2172//6855
f 2174//7421 2177//7422 2175//7422
f 2177//6861 2174//6862 2178//6860
f 2180//6863 2205//6893 2181//6864
f 2183//6866 2206//7423 2184//6867
f 2186//7424 2253//7425 2187//7424
f 2184//6872 2186//7426 2188//6873
f 2182//6865 2181//6864 2189//6875
f 2187//6877 2253//7427 2191//6878
f 2190//6876 2189//6875 2193//6880
f 2192//7428 2191//7429 2195//7429
f 2194//6881 2193//6880 2200//6887
f 2202//6889 2232//7430 2203//6890
f 2176//6892 2175//7431 2205//6893
f 2171//6854 2173//6856 2206//6894
f 2221//7432 2234//7433 2235//7434
f 2197//7435 2199//7436 2207//7437
f 2209//6898 2256//7438 2201//6899
f 2211//7439 2204//7439 2203//7440
f 2213//7441 2216//7442 2214//7443
f 2216//7444 2237//7445 2217//7446
f 2177//35 2179//35 2218//35
f 2220//7447 2258//7448 2221//7449
f 2222//7450 2220//7451 2198//7451
f 2224//117 2220//117 2222//117
f 2226//6915 2197//6925 2208//6916
f 2227//6917 2208//6916 2228//6918
f 2229//6919 2228//6918 2202//6920
f 2230//6921 2202//6920 2204//6922
f 2223//6924 2198//7452 2197//6925
f 2207//6926 2215//6946 2214//6927
f 2232//6929 2217//6932 2233//6930
f 2231//6928 2214//6927 2217//6932
f 2208//7453 2207//7454 2231//7455
f 2234//7456 2213//7457 2215//7458
f 2212//7459 2203//7460 2233//7460
f 2198//7461 2221//7462 2235//7463
f 2199//6945 2235//7464 2215//6946
f 2237//6947 2256//7465 2233//6948
f 2238//7466 2252//7467 2239//7240
f 2241//6951 2308//7468 2242//6952
f 2228//7469 2231//7469 2232//7470
f 2244//6957 2241//7471 2243//6958
f 2246//7472 2305//7473 2247//7473
f 2249//6963 2244//7474 2245//6964
f 2240//6966 2239//7475 2249//6967
f 2251//7476 2294//7477 2252//7478
f 2173//6972 2223//6924 2226//6915
f 2253//6974 2230//6921 2195//6923
f 2186//6975 2229//6919 2230//6921
f 2184//6976 2227//6917 2229//6919
f 2206//6973 2226//6915 2227//6917
f 2225//6977 2222//7479 2172//6978
f 2172//7480 2222//7481 2223//7482
f 2196//6983 2195//7483 2204//6984
f 2210//6986 2201//7484 2200//6987
f 2221//6989 2176//6892 2180//6863
f 2237//6991 2194//6881 2201//6888
f 2216//6993 2190//6876 2194//6881
f 2213//6994 2182//6865 2190//6876
f 2234//6990 2180//6863 2182//6865
f 2174//6995 2258//7485 2257//6996
f 2258//7486 2174//7487 2176//7488
f 2224//7489 2274//7490 2259//7491
f 2261//7492 2210//7493 2255//7494
f 2262//7007 2196//7495 2211//7008
f 2264//7010 2225//6977 2254//6979
f 2177//7496 2219//7496 2266//7497
f 2205//7015 2270//7498 2267//7016
f 2267//7018 2268//7138 2189//7019
f 2209//7499 2236//7500 2233//7501
f 2268//7024 2269//7142 2193//7025
f 2269//7027 2255//7143 2200//7028
f 2175//7014 2266//7013 2270//7145
f 2247//7502 2275//7502 2212//7503
f 2271//7504 2282//7505 2272//7506
f 2225//7507 2285//7508 2274//7509
f 2263//7510 2211//7511 2212//7511
f 2261//7042 2248//7512 2209//7043
f 2276//7062 2171//6854 2183//6895
f 2278//7513 2192//7514 2196//7513
f 2187//6877 2192//6879 2278//7049
f 2185//6874 2188//6873 2280//7051
f 2188//7515 2187//7516 2279//7517
f 2281//7518 2277//7519 2183//7520
f 2251//7521 2219//7522 2282//7523
f 2276//7524 2265//7525 2254//7526
f 2273//7064 2272//7527 2259//7065
f 2284//7067 2274//7528 2285//7068
f 2283//7066 2259//7065 2274//7070
f 2260//7529 2259//7530 2272//7531
f 2264//7075 2306//7359 2287//7076
f 2218//7532 2179//7533 2178//7534
f 2288//7535 2178//7536 2257//7537
f 2224//7538 2260//7088 2289//7087
f 2219//7084 2218//7085 2288//7083
f 2282//7086 2288//7539 2289//7087
f 2220//7540 2224//7541 2289//7542
f 2258//7543 2220//7544 2257//7544
f 2225//7091 2264//7075 2286//7077
f 2290//7093 2283//7066 2284//7071
f 2291//7095 2284//7067 2286//7069
f 2292//7097 2273//7064 2283//7066
f 2293//7098 2307//7380 2265//7099
f 2294//7101 2251//7545 2271//7102
f 2296//7104 2277//7546 2281//7104
f 2298//7547 2280//7055 2279//7054
f 2281//7052 2280//7051 2298//7109
f 2299//7111 2279//7050 2278//7049
f 2300//7548 2278//7548 2262//7548
f 2293//7549 2276//7550 2277//7551
f 2302//7118 2246//7119 2248//7118
f 2303//7552 2263//7553 2275//7554
f 2271//7034 2273//7036 2292//7555
f 2305//7399 2304//7398 2275//7556
f 2306//7128 2264//7010 2265//7011
f 2301//7130 2262//7007 2263//7009
f 2302//7557 2261//7557 2242//7557
f 2266//7558 2219//7559 2251//7560
f 2267//7016 2270//7498 2240//6966
f 2250//6965 2245//6964 2268//7138
f 2248//7561 2247//7561 2236//7562
f 2245//6959 2243//6958 2269//7142
f 2243//6953 2242//6952 2255//7143
f 2266//7563 2238//7564 2240//7564
f 2309//7565 2385//7566 2310//7565
f 2312//7567 2315//7568 2313//7569
f 2315//7570 2419//7570 2316//7571
f 2317//7154 2338//7180 2318//7155
f 2320//7157 2339//7572 2321//7158
f 2323//7160 2328//7573 2324//7161
f 2325//7163 2324//7574 2320//7164
f 2319//7156 2329//7170 2326//7166
f 2327//7167 2420//7575 2328//7168
f 2329//7170 2333//7175 2330//7171
f 2331//7172 2420//7576 2327//7173
f 2344//7577 2374//7578 2358//7579
f 2333//7175 2346//7279 2334//7176
f 2335//7580 2369//7581 2336//7582
f 2338//7180 2312//7583 2314//7181
f 2339//7182 2385//7584 2309//7183
f 2343//7585 2374//7586 2344//7587
f 2346//7191 2375//7588 2347//7192
f 2349//7589 2372//7590 2335//7591
f 2350//7592 2368//7593 2351//7594
f 2352//7595 2351//7596 2353//7597
f 2355//35 2419//35 2315//35
f 2340//7598 2388//7599 2357//7600
f 2358//7601 2357//7601 2359//7602
f 2359//117 2357//117 2361//117
f 2345//7207 2344//7215 2363//7208
f 2364//7209 2366//7211 2365//7210
f 2366//7211 2367//7213 2336//7212
f 2367//7213 2331//7262 2337//7214
f 2344//7215 2358//7603 2360//7216
f 2343//7217 2371//7223 2351//7218
f 2369//7220 2335//7604 2370//7221
f 2371//7223 2369//7220 2353//7222
f 2371//7605 2343//7606 2345//7607
f 2342//7608 2341//7609 2368//7610
f 2370//7611 2335//7612 2372//7613
f 2341//7614 2340//7615 2358//7616
f 2368//7219 2341//7617 2374//7236
f 2354//7237 2353//7618 2370//7238
f 2239//7240 2252//7467 2376//7241
f 2378//7243 2308//7468 2241//6951
f 2369//7619 2371//7620 2365//7621
f 2379//7248 2241//7471 2244//6957
f 2381//7622 2305//7622 2246//7622
f 2380//7252 2244//7474 2249//6963
f 2249//6967 2239//7475 2377//7254
f 2252//7623 2294//7624 2384//7625
f 2363//7208 2360//7216 2385//7259
f 2328//7261 2420//353 2331//7262
f 2324//7263 2328//7261 2367//7213
f 2320//7264 2324//7263 2366//7211
f 2364//7209 2363//7208 2339//7260
f 2310//7265 2359//7626 2362//7266
f 2360//7627 2359//7627 2310//7628
f 2337//7629 2331//7630 2332//7630
f 2334//7273 2346//7631 2348//7274
f 2318//7155 2314//7181 2340//7276
f 2354//7278 2375//7632 2346//7279
f 2352//7280 2354//7278 2333//7175
f 2350//7281 2352//7280 2329//7170
f 2319//7156 2318//7155 2342//7277
f 2313//7633 2316//7634 2387//7634
f 2314//7635 2313//7635 2388//7636
f 2389//7637 2405//7638 2361//7639
f 2386//7290 2348//7640 2391//7291
f 2349//7293 2332//7641 2392//7294
f 2311//7267 2362//7266 2394//7296
f 2396//7298 2356//7496 2315//7299
f 2397//7301 2400//7410 2338//7302
f 2326//7304 2398//7411 2397//7305
f 2370//7642 2373//7643 2347//7644
f 2330//7310 2399//7415 2398//7311
f 2334//7313 2386//7416 2399//7314
f 2400//7419 2396//7418 2312//7144
f 2373//7645 2372//7646 2401//7647
f 2402//7396 2412//7648 2403//7649
f 2405//7650 2414//7651 2362//7652
f 2393//7653 2401//7654 2372//7655
f 2391//7326 2348//7656 2347//7327
f 2321//7657 2309//7658 2406//7657
f 2332//7659 2327//7659 2408//7660
f 2408//7335 2327//7167 2323//7169
f 2410//7661 2325//7163 2322//7165
f 2410//7384 2409//7662 2323//7517
f 2322//7159 2321//7158 2407//7663
f 2404//7664 2356//7664 2384//7665
f 2406//7666 2309//7667 2311//7668
f 2389//7347 2403//7669 2412//7348
f 2414//7350 2405//7670 2415//7351
f 2405//7353 2389//7347 2413//7349
f 2403//7671 2389//7672 2390//7671
f 2394//7358 2416//7378 2287//7076
f 2316//7673 2419//7674 2355//7675
f 2387//7363 2316//7360 2417//7362
f 2417//7676 2355//7676 2356//7677
f 2418//7370 2417//7678 2404//7371
f 2357//7679 2387//7680 2418//7681
f 2362//7377 2414//7682 2416//7378
f 2291//7094 2415//7354 2413//7349
f 2416//7352 2415//7351 2291//7095
f 2413//7349 2412//7348 2292//7097
f 2293//7098 2406//7683 2395//7379
f 2402//7381 2384//7684 2294//7101
f 2411//7685 2407//7685 2296//7685
f 2299//7383 2409//7662 2410//7384
f 2298//7109 2410//7686 2411//7386
f 2300//7112 2408//7335 2409//7336
f 2392//7687 2408//7688 2300//7687
f 2407//7331 2406//7330 2293//7689
f 2391//7326 2382//7328 2246//7690
f 2303//7691 2304//7691 2401//7692
f 2292//7124 2412//7648 2402//7396
f 2381//7397 2401//7693 2304//7398
f 2395//7297 2394//7296 2306//7128
f 2393//7295 2392//7294 2301//7694
f 2378//7695 2391//7696 2302//7695
f 2396//7697 2376//7698 2384//7699
f 2383//7409 2377//7700 2400//7410
f 2398//7411 2380//7252 2383//7253
f 2373//7701 2381//7702 2382//7703
f 2399//7415 2379//7248 2380//7249
f 2386//7416 2378//7243 2379//7244
f 2377//7242 2376//7241 2396//7704
f 2421//7705 2422//7706 2423//7707
f 2424//7708 2425//7709 2422//7710
f 2426//7711 2427//7712 2425//7713
f 2428//7714 2423//7715 2427//7716
f 2425//7717 2423//7718 2422//7719
f 2424//7720 2428//7721 2426//7722
f 2421//7705 2424//7723 2422//7706
f 2424//7708 2426//7724 2425//7709
f 2426//7725 2428//7726 2427//7727
f 2428//7714 2421//7728 2423//7715
f 2425//7717 2427//7729 2423//7718
f 2424//7720 2421//7730 2428//7721
g HK_MP5_Bullet
usemtl Props_Gun_M
f 2429//7731 2430//7732 2431//7733
f 2430//7734 2432//7734 2433//349
f 2433//7735 2434//7735 2435//7735
f 2435//7736 2436//7736 2437//7737
f 2438//7738 2439//7739 2440//7740
f 2436//7741 2441//7742 2437//7741
f 2438//7743 2431//7744 2441//7745
f 2437//7746 2442//7747 2435//7748
f 2443//7749 2444//7750 2445//7751
f 2433//7752 2446//7753 2430//7754
f 2437//7755 2443//7756 2447//7757
f 2431//7758 2446//7759 2448//7760
f 2435//7761 2449//7762 2433//7761
f 2441//7763 2448//7764 2443//7765
f 2450//7766 2451//7767 2452//7768
f 2447//7769 2453//7770 2442//7770
f 2449//7771 2454//7772 2446//7773
f 2447//7774 2445//7775 2450//7776
f 2442//7777 2455//7778 2449//7779
f 2448//7780 2454//7781 2444//7782
f 2451//7783 2456//7783 2457//7783
f 2455//7784 2458//7785 2459//7786
f 2454//7787 2460//7788 2444//7789
f 2444//7789 2451//7767 2445//7790
f 2450//7766 2458//7785 2453//7791
f 2454//7787 2459//7792 2461//7793
f 2457//7794 2462//7795 2463//7796
f 2452//7797 2464//7798 2458//7797
f 2459//7799 2465//7800 2461//7800
f 2452//7801 2457//7802 2463//7803
f 2458//7804 2466//7805 2459//7806
f 2460//7807 2465//7808 2456//7809
f 2429//25 2467//25 2468//25
f 2432//7810 2469//7811 2434//7812
f 2429//7813 2440//7814 2470//7815
f 2434//7812 2439//25 2436//25
f 2432//7816 2467//7817 2471//7817
f 2472//7818 2473//7819 2474//7820
f 2466//7821 2475//7822 2472//7823
f 2456//7824 2476//7825 2477//35
f 2456//35 2478//35 2457//35
f 2464//7826 2462//7795 2475//7822
f 2466//7827 2476//7827 2465//7827
f 2474//35 2479//35 2480//35
f 2476//7828 2481//7829 2477//7830
f 2477//7831 2482//7832 2478//7833
f 2475//7834 2483//7834 2473//7835
f 2476//7836 2474//7836 2480//7836
f 2478//7837 2483//7838 2462//7839
f 2482//35 2484//35 2483//35
f 2473//35 2485//35 2474//35
f 2481//7840 2479//7841 2486//7842
f 2481//35 2487//35 2482//35
f 2473//35 2484//35 2488//35
f 2469//7843 2489//7844 2439//7845
f 2490//7846 2491//7847 2492//7848
f 2467//7849 2490//7850 2471//7851
f 2440//7852 2489//7853 2493//7854
f 2471//7855 2492//7856 2469//7857
f 2467//7858 2494//7859 2495//7860
f 2470//7861 2493//7862 2494//7863
f 2496//7864 2497//7865 2498//7866
f 2495//7867 2499//7867 2496//7868
f 2494//7869 2500//7870 2499//7871
f 2492//7872 2501//7873 2489//7874
f 2495//7875 2498//7876 2490//7877
f 2493//7878 2501//7879 2500//7880
f 2502//7881 2503//7882 2504//7883
f 2500//7884 2505//7885 2506//7886
f 2498//7887 2507//7888 2491//7889
f 2496//7890 2502//7891 2504//7892
f 2499//7893 2506//7894 2502//7895
f 2491//7896 2505//7897 2501//7898
f 2508//25 2509//25 2510//25
f 2502//7899 2508//7900 2511//7901
f 2507//7902 2512//7903 2505//7904
f 2497//7905 2503//7905 2510//7905
f 2506//7906 2512//7907 2508//7908
f 2497//7909 2509//7910 2507//7911
f 2486//7912 2513//7913 2514//7914
f 2515//35 2516//35 2517//35
f 2487//7915 2514//7915 2517//7916
f 2484//7917 2516//7918 2488//7919
f 2485//7920 2513//7921 2479//7921
f 2484//7922 2517//7923 2518//7924
f 2488//7925 2515//7925 2485//7926
f 2429//7927 2468//7927 2430//7927
f 2430//7928 2468//7929 2432//7930
f 2433//7735 2432//7735 2434//7735
f 2435//7931 2434//7932 2436//7933
f 2438//25 2436//25 2439//25
f 2436//7934 2438//7935 2441//7934
f 2438//7743 2429//7936 2431//7744
f 2437//7937 2447//7938 2442//7939
f 2443//7749 2448//7940 2444//7750
f 2433//7941 2449//7941 2446//7942
f 2437//7943 2441//7944 2443//7945
f 2431//7946 2430//7947 2446//7948
f 2435//7949 2442//7950 2449//7951
f 2441//7952 2431//7953 2448//7954
f 2450//7766 2445//7790 2451//7767
f 2447//7955 2450//7956 2453//7957
f 2449//7958 2455//7958 2454//7959
f 2447//7960 2443//7961 2445//7961
f 2442//7777 2453//7962 2455//7778
f 2448//7781 2446//7782 2454//7780
f 2451//7783 2460//7783 2456//7783
f 2455//7784 2453//7791 2458//7785
f 2454//7787 2461//7793 2460//7788
f 2444//7789 2460//7788 2451//7767
f 2450//7766 2452//7768 2458//7785
f 2454//7787 2455//7963 2459//7792
f 2457//7794 2478//35 2462//7795
f 2452//7964 2463//7965 2464//7966
f 2459//7800 2466//7967 2465//7800
f 2452//7968 2451//7969 2457//7968
f 2458//7804 2464//7970 2466//7805
f 2460//7971 2461//7972 2465//7972
f 2429//7813 2470//7815 2467//25
f 2432//7973 2471//7974 2469//7975
f 2429//25 2438//7738 2440//7740
f 2434//7812 2469//7811 2439//25
f 2432//7976 2468//7976 2467//7977
f 2472//7818 2475//7978 2473//7819
f 2466//7821 2464//7826 2475//7822
f 2456//7824 2465//7979 2476//7825
f 2456//35 2477//35 2478//35
f 2464//7826 2463//7796 2462//7795
f 2466//7821 2472//7823 2476//7980
f 2474//35 2485//35 2479//35
f 2476//7981 2480//7982 2481//7981
f 2477//7831 2481//7983 2482//7832
f 2475//7984 2462//7985 2483//7986
f 2476//7987 2472//7988 2474//7989
f 2478//7990 2482//7991 2483//7990
f 2482//35 2487//35 2484//35
f 2473//35 2488//35 2485//35
f 2481//35 2480//35 2479//35
f 2481//35 2486//35 2487//35
f 2473//35 2483//35 2484//35
f 2469//7843 2492//7992 2489//7844
f 2490//7846 2498//7993 2491//7847
f 2467//7994 2495//7995 2490//7996
f 2440//7997 2439//7997 2489//7998
f 2471//7855 2490//7999 2492//7856
f 2467//8000 2470//8001 2494//8002
f 2470//7861 2440//8003 2493//7862
f 2496//8004 2504//8005 2497//8005
f 2495//8006 2494//8007 2499//8008
f 2494//8009 2493//8010 2500//8011
f 2492//8012 2491//8013 2501//8014
f 2495//8015 2496//8016 2498//8016
f 2493//8017 2489//8018 2501//8017
f 2502//8019 2511//8020 2503//8021
f 2500//8022 2501//8023 2505//8024
f 2498//7887 2497//8025 2507//7888
f 2496//8026 2499//8027 2502//8026
f 2499//7893 2500//8028 2506//7894
f 2491//8029 2507//8029 2505//8030
f 2510//8031 2503//8032 2511//8033
f 2511//8033 2508//8034 2510//8031
f 2512//8035 2509//8036 2508//8036
f 2502//7899 2506//8037 2508//7900
f 2507//8038 2509//8039 2512//8040
f 2497//8041 2504//8042 2503//8043
f 2506//8044 2505//8045 2512//8046
f 2497//7909 2510//8047 2509//7910
f 2486//8048 2479//8049 2513//8050
f 2517//35 2514//35 2515//35
f 2513//35 2515//35 2514//35
f 2516//35 2518//35 2517//35
f 2487//7915 2486//7916 2514//7915
f 2484//7918 2518//7919 2516//7917
f 2485//8051 2515//8052 2513//8053
f 2484//7923 2487//7924 2517//7922
f 2488//7925 2516//7926 2515//7925
