# FN Five-seven only
# Other weapon meshes removed.

v  65.984665 -1.616318 -48.367161
v  65.984665 -1.3647346 -48.367161
v  66.038361 -1.3647346 -48.613735
v  66.038361 -1.5230606 -48.613735
v  67.263702 -1.364735 -48.367161
v  67.039162 -1.364735 -48.613735
v  67.263702 -1.616318 -48.367161
v  67.039162 -1.5230606 -48.613735
v  65.930969 -1.3647346 -48.120586
v  65.930969 -1.616318 -48.120586
v  67.263702 -1.616318 -48.120586
v  67.263702 -1.364735 -48.120586
v  61.372303 1.3251113 -49.75563
v  61.560421 1.325111 -51.064785
v  61.560421 -1.3251097 -51.064785
v  61.372303 -1.3251095 -49.75563
v  61.678925 -1.3251096 -50.957214
v  61.506264 -1.3251095 -49.75563
v  61.678925 1.3251112 -50.957214
v  61.506264 1.3251113 -49.75563
v  65.607605 0.29659256 -46.92783
v  65.306915 0.29659253 -47.20966
v  65.306915 -0.29659203 -47.20966
v  65.607605 -0.296592 -46.92783
v  66.251312 -0.29659206 -47.121796
v  66.166382 -0.29659203 -46.838989
v  66.251312 0.29659253 -47.121796
v  66.166382 0.29659253 -46.838989
v  66.151733 -0.296592 -46.55228
v  66.151733 0.29659259 -46.55228
v  66.170235 0.2965928 -45.992039
v  66.170235 -0.29659179 -45.992039
v  65.658363 0.29659259 -46.509323
v  65.658363 -0.296592 -46.509323
v  66.082298 0.29659283 -45.327038
v  66.082298 -0.29659179 -45.327038
v  66.592804 -0.29659176 -44.88134
v  66.592804 0.29659286 -44.88134
v  65.795364 0.2965928 -45.909302
v  65.795364 -0.29659179 -45.909302
v  66.712067 -0.29659176 -45.012077
v  66.712067 0.29659283 -45.012077
v  66.356613 0.2965928 -45.461029
v  66.356613 -0.29659176 -45.461029
v  57.788815 -1.478079 -49.537651
v  58.049667 -0.97019458 -51.25032
v  58.029938 -1.4780792 -51.141186
v  58.102562 -0.97019416 -49.423862
v  57.771706 -0.97019416 -49.423862
v  58.119675 -1.478079 -49.537651
v  58.380527 -0.97019458 -51.25032
v  58.360798 -1.4780792 -51.141186
v  72.344803 0.99210584 -47.793289
v  72.344803 0.99210584 -47.903866
v  71.810188 0.99210584 -47.903866
v  71.810188 0.99210584 -47.793289
v  72.344803 -0.53743118 -47.531906
v  72.344803 -0.99210531 -47.793289
v  72.344803 -0.99210531 -47.903866
v  72.344803 0.53743184 -47.531906
v  71.810188 -0.99210531 -47.793289
v  71.810188 -0.99210531 -47.903866
v  71.810188 0.53743184 -47.531906
v  71.810188 -0.53743118 -47.531906
v  61.693874 1.3251113 -49.75563
v  61.844883 1.3251112 -50.80653
v  61.844883 -1.3251096 -50.80653
v  61.693874 -1.3251095 -49.75563
v  61.963448 -1.3251096 -50.699402
v  61.827835 -1.3251095 -49.75563
v  61.963448 1.3251112 -50.699402
v  61.827835 1.3251113 -49.75563
v  65.981277 -1.4627297 -49.170933
v  65.981277 1.4627308 -49.170933
v  66.440323 1.4627308 -48.905903
v  66.440323 -1.4627297 -48.905903
v  66.440323 1.4627308 -48.375843
v  66.440323 -1.4627297 -48.375843
v  65.981277 1.4627308 -48.110813
v  65.981277 -1.4627297 -48.110813
v  65.522232 1.4627308 -48.375843
v  65.522232 -1.4627297 -48.375843
v  65.522232 1.4627308 -48.905903
v  65.522232 -1.4627297 -48.905903
v  77.619148 -0.52265316 -50.103615
v  65.424026 -0.52265316 -50.103615
v  65.424026 -0.52265322 -50.707123
v  77.619148 -0.52265304 -50.707123
v  65.424026 7.6389557e-07 -51.008877
v  77.619148 8.6806313e-07 -51.008877
v  65.424026 0.52265453 -50.707123
v  77.619148 0.52265471 -50.707123
v  65.424026 0.52265447 -50.103615
v  77.619148 0.52265459 -50.103615
v  65.436752 -0.23327909 -50.540051
v  65.436752 2.0833517e-07 -50.674736
v  65.424026 6.9445048e-07 -49.801857
v  77.619148 8.3334066e-07 -49.801861
v  77.619148 0.23328006 -50.270687
v  77.619148 0.23328009 -50.540054
v  65.436752 0.23327944 -50.270683
v  65.436752 0.23327947 -50.540051
v  77.619148 8.3334066e-07 -50.674736
v  77.619148 -0.23327842 -50.540054
v  77.619148 8.3334066e-07 -50.136002
v  77.619148 -0.23327845 -50.270687
v  65.436752 2.0833517e-07 -50.136002
v  65.436752 -0.23327909 -50.270683
v  65.14949 -0.69572556 -44.634228
v  65.125435 -0.69572544 -44.294132
v  64.51284 -0.69572544 -44.256012
v  64.601326 -0.69572544 -44.821037
v  68.484283 -0.69572556 -44.794342
v  68.525902 -0.69572544 -44.462391
v  68.484283 0.69572538 -44.794342
v  68.525902 0.69572538 -44.462391
v  69.251564 0.69572544 -44.765015
v  69.008118 0.69572544 -44.98431
v  65.14949 0.69572532 -44.634228
v  65.125435 0.69572532 -44.294132
v  69.008118 -0.69572556 -44.98431
v  69.29583 0.69572556 -45.816742
v  69.29583 -0.69572538 -45.816742
v  69.251564 -0.69572544 -44.765015
v  69.290634 0.69572604 -46.747383
v  69.290634 -0.69572473 -46.747383
v  69.649529 -0.69572532 -45.787651
v  69.649529 0.69572562 -45.787651
v  69.176628 0.69572645 -47.018391
v  69.822578 0.69572645 -46.953602
v  70.141487 0.69572687 -47.301373
v  68.801773 0.69572681 -47.325584
v  69.719185 -0.69572467 -46.683308
v  69.719185 0.69572622 -46.683308
v  70.141487 -0.69572395 -47.301373
v  68.801773 -0.69572401 -47.325584
v  69.822578 -0.69572443 -46.953602
v  69.176628 -0.69572443 -47.018391
v  64.116966 0.7382983 -44.188313
v  64.356575 0.73829854 -45.030987
v  63.873264 0.91308463 -45.501007
v  63.339603 0.91308403 -43.95192
v  64.601326 0.69572538 -44.821037
v  64.51284 0.69572532 -44.256012
v  63.873264 -0.91308427 -45.501007
v  63.339603 -0.91308486 -43.95192
v  64.356575 -0.7382983 -45.030987
v  64.116966 -0.73829848 -44.188313
v  58.66758 0.92389524 -51.755775
v  58.66758 -0.92389327 -51.755775
v  58.842442 -0.92389327 -51.856731
v  58.842442 0.92389524 -51.856731
v  58.842442 -0.92389327 -52.058647
v  58.842442 0.92389524 -52.058647
v  58.66758 -0.92389327 -52.159603
v  58.66758 0.92389524 -52.159603
v  58.492714 -0.92389327 -52.058647
v  58.492714 0.92389524 -52.058647
v  58.492714 -0.92389327 -51.856731
v  58.492714 0.92389524 -51.856731
v  63.557945 1.1703229 -45.039486
v  63.435677 1.1703229 -44.469936
v  63.753742 0.91807872 -44.401657
v  63.876011 0.91807878 -44.971203
v  63.207317 0.94189698 -44.518959
v  63.170532 0.81468129 -44.526855
v  63.620625 0.45773029 -44.430233
v  63.962723 0.35424668 -44.356792
v  64.09584 0.8145951 -44.328217
v  63.742889 0.45773029 -44.999783
v  63.292797 0.81468129 -45.096405
v  63.329586 0.94189703 -45.088509
v  64.218109 0.81459516 -44.897766
v  64.084991 0.35424668 -44.926342
v  61.050732 1.3251113 -49.75563
v  61.255268 1.325111 -51.179058
v  61.255268 -1.3251097 -51.179058
v  61.050732 -1.3251095 -49.75563
v  61.389229 -1.3251097 -51.179058
v  61.184692 -1.3251095 -49.75563
v  61.389229 1.325111 -51.179058
v  61.184692 1.3251113 -49.75563
v  77.619049 0.48385116 -51.467567
v  77.619049 5.9028292e-07 -51.070683
v  77.619049 5.2083789e-07 -51.467567
v  77.619049 1.0849277 -50.904446
v  77.619049 0.57617891 -50.072712
v  77.619049 0.57617867 -50.738026
v  70.654175 5.2083789e-07 -51.467567
v  70.654175 0.48385116 -51.467567
v  70.654175 1.084928 -48.636456
v  77.619049 1.084928 -48.636456
v  70.426056 5.9028292e-07 -51.070683
v  77.619049 7.9861809e-07 -49.740055
v  70.426056 0.57617891 -50.072712
v  70.426056 0.57617867 -50.738026
v  77.619049 1.0069533e-06 -48.636456
v  70.654175 1.0849277 -50.904446
v  70.426056 7.9861809e-07 -49.740055
v  70.654175 1.0069533e-06 -48.636456
v  77.619049 -0.48385009 -51.467567
v  77.619049 -1.0849265 -50.904446
v  77.619049 -0.57617748 -50.738026
v  77.619049 -0.57617742 -50.072712
v  70.654175 -0.48385009 -51.467567
v  77.619049 -1.0849262 -48.636452
v  70.654175 -1.0849262 -48.636452
v  70.426056 -0.57617742 -50.072712
v  70.426056 -0.57617748 -50.738026
v  70.654175 -1.0849265 -50.904446
v  60.086018 1.3251113 -49.75563
v  60.290558 1.325111 -51.179058
v  60.290558 -1.3251097 -51.179058
v  60.086018 -1.3251095 -49.75563
v  60.424515 -1.3251097 -51.179058
v  60.219978 -1.3251095 -49.75563
v  60.424515 1.325111 -51.179058
v  60.219978 1.3251113 -49.75563
v  77.409508 1.0938653 -48.632843
v  77.409508 1.0938652 -49.40794
v  77.409508 1.2223096 -49.40794
v  77.409508 1.2223097 -48.632843
v  71.187111 1.2223096 -49.40794
v  71.187111 1.2223097 -48.632843
v  71.187111 1.0938653 -48.483345
v  77.409508 1.0938653 -48.483345
v  77.409508 1.2223098 -48.483345
v  71.187111 1.2223098 -48.483345
v  71.187111 1.0938652 -49.40794
v  71.187111 1.0938653 -48.632843
v  71.187111 6.5972796e-07 -48.483345
v  77.409508 6.5972796e-07 -48.483345
v  77.409508 6.250055e-07 -48.632843
v  71.187111 6.250055e-07 -48.632843
v  77.409508 -1.093864 -48.632843
v  77.409508 -1.2223086 -48.632843
v  77.409508 -1.2223089 -49.40794
v  77.409508 -1.0938641 -49.40794
v  71.187111 -1.2223086 -48.632843
v  71.187111 -1.2223089 -49.40794
v  71.187111 -1.093864 -48.483345
v  71.187111 -1.2223085 -48.483345
v  77.409508 -1.2223085 -48.483345
v  77.409508 -1.093864 -48.483345
v  71.187111 -1.0938641 -49.40794
v  71.187111 -1.093864 -48.632843
v  69.015564 -0.98417175 -48.497734
v  69.015564 -0.98417187 -49.164368
v  69.015564 -1.2748433 -49.164368
v  69.015564 -1.2748432 -48.497734
v  70.412437 -1.2748433 -49.164368
v  70.412437 -1.2748432 -48.497734
v  70.412437 -0.98417187 -49.164368
v  70.412437 -0.98417175 -48.497734
v  59.121304 1.3251113 -49.75563
v  59.325844 1.325111 -51.179058
v  59.325844 -1.3251097 -51.179058
v  59.121304 -1.3251095 -49.75563
v  59.459801 -1.3251097 -51.179058
v  59.255264 -1.3251095 -49.75563
v  59.459801 1.325111 -51.179058
v  59.255264 1.3251113 -49.75563
v  58.311943 1.1111208e-06 -51.668835
v  59.00457 1.1111208e-06 -51.668835
v  59.00457 0.19553821 -51.668835
v  58.311943 0.19553821 -51.668835
v  59.00457 0.83187038 -51.668835
v  59.00457 0.83187032 -52.220039
v  58.770832 0.8318702 -52.453773
v  58.530846 0.8318702 -52.453773
v  58.311943 0.8318702 -52.453773
v  58.311943 0.83187032 -52.243774
v  58.311943 0.83187038 -51.668835
v  58.311943 0.42368686 -51.668835
v  59.00457 0.42368686 -51.668835
v  59.00457 0.56509531 -52.220039
v  58.770832 0.48430562 -52.453773
v  58.530846 0.42368674 -52.453773
v  58.311943 0.42368674 -52.453773
v  58.311943 0.42368677 -52.243774
v  58.311943 0.15366773 -52.453773
v  58.311943 0.15366776 -52.243774
v  59.00457 1.0069533e-06 -52.220039
v  59.00457 0.19553809 -52.220039
v  58.530846 0.15366773 -52.453773
v  58.530846 0.42368677 -52.242199
v  58.530846 0.15366776 -52.242199
v  58.530846 1.0069533e-06 -52.242199
v  58.311943 1.0069533e-06 -52.243774
v  58.311943 -0.19553599 -51.668835
v  59.00457 -0.19553599 -51.668835
v  59.00457 -0.83186811 -51.668835
v  58.311943 -0.83186811 -51.668835
v  58.311943 -0.83186817 -52.243774
v  58.311943 -0.83186823 -52.453773
v  58.530846 -0.83186823 -52.453773
v  58.770832 -0.83186823 -52.453773
v  59.00457 -0.83186817 -52.220039
v  58.311943 -0.42368469 -51.668835
v  59.00457 -0.42368469 -51.668835
v  59.00457 -0.56509322 -52.220039
v  58.770832 -0.48430365 -52.453773
v  58.530846 -0.42368481 -52.453773
v  58.311943 -0.42368481 -52.453773
v  58.311943 -0.42368478 -52.243774
v  58.311943 -0.15366571 -52.243774
v  58.311943 -0.15366577 -52.453773
v  59.00457 -0.19553605 -52.220039
v  58.530846 -0.15366577 -52.453773
v  58.530846 -0.15366571 -52.242199
v  58.530846 -0.42368478 -52.242199
v  75.916039 0.99210584 -47.793289
v  75.916039 0.99210584 -47.903866
v  75.381424 0.99210584 -47.903866
v  75.381424 0.99210584 -47.793289
v  75.916039 -0.53743118 -47.531906
v  75.916039 -0.99210531 -47.793289
v  75.916039 -0.99210531 -47.903866
v  75.916039 0.53743184 -47.531906
v  75.381424 -0.99210531 -47.793289
v  75.381424 -0.99210531 -47.903866
v  75.381424 0.53743184 -47.531906
v  75.381424 -0.53743118 -47.531906
v  58.799736 1.3251113 -49.75563
v  59.004269 1.325111 -51.179058
v  59.004269 -1.3251097 -51.179058
v  58.799736 -1.3251095 -49.75563
v  59.138229 -1.3251097 -51.179058
v  58.933693 -1.3251095 -49.75563
v  59.138229 1.325111 -51.179058
v  58.933693 1.3251113 -49.75563
v  58.478161 1.3251113 -49.75563
v  58.682701 1.325111 -51.179058
v  58.682701 -1.3251097 -51.179058
v  58.478161 -1.3251095 -49.75563
v  58.816658 -1.3251097 -51.179058
v  58.612122 -1.3251095 -49.75563
v  58.816658 1.325111 -51.179058
v  58.612122 1.3251113 -49.75563
v  59.442875 1.3251113 -49.75563
v  59.647415 1.325111 -51.179058
v  59.647415 -1.3251097 -51.179058
v  59.442875 -1.3251095 -49.75563
v  59.781372 -1.3251097 -51.179058
v  59.576836 -1.3251095 -49.75563
v  59.781372 1.325111 -51.179058
v  59.576836 1.3251113 -49.75563
v  61.023544 -1.0891455 -48.6264
v  61.081688 -1.0891457 -48.949478
v  61.081688 -1.4735173 -48.949478
v  61.023544 -1.4735173 -48.6264
v  61.846325 -1.4735173 -48.949478
v  61.975056 -1.4735173 -48.6264
v  61.846325 -1.0891457 -48.949478
v  61.975056 -1.0891455 -48.6264
v  61.023544 -1.0891455 -48.322655
v  61.975056 -1.0891455 -48.322655
v  61.023544 -1.4735172 -48.322655
v  61.975056 -1.4735172 -48.322655
v  60.652416 -1.4735172 -48.322655
v  60.513874 -1.4735173 -48.579865
v  60.513874 -1.6653054 -48.573471
v  60.652416 -1.6653054 -48.334473
v  60.652416 -1.0891455 -48.322655
v  60.598373 -1.0891455 -48.6264
v  60.513874 -1.0891455 -48.579865
v  60.598373 -1.4735173 -48.6264
v  60.598373 -1.6653054 -48.616714
v  61.023544 -1.6653054 -48.616714
v  61.975056 -1.6653054 -48.616714
v  61.975056 -1.6653054 -48.334473
v  61.023544 -1.6653054 -48.334473
v  65.984665 1.6163191 -48.367161
v  66.038361 1.5230616 -48.613735
v  66.038361 1.3647357 -48.613735
v  65.984665 1.3647357 -48.367161
v  67.039162 1.3647357 -48.613735
v  67.263702 1.3647357 -48.367161
v  67.039162 1.5230616 -48.613735
v  67.263702 1.6163191 -48.367161
v  65.930969 1.3647357 -48.120586
v  67.263702 1.3647357 -48.120586
v  67.263702 1.6163192 -48.120586
v  65.930969 1.6163192 -48.120586
v  60.64196 -1.1032538 -47.79702
v  60.64196 -1.103254 -48.258194
v  60.64196 -1.5644257 -48.258194
v  60.64196 -1.3097759 -47.79702
v  62.021435 -1.5644257 -48.258194
v  62.021435 -1.3097759 -47.79702
v  62.021435 -1.103254 -48.258194
v  62.021435 -1.1032538 -47.79702
v  75.023232 0.99210584 -47.793289
v  75.023232 0.99210584 -47.903866
v  74.488617 0.99210584 -47.903866
v  74.488617 0.99210584 -47.793289
v  75.023232 -0.53743118 -47.531906
v  75.023232 -0.99210531 -47.793289
v  75.023232 -0.99210531 -47.903866
v  75.023232 0.53743184 -47.531906
v  74.488617 -0.99210531 -47.793289
v  74.488617 -0.99210531 -47.903866
v  74.488617 0.53743184 -47.531906
v  74.488617 -0.53743118 -47.531906
v  60.407589 1.3251113 -49.75563
v  60.612129 1.325111 -51.179058
v  60.612129 -1.3251097 -51.179058
v  60.407589 -1.3251095 -49.75563
v  60.746086 -1.3251097 -51.179058
v  60.54155 -1.3251095 -49.75563
v  60.746086 1.325111 -51.179058
v  60.54155 1.3251113 -49.75563
v  59.398674 -0.56492966 -52.003147
v  59.398674 -0.56492954 -51.447186
v  58.563622 -0.56492954 -51.447186
v  58.563622 -0.56492966 -52.003147
v  58.563622 0.564933 -51.447186
v  58.563622 0.56493288 -52.003147
v  61.229706 0.564933 -51.447186
v  61.229706 0.56493294 -51.833832
v  61.060387 0.56493288 -52.003147
v  59.398674 0.56493288 -52.003147
v  59.398674 0.564933 -51.447186
v  61.060387 -0.56492966 -52.003147
v  61.229706 -0.5649296 -51.833832
v  61.229706 -0.56492954 -51.447186
v  59.229977 0.56493288 -52.246353
v  58.563622 0.56493288 -52.246353
v  59.229977 -0.56492966 -52.246353
v  58.563622 -0.56492966 -52.246353
v  59.4184 -1.3662306 -48.900364
v  59.4184 1.3662314 -48.900364
v  59.569592 1.3662314 -48.813072
v  59.569592 -1.3662306 -48.813072
v  59.569592 1.3662314 -48.638493
v  59.569592 -1.3662306 -48.638493
v  59.4184 1.3662314 -48.551201
v  59.4184 -1.3662306 -48.551201
v  59.267208 1.3662314 -48.638493
v  59.267208 -1.3662306 -48.638493
v  59.267208 1.3662314 -48.813072
v  59.267208 -1.3662306 -48.813072
v  60.576836 -0.26701444 -51.521698
v  60.576836 -0.26701453 -52.055729
v  60.808079 -0.13350683 -52.055729
v  60.808079 -0.13350672 -51.521698
v  60.808079 0.13350861 -52.055729
v  60.808079 0.1335087 -51.521698
v  60.576836 0.26701629 -52.055729
v  60.576836 0.26701638 -51.521698
v  60.345596 0.13350856 -52.055729
v  60.345596 0.13350867 -51.521698
v  60.345596 -0.13350679 -52.055729
v  60.345596 -0.13350672 -51.521698
v  75.927498 -0.11428621 -52.041183
v  76.168442 -0.11428635 -51.933449
v  76.14151 8.6806313e-07 -51.873215
v  75.900558 1.0069533e-06 -51.980946
v  76.168442 0.11428808 -51.933449
v  75.927498 0.11428822 -52.041183
v  76.222305 0.11428805 -52.053925
v  75.981361 0.11428822 -52.161655
v  76.249237 8.3334066e-07 -52.114159
v  76.008293 1.0069533e-06 -52.221893
v  76.222305 -0.11428635 -52.053925
v  75.981361 -0.11428621 -52.161655
v  70.297043 -1.3088531 -48.341667
v  70.456879 -1.3088531 -48.447021
v  70.599655 -1.3088533 -49.142075
v  70.494301 -1.3088533 -49.301903
v  70.209145 -1.3088533 -49.360481
v  70.049316 -1.3088533 -49.255127
v  69.906532 -1.3088531 -48.560074
v  70.011887 -1.3088531 -48.400246
v  70.456879 -1.5176374 -48.447021
v  70.599655 -1.5176375 -49.142075
v  70.494301 -1.5176375 -49.301903
v  70.209145 -1.5176375 -49.360481
v  70.049316 -1.5176375 -49.255127
v  69.906532 -1.5176374 -48.560074
v  70.011887 -1.5176374 -48.400246
v  70.297043 -1.5176374 -48.341667
v  65.419014 1.0040386 -50.946072
v  65.419014 0.50515771 -51.346542
v  65.419014 -0.56332093 -51.346542
v  65.419014 -1.0622016 -50.946072
v  70.102905 -0.56332093 -51.346542
v  70.102905 -1.0622016 -50.946072
v  70.102905 0.50515771 -51.346542
v  70.102905 1.0040386 -50.946072
v  65.419014 -1.0622015 -49.587006
v  70.102905 -1.0622015 -49.587006
v  70.102905 1.0040387 -49.587006
v  65.419014 1.0040387 -49.587006
v  67.816704 -1.3662306 -48.900364
v  67.816704 1.3662314 -48.900364
v  67.967896 1.3662314 -48.813072
v  67.967896 -1.3662306 -48.813072
v  67.967896 1.3662314 -48.638493
v  67.967896 -1.3662306 -48.638493
v  67.816704 1.3662314 -48.551201
v  67.816704 -1.3662306 -48.551201
v  67.665512 1.3662314 -48.638493
v  67.665512 -1.3662306 -48.638493
v  67.665512 1.3662314 -48.813072
v  67.665512 -1.3662306 -48.813072
v  69.738167 -1.3662306 -48.15588
v  69.738167 1.3662314 -48.15588
v  69.935654 1.3662314 -48.041862
v  69.935654 -1.3662306 -48.041862
v  69.935654 1.3662314 -47.813828
v  69.935654 -1.3662306 -47.813828
v  69.738167 1.3662314 -47.69981
v  69.738167 -1.3662306 -47.69981
v  69.54068 1.3662314 -47.813828
v  69.54068 -1.3662306 -47.813828
v  69.54068 1.3662314 -48.041862
v  69.54068 -1.3662306 -48.041862
v  59.764446 1.3251113 -49.75563
v  59.968983 1.325111 -51.179058
v  59.968983 -1.3251097 -51.179058
v  59.764446 -1.3251095 -49.75563
v  60.102943 -1.3251097 -51.179058
v  59.898407 -1.3251095 -49.75563
v  60.102943 1.325111 -51.179058
v  59.898407 1.3251113 -49.75563
v  63.443455 -1.3995892 -44.402203
v  63.589287 -1.3995892 -45.108471
v  63.983704 -1.0873102 -45.027031
v  63.837872 -1.0873102 -44.320763
v  63.30611 -1.1167973 -45.166943
v  63.26049 -0.95930398 -45.176361
v  63.81863 -0.5173977 -45.061115
v  64.242851 -0.3892847 -44.973522
v  64.407921 -0.95919716 -44.939438
v  63.672798 -0.5173977 -44.354847
v  63.114658 -0.95930386 -44.470097
v  63.160278 -1.1167972 -44.460674
v  64.262093 -0.95919716 -44.23317
v  64.097015 -0.3892847 -44.267254
v  75.699272 0.13741492 -51.405476
v  75.882027 0.13741481 -51.930195
v  75.882027 -0.13741072 -51.930195
v  75.699272 -0.13741061 -51.405476
v  76.837708 -0.13741072 -51.930195
v  76.837708 -0.13741061 -51.405476
v  76.837708 0.13741481 -51.930195
v  76.837708 0.13741492 -51.405476
v  76.342865 -0.13741079 -52.323822
v  76.342865 0.13741474 -52.323822
v  76.061974 -0.13741079 -52.323822
v  76.061974 0.13741474 -52.323822
v  71.039375 0.81014645 -48.308945
v  71.039375 1.0005138 -48.508179
v  71.039375 -1.0005131 -48.508179
v  71.039375 -0.81014556 -48.308945
v  76.169418 -1.0005131 -48.508179
v  76.089706 -0.81014556 -48.308945
v  76.169418 1.0005138 -48.508179
v  76.089706 0.81014645 -48.308945
v  71.039375 -1.000513 -47.89819
v  75.925354 -1.000513 -47.89819
v  75.925354 1.0005139 -47.89819
v  71.039375 1.0005139 -47.89819
v  76.015251 0.81014645 -48.122864
v  71.039375 0.81014645 -48.122864
v  76.015251 -0.81014556 -48.122864
v  71.039375 -0.81014556 -48.122864
v  57.788818 1.47808 -49.537651
v  58.049667 0.97019511 -51.25032
v  57.771706 0.97019535 -49.423862
v  58.102566 0.97019535 -49.423862
v  58.380527 0.97019511 -51.25032
v  58.119675 1.47808 -49.537651
v  58.029942 1.4780799 -51.14119
v  58.360798 1.4780799 -51.14119
v  57.817234 -1.3662306 -48.900364
v  57.817234 1.3662314 -48.900364
v  57.968426 1.3662314 -48.813072
v  57.968426 -1.3662306 -48.813072
v  57.968426 1.3662314 -48.638493
v  57.968426 -1.3662306 -48.638493
v  57.817234 1.3662314 -48.551201
v  57.817234 -1.3662306 -48.551201
v  57.666042 1.3662314 -48.638493
v  57.666042 -1.3662306 -48.638493
v  57.666042 1.3662314 -48.813072
v  57.666042 -1.3662306 -48.813072
v  60.729164 1.3251113 -49.75563
v  60.933697 1.325111 -51.179058
v  60.933697 -1.3251097 -51.179058
v  60.729164 -1.3251095 -49.75563
v  61.067657 -1.3251097 -51.179058
v  60.863121 -1.3251095 -49.75563
v  61.067657 1.325111 -51.179058
v  60.863121 1.3251113 -49.75563
v  58.365891 1.2989217 -50.513786
v  62.168118 1.2989217 -50.513786
v  61.431702 1.2989216 -51.18301
v  58.465359 1.2989216 -51.18301
v  62.168118 1.3245217 -50.513786
v  61.956772 1.3245217 -50.705845
v  61.456436 1.3245215 -51.16053
v  58.253212 1.2989218 -49.755714
v  58.253212 1.3245217 -49.755714
v  62.055443 1.3245217 -49.755714
v  62.055443 1.2989218 -49.755714
v  62.064163 1.3245218 -49.814407
v  62.10107 1.3245218 -50.062706
v  58.365891 -1.2989206 -50.513783
v  58.465359 -1.2989208 -51.18301
v  61.431702 -1.2989208 -51.18301
v  62.168118 -1.2989206 -50.513786
v  61.456436 -1.3245201 -51.16053
v  61.956772 -1.32452 -50.705845
v  62.168118 -1.32452 -50.513786
v  58.253212 -1.2989205 -49.755714
v  62.055443 -1.2989205 -49.755714
v  62.055443 -1.3245198 -49.755714
v  58.253212 -1.3245199 -49.755714
v  62.10107 -1.3245199 -50.062706
v  62.064167 -1.3245199 -49.814407
v  71.190926 1.3245215 -51.16053
v  69.973488 1.3245217 -50.957245
v  69.838593 1.3245217 -50.705845
v  69.973495 0.71260893 -51.615215
v  70.721344 0.80674136 -51.615215
v  70.721344 0.71260893 -51.615215
v  71.544632 1.3245218 -50.062706
v  66.013779 1.3245217 -50.277771
v  71.190926 6.9445048e-07 -51.16053
v  58.103043 0.28996563 -51.615215
v  57.546581 6.9445048e-07 -51.16053
v  57.546581 0.28996569 -51.16053
v  71.6605 7.6389557e-07 -50.705845
v  71.544632 8.6806313e-07 -50.062706
v  57.676567 1.3245218 -49.40535
v  59.746246 0.71260929 -49.40535
v  71.426201 1.3245218 -49.40535
v  57.361092 7.6389557e-07 -50.705845
v  57.361092 0.28996575 -50.705845
v  71.6605 1.3245217 -50.705845
v  58.076828 1.3245215 -51.16053
v  58.103043 0.80674136 -51.615215
v  57.546581 0.80674142 -51.16053
v  69.973488 1.3245215 -51.16053
v  57.785126 1.3245218 -50.062706
v  57.361092 0.80674148 -50.705845
v  57.254875 0.80674154 -50.062706
v  57.891342 1.3245217 -50.705845
v  57.254875 8.6806313e-07 -50.062706
v  57.254875 0.28996593 -50.062706
v  57.254875 0.71260917 -50.062706
v  57.361092 0.71260911 -50.705845
v  57.546581 0.71260905 -51.16053
v  69.973495 0.28996563 -51.615215
v  70.721344 0.28996563 -51.615215
v  57.213871 0.8067416 -49.814407
v  57.146317 0.71260929 -49.40535
v  57.146317 0.80674165 -49.40535
v  59.854805 0.28996593 -50.062706
v  71.499901 9.3750822e-07 -49.814407
v  71.426201 1.0069533e-06 -49.40535
v  58.103043 6.250055e-07 -51.615215
v  65.674042 0.28996563 -51.615215
v  70.721344 6.250055e-07 -51.615215
v  58.103043 0.71260893 -51.615215
v  57.213871 0.28996593 -49.814407
v  57.213871 0.71260923 -49.814407
v  59.813801 0.28996593 -49.814407
v  57.744122 1.3245218 -49.814407
v  71.499901 1.3245218 -49.814407
v  59.813801 0.71260923 -49.814407
v  71.190926 -1.3245201 -51.16053
v  71.6605 -1.32452 -50.705845
v  70.721344 -0.80674005 -51.615215
v  58.103043 -0.71260762 -51.615215
v  70.721344 -0.71260762 -51.615215
v  71.544632 -1.3245199 -50.062706
v  58.103043 -0.28996435 -51.615215
v  57.546581 -0.28996429 -51.16053
v  57.146317 -0.71260732 -49.40535
v  57.146317 -0.80673969 -49.40535
v  57.676567 -1.3245199 -49.40535
v  57.361092 -0.28996423 -50.705845
v  58.076828 -1.3245201 -51.16053
v  57.546581 -0.80673993 -51.16053
v  58.103043 -0.80674005 -51.615215
v  57.785126 -1.3245199 -50.062706
v  57.361092 -0.80673987 -50.705845
v  57.891342 -1.32452 -50.705845
v  57.254875 -0.28996411 -50.062706
v  57.254875 -0.71260744 -50.062706
v  57.254875 -0.80673981 -50.062706
v  57.361092 -0.7126075 -50.705845
v  57.546581 -0.71260756 -51.16053
v  70.721344 -0.28996435 -51.615215
v  57.213871 -0.80673975 -49.814407
v  59.854805 -0.28996411 -50.062706
v  57.744122 -1.3245199 -49.814407
v  71.426201 -1.3245199 -49.40535
v  57.213871 -0.28996405 -49.814407
v  57.213871 -0.71260738 -49.814407
v  59.813801 -0.28996405 -49.814407
v  71.499901 -1.3245199 -49.814407
v  59.746246 -0.71260732 -49.40535
v  59.813801 -0.71260738 -49.814407
v  65.744331 1.0355706 -50.44101
v  65.744331 1.3245217 -50.44178
v  69.973488 0.51779038 -51.363602
v  69.973488 0.80674136 -51.615215
v  65.674042 1.3245215 -51.16053
v  65.674042 1.3245217 -50.705845
v  65.674042 1.0355706 -50.705074
v  69.973495 0.42365804 -51.363602
v  69.973488 1.0355706 -50.957958
v  69.894203 1.0355706 -50.807323
v  65.674042 0.71260893 -51.615215
v  65.674042 0.80674136 -51.615215
v  69.282303 1.3245217 -50.277771
v  66.013779 1.0355707 -50.276997
v  65.674042 0.51779038 -51.363602
v  69.715759 1.0355706 -50.476154
v  69.282303 1.0355707 -50.276997
v  65.674042 0.42365804 -51.363602
v  65.674042 0.28507936 -51.363602
v  69.715759 1.3245217 -50.476925
v  69.838593 1.0355706 -50.705074
v  65.674042 1.0355706 -50.956024
v  69.973495 0.28507936 -51.363602
v  58.394436 -1.32452 -50.705845
v  58.462017 -1.3245201 -51.16053
v  58.394436 1.3245217 -50.705845
v  58.365891 -1.3245201 -50.513783
v  58.365891 1.3245213 -50.513786
v  58.298843 1.3245218 -50.062706
v  58.261936 1.3245218 -49.814407
v  58.261936 -1.3245199 -49.814407
v  58.298843 -1.3245199 -50.062706
v  58.462017 1.3245215 -51.16053
v  59.746246 1.0069533e-06 -49.40535
v  59.854805 8.6806313e-07 -50.062706
v  73.237617 0.99210584 -47.793289
v  73.237617 0.99210584 -47.903866
v  72.703003 0.99210584 -47.903866
v  72.703003 0.99210584 -47.793289
v  73.237617 -0.53743118 -47.531906
v  73.237617 -0.99210531 -47.793289
v  73.237617 -0.99210531 -47.903866
v  73.237617 0.53743184 -47.531906
v  72.703003 -0.99210531 -47.793289
v  72.703003 -0.99210531 -47.903866
v  72.703003 0.53743184 -47.531906
v  72.703003 -0.53743118 -47.531906
v  58.305199 0.26891333 -52.317757
v  58.407963 0.26891327 -52.317757
v  58.407963 0.2689133 -52.142231
v  58.305199 0.26891333 -52.142231
v  58.407967 0.42092386 -52.054466
v  58.305199 0.42092389 -52.054466
v  58.407967 0.57293439 -52.142231
v  58.305199 0.57293445 -52.142231
v  58.407967 0.57293439 -52.317757
v  58.305199 0.57293439 -52.317757
v  58.407963 0.42092383 -52.405521
v  58.305199 0.42092386 -52.405521
v  71.451996 0.99210584 -47.793289
v  71.451996 0.99210584 -47.903866
v  70.917381 0.99210584 -47.903866
v  70.917381 0.99210584 -47.793289
v  71.451996 -0.53743118 -47.531906
v  71.451996 -0.99210531 -47.793289
v  71.451996 -0.99210531 -47.903866
v  71.451996 0.53743184 -47.531906
v  70.917381 -0.99210531 -47.793289
v  70.917381 -0.99210531 -47.903866
v  70.917381 0.53743184 -47.531906
v  70.917381 -0.53743118 -47.531906
v  68.630066 1.3338236 -47.495785
v  64.967896 1.3338234 -47.42672
v  68.61293 1.3338236 -47.435879
v  57.107193 6.5972796e-07 -47.472626
v  57.895836 0.41108692 -47.08176
v  57.107193 0.41108686 -47.472626
v  71.410622 1.2018459 -49.409229
v  71.356926 1.3338239 -49.152073
v  71.356926 1.2018459 -49.152073
v  65.369034 3.4722524e-07 -49.409229
v  65.369034 0.6969378 -49.797306
v  65.369034 0.69693786 -49.409229
v  56.982201 0.41108665 -48.64817
v  56.954086 5.555604e-07 -48.199532
v  56.954086 0.41108677 -48.199532
v  71.251709 1.2018458 -48.64817
v  71.161621 1.3338236 -48.216743
v  71.161621 1.2018458 -48.216743
v  64.415695 1.0506605 -47.098141
v  63.871876 1.2387781 -46.857822
v  63.817528 1.2121602 -46.790768
v  64.864281 7.2917305e-07 -47.09927
v  64.628914 0.56581461 -46.812614
v  64.628914 7.6389557e-07 -46.812614
v  56.932602 5.9028292e-07 -47.856747
v  56.932602 0.4110868 -47.856747
v  71.092796 1.3338236 -47.887112
v  70.536926 1.2018459 -47.499619
v  71.092796 1.2018459 -47.887112
v  65.097496 1.3338234 -47.874256
v  69.082214 1.3338236 -47.882801
v  58.652172 1.0763982e-06 -44.925243
v  58.115181 0.41108742 -43.631504
v  58.652172 0.41108733 -44.925243
v  58.903759 7.9861809e-07 -46.658459
v  59.013718 0.34826481 -46.097519
v  58.903759 0.34826469 -46.658459
v  69.144318 1.3338236 -48.214302
v  65.210121 1.3338234 -48.64817
v  65.146278 1.3338234 -48.209457
v  69.330818 1.3338237 -49.152073
v  65.369034 1.3338236 -49.409229
v  65.315338 1.3338234 -49.152073
v  69.384514 1.1552929 -49.409229
v  69.384514 1.3338239 -49.409229
v  63.700317 0.68747842 -43.991467
v  63.546341 1.4583461e-06 -42.599503
v  63.700317 1.2152884e-06 -43.991467
v  70.452118 1.3338236 -47.440502
v  69.981064 1.0506607 -47.112125
v  70.536926 1.0234206 -47.499619
v  57.214615 1.909739e-06 -39.825039
v  57.171028 0.41108808 -38.134026
v  57.214615 0.41108793 -39.825039
v  58.115181 1.2847335e-06 -43.631504
v  57.712326 0.41108766 -42.314133
v  64.505539 8.6806313e-07 -46.21962
v  63.129902 0.68747854 -41.574944
v  62.926273 1.8402939e-06 -40.325863
v  63.129902 1.6319588e-06 -41.574944
v  57.73856 1.3338244 -39.870979
v  59.335617 1.3338245 -38.167755
v  59.866802 1.3338245 -38.817657
v  57.4221 1.7014037e-06 -41.051384
v  57.4221 0.41108772 -41.051384
v  64.505539 0.56581473 -46.21962
v  64.128227 1.0763982e-06 -44.932629
v  58.062099 1.3338242 -41.783257
v  62.280643 1.3338243 -41.497044
v  62.640259 1.3338243 -42.043972
v  57.540905 1.5972362e-06 -41.753574
v  57.540905 0.41108769 -41.753574
v  64.128227 0.6874783 -44.932629
v  63.546341 0.68747848 -42.599503
v  63.469337 1.5277911e-06 -42.091187
v  63.469337 0.68747854 -42.091187
v  57.712326 1.4930686e-06 -42.314133
v  59.160896 1.3338239 -44.92593
v  62.870819 1.3338242 -43.938007
v  63.322544 1.3338239 -44.931541
v  58.23222 1.3338243 -42.339565
v  62.718277 1.3338242 -42.558998
v  57.946411 1.3338242 -41.099476
v  62.077583 1.3338243 -40.251446
v  59.525692 1.2121603 -46.108902
v  63.694946 1.2121603 -46.201595
v  59.415264 1.2121602 -46.672234
v  58.637596 1.333824 -43.665173
v  59.863247 1.3338234 -47.478165
v  58.379021 1.3338236 -47.108601
v  64.065117 1.3338236 -47.424454
v  59.848274 1.3338233 -48.203041
v  57.517262 1.3338233 -48.64817
v  57.489189 1.3338233 -48.20018
v  57.141113 0.41108656 -49.409229
v  57.087418 3.8194779e-07 -49.152073
v  57.087418 0.41108656 -49.152073
v  59.992584 1.3338233 -49.152073
v  57.676174 1.3338232 -49.409229
v  57.622478 1.3338232 -49.152073
v  57.895836 7.2917305e-07 -47.08176
v  62.191051 1.0300859 -38.817657
v  62.696236 0.68747884 -39.141842
v  62.926273 0.68747872 -40.325863
v  64.864281 0.68747801 -47.09927
v  65.270767 1.0506605 -47.100288
v  68.401421 1.0506607 -47.108154
v  57.141113 0.7961213 -49.409229
v  57.087418 0.7961213 -49.152073
v  56.982201 0.79612142 -48.64817
v  56.954086 0.79612148 -48.199532
v  57.467739 1.3338234 -47.857895
v  57.107193 0.7961216 -47.472626
v  57.642357 1.3338234 -47.473701
v  57.895836 0.79612172 -47.08176
v  58.903759 0.67445838 -46.658459
v  58.652172 0.79612201 -44.925243
v  59.013718 0.67445838 -46.097519
v  58.115181 0.79612201 -43.631504
v  57.712326 0.79612219 -42.314133
v  57.694 1.3338245 -38.142174
v  57.214615 0.79612243 -39.825039
v  57.171028 0.79612255 -38.134026
v  57.540905 0.79612231 -41.753574
v  57.4221 0.79612219 -41.051384
v  59.818401 1.3338234 -47.862934
v  57.895836 0.71516019 -47.08176
v  57.087418 0.71515977 -49.152073
v  57.712326 0.71516079 -42.314133
v  58.652172 0.71516055 -44.925243
v  57.540905 0.71516085 -41.753574
v  57.4221 0.71516079 -41.051384
v  58.115181 0.71516061 -43.631504
v  57.214615 0.71516097 -39.825039
v  58.903759 0.60586947 -46.658459
v  56.932602 0.71516007 -47.856747
v  56.932602 0.79612154 -47.856747
v  56.954086 0.71516001 -48.199532
v  57.107193 0.71516013 -47.472626
v  71.251709 4.5139282e-07 -48.64817
v  71.161621 1.0234206 -48.216743
v  71.161621 5.555604e-07 -48.216743
v  57.141113 0.69630682 -49.409229
v  57.141113 3.4722524e-07 -49.409229
v  71.092796 1.0234205 -47.887112
v  70.536926 6.5972796e-07 -47.499619
v  71.092796 5.9028292e-07 -47.887112
v  57.676174 0.69693756 -49.409229
v  57.209221 0.69630677 -49.797306
v  69.384514 3.4722524e-07 -49.409229
v  69.384514 0.91393149 -49.409229
v  65.369034 1.063031 -49.409229
v  64.818069 0.69693786 -49.409229
v  64.818069 1.063031 -49.409229
v  57.141113 0.7536819 -49.409229
v  71.410622 3.4722524e-07 -49.409229
v  71.356926 1.0234206 -49.152073
v  71.356926 3.8194779e-07 -49.152073
v  57.676174 2.777802e-07 -49.797306
v  57.209221 2.777802e-07 -49.797306
v  64.818069 2.777802e-07 -49.797306
v  64.818069 0.6969378 -49.797306
v  62.536804 0.76991159 -38.868881
v  62.191051 2.0833515e-06 -38.817657
v  62.536804 2.0486291e-06 -38.868881
v  62.696236 2.0139066e-06 -39.141842
v  61.799019 2.0833515e-06 -38.817657
v  57.694 2.1875192e-06 -38.142174
v  57.171028 2.1875192e-06 -38.134026
v  59.681122 1.3338246 -38.324635
v  59.866802 2.0833515e-06 -38.817657
v  59.335617 2.1875192e-06 -38.167755
v  61.799019 1.3338245 -38.817657
v  59.681122 2.1527965e-06 -38.324635
v  64.46627 1.3338234 -47.872902
v  64.850899 1.3338234 -47.48819
v  64.818069 1.3338236 -49.409229
v  64.735489 1.3338234 -49.152073
v  64.573677 1.3338234 -48.64817
v  64.512787 1.3338234 -48.208691
v  60.04628 1.0630306 -49.409229
v  57.676174 1.0630305 -49.409229
v  60.04628 0.69693756 -49.797306
v  57.676174 0.6969375 -49.797306
v  60.04628 0.69693762 -49.409229
v  64.254517 1.3338234 -47.486992
v  60.04628 1.3338233 -49.409229
v  59.887367 1.3338234 -48.64817
v  57.141113 0.71515977 -49.409229
v  59.013718 0.60586953 -46.097519
v  57.171028 0.7151612 -38.134026
v  71.251709 1.0234205 -48.64817
v  56.982201 0.71515995 -48.64817
v  71.410622 1.0234206 -49.409229
v  60.04628 0.69693786 -48.282761
v  60.04628 0.6969378 -48.670834
v  64.818069 0.69693798 -48.670834
v  64.818069 1.0630311 -48.282761
v  60.04628 4.5139282e-07 -48.670834
v  60.04628 2.777802e-07 -49.797306
v  64.818069 0.69693804 -48.282761
v  60.04628 1.0630308 -48.282761
v  68.630066 -1.3338223 -47.495785
v  64.967896 -1.3338221 -47.42672
v  64.850899 -1.3338221 -47.48819
v  57.895836 -0.41108546 -47.08176
v  57.107193 -0.41108555 -47.472626
v  71.356926 -1.3338231 -49.152073
v  71.410622 -1.201845 -49.409229
v  71.356926 -1.201845 -49.152073
v  65.369034 -0.69693726 -49.797306
v  65.369034 -0.6969372 -49.409229
v  56.982201 -0.41108572 -48.64817
v  56.954086 -0.41108564 -48.199532
v  71.161621 -1.3338225 -48.216743
v  71.251709 -1.2018447 -48.64817
v  71.161621 -1.2018447 -48.216743
v  63.817528 -1.2121586 -46.790764
v  64.415695 -1.0506592 -47.098141
v  64.628914 -0.56581318 -46.812614
v  64.864281 -0.68747669 -47.09927
v  56.932602 -0.41108561 -47.856747
v  70.536926 -1.2018446 -47.499619
v  71.092796 -1.3338223 -47.887112
v  71.092796 -1.2018446 -47.887112
v  65.097496 -1.3338221 -47.874256
v  69.082214 -1.3338223 -47.882801
v  58.115181 -0.41108483 -43.631504
v  58.652172 -0.4110851 -44.925243
v  59.013718 -0.34826303 -46.097519
v  58.903759 -0.34826311 -46.658459
v  69.144318 -1.3338225 -48.214302
v  65.210121 -1.3338224 -48.64817
v  69.206223 -1.3338227 -48.544708
v  69.330818 -1.333823 -49.152073
v  65.369034 -1.3338228 -49.409229
v  69.384514 -1.3338231 -49.409229
v  69.384514 -1.155292 -49.409229
v  65.369034 -1.0630302 -49.409229
v  63.700317 -0.68747604 -43.991467
v  69.981064 -1.0506594 -47.112125
v  70.452118 -1.3338223 -47.440498
v  70.536926 -1.0234193 -47.499619
v  57.171028 -0.41108376 -38.134026
v  57.214615 -0.41108409 -39.825039
v  57.712326 -0.41108462 -42.314133
v  63.129902 -0.68747538 -41.574944
v  59.866802 -1.3338203 -38.817657
v  59.335617 -1.33382 -38.167755
v  57.73856 -1.3338205 -39.870979
v  57.4221 -0.41108426 -41.051384
v  64.505539 -0.565813 -46.21962
v  62.280643 -1.3338208 -41.497044
v  58.062099 -1.3338209 -41.783257
v  62.640259 -1.3338211 -42.043972
v  57.540905 -0.4110845 -41.753574
v  59.013718 8.6806313e-07 -46.097519
v  64.128227 -0.68747616 -44.932629
v  63.546341 -0.68747556 -42.599503
v  63.469337 -0.6874755 -42.091187
v  62.870819 -1.3338215 -43.938007
v  59.160896 -1.3338218 -44.925926
v  63.322544 -1.3338218 -44.931541
v  58.23222 -1.3338211 -42.339565
v  62.718277 -1.3338212 -42.558998
v  62.077583 -1.3338206 -40.251446
v  57.946411 -1.3338207 -41.099476
v  59.525692 -1.2121584 -46.108898
v  63.694946 -1.2121584 -46.201595
v  59.415264 -1.2121586 -46.672234
v  58.637596 -1.3338213 -43.665173
v  58.379021 -1.333822 -47.108597
v  59.863247 -1.3338221 -47.478165
v  61.03619 -1.3338221 -47.480522
v  59.848274 -1.3338223 -48.203037
v  57.517262 -1.3338223 -48.64817
v  59.887367 -1.3338224 -48.64817
v  64.065117 -1.3338223 -47.424454
v  57.141113 -0.41108584 -49.409229
v  57.087418 -0.41108581 -49.152073
v  59.992584 -1.3338225 -49.152073
v  57.676174 -1.3338224 -49.409229
v  60.04628 -1.3338225 -49.409229
v  62.696236 -0.68747485 -39.141842
v  62.191051 -1.0300817 -38.817657
v  62.926273 -0.68747514 -40.325863
v  65.270767 -1.0506592 -47.100288
v  63.871876 -1.2387766 -46.857822
v  68.61293 -1.3338223 -47.435879
v  68.401421 -1.0506594 -47.108154
v  69.981064 7.2917305e-07 -47.112125
v  57.622478 -1.3338224 -49.152073
v  57.141113 -0.79612064 -49.409229
v  57.489189 -1.3338223 -48.20018
v  56.982201 -0.79612052 -48.64817
v  57.107193 -0.79612029 -47.472626
v  57.467739 -1.3338221 -47.857895
v  57.642357 -1.3338221 -47.473701
v  57.895836 -0.79612023 -47.08176
v  58.903759 -0.67445683 -46.658459
v  58.652172 -0.79611993 -44.925243
v  58.115181 -0.79611951 -43.631504
v  59.013718 -0.67445672 -46.097519
v  57.694 -1.33382 -38.142174
v  57.214615 -0.79611874 -39.825039
v  57.540905 -0.79611909 -41.753574
v  57.712326 -0.79611933 -42.314133
v  57.4221 -0.79611892 -41.051384
v  59.818401 -1.3338221 -47.862934
v  57.895836 -0.71515876 -47.08176
v  57.087418 -0.71515912 -49.152073
v  57.087418 -0.79612064 -49.152073
v  57.712326 -0.71515787 -42.314133
v  58.652172 -0.7151584 -44.925243
v  59.013718 -0.6058678 -46.097519
v  57.540905 -0.71515769 -41.753574
v  57.4221 -0.71515751 -41.051384
v  58.115181 -0.7151581 -43.631504
v  57.171028 -0.7961182 -38.134026
v  57.214615 -0.71515727 -39.825039
v  58.903759 -0.60586792 -46.658459
v  56.932602 -0.71515888 -47.856747
v  56.932602 -0.79612035 -47.856747
v  56.954086 -0.71515894 -48.199532
v  56.954086 -0.79612041 -48.199532
v  57.107193 -0.71515882 -47.472626
v  71.161621 -1.0234195 -48.216743
v  57.141113 -0.69630617 -49.409229
v  57.141113 -0.75368124 -49.409229
v  71.092796 -1.0234193 -47.887112
v  57.209221 -0.69630623 -49.797306
v  57.676174 -0.69693691 -49.409229
v  64.818069 -0.6969372 -49.409229
v  64.818069 -1.0630302 -49.409229
v  57.676174 -1.0630299 -49.409229
v  71.356926 -1.0234199 -49.152073
v  57.676174 -0.69693696 -49.797306
v  64.818069 -0.69693726 -49.797306
v  62.536804 -0.76990747 -38.868881
v  61.799019 -1.3338203 -38.817657
v  57.171028 -0.71515679 -38.134026
v  59.681122 -1.3338201 -38.324635
v  64.46627 -1.3338221 -47.872902
v  65.315338 -1.3338227 -49.152073
v  64.818069 -1.3338228 -49.409229
v  65.146278 -1.3338224 -48.209457
v  64.573677 -1.3338224 -48.64817
v  60.04628 -1.06303 -49.409229
v  60.04628 -0.69693702 -49.797306
v  60.04628 -0.69693696 -49.409229
v  61.059883 -1.3338221 -47.865597
v  61.029152 -1.3338225 -49.228127
v  61.320862 -1.3338225 -49.409229
v  61.035995 -1.3338224 -48.249729
v  61.0942 -1.3338223 -48.204548
v  61.978817 -1.0630301 -49.409229
v  61.978817 -1.3338225 -49.409229
v  57.141113 -0.71515912 -49.409229
v  69.384514 -0.91393083 -49.409229
v  71.251709 -1.0234196 -48.64817
v  56.982201 -0.715159 -48.64817
v  71.410622 -1.02342 -49.409229
v  60.04628 -0.69693679 -48.282761
v  64.818069 -0.69693702 -48.670834
v  64.818069 -1.06303 -48.282761
v  61.978817 -1.06303 -48.282761
v  70.689423 -1.1852744 -49.409229
v  70.689423 -0.984447 -49.409229
v  70.689423 3.4722524e-07 -49.409229
v  69.797455 -1.3338223 -47.438854
v  70.689423 -1.3338232 -49.409229
v  70.509773 -1.3338227 -48.545086
v  70.443558 -1.5969503 -48.215874
v  70.443558 -1.3338225 -48.215874
v  70.536926 -1.3338223 -47.499619
v  70.377121 -1.3338223 -47.885578
v  69.85817 -1.3338223 -47.498253
v  70.689423 1.1852752 -49.409229
v  70.689423 0.98444766 -49.409229
v  69.797455 1.3338236 -47.438854
v  70.689423 1.333824 -49.409229
v  71.410622 1.333824 -49.409229
v  70.635727 1.3338239 -49.152073
v  70.53051 1.3338237 -48.64817
v  70.443558 1.3338236 -48.215874
v  70.377121 1.3338236 -47.885578
v  70.536926 1.3338236 -47.499619
v  69.85817 1.3338236 -47.498253
v  64.512787 -1.3338224 -48.208687
v  70.689423 -1.5969509 -49.409229
v  71.410622 -1.3338232 -49.409229
v  70.53051 -1.5969503 -48.64817
v  71.251709 -1.3338227 -48.64817
v  70.635727 -1.5969507 -49.152073
v  70.635727 -1.3338231 -49.152073
v  69.418785 -1.0506594 -47.11071
v  69.418785 1.0506607 -47.11071
v  69.225601 1.3338237 -48.64817
v  69.330818 -1.117721 -49.152073
v  69.206223 -1.1177207 -48.544708
v  71.251709 1.3338237 -48.64817
v  64.735489 -1.3338227 -49.152073
v  56.982201 4.5139282e-07 -48.64817
v  70.509773 -1.1177207 -48.545086
v  70.635727 -1.1177211 -49.152073
v  61.883575 -1.3338225 -49.228127
v  61.737362 -1.3338223 -48.205326
v  61.320862 -1.0630299 -48.282761
v  61.320862 -1.06303 -49.409229
v  61.882614 -1.3338224 -48.249729
v  64.254517 -1.3338221 -47.486992
v  61.700752 -1.3338221 -47.86697
v  60.04628 -1.0630298 -48.282761
v  61.029152 -1.2813549 -49.228127
v  61.641678 -1.3338221 -47.481739
v  61.035995 -1.2813548 -48.249729
v  61.883575 -1.2813549 -49.228127
v  61.882614 -1.2813548 -48.249729
v  65.369034 2.777802e-07 -49.797306
v  64.818069 4.5139282e-07 -48.670834
v  60.04628 -0.69693685 -48.670834
v  64.818069 -0.69693696 -48.282761
v  65.519051 -1.3662308 -47.945007
v  65.519051 1.3662313 -47.945007
v  65.716537 1.3662313 -47.83099
v  65.716537 -1.3662308 -47.83099
v  65.716537 1.3662313 -47.602955
v  65.716537 -1.3662308 -47.602955
v  65.519051 1.3662313 -47.488937
v  65.519051 -1.3662308 -47.488937
v  65.321564 1.3662313 -47.602955
v  65.321564 -1.3662308 -47.602955
v  65.321564 1.3662313 -47.83099
v  65.321564 -1.3662308 -47.83099
v  74.130424 0.99210584 -47.793289
v  74.130424 0.99210584 -47.903866
v  73.59581 0.99210584 -47.903866
v  73.59581 0.99210584 -47.793289
v  74.130424 -0.53743118 -47.531906
v  74.130424 -0.99210531 -47.793289
v  74.130424 -0.99210531 -47.903866
v  74.130424 0.53743184 -47.531906
v  73.59581 -0.99210531 -47.793289
v  73.59581 -0.99210531 -47.903866
v  73.59581 0.53743184 -47.531906
v  73.59581 -0.53743118 -47.531906
v  58.305199 -0.26891237 -52.317757
v  58.305199 -0.26891243 -52.142231
v  58.407963 -0.26891243 -52.142231
v  58.407963 -0.26891243 -52.317757
v  58.305199 -0.42092302 -52.054466
v  58.407963 -0.42092311 -52.054466
v  58.305199 -0.57293361 -52.142231
v  58.407963 -0.57293361 -52.142231
v  58.305199 -0.57293361 -52.317757
v  58.407963 -0.57293361 -52.317757
v  58.407963 -0.42092311 -52.405518
v  58.305199 -0.42092302 -52.405518
v  62.102333 -1.350893 -51.102806
v  62.102333 1.3508943 -51.102806
v  62.253525 1.3508943 -51.015518
v  62.253525 -1.350893 -51.015514
v  62.253525 1.3508943 -50.840935
v  62.253525 -1.350893 -50.840935
v  62.102333 1.3508943 -50.753647
v  62.102333 -1.350893 -50.753643
v  61.951141 1.3508943 -50.840935
v  61.951141 -1.350893 -50.840935
v  61.951141 1.3508943 -51.015518
v  61.951141 -1.350893 -51.015514
v  67.239128 0.45220661 -36.644882
v  67.649429 1.2397766e-05 -36.879295
v  67.239128 1.335144e-05 -36.905941
v  67.649429 0.42912483 -36.136059
v  67.936264 0.35384369 -36.588093
v  67.649429 0.42912292 -36.631557
v  67.239128 0.45220661 -36.12273
v  67.649429 1.2397766e-05 -35.888309
v  67.239128 -0.45218182 -36.644882
v  67.649429 -0.42909622 -36.631554
v  67.239128 -0.45218182 -36.12273
v  67.239128 1.335144e-05 -35.861645
v  67.649429 -0.42909622 -36.136059
v  67.936264 0.35384274 -36.179523
v  68.219467 1.2397766e-05 -36.152843
v  68.219467 0.2000351 -36.268322
v  67.936264 1.335144e-05 -35.975224
v  67.936264 -0.35381794 -36.588093
v  67.936264 -0.35381794 -36.17952
v  67.936264 1.335144e-05 -36.792362
v  68.219467 -0.20000839 -36.268322
v  68.332024 1.2397766e-05 -36.298027
v  68.219467 1.2397766e-05 -36.614769
v  68.219467 -0.20000839 -36.49929
v  68.219467 0.2000351 -36.49929
v  68.332024 0.074304581 -36.426701
v  68.332024 0.074304581 -36.340912
v  68.332024 -0.074277878 -36.340912
v  68.332024 1.2397766e-05 -36.469589
v  68.332024 -0.074279785 -36.426701
v  65.451355 1.5258789e-05 -36.15266
v  65.35424 -0.20016003 -36.268234
v  65.451355 -0.20016003 -36.268234
v  65.35424 0.20019436 -36.499374
v  65.35424 1.5258789e-05 -36.614956
v  65.35424 -0.20016003 -36.499374
v  65.451355 -0.20016003 -36.499374
v  65.451355 1.5258789e-05 -36.614956
v  65.451355 0.20019436 -36.499374
v  65.451355 0.20019436 -36.268234
v  65.35424 1.5258789e-05 -36.15266
v  65.35424 0.20019436 -36.268234
v  67.239128 -0.47647667 -36.1087
v  65.681107 1.4305115e-05 -35.833603
v  65.681107 -0.47647667 -36.1087
v  67.239128 1.2397766e-05 -35.833603
v  65.681107 0.47650719 -36.108704
v  67.239128 0.47650528 -36.108704
v  65.681107 0.47650719 -36.658905
v  67.239128 0.47650528 -36.658905
v  65.681107 1.5258789e-05 -36.93401
v  67.239128 -0.47647667 -36.658905
v  65.681107 -0.47647667 -36.658905
v  65.56916 1.5258789e-05 -36.856113
v  65.56916 0.40904427 -36.619953
v  65.56916 -0.40901279 -36.14764
v  65.453583 -0.40901375 -36.619946
v  65.56916 -0.40901375 -36.619946
v  65.56916 1.5258789e-05 -35.911503
v  65.56916 0.40904522 -36.14764
v  65.453583 1.5258789e-05 -36.856113
v  65.453583 -0.47687244 -36.659138
v  65.453583 1.5258789e-05 -36.934464
v  65.453583 0.40904427 -36.619953
v  65.453583 1.5258789e-05 -35.911503
v  65.453583 0.40904522 -36.14764
v  65.453583 -0.40901279 -36.14764
v  65.453583 -0.47687244 -36.108475
v  65.347366 -0.47687244 -36.659138
v  65.453583 0.47690105 -36.108475
v  65.453583 0.47690105 -36.659142
v  65.453583 1.5258789e-05 -35.833141
v  65.347366 1.5258789e-05 -36.643295
v  65.347366 1.5258789e-05 -36.934464
v  65.347366 0.47690105 -36.659142
v  65.347366 1.5258789e-05 -35.833141
v  65.347366 0.47690105 -36.108475
v  65.347366 -0.47687244 -36.108475
v  67.239128 1.335144e-05 -36.93401
v  65.347366 0.2247467 -36.513554
v  65.451355 0.2247467 -36.254055
v  65.347366 0.2247467 -36.254055
v  65.347366 1.5258789e-05 -36.12431
v  65.347366 -0.22471428 -36.254059
v  65.347366 -0.22471428 -36.513554
v  65.451355 1.5258789e-05 -36.12431
v  65.451355 -0.22471428 -36.254059
v  65.451355 -0.22471428 -36.513554
v  65.451355 0.2247467 -36.513554
v  65.451355 1.5258789e-05 -36.643295
v  54.290405 -5.555604e-07 -23.045141
v  59.041916 -5.555604e-07 -23.045141
v  59.041916 0.7916922 -23.045141
v  58.722214 1.0125451 -23.045141
v  56.476517 1.0125451 -23.045141
v  54.680405 1.0125451 -23.045141
v  54.290405 0.74313128 -23.045141
v  54.290405 0.41571179 -23.045141
v  59.740414 1.0125442 -34.266495
v  61.392746 1.0125442 -34.266495
v  61.234795 0.81647539 -34.266495
v  59.710125 0.81647539 -34.266495
v  61.712448 -2.3958544e-06 -34.266495
v  61.712448 0.79169118 -34.266495
v  57.350937 1.0125442 -34.266495
v  56.960934 0.74313033 -34.266495
v  56.960934 0.41571084 -34.266495
v  56.960934 -2.3958544e-06 -34.266495
v  59.302101 0.81647635 -26.199839
v  57.229908 0.81647635 -26.199839
v  59.162605 0.65975022 -34.738701
v  59.147045 0.85581899 -34.738701
v  61.5298 0.61268568 -34.266495
v  61.5298 -2.3958544e-06 -34.266495
v  57.505264 0.81647539 -34.266495
v  57.505264 0.65975022 -34.738701
v  59.597107 -1.0763982e-06 -26.199839
v  55.2127 -1.0763982e-06 -26.199839
v  55.2127 0.31767353 -26.199839
v  55.2127 0.56787753 -26.199839
v  55.572571 0.81647635 -26.199839
v  59.597107 0.61268651 -26.199839
v  57.145393 0.31767249 -34.266495
v  57.145393 0.56787664 -34.266495
v  57.145393 -2.3958544e-06 -34.266495
v  57.350937 0.85581899 -34.738701
v  56.960934 0.49744585 -34.738701
v  56.960934 0.58640516 -34.738701
v  57.145393 0.41115144 -34.738701
v  57.145393 0.34317142 -34.738701
v  54.290405 -0.41571292 -23.045141
v  54.290405 -0.74313235 -23.045141
v  54.680405 -1.0125462 -23.045141
v  56.476517 -1.0125462 -23.045141
v  58.722214 -1.0125462 -23.045141
v  59.041916 -0.79169321 -23.045141
v  59.740414 -1.0125489 -34.266495
v  59.710125 -0.81648016 -34.266495
v  61.234795 -0.81648016 -34.266495
v  61.392746 -1.0125489 -34.266495
v  61.712448 -0.79169595 -34.266495
v  56.960934 -0.74313509 -34.266495
v  57.350937 -1.0125489 -34.266495
v  56.960934 -0.41571561 -34.266495
v  57.229908 -0.81647843 -26.199839
v  59.302101 -0.81647843 -26.199839
v  59.147045 -0.85582387 -34.738701
v  59.162605 -0.65975511 -34.738701
v  61.5298 -0.61269045 -34.266495
v  57.505264 -0.65975511 -34.738701
v  57.505264 -0.81648016 -34.266495
v  59.597107 -0.61268866 -26.199839
v  55.572571 -0.81647843 -26.199839
v  55.2127 -0.56787968 -26.199839
v  55.2127 -0.31767574 -26.199839
v  57.145393 -0.31767726 -34.266495
v  57.145393 -0.56788141 -34.266495
v  57.350937 -0.85582387 -34.738701
v  56.960934 -0.4974508 -34.738701
v  57.145393 -0.34317636 -34.738701
v  57.145393 -0.41115639 -34.738701
v  56.960934 -0.58641005 -34.738701
v  58.88591 1.2310359 -22.914118
v  58.784782 1.2310359 -23.197515
v  57.506702 1.2310359 -23.197515
v  57.576332 1.2310359 -22.914118
v  57.506702 -8.6806313e-07 -23.197515
v  54.124615 -8.6806313e-07 -23.197515
v  54.124615 0.55471408 -23.197515
v  54.718605 1.2310359 -23.197515
v  54.246319 0.55471414 -22.298792
v  54.246319 -7.2917305e-07 -22.298792
v  54.928406 -6.9445048e-07 -22.053568
v  54.928406 0.55471414 -22.053568
v  54.124615 0.55471414 -22.630716
v  54.124615 -7.6389557e-07 -22.630716
v  59.385963 -8.6806313e-07 -23.197515
v  59.385963 0.71624595 -23.197515
v  59.850658 -7.6389557e-07 -22.630716
v  59.496605 -8.3334066e-07 -22.914118
v  59.496605 0.71624601 -22.914118
v  59.850658 0.71624607 -22.630716
v  57.799149 1.2310359 -22.630716
v  54.718605 1.2310359 -22.914118
v  54.718605 1.2310359 -22.630716
v  59.496605 0.71624607 -22.453691
v  59.496605 -7.6389557e-07 -22.453691
v  57.621445 -7.2917305e-07 -22.396276
v  57.621445 1.2310361 -22.396276
v  56.389427 1.2310361 -22.117857
v  56.389427 -6.9445048e-07 -22.117857
v  59.209522 1.2310359 -22.630716
v  58.885597 1.2310361 -22.43498
v  55.512871 1.2310359 -22.061209
v  54.838531 1.2310359 -22.303652
v  54.124615 0.55471414 -22.914118
v  54.124615 -8.3334066e-07 -22.914118
v  58.88591 -1.2310375 -22.914118
v  57.576332 -1.2310375 -22.914118
v  57.506702 -1.2310375 -23.197515
v  58.784782 -1.2310375 -23.197515
v  54.718605 -1.2310375 -23.197515
v  54.124615 -0.55471581 -23.197515
v  54.246319 -0.55471563 -22.298792
v  54.928406 -0.55471551 -22.053568
v  54.124615 -0.55471575 -22.630716
v  59.385963 -0.71624768 -23.197515
v  59.850658 -0.7162475 -22.630716
v  59.496605 -0.71624762 -22.914118
v  57.799149 -1.2310375 -22.630716
v  54.718605 -1.2310375 -22.630716
v  54.718605 -1.2310375 -22.914118
v  59.496605 -0.7162475 -22.453691
v  56.389427 -1.2310374 -22.117857
v  57.621445 -1.2310374 -22.396276
v  59.209522 -1.2310375 -22.630716
v  58.885597 -1.2310374 -22.43498
v  55.512871 -1.2310373 -22.061209
v  54.838531 -1.2310373 -22.303652
v  54.124615 -0.55471575 -22.914118
vn 1 0 0
vn -1 0 0
vn 0 1 0
vn 0 -1 0
vn 0 0.49999917 0.86602592
vn 0 0.50000012 0.86602527
vn 0 -0.49994874 -0.86605501
vn 0 -0.50000322 -0.86602354
vn -0.97710168 0 -0.21277292
vn 0 0.99999994 0
vn 0.73937303 0 -0.67329597
vn 0 -0.93533814 -0.35375509
vn 0 0 0.99999994
vn 0 0 -0.99999994
vn 0 -0.99999994 0
vn 0.99999994 0 0
vn -0.9898333 0 -0.14223205
vn 0.9898333 0 0.14223205
vn 0.67213005 0 -0.74043304
vn -0.68386012 0 0.72961313
vn 0.95774037 0 0.28763407
vn 0.99945521 0 -0.033004008
vn 0.092635997 0 -0.9957
vn 0.99869823 0 0.051009011
vn -0.99272329 0 0.12041803
vn -0.65766901 0 0.75330704
vn -0.97491097 0 0.22259499
vn 0.7387951 0 0.67393011
vn 0.78402114 0 -0.6207341
vn 0.94356835 0 -0.33117777
vn -0.89700127 0 0.44202811
vn -0.98886198 0.0064599994 -0.14869501
vn 0.98861694 -0.00040299998 0.150454
vn 0 -0.21862403 0.97580916
vn 0 -0.21008311 -0.97768354
vn -0.98861694 0.00040299998 -0.150454
vn 0.98886198 -0.0064609996 0.14869501
vn -0.99999994 0 0
vn 0 -0.4983907 0.86695248
vn 0 0.49839115 0.86695224
vn 0.67041576 0 -0.74198574
vn 0.50000012 0 -0.86602527
vn 0.50000012 0 0.86602527
vn -0.50000012 0 0.86602527
vn -0.50000012 0 -0.86602527
vn 0 -0.4999997 -0.86602551
vn 0 0.50000012 -0.86602527
vn -0.99903488 0.021961996 0.038039997
vn 0 -0.50000012 0.86602527
vn 0.99999994 1e-06 1e-06
vn 0.99999994 0 -1e-06
vn 0.99999994 -1e-06 -2e-06
vn -0.99903494 -0.021962 0.038038
vn 0 -0.50000012 -0.86602527
vn -0.99903494 0.043922 -1e-06
vn -0.99903494 0.021962 -0.038038
vn -0.99903494 -0.021962 -0.038038
vn -0.99903494 -0.043923002 -0
vn 0.049420003 0 0.99877805
vn -0.047957022 0 -0.99884933
vn -0.9451412 0 -0.32666206
vn 0.38490507 0 0.92295617
vn -0.34092396 0 -0.94009089
vn -0.99998444 0 0.0055780024
vn 0.93192023 0 0.36266312
vn 0 0.99999994 1e-06
vn 0 -0.99999994 -1e-06
vn 0.99698967 0 0.077534981
vn 0.018069996 0 -0.99983674
vn 0.73702663 0 0.67586368
vn -0.63385278 0 0.77345371
vn -0.92175651 0 0.38776919
vn 0.93399549 0 0.35728478
vn 0.25225493 0.96421778 0.081555985
vn 0.32256988 0 -0.94654566
vn 0.062109027 0 0.99806941
vn -0.94546866 0 -0.32571289
vn 0.69718212 0 -0.71689415
vn 0.29094493 0 0.95673978
vn 0.25225499 -0.96421802 0.081555001
vn 0.12532005 -0.99168628 0.029209008
vn 0.16856298 0 0.98569083
vn 0.65108174 0 -0.75900769
vn 0.12532005 0.99168628 0.029209008
vn 0.4999997 0 0.86602551
vn 0.4999997 0 -0.86602551
vn 0.59911585 0.79026479 0.12861496
vn -0.20989193 0 0.97772467
vn -0.59911585 -0.79026479 -0.12861496
vn -0.93757766 0.28361389 -0.20127393
vn 0.93757802 -0.283613 0.20127399
vn 0.27729592 0.95893866 0.059527978
vn -0.27729592 -0.95893866 -0.059527978
vn 0.20989193 0 -0.97772467
vn -0.68362498 0.714926 -0.14675701
vn 0 0.68369031 -0.72977227
vn 0 -0.4999997 0.86602551
vn 0.99999994 -1e-06 0
vn 0.99999994 2e-06 0
vn 0 -0.68369085 -0.72977179
vn 0 0.4999997 -0.86602551
vn 0.99999994 1e-06 0
vn 0.99999994 -2e-06 0
vn 0.70710677 0 -0.70710677
vn 0.046732973 0 -0.99890739
vn 0.27130085 -0.96195847 0.03212098
vn 0.007195001 0 -0.99997413
vn 0.27130085 0.96195847 0.03212098
vn 0 -0.49839115 0.86695224
vn -0.98418707 0 -0.177132
vn 0.92897362 0 -0.37014589
vn -0.87308294 -0.0068959994 0.48752296
vn -0.88041013 0 0.47421306
vn -0.46884197 -0.036992997 -0.88250697
vn -0.4824279 0 -0.87593573
vn 0 -0.050442997 -0.99872702
vn 0 -0.061500009 0.99810708
vn 0 0.93533778 -0.35375592
vn 0 -0.87540895 0.483383
vn 0.82167792 0 -0.56995201
vn 0.50000089 0 -0.86602479
vn 0.50000089 0 0.86602479
vn -0.50000089 0 0.86602479
vn -0.50000089 0 -0.86602479
vn 0.50000012 -0.86602527 0
vn 0.4999997 0.86602551 0
vn -0.50000012 0.86602527 0
vn -0.50000012 -0.86602527 0
vn -0.35349488 -0.49999982 0.79059571
vn -0.35349396 0.49999997 0.79059595
vn 1e-06 0.99999994 0
vn 0.35349488 0.49999982 -0.79059571
vn 0.9129014 -1.0000006e-06 0.40818021
vn 0.35349396 -0.49999997 -0.79059595
vn -0.9129014 1.0000006e-06 -0.40818021
vn 0.97954524 0 0.20122403
vn 0.20122403 0 -0.97954524
vn -0.97954524 0 -0.20122403
vn -0.83493012 0 0.55035609
vn -0.55035609 0 -0.83493012
vn 0.55035609 0 0.83493012
vn 0.83493012 0 -0.55035609
vn -0.20122403 0 0.97954524
vn 0 -0.62599677 -0.77982575
vn 0 0.62599677 -0.77982575
vn 1e-06 -0.99999994 0
vn 0.60010594 -0.79026496 0.12391198
vn 0.20221791 0 -0.97934055
vn -0.60010594 0.79026496 -0.12391198
vn -0.9391275 -0.28361386 -0.19391392
vn 0.9391275 0.28361386 0.19391392
vn 0.27775395 -0.95893878 0.057351988
vn -0.27775395 0.95893878 -0.057351988
vn -0.20221791 0 0.97934055
vn -0.68475509 -0.71492606 -0.14139001
vn -0.9443599 0 -0.32891396
vn 0.62252325 0 -0.7826013
vn -0.90947425 0 -0.41576013
vn 0 -0.72301418 0.69083315
vn 0.92844099 0 0.37147999
vn 0 0.72301471 0.69083273
vn 0 0.76295394 -0.6464529
vn 0 -0.76295394 -0.6464529
vn 0.92844129 0 0.37147912
vn -0.98861694 -0.00040299998 -0.150454
vn 0.98861694 0.00040199998 0.150454
vn 0 0.21862403 0.97580916
vn 0 0.2100829 -0.9776836
vn -0.98886198 -0.0064599994 -0.14869501
vn 0.98886198 0.0064599994 0.14869501
vn 0 0.21862499 0.97580892
vn -0.67253828 -9.0000049e-06 0.74006236
vn -0.98913348 5.999997e-06 -0.14701992
vn -0.67253828 -7.0000037e-06 0.74006236
vn -0.98913372 0 -0.14701894
vn 0 0.99999994 -1e-06
vn 0.69562203 0 -0.71840793
vn -0.63273412 0 -0.77436918
vn 0.98415542 0 0.17730805
vn -0.92591667 -9.9999966e-07 -0.37772784
vn 0.69562292 0 -0.71840698
vn -0.531003 0.543791 -0.649867
vn 0 0.65984005 -0.75140607
vn -0.69403929 0.71075428 -0.11462004
vn -0.6718871 0.68806911 -0.27409607
vn -0.98663563 0 -0.16294195
vn -0.92591667 0 -0.37772784
vn -0.63273293 0 -0.77436996
vn -0.69403982 0.71075386 -0.11461997
vn 0.98415577 0 0.17730595
vn 2e-06 0 0.99999994
vn -0.92591667 9.9999966e-07 -0.37772784
vn -0.53100312 -0.54379213 -0.6498661
vn 0 -0.65984112 -0.75140512
vn -0.69403982 -0.71075386 -0.11461997
vn -0.67188698 -0.68806899 -0.274097
vn -0.69403988 -0.71075392 -0.11461898
vn 0.51994675 -0.002278999 -0.85419565
vn 0 0.65984112 -0.75140512
vn -0.99999994 -4.0999999e-05 -3.4999997e-05
vn 0.96634817 -0.00068500009 -0.25723705
vn -0.88490605 0.0011460001 -0.46576807
vn 0 -0.0026670012 -0.99999642
vn -0.41749984 -0.0024229991 -0.9086737
vn -0.99999994 4e-06 0
vn 0.99999994 2.1e-05 0
vn -0.88115978 -0.0012549997 -0.47281688
vn 0.99999994 2e-06 4e-06
vn 0.99999994 -9.9999997e-06 -1.2e-05
vn 0 0.99981153 0.019415991
vn -0.87847203 -0.0012770001 -0.47779205
vn 0.98913372 -3.3999986e-05 0.14701894
vn 0.98913348 4.9999971e-06 0.14701992
vn 0.98913348 -5.999997e-06 0.14701992
vn 0.98913336 0 0.14702089
vn 1e-06 0 0.99999994
vn 0 0.65984166 -0.75140464
vn -0.67188746 0.68806845 -0.27409679
vn 0 0.99999994 3.0000001e-06
vn -0.98663563 9.9999966e-07 -0.16294195
vn 0 -0.65984005 -0.75140607
vn 0 -0.65983957 -0.75140655
vn -0.69403929 -0.71075428 -0.11462004
vn -0.6718871 -0.68806911 -0.27409607
vn -0.98663563 -9.9999966e-07 -0.16294195
vn 0 -0.99999994 1e-06
vn 0.51994723 -0.0022790008 -0.85419536
vn 0 0.65984327 -0.75140321
vn 0 0.65983802 -0.75140792
vn 0 0.65984064 -0.75140554
vn -0.99999994 -2.1e-05 -3.4999997e-05
vn 0.96634817 -0.00068900018 -0.25723705
vn 0.99999994 -2e-06 -1e-06
vn -0.41749984 -0.0024249991 -0.9086737
vn 0.99999994 6.9999996e-06 8e-06
vn -0.88115954 -0.0012660007 -0.4728173
vn 0.99999994 3.0000001e-06 8e-06
vn -0.88115513 -0.0035350001 -0.47281402
vn 1.0000003e-06 0.50000012 0.86602527
vn -1.0000003e-06 -0.50000012 -0.86602527
vn -0.44407082 0 0.89599162
vn 0.97888827 1.0000003e-06 0.20439604
vn -0.99804229 0 -0.062544025
vn 0.97888827 0 0.20439604
vn 0.487744 0.60047001 0.63367295
vn 0.77285397 0 0.63458401
vn -0.91037726 0 0.41377914
vn 0.57186306 0 0.8203491
vn -0.9235999 0 -0.38335794
vn -0.98132402 0 0.192362
vn 0.99393755 0 0.10994595
vn -0.99966794 0 -0.025767
vn -0.95628572 0 -0.29243392
vn 0.97903401 0 0.203697
vn 0.98697102 0 0.160898
vn -0.98598731 0 -0.16682006
vn 0.95961165 0 0.28132787
vn -0.95558518 0 -0.29471505
vn 0.91032511 0 0.41389406
vn 0.98871952 0 0.14977895
vn 0.83556205 0 0.54939604
vn -0.0021340004 0.9953813 -0.095977031
vn 0.0051289997 0.98167789 0.19047897
vn -0.97888803 0 -0.20439701
vn -0.38720986 0 0.92199171
vn 0.61998695 0.77393591 0.128994
vn 0.62217402 0.77537203 0.108156
vn 0.60817087 0.78496283 0.11815898
vn 0.60207814 0.75004417 0.27374405
vn 0.608383 0.787422 0.099179998
vn 0.61545074 0.78264171 0.09323296
vn 0.61594075 0.7848407 0.068132974
vn 0.58155304 0.71803898 0.38238204
vn 0.0025129996 0 0.99999678
vn 0.42444912 0.85819125 0.28870505
vn 0.0016440002 0.75615019 0.65439612
vn 0.0016440004 0.75614917 0.65439719
vn -0.70120335 0.69776535 -0.14641507
vn -0.70814502 0.70467103 -0.044376999
vn -0.67435318 0.67179126 0.30650309
vn -0.40589887 0.40562484 0.81897175
vn -0.32904306 0.33966208 0.88111317
vn -0.69565308 0.65779406 -0.28874502
vn -0.71557581 0.6843068 0.14026895
vn -0.70699704 0.67335904 -0.21620102
vn -0.69763243 0.65826744 -0.28283018
vn -0.71687543 0.69695646 -0.018478014
vn -0.71608704 0.68741608 -0.12115502
vn -0.7069993 0.67335629 -0.21620208
vn -0.71608841 0.68741441 -0.12115607
vn -0.95628542 0 -0.29243481
vn -0.98598754 0 -0.16681908
vn -0.0011790004 0.99999928 -0.00020700008
vn -0.98494554 0 -0.17286493
vn 0.14655393 0 0.98920262
vn 0.86350334 0 0.50434315
vn -6.0000002e-06 0 0.99999994
vn 0.98164463 0 0.19071892
vn 0.015582995 0 0.99987864
vn 0.9358288 0 0.3524549
vn 0.015581994 0 0.99987864
vn 0.41343486 0 0.91053373
vn -0.38721019 0 0.92199147
vn 0.97888827 -1.0000003e-06 0.20439604
vn 0.48899421 -0.59220624 0.64045024
vn -0.0021340004 -0.9953813 -0.095977031
vn 0.013284003 -0.97089231 0.23914807
vn 0.61998802 -0.77393502 0.128994
vn 0.62122172 -0.77605063 0.10876095
vn 0.60817087 -0.78496283 0.11815898
vn 0.6020785 -0.75004345 0.27374479
vn 0.608383 -0.787422 0.099179998
vn 0.61545181 -0.78264081 0.093232974
vn 0.61594075 -0.7848407 0.068132974
vn 0.58155483 -0.71803778 0.38238189
vn 0.42444897 -0.85819101 0.288706
vn 0.0016439991 -0.75614971 0.65439671
vn -0.70120579 -0.69776279 -0.14641494
vn -0.70814598 -0.70467007 -0.044377003
vn -0.67435354 -0.6717906 0.3065038
vn -0.40589899 -0.40562397 0.81897199
vn -0.32904297 -0.33966294 0.88111287
vn -0.6956538 -0.65779388 -0.28874391
vn -0.7155748 -0.68430781 0.14026895
vn -0.70699799 -0.67335802 -0.21620099
vn -0.69683164 -0.65891463 -0.28329685
vn -0.71687597 -0.69695598 -0.018476998
vn -0.71608609 -0.68741709 -0.12115502
vn -0.71608698 -0.68741596 -0.12115599
vn -0.0011790004 -0.99999928 -0.00020700008
vn 0.86350173 0 0.50434583
vn 0.41343397 0 0.91053402
vn 0 -0.99999994 3.0000001e-06
vn 0.0016440004 -0.75614917 0.65439719
vn -0.98036551 0 -0.19718911
vn 0.0016439991 0.75614971 0.65439671
vn -0.99804217 0 -0.062545016
vn -0.70814699 -0.70466894 -0.044376999
vn 0.97888851 0 0.20439491
vn -0.70814592 0.70467001 -0.044378001
vn 0.34187388 -0.93703067 0.071384981
vn -0.97888845 0 -0.2043951
vn 0.97959864 0 0.20096393
vn -0.97913986 0.0024409997 -0.20317297
vn -0.97888827 0 -0.20439604
vn -0.7012068 -0.69776183 -0.14641497
vn 0.97888845 0 0.2043951
vn -0.70120484 0.6977638 -0.14641497
vn -0.00028799998 0 -0.99999994
vn -0.97914267 0 -0.20317392
vn 0 -0.99999994 4.9999999e-06
vn 0.99997562 0 -0.0069939974
vn -0.99999952 0 -0.00098199956
vn 0 0.99999994 -2e-06
vn 0.48899421 0.59220624 0.64045024
vn 0.481098 0.59222895 0.64638191
vn -0.98132378 0 0.19236295
vn 0.57186598 0 0.82034707
vn 0.83556163 0 0.54939675
vn -0.00013799994 0.99474865 -0.10234796
vn -0.43873012 0.89861822 0.0011060004
vn 0.013284003 0.97089231 0.23914807
vn 0.61998802 0.77393502 0.128994
vn 0.62122178 0.77605075 0.10875996
vn 0.60817307 0.7849611 0.11815903
vn 0.60817742 0.78495747 0.11816107
vn 0.60207874 0.75004375 0.2737439
vn 0.61545181 0.78264081 0.093232974
vn 0.58155483 0.71803778 0.38238189
vn 0.0025119993 0 0.99999678
vn -0.70120579 0.69776279 -0.14641494
vn -0.67435479 0.67178982 0.30650291
vn -0.40589899 0.40562397 0.81897199
vn -0.33133215 0.33775514 0.88098836
vn -0.69565356 0.65779364 -0.28874481
vn -0.71557719 0.68430519 0.14027004
vn -0.70699799 0.67335802 -0.21620099
vn -0.69683206 0.65891403 -0.28329703
vn -0.71687591 0.69695592 -0.018477999
vn -0.71608609 0.68741709 -0.12115502
vn -0.71608698 0.68741596 -0.12115599
vn -0.95628536 0 -0.29243511
vn -0.0013510002 0.99999911 0
vn 0.97888845 1.0000006e-06 0.2043951
vn 0.015579995 0 0.99987864
vn 0.481098 -0.59222895 0.64638191
vn 0.48774299 -0.60047197 0.633672
vn -0.00013799994 -0.99474865 -0.10234796
vn -0.43873611 -0.89861524 0.0011060004
vn 0.0051289997 -0.98167789 0.19047897
vn 0.61998695 -0.77393591 0.128994
vn 0.62217402 -0.77537203 0.108156
vn 0.60817307 -0.7849611 0.11815903
vn 0.6081773 -0.78495741 0.11816206
vn 0.60207814 -0.75004417 0.27374405
vn 0.61545068 -0.78264165 0.093233965
vn 0.58155304 -0.71803898 0.38238204
vn -0.70120281 -0.69776589 -0.14641497
vn -0.70814502 -0.70467103 -0.044376999
vn -0.67435461 -0.67178959 0.30650383
vn -0.40589917 -0.40562317 0.81897235
vn -0.33133215 -0.33775514 0.88098836
vn -0.69565332 -0.6577943 -0.28874409
vn -0.71557671 -0.68430579 0.14026995
vn -0.70699704 -0.67335904 -0.21620102
vn -0.69763207 -0.65826797 -0.28283003
vn -0.71687543 -0.69695646 -0.018477011
vn -0.71608704 -0.68741608 -0.12115502
vn -0.7069993 -0.67335629 -0.21620208
vn -0.71608841 -0.68741441 -0.12115607
vn -0.0013510002 -0.99999911 0
vn -0.98036551 0 -0.19718891
vn 0 0.99999994 4e-06
vn -0.70814592 -0.70467001 -0.044378001
vn -0.70814699 0.70466894 -0.044376999
vn 0.34187385 -0.93703055 0.071385972
vn 0.34331894 -0.93667674 0.069054984
vn 0.0012120004 0 0.99999928
vn 0.97959876 0 0.20096296
vn -0.70120484 -0.6977638 -0.14641497
vn -0.7012068 0.69776183 -0.14641497
vn 0 -0.99999994 6.0000002e-06
vn 9.9999943e-07 0.4999997 0.86602551
vn -1.0000003e-06 0.50000012 -0.86602527
vn 0.056155235 0.49919403 -0.86466879
vn 0.05615237 0.49918973 -0.86467141
vn 0.056143615 0.49917686 -0.8646794
vn 0.25385579 0.96724212 -4.9855225e-07
vn 0.25385296 0.96724284 -1.9830536e-06
vn 0.25384963 0.96724373 -3.7521322e-06
vn 0.056172885 0.49922213 0.86465138
vn 0.056172889 0.49922213 0.86465138
vn 0.056157973 -0.49919814 -0.86466616
vn 0.056154329 -0.49919412 -0.86466879
vn 0.056170292 -0.49921155 -0.86465764
vn 0.056169853 0.99842131 -2.1553415e-06
vn 0.056169499 0.99842125 -1.6242544e-06
vn 0.056171048 0.99842125 -3.9516672e-06
vn 0.056186255 -0.49921408 0.86465508
vn 0.056186263 -0.49921414 0.86465514
vn 0.056186251 -0.49921408 0.86465508
vn 0.056177299 -0.99842083 0
vn 0.05617743 -0.99842077 0
vn 0.05617784 -0.99842083 0
vn 0.47724906 0.43937558 0.76104039
vn 0.47724909 0.43937567 0.76104045
vn 0.47724906 0.43937564 0.76104051
vn 0.25384256 -0.48363462 0.83765239
vn 0.25383502 -0.48363009 0.83765733
vn 0.25382605 -0.4836247 0.83766311
vn 0.2538484 -0.96724409 0
vn 0.25384504 -0.96724492 0
vn 0.25385454 -0.96724248 0
vn 0.25388914 0.48359528 -0.83766097
vn 0.25388911 0.48359525 -0.83766103
vn 0.25385681 0.48364785 0.83764052
vn 0.25385678 0.48364779 0.83764046
vn 0.25385678 0.48364785 0.83764052
vn 0.25382677 -0.48360264 -0.83767569
vn 0.25382674 -0.48360267 -0.83767575
vn 0.25382677 -0.48360264 -0.83767575
vn 0.74508506 -0.33345443 0.5776301
vn 0.74508506 -0.3334544 0.5776301
vn 0.74508506 -0.3334544 0.57763004
vn 0.4772557 -0.439356 -0.76104754
vn 0.47725567 -0.43935648 -0.76104736
vn 0.47725439 -0.43936771 -0.76104158
vn 0.47725946 0.87876242 1.4900041e-06
vn 0.47725925 0.87876254 1.4297126e-06
vn 0.47725525 0.87876469 0
vn 0.47726643 -0.43938255 0.76102555
vn 0.47726634 -0.43938193 0.76102585
vn 0.47726747 -0.43938801 0.76102167
vn 0.47725874 -0.8787629 0
vn 0.47725862 -0.8787629 0
vn 0.47726005 -0.87876213 0
vn 0.47725883 0.4393526 -0.76104748
vn 0.47725895 0.43935314 -0.76104718
vn 0.47725812 0.43934801 -0.76105076
vn 0.74511522 -0.66693574 0
vn 0.74507177 0.33345938 -0.57764429
vn 0.74507183 0.33345941 -0.57764429
vn 0.74507177 0.33345941 -0.57764429
vn 0.74506974 0.3334626 0.57764506
vn 0.74506295 0.33346742 0.57765102
vn 0.74498767 0.33352146 0.57771701
vn 0.74507213 -0.33347005 -0.57763767
vn 0.74507105 -0.33347505 -0.57763612
vn 0.74505919 -0.33353093 -0.57761919
vn 0.74510437 0.66694796 0
vn 0.74510431 0.66694796 0
vn 0 -0.50000477 0.86602271
vn 0 -0.50000471 0.86602271
vn 0 0.50000566 -0.86602223
vn 0 0.5000214 -0.86601311
vn 0 0.5000295 -0.86600846
vn 0 0.49999756 0.86602676
vn 0 0.49999762 0.86602682
vn 0 0.49999759 0.86602688
vn 0 -0.50001281 -0.86601806
vn 0 -0.50002855 -0.866009
vn 0 -0.5000366 -0.86600429
vn 0 -0.49999586 0.86602777
vn 0 -0.49999124 0.86603057
vn 0 -0.49998948 0.86603159
vn -5.0777551e-08 0.49999797 0.86602658
vn -1.8417919e-07 0.49999797 0.86602658
vn -2.3495673e-07 0.49999797 0.8660267
vn 1.2242042e-06 1 0
vn 1.1723125e-07 0.50000209 -0.86602426
vn 4.2521779e-07 0.50000209 -0.86602426
vn 5.4244907e-07 0.50000203 -0.86602426
vn 1 3.7593985e-05 0
vn 0 -0.50000232 -0.86602402
vn 0 -0.50000209 -0.86602432
vn -0.51618356 0.42824382 -0.7417289
vn -0.51618361 0.42824382 -0.74172896
vn -0.51618356 0.42824379 -0.7417289
vn 0 -1 2.0473008e-06
vn -0.51618123 0.42823249 0.74173713
vn -0.51618117 0.42823246 0.74173713
vn -0.51618123 0.42823252 0.74173713
vn -0.51614285 -0.42824471 -0.7417568
vn -0.51614285 -0.42824468 -0.74175674
vn -0.51614285 -0.42824471 -0.74175674
vn -0.51610607 -0.42824471 0.74178237
vn -0.51610607 -0.42824474 0.74178231
vn -0.51610607 -0.42824477 0.74178237
vn -0.51615077 0.8564977 -1.4112123e-06
vn -0.51615721 0.85649389 -2.1314983e-07
vn -0.51615834 0.85649318 0
vn -0.51614642 -0.85650039 1.3171323e-06
vn -0.51615661 -0.85649425 1.9892312e-07
vn -0.51615834 -0.85649318 0
vn 1 1.2065742e-05 0
vn 1 4.9102353e-05 0
vn 1 1.276169e-05 0
vn 0 0.5000059 -0.86602205
vn 0 0.50002408 -0.8660115
vn 0 0.50002813 -0.86600929
vn 0 0.49997482 0.86603999
vn 0 0.49997482 0.86603993
vn 0 -0.50002813 -0.86600918
vn 0 -0.50002819 -0.86600924
vn 0 1 -1.9316669e-06
vn 0 1 -2.0264483e-06
vn 0 1 -2.0473008e-06
vn 0 -0.49997655 0.86603892
vn 0 -0.49997661 0.86603892
vn 0 -0.49997658 0.86603904
vn 1 1.8359193e-06 0
vn 1 -1.2063943e-05 0
vn 1 -3.4280986e-06 0
vn 1 3.4777547e-06 0
vn 1 5.950921e-05 0
vn 1 3.4275022e-06 0
vn 1 -1.2759041e-05 0
vn -1 6.8829524e-07 0
vn -1 2.9651671e-06 0
vn -1 3.0048136e-06 0
vn 0 0.49999323 -0.86602938
vn 0 0.49995619 -0.86605078
vn 0 0.49995029 -0.86605424
vn 0 0.4999992 0.86602587
vn 0 0.4999992 0.86602598
vn 0 -0.49999169 -0.86603022
vn 0 -0.4999547 -0.86605167
vn 0 -0.49999765 0.86602676
vn 1 2.4432529e-05 0
vn 1 7.7209086e-07 0
vn 1 1.8792567e-05 0
vn 0.99999994 -0.0005212262 0
vn 0.99999988 0.00054725789 0
vn 0.99999982 -0.00057323277 0
vn 1 7.0546936e-05 0
vn 1 7.1286158e-05 0
vn 1 -0.00015030107 0
vn 1 -0.00015030109 0
vn -1 2.123531e-06 0
vn -1 2.5807039e-06 0
vn -1 9.1769493e-07 0
vn -1 9.7631619e-06 0
vn -1 1.9978577e-06 0
vn -1 2.914863e-05 0
vn -1 7.4243426e-06 0
vn -1 1.7170344e-06 0
vn -1 4.6938454e-05 0
vn -1 -3.6618931e-06 0
vn 0 0.50000834 -0.86602068
vn 0 0.5000084 -0.86602068
vn 0 -0.4999522 0.86605299
vn 0 -0.49995217 0.86605304
vn 0 -0.4999522 0.8660531
vn 0 -0.49996504 -0.86604559
vn 0 -0.49999237 -0.86602986
vn 0 -0.50000519 -0.86602241
vn 0 0.49995533 0.8660512
vn 0 0.49995539 0.8660512
vn -1 -0.00012206994 0
vn -1 7.3229108e-05 0
vn -1 7.4861637e-05 0
vn -1 1.1644292e-05 0
vn -1 5.2525997e-05 0
vn -1 -2.1002226e-05 0
vn -1 -2.1002228e-05 0
vn -1 -1.1645389e-05 0
vn -1 -0.00013651419 0
vn -1 6.2986837e-05 0
vn 0.056164917 0.49920827 -0.86465985
vn 0.25386098 0.96724075 2.2137663e-06
vn 0.056186177 0.49922228 0.86465037
vn 0.056186181 0.49922237 0.86465037
vn 0.056186181 0.49922234 0.86465043
vn 0.056143191 -0.49918199 -0.86467642
vn 0.056168426 0.99842137 0
vn 0.056173909 -0.49922368 0.86465037
vn 0.056173906 -0.49922371 0.86465031
vn 0.056173913 -0.49922371 0.86465043
vn 0.05617686 -0.99842083 0
vn 0.47729763 0.43939921 0.76099622
vn 0.47729766 0.43939927 0.76099634
vn 0.47729763 0.43939924 0.76099622
vn 0.2538563 -0.483643 0.83764338
vn 0.25384104 -0.96724606 0
vn 0.25383505 0.48359954 -0.83767492
vn 0.25383508 0.4835996 -0.83767498
vn 0.25382444 0.48362163 0.83766544
vn 0.25382444 0.48362163 0.83766538
vn 0.25382447 0.48362166 0.83766538
vn 0.25388673 -0.48361674 -0.83764946
vn 0.25388676 -0.48361668 -0.83764935
vn 0.2538867 -0.48361671 -0.83764935
vn 0.74499398 -0.33352435 0.57770705
vn 0.74499404 -0.33352435 0.57770705
vn 0.47725615 -0.43935171 -0.76104981
vn 0.47726095 0.87876159 2.0370542e-06
vn 0.4772636 -0.43936759 0.76103586
vn 0.47725528 -0.87876481 0
vn 0.47726095 0.43936515 -0.76103896
vn 0.74493283 -0.66713947 1.47952e-05
vn 0.74493289 -0.66713947 1.4795201e-05
vn 0.74493289 -0.66713947 1.4795201e-05
vn 0.74506742 0.33350167 -0.57762557
vn 0.74506742 0.33350164 -0.57762551
vn 0.74508268 0.3334533 0.57763374
vn 0.74507421 -0.33346048 -0.57764059
vn 0.74499148 0.66707397 0
vn 0.74499154 0.66707397 0
vn 0 -0.50000471 0.86602277
vn 0 -0.50000471 0.86602265
vn 0 0.49999759 -0.86602688
vn 0 0.49999768 0.86602688
vn 0 0.49999765 0.86602688
vn 0 -0.50000471 -0.86602271
vn 0 -0.49999762 0.86602682
vn 0 0.49999797 0.8660267
vn 0 0.50000203 -0.86602426
vn 1 -0.00014257201 0
vn 0 -0.50000358 -0.86602336
vn -0.51614285 0.42824471 -0.7417568
vn -0.51614285 0.42824471 -0.74175674
vn -0.51614285 0.42824468 -0.74175674
vn -0.51604009 0.42825148 0.74182433
vn -0.51604009 0.4282515 0.74182433
vn -0.51604015 0.42825148 0.74182427
vn -0.51625383 -0.42823425 -0.74168557
vn -0.51625389 -0.42823425 -0.74168557
vn -0.51618236 -0.42823347 0.74173576
vn -0.51618236 -0.42823347 0.74173582
vn -0.51614863 0.85649908 -1.8103129e-06
vn -0.51614302 -0.85650253 1.6896322e-06
vn 0 0.50000191 -0.86602437
vn 0 -0.50002813 -0.86600929
vn 0 1 -1.9108143e-06
vn 0 -0.49997655 0.86603904
vn 0 -0.49997663 0.86603898
vn 0 0.4999992 -0.86602598
vn 0 -0.49999765 -0.86602676
vn 1 0.00015033071 0
vn 1 0.00015033073 0
vn 0.99999994 0.00057075592 0
vn 0 -0.50000519 0.86602235
vn 0 -0.50000519 0.86602241
vn 0 -0.50000525 0.86602241
vn 0 -0.4999522 -0.8660531
vn 0 0.50000834 0.86602062
vn 0 0.5000084 0.86602068
vn -1 0.00014974544 0
vn 0.97283018 0 0.23152004
vn -0.56324315 0.81534618 -0.13404405
vn -0.97283018 0 -0.23152004
vn 0.56324315 0.81534618 0.13404405
vn 0.64139092 -0.024090996 -0.76683587
vn 2e-06 0 -0.99999994
vn 0 -0.94909 0.31500497
vn 0.97247761 0 0.23299593
vn -0.97247761 0 -0.23299593
vn -0.56317377 -0.81524771 -0.13493095
vn 0.56317496 -0.81524694 0.13493098
vn 0 0.94909 -0.31500497
vn 6.0000002e-06 0 -0.99999994
vn -0.5620628 -0.82181382 -0.093313977
vn 0.54829597 -0.79370892 0.26343399
vn -0.54829615 0.79370922 -0.26343307
vn -0.56324315 -0.81534618 -0.13404405
vn 0.56324315 -0.81534618 0.13404405
vn 0.64139092 0.024090996 -0.76683587
vn 0 0.9490903 0.31500411
vn -0.56317377 0.81524771 -0.13493095
vn 0.56317496 0.81524694 0.13493098
vn 0 -0.94909 -0.31500497
vn 1.2e-05 0 -0.99999994
vn -0.5620628 0.82181382 -0.093313977
vn 0.54829615 0.79370922 0.26343307
vn -0.54829615 -0.79370922 -0.26343307
vn -0.3383221 0 0.94103032
vn -0.93887615 0 0.34425506
vn 0.62490493 0 -0.78070086
vn 0.44721398 0 0.89442694
vn 0.22042692 0 0.97540355
vn 0.93152475 0 -0.36367792
vn 0.030604988 0 0.99953163
vn 0.047764987 -0.0082379971 0.99882466
vn -0.75135887 0.65989387 0
vn -0.72437197 0.63619202 0.26560301
vn -0.32378501 0.28998601 0.90059495
vn 0.5058648 0.61506277 -0.60481274
vn 0.62931013 0.74073213 -0.23512705
vn 0.41856703 0.49521607 0.76129013
vn 0.047764987 0.0082389973 0.99882466
vn -0.75135887 -0.65989387 0
vn -0.72437197 -0.63619202 0.26560301
vn -0.32378501 -0.28998601 0.90059495
vn 0.5058648 -0.61506277 -0.60481274
vn 0.62930965 -0.74073261 -0.23512687
vn 0.41856724 -0.4952153 0.76129049

g FNFiveSeven_Body
f 1//9 2//9 3//9 4//9
f 2//10 5//10 6//10 3//10
f 5//11 7//11 8//11 6//11
f 7//12 1//12 4//12 8//12
f 9//13 10//13 11//13 12//13
f 6//14 8//14 4//14 3//14
f 11//15 10//15 1//15 7//15
f 12//16 11//16 7//16 5//16
f 9//10 12//10 5//10 2//10
f 10//9 9//9 2//9 1//9
f 13//17 14//17 15//17 16//17
f 16//15 15//15 17//15 18//15
f 18//18 17//18 19//18 20//18
f 20//10 19//10 14//10 13//10
f 16//13 18//13 20//13 13//13
f 17//19 15//19 14//19 19//19
f 21//20 22//20 23//20 24//20
f 24//15 23//15 25//15 26//15
f 26//21 25//21 27//21 28//21
f 28//10 27//10 22//10 21//10
f 29//22 30//22 31//22 32//22
f 25//23 23//23 22//23 27//23
f 30//10 28//10 21//10 33//10
f 29//24 26//24 28//24 30//24
f 34//15 24//15 26//15 29//15
f 33//25 21//25 24//25 34//25
f 35//26 36//26 37//26 38//26
f 30//10 33//10 39//10 31//10
f 34//15 29//15 32//15 40//15
f 33//27 34//27 40//27 39//27
f 37//28 41//28 42//28 38//28
f 43//10 35//10 38//10 42//10
f 36//15 44//15 41//15 37//15
f 44//29 43//29 42//29 41//29
f 32//30 31//30 43//30 44//30
f 40//15 32//15 44//15 36//15
f 31//10 39//10 35//10 43//10
f 39//31 40//31 36//31 35//31
f 45//32 46//32 47//32
f 48//10 46//10 49//10
f 50//33 51//33 48//33
f 50//15 47//15 52//15
f 45//34 48//34 49//34
f 52//35 46//35 51//35
f 45//36 49//36 46//36
f 48//10 51//10 46//10
f 50//37 52//37 51//37
f 50//15 45//15 47//15
f 45//34 50//34 48//34
f 52//35 47//35 46//35
f 53//10 54//10 55//10 56//10
f 57//16 58//16 59//16 54//16 53//16 60//16
f 61//15 62//15 59//15 58//15
f 63//38 56//38 55//38 62//38 61//38 64//38
f 59//14 62//14 55//14 54//14
f 57//39 64//39 61//39 58//39
f 63//40 60//40 53//40 56//40
f 64//13 57//13 60//13 63//13
f 65//17 66//17 67//17 68//17
f 68//15 67//15 69//15 70//15
f 70//18 69//18 71//18 72//18
f 72//10 71//10 66//10 65//10
f 68//13 70//13 72//13 65//13
f 69//41 67//41 66//41 71//41
f 73//42 74//42 75//42 76//42
f 76//16 75//16 77//16 78//16
f 78//43 77//43 79//43 80//43
f 80//44 79//44 81//44 82//44
f 75//10 74//10 83//10 81//10 79//10 77//10
f 82//38 81//38 83//38 84//38
f 84//45 83//45 74//45 73//45
f 73//15 76//15 78//15 80//15 82//15 84//15
f 85//15 86//15 87//15 88//15
f 88//46 87//46 89//46 90//46
f 90//47 89//47 91//47 92//47
f 92//10 91//10 93//10 94//10
f 89//48 87//48 95//48 96//48
f 94//6 93//6 97//6 98//6
f 98//49 97//49 86//49 85//49
f 92//50 94//50 99//50 100//50
f 100//15 99//15 101//15 102//15
f 88//51 90//51 103//51 104//51
f 94//52 98//52 105//52 99//52
f 85//16 88//16 104//16 106//16
f 90//16 92//16 100//16 103//16
f 98//51 85//51 106//51 105//51
f 91//53 89//53 96//53 102//53
f 104//6 103//6 96//6 95//6
f 99//54 105//54 107//54 101//54
f 103//49 100//49 102//49 96//49
f 106//10 104//10 95//10 108//10
f 105//47 106//47 108//47 107//47
f 87//55 86//55 108//55 95//55
f 86//56 97//56 107//56 108//56
f 97//57 93//57 101//57 107//57
f 93//58 91//58 102//58 101//58
f 109//15 110//15 111//15 112//15
f 110//15 109//15 113//15 114//15
f 115//10 116//10 117//10 118//10
f 116//10 115//10 119//10 120//10
f 110//59 114//59 116//59 120//59
f 113//60 109//60 119//60 115//60
f 121//61 118//61 122//61 123//61
f 116//62 114//62 124//62 117//62
f 113//63 115//63 118//63 121//63
f 114//15 113//15 121//15 124//15
f 123//64 122//64 125//64 126//64
f 124//15 121//15 123//15 127//15
f 118//10 117//10 128//10 122//10
f 117//65 124//65 127//65 128//65
f 129//66 130//66 131//66 132//66
f 127//67 123//67 126//67 133//67
f 122//66 128//66 134//66 125//66
f 128//68 127//68 133//68 134//68
f 135//69 136//69 132//69 131//69
f 130//70 137//70 135//70 131//70
f 138//71 129//71 132//71 136//71
f 137//67 138//67 136//67 135//67
f 133//67 126//67 138//67 137//67
f 126//72 125//72 129//72 138//72
f 134//73 133//73 137//73 130//73
f 125//66 134//66 130//66 129//66
f 139//74 140//74 141//74 142//74
f 120//10 119//10 143//10 144//10
f 119//75 109//75 112//75 143//75
f 110//76 120//76 144//76 111//76
f 142//77 141//77 145//77 146//77
f 140//78 147//78 145//78 141//78
f 148//79 139//79 142//79 146//79
f 147//80 148//80 146//80 145//80
f 112//81 111//81 148//81 147//81
f 111//82 144//82 139//82 148//82
f 143//83 112//83 147//83 140//83
f 144//84 143//84 140//84 139//84
f 149//85 150//85 151//85 152//85
f 152//16 151//16 153//16 154//16
f 154//86 153//86 155//86 156//86
f 156//45 155//45 157//45 158//45
f 151//15 150//15 159//15 157//15 155//15 153//15
f 158//38 157//38 159//38 160//38
f 160//44 159//44 150//44 149//44
f 149//10 152//10 154//10 156//10 158//10 160//10
f 161//87 162//87 163//87 164//87
f 163//88 162//88 165//88 166//88 167//88
f 163//88 167//88 168//88 169//88
f 170//89 167//89 166//89 171//89
f 171//90 166//90 165//90 172//90
f 173//91 169//91 168//91 174//91
f 164//92 163//92 169//92 173//92
f 167//93 170//93 174//93 168//93
f 170//94 164//94 173//94 174//94
f 162//95 161//95 172//95 165//95
f 172//94 161//94 164//94 170//94 171//94
f 175//17 176//17 177//17 178//17
f 178//15 177//15 179//15 180//15
f 180//18 179//18 181//18 182//18
f 182//10 181//10 176//10 175//10
f 178//13 180//13 182//13 175//13
f 179//14 177//14 176//14 181//14
f 183//16 184//16 185//16
f 186//16 187//16 188//16
f 189//14 183//14 185//14
f 190//96 186//96 183//96
f 186//10 191//10 192//10
f 188//97 193//97 184//97
f 194//54 195//54 187//54
f 187//15 196//15 188//15
f 191//13 197//13 192//13
f 183//98 186//98 184//98
f 186//99 192//99 187//99
f 197//16 194//16 192//16
f 188//16 184//16 186//16
f 192//16 194//16 187//16
f 189//14 190//14 183//14
f 190//96 198//96 186//96
f 186//10 198//10 191//10
f 188//97 196//97 193//97
f 194//54 199//54 195//54
f 187//15 195//15 196//15
f 191//13 200//13 197//13
f 201//16 185//16 184//16
f 202//16 203//16 204//16
f 189//14 185//14 201//14
f 205//100 201//100 202//100
f 202//15 206//15 207//15
f 203//6 184//6 193//6
f 194//101 204//101 208//101
f 204//10 203//10 209//10
f 207//13 206//13 197//13
f 201//102 184//102 202//102
f 202//103 204//103 206//103
f 197//16 206//16 194//16
f 203//16 202//16 184//16
f 206//16 204//16 194//16
f 189//14 201//14 205//14
f 205//100 202//100 210//100
f 202//15 207//15 210//15
f 203//6 193//6 209//6
f 194//101 208//101 199//101
f 204//10 209//10 208//10
f 207//13 197//13 200//13
f 211//17 212//17 213//17 214//17
f 214//15 213//15 215//15 216//15
f 216//18 215//18 217//18 218//18
f 218//10 217//10 212//10 211//10
f 214//13 216//13 218//13 211//13
f 215//14 213//14 212//14 217//14
f 219//16 220//16 221//16 222//16
f 222//10 221//10 223//10 224//10
f 225//13 226//13 227//13 228//13
f 220//14 229//14 223//14 221//14
f 219//15 230//15 229//15 220//15
f 224//38 223//38 229//38 230//38
f 231//13 232//13 226//13 225//13
f 230//14 219//14 233//14 234//14
f 232//16 233//16 219//16 226//16
f 228//38 224//38 230//38 225//38
f 225//38 230//38 234//38 231//38
f 227//10 222//10 224//10 228//10
f 226//16 219//16 222//16 227//16
f 235//16 236//16 237//16 238//16
f 236//15 239//15 240//15 237//15
f 241//13 242//13 243//13 244//13
f 238//14 237//14 240//14 245//14
f 235//10 238//10 245//10 246//10
f 239//38 246//38 245//38 240//38
f 231//13 241//13 244//13 232//13
f 246//14 234//14 233//14 235//14
f 232//16 244//16 235//16 233//16
f 242//38 241//38 246//38 239//38
f 241//38 231//38 234//38 246//38
f 243//15 242//15 239//15 236//15
f 244//16 243//16 236//16 235//16
f 247//38 248//38 249//38 250//38
f 250//15 249//15 251//15 252//15
f 252//16 251//16 253//16 254//16
f 254//10 253//10 248//10 247//10
f 250//13 252//13 254//13 247//13
f 251//14 249//14 248//14 253//14
f 255//17 256//17 257//17 258//17
f 258//15 257//15 259//15 260//15
f 260//18 259//18 261//18 262//18
f 262//10 261//10 256//10 255//10
f 258//13 260//13 262//13 255//13
f 259//14 257//14 256//14 261//14
f 263//13 264//13 265//13 266//13
f 267//10 268//10 269//10 270//10 271//10 272//10 273//10
f 274//13 275//13 267//13 273//13
f 275//16 276//16 268//16 267//16
f 277//104 269//104 268//104 276//104
f 278//14 279//14 271//14 270//14
f 280//38 279//38 281//38 282//38
f 264//16 283//16 284//16 265//16
f 277//14 278//14 270//14 269//14
f 285//16 278//16 286//16 287//16
f 272//38 271//38 279//38 280//38
f 285//14 281//14 279//14 278//14
f 265//16 284//16 276//16 275//16
f 266//13 265//13 275//13 274//13
f 276//105 284//105 283//105 288//105 287//105 286//105
f 286//106 278//106 277//106 276//106
f 273//38 272//38 280//38 274//38
f 266//38 282//38 289//38 263//38
f 274//38 280//38 282//38 266//38
f 288//107 289//107 282//107 287//107
f 287//15 282//15 281//15 285//15
f 263//13 290//13 291//13 264//13
f 292//15 293//15 294//15 295//15 296//15 297//15 298//15
f 299//13 293//13 292//13 300//13
f 300//16 292//16 298//16 301//16
f 302//104 301//104 298//104 297//104
f 303//14 296//14 295//14 304//14
f 305//38 306//38 307//38 304//38
f 264//16 291//16 308//16 283//16
f 302//14 297//14 296//14 303//14
f 309//16 310//16 311//16 303//16
f 294//38 305//38 304//38 295//38
f 309//14 303//14 304//14 307//14
f 291//16 300//16 301//16 308//16
f 290//13 299//13 300//13 291//13
f 301//105 311//105 310//105 288//105 283//105 308//105
f 311//108 301//108 302//108 303//108
f 293//38 299//38 305//38 294//38
f 290//38 263//38 289//38 306//38
f 299//38 290//38 306//38 305//38
f 288//107 310//107 306//107 289//107
f 310//10 309//10 307//10 306//10
f 312//10 313//10 314//10 315//10
f 316//16 317//16 318//16 313//16 312//16 319//16
f 320//15 321//15 318//15 317//15
f 322//38 315//38 314//38 321//38 320//38 323//38
f 318//14 321//14 314//14 313//14
f 316//109 323//109 320//109 317//109
f 322//40 319//40 312//40 315//40
f 323//13 316//13 319//13 322//13
f 324//17 325//17 326//17 327//17
f 327//15 326//15 328//15 329//15
f 329//18 328//18 330//18 331//18
f 331//10 330//10 325//10 324//10
f 327//13 329//13 331//13 324//13
f 328//14 326//14 325//14 330//14
f 332//17 333//17 334//17 335//17
f 335//15 334//15 336//15 337//15
f 337//18 336//18 338//18 339//18
f 339//10 338//10 333//10 332//10
f 335//13 337//13 339//13 332//13
f 336//14 334//14 333//14 338//14
f 340//17 341//17 342//17 343//17
f 343//15 342//15 344//15 345//15
f 345//18 344//18 346//18 347//18
f 347//10 346//10 341//10 340//10
f 343//13 345//13 347//13 340//13
f 344//14 342//14 341//14 346//14
f 348//110 349//110 350//110 351//110
f 351//15 350//15 352//15 353//15
f 353//111 352//111 354//111 355//111
f 355//10 354//10 349//10 348//10
f 355//10 348//10 356//10 357//10
f 352//14 350//14 349//14 354//14
f 358//13 359//13 357//13 356//13
f 360//112 361//112 362//112 363//112
f 358//13 356//13 364//13 360//13
f 353//16 355//16 357//16 359//16
f 356//10 348//10 365//10 366//10 364//10
f 366//113 361//113 360//113 364//113
f 361//114 367//114 368//114 362//114
f 361//115 366//115 365//115 367//115
f 348//14 351//14 367//14 365//14
f 369//15 370//15 371//15 372//15
f 369//15 372//15 363//15 362//15 368//15
f 367//116 351//116 369//116 368//116
f 351//116 353//116 370//116 369//116
f 359//117 358//117 372//117 371//117
f 358//117 360//117 363//117 372//117
f 353//16 359//16 371//16 370//16
f 373//9 374//9 375//9 376//9
f 376//15 375//15 377//15 378//15
f 378//11 377//11 379//11 380//11
f 380//118 379//118 374//118 373//118
f 381//13 382//13 383//13 384//13
f 377//14 375//14 374//14 379//14
f 383//10 380//10 373//10 384//10
f 382//16 378//16 380//16 383//16
f 381//15 376//15 378//15 382//15
f 384//9 373//9 376//9 381//9
f 385//38 386//38 387//38 388//38
f 388//119 387//119 389//119 390//119
f 390//16 389//16 391//16 392//16
f 392//10 391//10 386//10 385//10
f 388//13 390//13 392//13 385//13
f 389//14 387//14 386//14 391//14
f 393//10 394//10 395//10 396//10
f 397//16 398//16 399//16 394//16 393//16 400//16
f 401//15 402//15 399//15 398//15
f 403//38 396//38 395//38 402//38 401//38 404//38
f 399//14 402//14 395//14 394//14
f 397//109 404//109 401//109 398//109
f 403//40 400//40 393//40 396//40
f 404//13 397//13 400//13 403//13
f 405//17 406//17 407//17 408//17
f 408//15 407//15 409//15 410//15
f 410//18 409//18 411//18 412//18
f 412//10 411//10 406//10 405//10
f 408//13 410//13 412//13 405//13
f 409//14 407//14 406//14 411//14
f 413//15 414//15 415//15 416//15
f 417//38 418//38 416//38 415//38
f 419//10 420//10 421//10 422//10 423//10
f 414//15 413//15 424//15 425//15 426//15
f 414//13 426//13 419//13 423//13
f 426//16 425//16 420//16 419//16
f 424//104 421//104 420//104 425//104
f 424//14 413//14 422//14 421//14
f 423//10 422//10 418//10 417//10
f 418//10 422//10 427//10 428//10
f 414//13 423//13 417//13 415//13
f 427//14 429//14 430//14 428//14
f 422//120 413//120 429//120 427//120
f 416//38 418//38 428//38 430//38
f 413//15 416//15 430//15 429//15
f 431//121 432//121 433//121 434//121
f 434//16 433//16 435//16 436//16
f 436//122 435//122 437//122 438//122
f 438//123 437//123 439//123 440//123
f 433//10 432//10 441//10 439//10 437//10 435//10
f 440//38 439//38 441//38 442//38
f 442//124 441//124 432//124 431//124
f 431//15 434//15 436//15 438//15 440//15 442//15
f 443//125 444//125 445//125 446//125
f 446//16 445//16 447//16 448//16
f 448//126 447//126 449//126 450//126
f 450//127 449//127 451//127 452//127
f 445//14 444//14 453//14 451//14 449//14 447//14
f 452//38 451//38 453//38 454//38
f 454//128 453//128 444//128 443//128
f 443//13 446//13 448//13 450//13 452//13 454//13
f 455//129 456//129 457//129 458//129
f 458//130 457//130 459//130 460//130
f 460//131 459//131 461//131 462//131
f 462//132 461//132 463//132 464//132
f 457//133 456//133 465//133 463//133 461//133 459//133
f 464//134 463//134 465//134 466//134
f 466//15 465//15 456//15 455//15
f 455//135 458//135 460//135 462//135 464//135 466//135
f 467//10 468//10 469//10 470//10 471//10 472//10 473//10 474//10
f 475//136 476//136 469//136 468//136
f 477//137 478//137 471//137 470//137
f 473//138 472//138 479//138 480//138
f 481//15 480//15 479//15 478//15 477//15 476//15 475//15 482//15
f 481//139 474//139 473//139 480//139
f 471//140 478//140 479//140 472//140
f 467//141 482//141 475//141 468//141
f 477//142 470//142 469//142 476//142
f 481//143 482//143 467//143 474//143
f 483//38 484//38 485//38 486//38
f 486//144 485//144 487//144 488//144
f 488//16 487//16 489//16 490//16
f 490//145 489//145 484//145 483//145
f 491//13 492//13 493//13 494//13
f 487//14 485//14 484//14 489//14
f 493//10 490//10 483//10 494//10
f 492//16 488//16 490//16 493//16
f 491//15 486//15 488//15 492//15
f 494//38 483//38 486//38 491//38
f 495//42 496//42 497//42 498//42
f 498//16 497//16 499//16 500//16
f 500//43 499//43 501//43 502//43
f 502//44 501//44 503//44 504//44
f 497//10 496//10 505//10 503//10 501//10 499//10
f 504//38 503//38 505//38 506//38
f 506//45 505//45 496//45 495//45
f 495//146 498//146 500//146 502//146 504//146 506//146
f 507//42 508//42 509//42 510//42
f 510//16 509//16 511//16 512//16
f 512//85 511//85 513//85 514//85
f 514//44 513//44 515//44 516//44
f 509//10 508//10 517//10 515//10 513//10 511//10
f 516//38 515//38 517//38 518//38
f 518//45 517//45 508//45 507//45
f 507//15 510//15 512//15 514//15 516//15 518//15
f 519//17 520//17 521//17 522//17
f 522//15 521//15 523//15 524//15
f 524//18 523//18 525//18 526//18
f 526//10 525//10 520//10 519//10
f 522//13 524//13 526//13 519//13
f 523//14 521//14 520//14 525//14
f 527//147 528//147 529//147 530//147
f 529//148 528//148 531//148 532//148 533//148
f 529//148 533//148 534//148 535//148
f 536//149 533//149 532//149 537//149
f 537//150 532//150 531//150 538//150
f 539//151 535//151 534//151 540//151
f 530//152 529//152 535//152 539//152
f 533//153 536//153 540//153 534//153
f 536//154 530//154 539//154 540//154
f 528//155 527//155 538//155 531//155
f 538//154 527//154 530//154 536//154 537//154
f 541//156 542//156 543//156 544//156
f 544//15 543//15 545//15 546//15
f 546//16 545//16 547//16 548//16
f 548//10 547//10 542//10 541//10
f 544//13 546//13 548//13 541//13
f 547//157 545//157 549//157 550//157
f 549//14 551//14 552//14 550//14
f 543//158 542//158 552//158 551//158
f 542//10 547//10 550//10 552//10
f 545//15 543//15 551//15 549//15
f 553//38 554//38 555//38 556//38
f 556//159 555//159 557//159 558//159
f 558//160 557//160 559//160 560//160
f 560//161 559//161 554//161 553//161
f 561//13 562//13 563//13 564//13
f 557//14 555//14 554//14 559//14
f 563//162 565//162 566//162 564//162
f 562//160 567//160 565//160 563//160
f 561//163 568//163 567//163 562//163
f 564//38 566//38 568//38 561//38
f 565//10 560//10 553//10 566//10
f 567//164 558//164 560//164 565//164
f 568//15 556//15 558//15 567//15
f 566//38 553//38 556//38 568//38
f 569//165 570//165 571//165
f 570//15 572//15 571//15
f 573//166 574//166 572//166
f 574//10 575//10 569//10
f 572//167 569//167 571//167
f 570//168 576//168 573//168
f 569//169 575//169 570//169
f 570//15 573//15 572//15
f 573//170 576//170 574//170
f 574//10 576//10 575//10
f 572//171 574//171 569//171
f 570//168 575//168 576//168
f 577//121 578//121 579//121 580//121
f 580//16 579//16 581//16 582//16
f 582//122 581//122 583//122 584//122
f 584//123 583//123 585//123 586//123
f 579//10 578//10 587//10 585//10 583//10 581//10
f 586//38 585//38 587//38 588//38
f 588//124 587//124 578//124 577//124
f 577//15 580//15 582//15 584//15 586//15 588//15
f 589//17 590//17 591//17 592//17
f 592//15 591//15 593//15 594//15
f 594//18 593//18 595//18 596//18
f 596//10 595//10 590//10 589//10
f 592//13 594//13 596//13 589//13
f 593//14 591//14 590//14 595//14
f 597//10 598//10 599//10 600//10
f 598//172 601//172 602//172 603//172 599//172
f 604//14 605//14 606//14 607//14
f 607//173 606//173 608//173 609//173 601//173 598//173
f 604//10 607//10 598//10 597//10
f 610//15 611//15 612//15 613//15
f 613//174 612//174 614//174 615//174 616//174
f 617//14 618//14 619//14 620//14
f 618//175 613//175 616//175 621//175 622//175 619//175
f 617//15 610//15 613//15 618//15
f 623//10 624//10 625//10
f 626//14 627//14 628//14
f 629//176 630//176 609//176
f 628//177 623//177 631//177
f 632//178 633//178 634//178
f 635//179 629//179 636//179
f 637//13 638//13 639//13
f 634//180 640//180 641//180
f 631//181 642//181 635//181
f 643//182 644//182 645//182
f 627//183 646//183 623//183
f 647//184 648//184 649//184
f 650//185 645//185 648//185
f 641//186 651//186 652//186
f 648//186 653//186 649//186
f 645//187 654//187 648//187
f 644//188 655//188 645//188
f 656//14 628//14 657//14
f 658//186 659//186 660//186
f 651//13 661//13 652//13
f 637//189 658//189 660//189
f 662//179 639//179 663//179
f 606//10 605//10 637//10
f 664//14 665//14 666//14
f 654//186 652//186 653//186
f 655//187 641//187 654//187
f 667//178 634//178 655//178
f 653//186 668//186 669//186
f 649//186 669//186 658//186
f 652//15 670//15 668//15
f 671//189 649//189 658//189
f 636//190 672//190 662//190
f 672//10 609//10 608//10
f 669//15 638//15 659//15
f 668//13 673//13 669//13
f 615//15 674//15 675//15
f 676//14 677//14 678//14
f 621//15 616//15 679//15
f 674//177 678//177 631//177
f 633//178 680//178 681//178
f 679//179 635//179 636//179
f 682//191 683//191 684//191
f 640//192 681//192 685//192
f 675//181 631//181 635//181
f 686//193 687//193 688//193
f 612//194 611//194 688//194
f 689//195 690//195 691//195
f 691//196 687//196 686//196
f 651//186 685//186 692//186
f 693//186 690//186 694//186
f 695//187 687//187 690//187
f 696//188 688//188 687//188
f 678//14 680//14 697//14
f 682//186 698//186 683//186
f 699//13 651//13 692//13
f 684//195 698//195 700//195
f 701//179 662//179 663//179
f 684//15 619//15 701//15
f 697//14 664//14 666//14
f 692//186 695//186 693//186
f 685//187 696//187 695//187
f 681//178 677//178 696//178
f 702//186 693//186 703//186
f 703//186 694//186 698//186
f 704//10 692//10 702//10
f 700//197 694//197 689//197
f 705//190 636//190 662//190
f 705//15 621//15 679//15
f 706//10 703//10 682//10
f 707//13 702//13 703//13
f 630//198 708//198 709//198
f 644//199 600//199 599//199
f 626//200 710//200 711//200
f 712//10 602//10 713//10
f 709//201 714//201 713//201
f 656//38 715//38 626//38
f 624//202 716//202 717//202
f 718//14 632//14 667//14
f 718//14 644//14 719//14
f 720//203 721//203 630//203
f 712//51 722//51 719//51
f 720//204 723//204 724//204
f 646//205 710//205 716//205
f 665//206 725//206 726//206
f 727//207 728//207 723//207
f 713//208 729//208 712//208
f 718//209 722//209 725//209
f 665//210 730//210 656//210
f 625//211 717//211 728//211
f 731//15 686//15 732//15
f 733//10 643//10 650//10
f 611//212 610//212 734//212 731//212 732//212
f 605//213 604//213 597//213 735//213 736//213 737//213
f 735//10 650//10 647//10
f 734//214 610//214 617//214 620//214 738//214 739//214
f 738//15 689//15 739//15
f 734//15 689//15 691//15
f 735//215 597//215 600//215 740//215 733//215
f 737//10 647//10 671//10
f 625//10 642//10 623//10
f 623//10 646//10 624//10
f 626//14 711//14 627//14
f 629//10 642//10 625//10
f 629//10 625//10 727//10
f 713//10 602//10 601//10
f 709//10 713//10 601//10
f 629//10 727//10 720//10
f 630//10 709//10 609//10
f 629//10 720//10 630//10
f 709//10 601//10 609//10
f 623//181 628//181 627//181
f 657//177 628//177 631//177
f 631//177 666//177 657//177
f 632//178 664//178 633//178
f 635//179 642//179 629//179
f 663//13 639//13 638//13
f 637//216 660//216 659//216
f 638//13 741//13 663//13
f 637//13 659//13 638//13
f 634//187 633//187 640//187
f 631//181 623//181 642//181
f 627//217 711//217 646//217
f 647//189 650//189 648//189
f 650//218 643//218 645//218
f 641//186 640//186 651//186
f 648//186 654//186 653//186
f 645//187 655//187 654//187
f 644//178 667//178 655//178
f 656//14 626//14 628//14
f 658//186 669//186 659//186
f 651//13 742//13 661//13
f 637//189 671//189 658//189
f 662//179 672//179 639//179
f 637//176 639//176 606//176
f 672//10 608//10 639//10
f 605//10 737//10 671//10
f 639//219 608//219 606//219
f 605//10 671//10 637//10
f 657//14 666//14 656//14
f 664//14 632//14 665//14
f 656//14 666//14 665//14
f 654//220 641//220 652//220
f 655//187 634//187 641//187
f 667//178 632//178 634//178
f 653//186 652//186 668//186
f 649//186 653//186 669//186
f 652//15 661//15 670//15
f 671//189 647//189 649//189
f 636//190 629//190 672//190
f 672//66 629//66 609//66
f 669//15 673//15 638//15
f 668//13 670//13 673//13
f 615//15 614//15 674//15
f 676//14 688//14 677//14
f 675//15 679//15 616//15
f 616//15 615//15 675//15
f 666//177 631//177 697//177
f 674//181 676//181 678//181
f 697//177 631//177 678//177
f 633//178 664//178 680//178
f 679//179 675//179 635//179
f 684//13 701//13 706//13
f 663//13 741//13 706//13
f 706//13 682//13 684//13
f 701//13 663//13 706//13
f 640//187 633//187 681//187
f 675//181 674//181 631//181
f 688//194 676//194 612//194
f 674//194 614//194 676//194
f 611//221 732//221 686//221
f 676//222 614//222 612//222
f 611//194 686//194 688//194
f 689//223 694//223 690//223
f 691//224 690//224 687//224
f 651//186 640//186 685//186
f 693//186 695//186 690//186
f 695//187 696//187 687//187
f 696//178 677//178 688//178
f 678//14 677//14 680//14
f 682//186 703//186 698//186
f 699//13 742//13 651//13
f 684//195 683//195 698//195
f 701//179 705//179 662//179
f 705//15 701//15 622//15
f 684//15 700//15 620//15
f 700//15 738//15 620//15
f 619//15 622//15 701//15
f 684//15 620//15 619//15
f 697//14 680//14 664//14
f 692//225 685//225 695//225
f 685//187 681//187 696//187
f 681//178 680//178 677//178
f 702//186 692//186 693//186
f 703//186 693//186 694//186
f 704//10 699//10 692//10
f 700//195 698//195 694//195
f 705//190 679//190 636//190
f 705//226 622//226 621//226
f 706//10 707//10 703//10
f 707//13 704//13 702//13
f 630//227 721//227 708//227
f 603//199 712//199 719//199
f 719//199 644//199 599//199
f 643//228 740//228 600//228
f 599//229 603//229 719//229
f 644//230 643//230 600//230
f 626//231 715//231 710//231
f 712//10 603//10 602//10
f 709//232 708//232 714//232
f 656//38 730//38 715//38
f 624//38 646//38 716//38
f 718//14 665//14 632//14
f 718//14 667//14 644//14
f 720//203 724//203 721//203
f 712//233 729//233 722//233
f 720//234 727//234 723//234
f 646//38 711//38 710//38
f 665//235 718//235 725//235
f 727//236 625//236 728//236
f 713//237 714//237 729//237
f 718//209 719//209 722//209
f 665//210 726//210 730//210
f 625//238 624//238 717//238
f 731//15 691//15 686//15
f 733//10 740//10 643//10
f 647//176 736//176 735//176
f 735//66 733//66 650//66
f 738//15 700//15 689//15
f 691//15 731//15 734//15
f 734//15 739//15 689//15
f 737//10 736//10 647//10
f 743//10 744//10 745//10 746//10
f 747//16 748//16 749//16 744//16 743//16 750//16
f 751//15 752//15 749//15 748//15
f 753//38 746//38 745//38 752//38 751//38 754//38
f 749//14 752//14 745//14 744//14
f 747//109 754//109 751//109 748//109
f 753//40 750//40 743//40 746//40
f 754//13 747//13 750//13 753//13
f 755//15 756//15 757//15 758//15
f 758//49 757//49 759//49 760//49
f 760//239 759//239 761//239 762//239
f 762//10 761//10 763//10 764//10
f 757//16 756//16 765//16 763//16 761//16 759//16
f 764//47 763//47 765//47 766//47
f 766//240 765//240 756//240 755//240
f 755//38 758//38 760//38 762//38 764//38 766//38
f 767//10 768//10 769//10 770//10
f 771//16 772//16 773//16 768//16 767//16 774//16
f 775//15 776//15 773//15 772//15
f 777//38 770//38 769//38 776//38 775//38 778//38
f 773//14 776//14 769//14 768//14
f 771//109 778//109 775//109 772//109
f 777//40 774//40 767//40 770//40
f 778//13 771//13 774//13 777//13
f 779//10 780//10 781//10
f 782//241 783//241 784//241
f 785//242 786//242 787//242
f 788//16 789//16 790//16
f 791//243 792//243 793//243
f 794//244 795//244 796//244
f 797//245 798//245 799//245
f 800//246 801//246 802//246
f 803//247 784//247 804//247
f 805//248 806//248 807//248
f 808//10 779//10 809//10
f 810//249 811//249 812//249
f 813//250 814//250 815//250
f 816//10 817//10 818//10
f 819//10 820//10 821//10
f 822//14 820//14 823//14
f 824//251 825//251 826//251
f 827//248 828//248 829//248
f 830//252 831//252 832//252
f 833//253 834//253 811//253
f 801//254 835//254 802//254
f 836//255 837//255 838//255
f 839//10 840//10 841//10
f 842//256 832//256 843//256
f 844//257 845//257 835//257
f 846//10 847//10 848//10
f 849//256 843//256 850//256
f 814//258 810//258 812//258
f 851//259 826//259 845//259
f 852//260 853//260 825//260
f 854//261 838//261 853//261
f 855//253 850//253 834//253
f 856//10 857//10 858//10
f 859//10 848//10 860//10
f 861//10 862//10 847//10
f 863//262 858//262 864//262
f 865//10 864//10 799//10
f 866//10 860//10 857//10
f 867//10 868//10 869//10
f 870//10 871//10 872//10
f 869//263 865//263 799//263
f 873//264 874//264 875//264
f 876//176 877//176 878//176
f 879//265 815//265 783//265
f 844//266 799//266 864//266
f 851//267 864//267 858//267
f 880//268 881//268 862//268
f 824//269 858//269 857//269
f 847//270 882//270 836//270
f 860//271 854//271 852//271
f 857//272 852//272 824//272
f 848//273 836//273 854//273
f 797//274 883//274 884//274
f 797//275 869//275 798//275
f 781//276 884//276 885//276
f 780//277 797//277 884//277
f 885//274 884//274 800//274
f 878//278 886//278 887//278
f 872//279 888//279 889//279
f 890//280 891//280 892//280
f 892//281 893//281 868//281
f 894//282 868//282 893//282
f 895//283 866//283 856//283
f 896//284 865//284 894//284
f 859//285 897//285 898//285
f 896//286 856//286 863//286
f 899//287 900//287 901//287
f 861//288 902//288 903//288
f 846//289 898//289 902//289
f 839//290 903//290 900//290
f 904//10 892//10 867//10
f 905//265 894//265 893//265
f 886//264 906//264 887//264
f 907//291 902//291 898//291
f 896//258 908//258 895//258
f 909//292 903//292 902//292
f 910//256 900//256 903//256
f 911//253 898//253 897//253
f 912//252 901//252 900//252
f 913//250 896//250 894//250
f 908//249 897//249 895//249
f 914//247 891//247 915//247
f 888//243 916//243 889//243
f 917//241 893//241 891//241
f 918//244 919//244 920//244
f 873//14 921//14 922//14
f 923//248 924//248 925//248
f 926//293 927//293 921//293
f 928//14 790//14 929//14
f 930//14 931//14 932//14
f 933//14 926//14 921//14
f 934//244 935//244 936//244
f 927//14 937//14 938//14
f 789//14 939//14 940//14
f 921//294 938//294 922//294
f 790//10 940//10 931//10
f 941//295 942//295 943//295
f 881//296 943//296 944//296
f 880//297 945//297 942//297
f 881//298 837//298 882//298
f 901//299 946//299 899//299
f 901//16 831//16 947//16
f 948//300 949//300 841//300
f 899//301 950//301 840//301
f 841//216 945//216 951//216
f 840//302 952//302 948//302
f 953//10 954//10 808//10
f 821//66 955//66 956//66
f 818//10 957//10 958//10
f 959//14 926//14 960//14
f 961//14 937//14 962//14
f 963//10 962//10 926//10
f 904//10 964//10 953//10
f 956//10 965//10 876//10
f 958//10 966//10 870//10
f 965//14 960//14 877//14
f 955//14 959//14 965//14
f 886//14 960//14 933//14
f 820//14 932//14 955//14
f 967//14 933//14 873//14
f 783//303 913//303 905//303
f 967//264 875//264 906//264
f 834//253 909//253 907//253
f 968//258 812//258 908//258
f 850//256 910//256 909//256
f 843//256 912//256 910//256
f 811//253 907//253 911//253
f 832//252 969//252 912//252
f 929//14 930//14 822//14
f 815//250 968//250 913//250
f 812//249 911//249 908//249
f 807//248 829//248 923//248
f 804//247 917//247 914//247
f 970//242 796//242 919//242
f 971//243 793//243 916//243
f 972//244 787//244 935//244
f 784//241 905//241 917//241
f 961//15 973//15 974//15
f 939//38 975//38 940//38
f 959//16 973//16 963//16
f 931//38 976//38 932//38
f 961//16 977//16 978//16
f 931//14 975//14 979//14
f 932//15 980//15 959//15
f 981//67 982//67 983//67
f 984//241 782//241 985//241
f 986//304 987//304 988//304
f 989//16 788//16 990//16
f 792//243 991//243 992//243
f 993//244 994//244 995//244
f 996//305 997//305 998//305
f 800//246 998//246 999//246
f 985//247 803//247 1000//247
f 1001//248 1002//248 1003//248
f 981//15 1004//15 1005//15
f 1006//249 810//249 1007//249
f 1008//250 813//250 1009//250
f 1010//226 1011//226 1012//226
f 1013//15 1014//15 1015//15
f 1016//14 1014//14 1017//14
f 825//251 1018//251 826//251
f 1019//248 1020//248 1021//248
f 1022//252 830//252 1023//252
f 1024//253 833//253 1006//253
f 835//254 998//254 802//254
f 837//255 1025//255 838//255
f 1026//15 1027//15 1028//15
f 1023//256 842//256 1029//256
f 845//257 1030//257 835//257
f 1031//226 1032//226 1033//226
f 1029//256 849//256 1034//256
f 1008//258 810//258 1035//258
f 826//259 1036//259 845//259
f 853//260 1037//260 825//260
f 838//261 1038//261 853//261
f 1034//253 855//253 1024//253
f 1039//15 1040//15 1041//15
f 1033//226 1042//226 1043//226
f 1044//15 1045//15 1031//15
f 1041//306 1046//306 1047//306
f 1047//15 1048//15 996//15
f 1043//15 1049//15 1039//15
f 1050//67 1051//67 1052//67
f 1053//15 1054//15 1055//15
f 1048//307 1050//307 1056//307
f 874//264 1057//264 1058//264
f 1059//15 1060//15 1061//15
f 1009//265 879//265 984//265
f 1030//308 996//308 998//308
f 1036//309 1047//309 1030//309
f 1062//310 1063//310 1044//310
f 1018//311 1041//311 1036//311
f 1031//312 1064//312 1044//312
f 1043//313 1038//313 1033//313
f 1039//314 1037//314 1043//314
f 1033//315 1025//315 1031//315
f 997//274 1065//274 999//274
f 997//316 1066//316 1056//316
f 1067//317 1065//317 982//317
f 982//317 997//317 1056//317
f 800//274 1068//274 1069//274
f 1070//318 1071//318 1060//318
f 1072//319 1073//319 1054//319
f 1074//320 1075//320 1076//320
f 1077//321 1076//321 1050//321
f 1050//322 1078//322 1077//322
f 1079//323 1049//323 1080//323
f 1048//324 1081//324 1078//324
f 1042//325 1080//325 1049//325
f 1081//326 1040//326 1079//326
f 1082//327 1083//327 1028//327
f 1045//328 1084//328 1032//328
f 1032//325 1085//325 1042//325
f 1028//329 1086//329 1045//329
f 1087//15 1076//15 1075//15
f 1078//265 1088//265 1077//265
f 1089//264 1071//264 1090//264
f 1084//253 1091//253 1085//253
f 1081//258 1092//258 1093//258
f 1086//292 1094//292 1084//292
f 1083//256 1095//256 1086//256
f 1085//253 1096//253 1080//253
f 1097//252 1098//252 1083//252
f 1081//250 1099//250 1078//250
f 1080//249 1092//249 1079//249
f 1074//247 1100//247 1101//247
f 1102//243 1073//243 1103//243
f 1077//241 1104//241 1074//241
f 1105//244 918//244 920//244
f 1057//14 1106//14 1107//14
f 924//248 1108//248 925//248
f 1109//330 1110//330 1106//330
f 928//14 990//14 788//14
f 1111//14 1017//14 1112//14
f 1107//14 1110//14 1113//14
f 1114//244 934//244 936//244
f 1109//14 937//14 1115//14
f 939//14 989//14 1116//14
f 938//294 1106//294 922//294
f 1116//15 990//15 1111//15
f 1117//295 942//295 1063//295
f 1062//331 943//331 1117//331
f 1063//13 945//13 1118//13
f 837//298 1062//298 1064//298
f 946//299 1097//299 1082//299
f 1097//14 1022//14 1119//14
f 949//300 1120//300 1026//300
f 950//301 1082//301 1027//301
f 945//216 1026//216 1118//216
f 952//332 1027//332 1120//332
f 983//15 1121//15 1004//15
f 1122//15 1123//15 1014//15
f 1124//15 1125//15 1011//15
f 1110//14 1126//14 1113//14
f 937//14 1127//14 1115//14
f 1115//15 1128//15 1110//15
f 1129//226 1051//226 1087//226
f 1130//15 1061//15 1131//15
f 1053//333 1132//333 1133//333
f 1113//14 1061//14 1060//14
f 1134//14 1123//14 1135//14
f 1071//14 1113//14 1060//14
f 1112//14 1014//14 1123//14
f 1136//14 1107//14 1071//14
f 1099//303 984//303 1088//303
f 1058//264 1136//264 1089//264
f 1094//253 1024//253 1091//253
f 1093//258 1007//258 1008//258
f 1095//256 1034//256 1094//256
f 1098//256 1029//256 1095//256
f 1091//253 1006//253 1096//253
f 1119//252 1023//252 1098//252
f 1137//14 1017//14 990//14
f 1093//250 1009//250 1099//250
f 1096//249 1007//249 1092//249
f 1021//248 1003//248 1108//248
f 1104//247 1000//247 1100//247
f 995//304 1138//304 1105//304
f 992//243 1139//243 1102//243
f 988//244 1140//244 1114//244
f 1088//241 985//241 1104//241
f 1127//15 1141//15 1128//15
f 1142//38 939//38 1116//38
f 1141//16 1126//16 1128//16
f 1143//38 1111//38 1112//38
f 977//16 1127//16 978//16
f 1111//14 1142//14 1116//14
f 1144//10 1112//10 1134//10
f 1140//14 1145//14 1146//14
f 934//14 1146//14 1147//14
f 1019//334 1148//334 1020//334
f 987//14 1149//14 1145//14
f 1150//335 1151//335 1152//335
f 1153//15 1154//15 1002//15
f 1020//15 1155//15 1153//15
f 972//14 1156//14 785//14
f 934//14 1157//14 972//14
f 1158//336 828//336 827//336
f 785//14 1159//14 1160//14
f 786//10 1159//10 1161//10
f 795//66 1162//66 1163//66
f 1164//10 1165//10 805//10
f 1166//176 827//176 1165//176
f 805//10 1163//10 1164//10
f 1002//226 1152//226 993//226
f 1000//337 1102//337 1100//337
f 1003//244 1105//244 1108//244
f 1129//15 1053//15 1133//15
f 1004//226 1167//226 1124//226
f 1108//244 920//244 925//244
f 1100//337 1103//337 1101//337
f 1075//338 1103//338 1072//338
f 1087//15 1072//15 1053//15
f 1005//15 1124//15 1010//15
f 1002//339 995//339 1003//339
f 803//337 992//337 1000//337
f 916//337 804//337 914//337
f 919//244 807//244 923//244
f 953//176 870//176 904//176
f 808//10 958//10 953//10
f 920//244 923//244 925//244
f 889//337 914//337 915//337
f 890//340 889//340 915//340
f 904//10 872//10 890//10
f 809//10 818//10 808//10
f 796//339 805//339 807//339
f 793//337 803//337 804//337
f 986//341 1168//341 1169//341
f 993//341 1170//341 1171//341
f 1149//14 1169//14 1168//14
f 1149//342 1172//342 1173//342
f 1164//10 816//10 809//10
f 1154//15 1010//15 1152//15
f 1146//14 1016//14 1137//14
f 1147//14 1137//14 928//14
f 1174//334 1067//334 1148//334
f 1145//14 1015//14 1016//14
f 1173//15 1015//15 1149//15
f 1152//226 1012//226 1150//226
f 1155//15 1005//15 1154//15
f 1148//15 981//15 1155//15
f 1157//14 822//14 1156//14
f 1147//14 929//14 1157//14
f 781//336 1175//336 1158//336
f 1156//14 823//14 1159//14
f 1161//10 823//10 819//10
f 1163//10 1176//10 816//10
f 809//10 1166//10 1164//10
f 779//10 1158//10 1166//10
f 1162//10 819//10 1176//10
f 1012//343 1177//343 1178//343
f 1173//344 1170//344 1150//344
f 1171//341 1172//341 986//341
f 1179//66 1161//66 1162//66
f 994//244 1114//244 1138//244
f 991//345 1089//345 1139//345
f 1132//15 1059//15 1130//15
f 1011//15 1180//15 1122//15
f 1138//244 936//244 918//244
f 1139//345 1090//345 1073//345
f 1054//346 1090//346 1070//346
f 1055//226 1070//226 1059//226
f 1181//345 1058//345 991//345
f 1012//15 1122//15 1013//15
f 1171//347 988//347 994//347
f 935//242 794//242 970//242
f 906//345 791//345 971//345
f 957//10 876//10 966//10
f 817//10 956//10 957//10
f 936//244 970//244 918//244
f 887//345 971//345 888//345
f 871//348 887//348 888//348
f 966//10 878//10 871//10
f 875//345 1181//345 791//345
f 1176//10 821//10 817//10
f 787//347 1179//347 794//347
f 1182//226 1177//226 1183//226
f 1012//349 1182//349 1150//349
f 1150//350 1183//350 1173//350
f 1173//13 1177//13 1013//13
f 1125//15 1184//15 1180//15
f 1121//15 1185//15 1167//15
f 1186//10 1134//10 1187//10
f 1187//14 1135//14 1131//14
f 1167//226 1188//226 1125//226
f 1180//226 1135//226 1123//226
f 1189//15 1190//15 1121//15
f 1126//14 1131//14 1061//14
f 1191//10 1187//10 1126//10
f 1184//13 1192//13 1130//13
f 1190//15 1133//15 1185//15
f 1185//351 1132//351 1188//351
f 1184//15 1131//15 1135//15
f 1193//15 1129//15 1190//15
f 1194//15 1195//15 1196//15
f 1132//14 1196//14 1188//14
f 1130//352 1194//352 1132//352
f 1188//353 1195//353 1184//353
f 779//354 954//354 780//354
f 782//241 879//241 783//241
f 785//244 1160//244 786//244
f 788//16 1197//16 789//16
f 791//243 1181//243 792//243
f 794//244 1179//244 795//244
f 799//355 801//355 797//355
f 883//356 797//356 801//356
f 800//246 883//246 801//246
f 803//247 782//247 784//247
f 805//248 1165//248 806//248
f 808//10 954//10 779//10
f 810//249 833//249 811//249
f 813//357 1035//357 814//357
f 816//10 1176//10 817//10
f 819//10 823//10 820//10
f 822//14 930//14 820//14
f 824//251 852//251 825//251
f 1069//248 924//248 829//248
f 806//248 1165//248 827//248
f 1069//248 829//248 828//248
f 827//358 829//358 806//358
f 830//252 947//252 831//252
f 833//253 855//253 834//253
f 801//254 844//254 835//254
f 836//255 882//255 837//255
f 951//10 862//10 841//10
f 839//10 899//10 840//10
f 840//10 948//10 841//10
f 841//10 862//10 839//10
f 842//256 830//256 832//256
f 844//257 851//257 845//257
f 846//10 861//10 847//10
f 849//292 842//292 843//292
f 814//258 1035//258 810//258
f 851//259 824//259 826//259
f 852//260 854//260 853//260
f 854//359 836//359 838//359
f 855//253 849//253 850//253
f 856//10 866//10 857//10
f 859//10 846//10 848//10
f 861//10 839//10 862//10
f 863//360 856//360 858//360
f 865//10 863//10 864//10
f 866//10 859//10 860//10
f 780//10 954//10 964//10
f 964//10 867//10 869//10
f 892//10 868//10 867//10
f 869//10 780//10 964//10
f 870//10 966//10 871//10
f 799//361 798//361 869//361
f 869//362 868//362 865//362
f 873//264 922//264 874//264
f 876//10 965//10 877//10
f 879//265 813//265 815//265
f 844//363 801//363 799//363
f 851//364 844//364 864//364
f 882//365 862//365 881//365
f 951//268 880//268 862//268
f 941//366 881//366 880//366
f 824//367 851//367 858//367
f 847//270 862//270 882//270
f 860//368 848//368 854//368
f 857//272 860//272 852//272
f 848//369 847//369 836//369
f 781//336 780//336 884//336
f 780//276 869//276 797//276
f 800//274 1069//274 885//274
f 1175//274 885//274 1069//274
f 1069//274 828//274 1175//274
f 884//370 883//370 800//370
f 878//371 877//371 886//371
f 872//340 871//340 888//340
f 890//372 915//372 891//372
f 892//373 891//373 893//373
f 894//374 865//374 868//374
f 895//375 897//375 866//375
f 896//376 863//376 865//376
f 859//377 866//377 897//377
f 896//378 895//378 856//378
f 899//379 839//379 900//379
f 861//380 846//380 902//380
f 846//377 859//377 898//377
f 839//381 861//381 903//381
f 904//10 890//10 892//10
f 905//265 913//265 894//265
f 886//264 967//264 906//264
f 907//382 909//382 902//382
f 896//258 968//258 908//258
f 909//292 910//292 903//292
f 910//256 912//256 900//256
f 911//253 907//253 898//253
f 912//252 969//252 901//252
f 913//357 968//357 896//357
f 908//249 911//249 897//249
f 914//247 917//247 891//247
f 888//243 971//243 916//243
f 917//241 905//241 893//241
f 918//244 970//244 919//244
f 873//14 933//14 921//14
f 923//248 829//248 924//248
f 926//383 962//383 927//383
f 928//14 788//14 790//14
f 930//14 790//14 931//14
f 933//14 960//14 926//14
f 934//384 972//384 935//384
f 927//14 962//14 937//14
f 789//14 1197//14 939//14
f 921//294 927//294 938//294
f 790//10 789//10 940//10
f 941//295 880//295 942//295
f 881//331 941//331 943//331
f 880//13 951//13 945//13
f 881//298 944//298 837//298
f 901//385 947//385 946//385
f 901//14 969//14 831//14
f 948//300 952//300 949//300
f 899//385 946//385 950//385
f 841//216 949//216 945//216
f 840//302 950//302 952//302
f 953//10 964//10 954//10
f 821//10 820//10 955//10
f 818//10 817//10 957//10
f 959//14 963//14 926//14
f 961//14 978//14 937//14
f 963//10 961//10 962//10
f 904//66 867//66 964//66
f 956//10 955//10 965//10
f 958//10 957//10 966//10
f 965//14 959//14 960//14
f 955//14 932//14 959//14
f 886//14 877//14 960//14
f 820//14 930//14 932//14
f 967//14 886//14 933//14
f 783//265 815//265 913//265
f 967//264 873//264 875//264
f 834//291 850//291 909//291
f 968//258 814//258 812//258
f 850//292 843//292 910//292
f 843//256 832//256 912//256
f 811//253 834//253 907//253
f 832//252 831//252 969//252
f 929//14 790//14 930//14
f 815//250 814//250 968//250
f 812//249 811//249 911//249
f 807//248 806//248 829//248
f 804//247 784//247 917//247
f 970//244 794//244 796//244
f 971//243 791//243 793//243
f 972//347 785//347 787//347
f 784//241 783//241 905//241
f 961//10 963//10 973//10
f 939//38 1198//38 975//38
f 959//16 980//16 973//16
f 931//38 979//38 976//38
f 961//16 974//16 977//16
f 931//14 940//14 975//14
f 932//15 976//15 980//15
f 981//15 1067//15 982//15
f 984//241 879//241 782//241
f 986//244 1169//244 987//244
f 989//16 1197//16 788//16
f 792//243 1181//243 991//243
f 993//244 1171//244 994//244
f 999//386 998//386 997//386
f 996//387 1066//387 997//387
f 800//246 802//246 998//246
f 985//247 782//247 803//247
f 1001//248 1153//248 1002//248
f 981//226 983//226 1004//226
f 1006//249 833//249 810//249
f 1008//357 1035//357 813//357
f 1010//15 1124//15 1011//15
f 1013//226 1122//226 1014//226
f 1016//14 1015//14 1014//14
f 825//251 1037//251 1018//251
f 1021//248 924//248 1069//248
f 1069//248 1019//248 1021//248
f 1020//248 1153//248 1001//248
f 1001//358 1021//358 1020//358
f 1022//252 947//252 830//252
f 1024//253 855//253 833//253
f 835//254 1030//254 998//254
f 837//255 1064//255 1025//255
f 1028//15 1044//15 1026//15
f 1026//15 1120//15 1027//15
f 1044//15 1118//15 1026//15
f 1027//15 1082//15 1028//15
f 1023//256 830//256 842//256
f 845//257 1036//257 1030//257
f 1031//15 1045//15 1032//15
f 1029//292 842//292 849//292
f 1008//258 1007//258 810//258
f 826//259 1018//259 1036//259
f 853//260 1038//260 1037//260
f 838//359 1025//359 1038//359
f 1034//253 849//253 855//253
f 1039//15 1049//15 1040//15
f 1033//15 1032//15 1042//15
f 1044//15 1028//15 1045//15
f 1041//388 1040//388 1046//388
f 1047//15 1046//15 1048//15
f 1043//15 1042//15 1049//15
f 1189//15 983//15 982//15
f 1056//15 1050//15 1193//15
f 1189//15 982//15 1056//15
f 1193//226 1189//226 1056//226
f 1050//15 1076//15 1051//15
f 1052//15 1193//15 1050//15
f 1053//15 1072//15 1054//15
f 1056//389 1066//389 996//389
f 996//390 1048//390 1056//390
f 874//264 922//264 1057//264
f 1059//15 1070//15 1060//15
f 1009//265 813//265 879//265
f 1030//391 1047//391 996//391
f 1036//392 1041//392 1047//392
f 1118//310 1044//310 1063//310
f 1064//393 1062//393 1044//393
f 1117//394 1063//394 1062//394
f 1018//395 1039//395 1041//395
f 1031//312 1025//312 1064//312
f 1043//396 1037//396 1038//396
f 1039//314 1018//314 1037//314
f 1033//397 1038//397 1025//397
f 1067//317 1068//317 1065//317
f 982//334 1065//334 997//334
f 1019//274 1069//274 1174//274
f 800//370 999//370 1065//370
f 1065//274 1068//274 800//274
f 1174//274 1069//274 1068//274
f 1070//398 1090//398 1071//398
f 1072//399 1103//399 1073//399
f 1074//400 1101//400 1075//400
f 1077//401 1074//401 1076//401
f 1050//402 1048//402 1078//402
f 1079//403 1040//403 1049//403
f 1048//404 1046//404 1081//404
f 1042//405 1085//405 1080//405
f 1081//406 1046//406 1040//406
f 1082//407 1097//407 1083//407
f 1045//408 1086//408 1084//408
f 1032//409 1084//409 1085//409
f 1028//410 1083//410 1086//410
f 1087//15 1051//15 1076//15
f 1078//265 1099//265 1088//265
f 1089//264 1136//264 1071//264
f 1084//382 1094//382 1091//382
f 1081//258 1079//258 1092//258
f 1086//292 1095//292 1094//292
f 1083//256 1098//256 1095//256
f 1085//253 1091//253 1096//253
f 1097//252 1119//252 1098//252
f 1081//357 1093//357 1099//357
f 1080//249 1096//249 1092//249
f 1074//247 1104//247 1100//247
f 1102//243 1139//243 1073//243
f 1077//241 1088//241 1104//241
f 1105//244 1138//244 918//244
f 1057//14 922//14 1106//14
f 924//248 1021//248 1108//248
f 1109//411 1115//411 1110//411
f 928//14 1137//14 990//14
f 1111//14 990//14 1017//14
f 1107//14 1106//14 1110//14
f 1114//347 1140//347 934//347
f 1109//14 938//14 937//14
f 939//14 1197//14 989//14
f 938//294 1109//294 1106//294
f 1116//15 989//15 990//15
f 1117//295 943//295 942//295
f 1062//296 944//296 943//296
f 1063//297 942//297 945//297
f 837//298 944//298 1062//298
f 946//385 947//385 1097//385
f 1097//16 947//16 1022//16
f 949//300 952//300 1120//300
f 950//385 946//385 1082//385
f 945//216 949//216 1026//216
f 952//302 950//302 1027//302
f 983//226 1189//226 1121//226
f 1122//226 1180//226 1123//226
f 1124//15 1167//15 1125//15
f 1110//14 1128//14 1126//14
f 937//14 978//14 1127//14
f 1115//15 1127//15 1128//15
f 1129//15 1052//15 1051//15
f 1130//15 1059//15 1061//15
f 1053//226 1055//226 1132//226
f 1113//14 1126//14 1061//14
f 1134//14 1112//14 1123//14
f 1071//14 1107//14 1113//14
f 1112//14 1017//14 1014//14
f 1136//14 1057//14 1107//14
f 1099//303 1009//303 984//303
f 1058//264 1057//264 1136//264
f 1094//291 1034//291 1024//291
f 1093//258 1092//258 1007//258
f 1095//292 1029//292 1034//292
f 1098//256 1023//256 1029//256
f 1091//253 1024//253 1006//253
f 1119//252 1022//252 1023//252
f 1137//14 1016//14 1017//14
f 1093//250 1008//250 1009//250
f 1096//249 1006//249 1007//249
f 1021//248 1001//248 1003//248
f 1104//247 985//247 1000//247
f 995//244 994//244 1138//244
f 992//243 991//243 1139//243
f 988//347 987//347 1140//347
f 1088//241 984//241 985//241
f 1127//10 1199//10 1141//10
f 1142//38 1198//38 939//38
f 1141//16 1191//16 1126//16
f 1143//38 1200//38 1111//38
f 977//16 1199//16 1127//16
f 1111//14 1200//14 1142//14
f 1144//10 1143//10 1112//10
f 1140//14 987//14 1145//14
f 934//14 1140//14 1146//14
f 1019//317 1174//317 1148//317
f 987//14 1169//14 1149//14
f 1150//412 1170//412 1151//412
f 1153//15 1155//15 1154//15
f 1020//333 1148//333 1155//333
f 972//14 1157//14 1156//14
f 934//14 1147//14 1157//14
f 1158//276 1175//276 828//276
f 785//14 1156//14 1159//14
f 786//66 1160//66 1159//66
f 795//10 1179//10 1162//10
f 1164//10 1166//10 1165//10
f 1166//413 1158//413 827//413
f 805//66 795//66 1163//66
f 1002//15 1154//15 1152//15
f 1000//337 992//337 1102//337
f 1003//304 995//304 1105//304
f 1129//15 1087//15 1053//15
f 1004//15 1121//15 1167//15
f 1108//244 1105//244 920//244
f 1100//337 1102//337 1103//337
f 1075//414 1101//414 1103//414
f 1087//15 1075//15 1072//15
f 1005//15 1004//15 1124//15
f 1002//347 993//347 995//347
f 803//337 792//337 992//337
f 916//337 793//337 804//337
f 919//242 796//242 807//242
f 953//66 958//66 870//66
f 808//66 818//66 958//66
f 920//244 919//244 923//244
f 889//337 916//337 914//337
f 890//415 872//415 889//415
f 904//10 870//10 872//10
f 809//10 816//10 818//10
f 796//339 795//339 805//339
f 793//337 792//337 803//337
f 986//416 1172//416 1168//416
f 993//417 1151//417 1170//417
f 993//418 1152//418 1151//418
f 1149//345 1168//345 1172//345
f 1164//10 1163//10 816//10
f 1154//226 1005//226 1010//226
f 1146//14 1145//14 1016//14
f 1147//14 1146//14 1137//14
f 1174//317 1068//317 1067//317
f 1145//14 1149//14 1015//14
f 1173//226 1013//226 1015//226
f 1152//226 1010//226 1012//226
f 1155//15 981//15 1005//15
f 1148//333 1067//333 981//333
f 1157//14 929//14 822//14
f 1147//14 928//14 929//14
f 781//276 885//276 1175//276
f 1156//14 822//14 823//14
f 1161//10 1159//10 823//10
f 1163//10 1162//10 1176//10
f 809//176 779//176 1166//176
f 779//413 781//413 1158//413
f 1162//10 1161//10 819//10
f 1012//419 1013//419 1177//419
f 1173//342 1172//342 1170//342
f 1171//341 1170//341 1172//341
f 1179//10 786//10 1161//10
f 994//244 988//244 1114//244
f 991//345 1058//345 1089//345
f 1132//15 1055//15 1059//15
f 1011//15 1125//15 1180//15
f 1138//244 1114//244 936//244
f 1139//345 1089//345 1090//345
f 1054//420 1073//420 1090//420
f 1055//15 1054//15 1070//15
f 1181//345 874//345 1058//345
f 1012//226 1011//226 1122//226
f 1171//244 986//244 988//244
f 935//244 787//244 794//244
f 906//345 875//345 791//345
f 957//10 956//10 876//10
f 817//10 821//10 956//10
f 936//244 935//244 970//244
f 887//345 906//345 971//345
f 871//421 878//421 887//421
f 966//10 876//10 878//10
f 875//345 874//345 1181//345
f 1176//10 819//10 821//10
f 787//244 786//244 1179//244
f 1182//15 1178//15 1177//15
f 1012//349 1178//349 1182//349
f 1150//350 1182//350 1183//350
f 1173//13 1183//13 1177//13
f 1125//15 1188//15 1184//15
f 1121//15 1190//15 1185//15
f 1186//10 1144//10 1134//10
f 1187//14 1134//14 1135//14
f 1167//422 1185//422 1188//422
f 1180//15 1184//15 1135//15
f 1189//15 1193//15 1190//15
f 1126//14 1187//14 1131//14
f 1191//10 1186//10 1187//10
f 1184//13 1195//13 1192//13
f 1190//15 1129//15 1133//15
f 1185//422 1133//422 1132//422
f 1184//15 1130//15 1131//15
f 1193//15 1052//15 1129//15
f 1194//15 1192//15 1195//15
f 1132//14 1194//14 1196//14
f 1130//352 1192//352 1194//352
f 1188//353 1196//353 1195//353
f 1201//42 1202//42 1203//42 1204//42
f 1204//16 1203//16 1205//16 1206//16
f 1206//85 1205//85 1207//85 1208//85
f 1208//44 1207//44 1209//44 1210//44
f 1203//10 1202//10 1211//10 1209//10 1207//10 1205//10
f 1210//38 1209//38 1211//38 1212//38
f 1212//45 1211//45 1202//45 1201//45
f 1201//15 1204//15 1206//15 1208//15 1210//15 1212//15
f 1213//10 1214//10 1215//10 1216//10
f 1217//16 1218//16 1219//16 1214//16 1213//16 1220//16
f 1221//15 1222//15 1219//15 1218//15
f 1223//38 1216//38 1215//38 1222//38 1221//38 1224//38
f 1219//14 1222//14 1215//14 1214//14
f 1217//109 1224//109 1221//109 1218//109
f 1223//40 1220//40 1213//40 1216//40
f 1224//13 1217//13 1220//13 1223//13
f 1225//10 1226//10 1227//10 1228//10
f 1226//423 1229//423 1230//423 1227//423
f 1229//49 1231//49 1232//49 1230//49
f 1231//15 1233//15 1234//15 1232//15
f 1227//16 1230//16 1232//16 1234//16 1235//16 1228//16
f 1233//46 1236//46 1235//46 1234//46
f 1236//424 1225//424 1228//424 1235//424
f 1225//38 1236//38 1233//38 1231//38 1229//38 1226//38
f 1237//42 1238//42 1239//42 1240//42
f 1240//16 1239//16 1241//16 1242//16
f 1242//43 1241//43 1243//43 1244//43
f 1244//44 1243//44 1245//44 1246//44
f 1239//10 1238//10 1247//10 1245//10 1243//10 1241//10
f 1246//38 1245//38 1247//38 1248//38
f 1248//45 1247//45 1238//45 1237//45
f 1237//146 1240//146 1242//146 1244//146 1246//146 1248//146

g FNFiveSeven__Bullet
f 1249//425 1250//426 1251//427
f 1252//428 1253//429 1254//430
f 1255//431 1256//432 1252//431
f 1257//433 1250//434 1258//435
f 1249//436 1252//437 1254//438
f 1259//439 1256//440 1260//441
f 1257//442 1261//443 1259//444
f 1262//445 1263//446 1264//447
f 1261//448 1265//449 1256//450
f 1261//451 1266//452 1267//453
f 1254//454 1268//455 1250//455
f 1252//456 1265//457 1262//458
f 1258//459 1268//460 1266//461
f 1269//462 1270//463 1263//464
f 1266//465 1271//466 1272//467
f 1253//468 1264//469 1273//470
f 1267//471 1263//472 1265//473
f 1266//474 1269//475 1267//476
f 1253//477 1271//478 1268//479
f 1274//1 1275//1 1276//1
f 1272//480 1276//480 1269//480
f 1273//481 1277//482 1271//483
f 1264//484 1270//485 1275//486
f 1272//487 1277//488 1278//489
f 1264//490 1274//491 1273//491
f 1279//492 1280//493 1281//493
f 1282//2 1283//2 1284//2
f 1281//4 1284//4 1285//4
f 1286//494 1282//495 1287//496
f 1288//497 1289//498 1279//499
f 1285//500 1283//501 1286//502
f 1287//3 1290//3 1288//3
f 1291//503 1292//504 1293//505
f 1294//506 1295//507 1292//508
f 1296//509 1297//509 1295//509
f 1298//510 1299//511 1297//512
f 1300//513 1251//513 1257//513
f 1299//514 1300//8 1301//515
f 1300//4 1293//4 1301//4
f 1297//516 1302//517 1303//518
f 1304//519 1305//519 1306//519
f 1295//520 1307//521 1292//522
f 1301//523 1302//524 1299//525
f 1293//526 1307//527 1304//528
f 1297//529 1308//530 1295//531
f 1293//532 1306//533 1301//534
f 1309//535 1310//536 1311//537
f 1302//538 1312//539 1303//540
f 1308//541 1313//541 1307//542
f 1306//543 1309//543 1302//544
f 1303//545 1314//546 1308//547
f 1307//548 1315//549 1304//550
f 1316//4 1317//4 1310//4
f 1312//1 1318//551 1314//1
f 1313//552 1316//553 1315//554
f 1315//554 1310//536 1305//555
f 1309//535 1319//556 1312//1
f 1313//552 1318//551 1320//557
f 1317//558 1321//559 1322//560
f 1311//561 1323//562 1319//563
f 1318//5 1324//564 1320//565
f 1310//566 1322//567 1311//7
f 1319//3 1325//3 1318//3
f 1320//568 1326//568 1316//568
f 1291//1 1260//1 1294//1
f 1298//569 1255//570 1249//571
f 1291//572 1257//573 1259//574
f 1298//569 1251//575 1327//576
f 1296//577 1260//577 1255//578
f 1328//4 1329//4 1330//4
f 1323//579 1330//580 1325//581
f 1326//582 1331//583 1332//584
f 1326//582 1333//585 1317//558
f 1323//579 1321//559 1328//2
f 1325//581 1331//583 1324//586
f 1329//587 1279//588 1334//2
f 1331//589 1335//589 1332//590
f 1332//3 1336//3 1333//3
f 1321//591 1337//592 1328//593
f 1330//594 1334//595 1331//596
f 1333//597 1338//598 1321//598
f 1336//599 1286//600 1338//601
f 1329//587 1287//602 1288//603
f 1335//604 1279//605 1281//604
f 1336//599 1281//606 1285//607
f 1337//608 1286//608 1287//608
f 1249//425 1254//609 1250//426
f 1252//428 1262//610 1253//429
f 1255//611 1260//612 1256//613
f 1257//433 1251//614 1250//434
f 1249//436 1255//615 1252//437
f 1259//616 1261//617 1256//618
f 1257//442 1258//619 1261//443
f 1262//620 1265//621 1263//622
f 1261//448 1267//623 1265//449
f 1261//451 1258//624 1266//452
f 1254//625 1253//626 1268//625
f 1252//627 1256//628 1265//629
f 1258//630 1250//631 1268//632
f 1269//633 1276//633 1270//634
f 1266//465 1268//635 1271//466
f 1253//468 1262//636 1264//469
f 1267//471 1269//637 1263//472
f 1266//474 1272//638 1269//475
f 1253//477 1273//639 1271//478
f 1275//1 1270//1 1276//1
f 1276//1 1278//1 1274//1
f 1278//1 1277//1 1274//1
f 1272//640 1278//641 1276//642
f 1273//643 1274//644 1277//643
f 1264//484 1263//645 1270//485
f 1272//487 1271//646 1277//488
f 1264//647 1275//648 1274//647
f 1279//493 1289//649 1280//650
f 1284//2 1280//2 1290//2
f 1280//2 1289//2 1290//2
f 1290//2 1282//2 1284//2
f 1281//4 1280//4 1284//4
f 1286//494 1283//651 1282//495
f 1288//652 1290//653 1289//498
f 1285//500 1284//654 1283//501
f 1287//3 1282//3 1290//3
f 1291//503 1294//655 1292//504
f 1294//506 1296//656 1295//507
f 1296//509 1298//509 1297//509
f 1298//510 1327//657 1299//511
f 1300//658 1327//576 1251//575
f 1299//514 1327//659 1300//8
f 1300//4 1291//4 1293//4
f 1297//660 1299//661 1302//662
f 1304//519 1315//519 1305//519
f 1295//663 1308//664 1307//665
f 1301//666 1306//667 1302//666
f 1293//668 1292//669 1307//668
f 1297//529 1303//670 1308//530
f 1293//532 1304//671 1306//533
f 1309//535 1305//555 1310//536
f 1302//538 1309//672 1312//539
f 1308//541 1314//542 1313//541
f 1306//543 1305//673 1309//543
f 1303//545 1312//674 1314//546
f 1307//675 1313//676 1315//548
f 1316//4 1326//4 1317//4
f 1312//1 1319//556 1318//551
f 1313//552 1320//557 1316//553
f 1315//554 1316//553 1310//536
f 1309//535 1311//537 1319//556
f 1313//552 1314//1 1318//551
f 1317//558 1333//585 1321//559
f 1311//561 1322//677 1323//562
f 1318//564 1325//565 1324//5
f 1310//566 1317//678 1322//567
f 1319//3 1323//3 1325//3
f 1320//568 1324//568 1326//568
f 1291//679 1259//680 1260//680
f 1298//569 1296//1 1255//570
f 1291//572 1300//681 1257//573
f 1298//569 1249//571 1251//575
f 1296//1 1294//1 1260//1
f 1328//4 1337//4 1329//4
f 1323//579 1328//2 1330//580
f 1326//582 1324//586 1331//583
f 1326//582 1332//584 1333//585
f 1323//579 1322//560 1321//559
f 1325//581 1330//580 1331//583
f 1329//587 1288//603 1279//588
f 1331//589 1334//590 1335//589
f 1332//3 1335//3 1336//3
f 1321//682 1338//683 1337//684
f 1330//594 1329//685 1334//595
f 1333//686 1336//687 1338//686
f 1336//599 1285//607 1286//600
f 1329//587 1337//2 1287//602
f 1335//2 1334//2 1279//588
f 1336//599 1335//2 1281//606
f 1337//688 1338//601 1286//600

g FNFiveSeven_Magazine
f 1339//13 1340//13 1341//13 1342//13 1343//13 1344//13 1345//13 1346//13
f 1347//14 1348//14 1349//14 1350//14
f 1340//689 1351//689 1352//689 1341//689
f 1344//690 1353//690 1354//690 1345//690
f 1346//691 1355//691 1356//691 1339//691
f 1348//692 1342//692 1341//692 1352//692
f 1343//10 1347//10 1353//10 1344//10
f 1350//15 1349//15 1357//15 1358//15
f 1347//693 1350//693 1359//693 1360//693
f 1348//694 1352//694 1361//694 1349//694
f 1352//14 1351//14 1362//14 1361//14
f 1350//695 1363//695 1364//695 1359//695
f 1365//14 1366//14 1367//14 1368//14 1369//14 1358//14 1357//14 1370//14
f 1371//696 1372//696 1368//696 1367//696
f 1361//697 1362//697 1365//697 1370//697
f 1349//698 1361//698 1370//698 1357//698
f 1372//699 1363//699 1369//699 1368//699
f 1373//696 1371//696 1367//696 1366//696
f 1356//14 1355//14 1371//14 1373//14
f 1345//691 1354//691 1355//691 1346//691
f 1363//15 1350//15 1358//15 1369//15
f 1342//10 1348//10 1347//10 1343//10
f 1353//700 1347//700 1360//700 1374//700
f 1375//701 1376//701 1377//701 1378//701
f 1376//14 1374//14 1364//14 1377//14
f 1374//14 1360//14 1359//14 1364//14
f 1372//16 1371//16 1378//16 1377//16
f 1371//702 1355//702 1375//702 1378//702
f 1355//38 1354//38 1376//38 1375//38
f 1363//703 1372//703 1377//703 1364//703
f 1354//704 1353//704 1374//704 1376//704
f 1339//13 1379//13 1380//13 1381//13 1382//13 1383//13 1384//13 1340//13
f 1385//14 1386//14 1387//14 1388//14
f 1340//689 1384//689 1389//689 1351//689
f 1381//705 1380//705 1390//705 1391//705
f 1379//691 1339//691 1356//691 1392//691
f 1388//706 1389//706 1384//706 1383//706
f 1382//15 1381//15 1391//15 1385//15
f 1386//10 1393//10 1394//10 1387//10
f 1385//707 1395//707 1396//707 1386//707
f 1388//694 1387//694 1397//694 1389//694
f 1389//14 1397//14 1362//14 1351//14
f 1386//708 1396//708 1398//708 1399//708
f 1365//14 1400//14 1394//14 1393//14 1401//14 1402//14 1403//14 1366//14
f 1404//696 1403//696 1402//696 1405//696
f 1397//697 1400//697 1365//697 1362//697
f 1387//709 1394//709 1400//709 1397//709
f 1405//710 1402//710 1401//710 1399//710
f 1373//696 1366//696 1403//696 1404//696
f 1356//14 1373//14 1404//14 1392//14
f 1380//691 1379//691 1392//691 1390//691
f 1399//10 1401//10 1393//10 1386//10
f 1383//15 1382//15 1385//15 1388//15
f 1391//711 1406//711 1395//711 1385//711
f 1407//712 1408//712 1409//712 1410//712
f 1410//14 1409//14 1398//14 1406//14
f 1406//14 1398//14 1396//14 1395//14
f 1405//16 1409//16 1408//16 1404//16
f 1404//713 1408//713 1407//713 1392//713
f 1392//38 1407//38 1410//38 1390//38
f 1399//714 1398//714 1409//714 1405//714
f 1390//715 1410//715 1406//715 1391//715
f 1411//10 1412//10 1413//10 1414//10
f 1415//14 1416//14 1417//14 1418//14 1413//14
f 1419//716 1420//716 1421//716 1422//716
f 1423//717 1424//717 1420//717 1419//717
f 1425//14 1415//14 1413//14 1412//14 1426//14
f 1427//718 1428//718 1429//718 1430//718
f 1431//10 1414//10 1432//10 1433//10
f 1427//719 1430//719 1434//719 1435//719
f 1436//720 1437//720 1438//720 1439//720
f 1440//10 1431//10 1437//10 1441//10
f 1428//721 1425//721 1426//721 1429//721
f 1436//722 1435//722 1434//722 1441//722 1437//722
f 1421//723 1439//723 1438//723 1442//723 1422//723
f 1437//10 1443//10 1442//10 1438//10
f 1444//38 1417//38 1416//38 1445//38
f 1431//10 1433//10 1443//10 1437//10
f 1414//10 1413//10 1418//10 1432//10
f 1432//724 1418//724 1417//724 1444//724
f 1433//724 1432//724 1444//724 1423//724
f 1443//725 1433//725 1423//725 1419//725
f 1419//726 1422//726 1442//726 1443//726
f 1423//38 1444//38 1445//38 1424//38
f 1411//727 1440//727 1430//727 1429//727
f 1412//728 1411//728 1429//728 1426//728
f 1440//729 1441//729 1434//729 1430//729
f 1440//10 1411//10 1414//10 1431//10
f 1446//15 1447//15 1448//15 1449//15
f 1415//14 1448//14 1450//14 1451//14 1416//14
f 1452//716 1453//716 1421//716 1420//716
f 1454//717 1452//717 1420//717 1424//717
f 1425//14 1455//14 1449//14 1448//14 1415//14
f 1427//718 1456//718 1457//718 1428//718
f 1458//15 1459//15 1460//15 1447//15
f 1427//719 1435//719 1461//719 1456//719
f 1436//720 1439//720 1462//720 1463//720
f 1464//15 1465//15 1463//15 1458//15
f 1428//721 1457//721 1455//721 1425//721
f 1436//722 1463//722 1465//722 1461//722 1435//722
f 1421//730 1453//730 1466//730 1462//730 1439//730
f 1463//226 1462//226 1466//226 1467//226
f 1415//10 1416//10 1445//10 1424//10 1420//10 1421//10 1439//10 1436//10 1435//10 1427//10 1428//10 1425//10
f 1468//38 1445//38 1416//38 1451//38
f 1458//15 1463//15 1467//15 1459//15
f 1447//15 1460//15 1450//15 1448//15
f 1460//731 1468//731 1451//731 1450//731
f 1459//731 1454//731 1468//731 1460//731
f 1467//732 1452//732 1454//732 1459//732
f 1452//733 1467//733 1466//733 1453//733
f 1454//38 1424//38 1445//38 1468//38
f 1446//734 1457//734 1456//734 1464//734
f 1449//735 1455//735 1457//735 1446//735
f 1464//736 1456//736 1461//736 1465//736
f 1464//15 1458//15 1447//15 1446//15
