# Blender v2.90.0 OBJ File: 'MP7.blend'
# www.blender.org
mtllib MP7.mtl
o mp7_Cube.001
v -0.106185 -1.156112 -0.560177
v -0.106185 -1.145070 -1.433942
v 0.108225 -1.156112 -0.560177
v 0.108225 -1.145070 -1.433942
v -0.106185 -0.227771 -0.590474
v -0.106185 -0.216729 -1.322656
v 0.108225 -0.227771 -0.590474
v 0.108225 -0.216729 -1.322656
v -0.154678 -1.155174 -0.634365
v 0.156719 -1.155174 -0.634365
v -0.154678 -0.226834 -0.652641
v 0.156719 -0.226834 -0.652641
v -0.154678 -1.145902 -1.368082
v -0.154678 -0.217562 -1.267467
v 0.156719 -1.145902 -1.368082
v 0.156719 -0.217562 -1.267467
v 0.156719 0.293729 -1.262053
v 0.238512 0.483209 -2.177278
v 0.238512 0.591420 -2.177278
v 0.238512 0.483209 -2.435751
v 0.238512 0.591420 -2.435751
v 0.238512 0.555532 -2.165834
v 0.238512 0.555532 -2.447195
v 0.238512 0.518642 -2.447195
v 0.238512 0.518642 -2.165834
v 0.238512 0.483209 -1.162416
v 0.238512 0.591420 -1.162416
v 0.238512 0.483209 -1.420889
v 0.238512 0.591420 -1.420889
v 0.238512 0.555532 -1.150972
v 0.238512 0.555532 -1.432332
v 0.238512 0.518642 -1.432332
v 0.238512 0.518642 -1.150972
v -0.240351 0.483209 -2.177278
v -0.240351 0.591420 -2.177278
v -0.240351 0.483209 -2.435751
v -0.240351 0.591420 -2.435751
v -0.240351 0.555532 -2.447195
v -0.240351 0.555532 -2.165834
v -0.240351 0.518642 -2.447195
v -0.240351 0.518642 -2.165834
v -0.240351 0.483209 -1.162416
v -0.240351 0.591420 -1.162416
v -0.240351 0.483209 -1.420889
v -0.240351 0.591420 -1.420889
v -0.240351 0.555532 -1.432332
v -0.240351 0.555532 -1.150972
v -0.240351 0.518642 -1.432332
v -0.240351 0.518642 -1.150972
v 0.170112 0.693109 2.082943
v 0.170112 0.693109 1.692245
v -0.000539 0.734923 2.797618
v 0.018788 0.733019 2.797613
v 0.037373 0.727381 2.797601
v 0.054501 0.718226 2.797580
v 0.069514 0.705906 2.797551
v 0.081835 0.690893 2.797517
v 0.090990 0.673765 2.797477
v 0.096627 0.655180 2.797436
v 0.098531 0.635853 2.797391
v 0.096627 0.616525 2.797347
v 0.090990 0.597940 2.797304
v 0.081835 0.580812 2.797265
v 0.069514 0.565799 2.797231
v 0.054501 0.553479 2.797203
v 0.037373 0.544324 2.797182
v 0.018788 0.538686 2.797169
v -0.000539 0.536782 2.797165
v -0.019867 0.538686 2.797169
v -0.038452 0.544324 2.797182
v -0.055580 0.553479 2.797203
v -0.070593 0.565799 2.797231
v -0.082914 0.580812 2.797265
v -0.092069 0.597940 2.797304
v -0.097706 0.616525 2.797347
v -0.099610 0.635853 2.797391
v -0.097706 0.655180 2.797436
v -0.092069 0.673765 2.797477
v -0.082913 0.690893 2.797517
v -0.070593 0.705906 2.797551
v -0.055580 0.718226 2.797580
v -0.038452 0.727381 2.797601
v -0.019867 0.733019 2.797613
v 0.063069 0.131309 -0.512703
v 0.063069 0.446804 -0.512703
v 0.063069 0.131309 -1.870067
v 0.063069 0.446804 -1.870067
v -0.216242 -0.260551 -0.537985
v -0.235861 0.447026 -0.537985
v -0.216242 -0.260551 -3.323506
v -0.235861 0.447026 -3.323506
v 0.216424 -0.260551 -0.537985
v 0.235979 0.447026 -0.537985
v 0.216424 -0.260551 -3.323506
v 0.235979 0.447026 -3.323506
v -0.176218 -0.043996 -0.258742
v -0.235861 0.447026 -0.258742
v 0.176529 -0.043996 -0.258742
v 0.235979 0.447026 -0.258742
v -0.236464 -0.043996 2.874347
v -0.236464 0.428030 2.751112
v 0.236582 -0.043996 2.874347
v 0.236582 0.428030 2.751112
v -0.158972 0.452649 -0.537985
v -0.158972 0.452649 -3.323507
v 0.159090 0.452649 -0.537985
v 0.159090 0.452649 -3.323507
v -0.158972 0.452649 -0.258742
v 0.159090 0.452649 -0.258742
v -0.234763 0.452649 2.744485
v 0.234881 0.452649 2.744485
v -0.158972 0.614116 -0.537985
v -0.158972 0.614116 -3.323507
v 0.159090 0.614116 -0.537985
v 0.159090 0.614116 -3.323507
v -0.158972 0.614116 -0.258742
v 0.159090 0.614116 -0.258742
v -0.234763 0.614116 2.694676
v 0.234881 0.614116 2.694676
v -0.209554 0.614116 -0.537985
v -0.209554 0.614116 -3.323507
v 0.209673 0.609367 -0.537985
v 0.209673 0.609367 -3.323507
v -0.209554 0.614116 -0.258742
v 0.209673 0.609367 -0.258742
v -0.209554 0.620344 2.692291
v 0.209673 0.620344 2.692291
v -0.152653 0.881961 -0.537985
v -0.152653 0.881961 -3.323507
v 0.152771 0.881961 -0.537985
v 0.152771 0.881961 -3.323507
v -0.152653 0.881961 -0.258742
v 0.152771 0.881961 -0.258742
v -0.152653 0.881961 2.616789
v 0.152771 0.881961 2.616789
v -0.152653 1.063736 -0.537985
v -0.152653 1.063736 -3.324888
v 0.152771 1.063736 -0.537985
v 0.152771 1.063736 -3.324888
v -0.152653 1.063736 -0.258742
v 0.152771 1.063736 -0.258742
v -0.152653 1.063736 2.570617
v 0.152771 1.063736 2.570617
v -0.209554 -0.051637 3.082530
v -0.209554 0.429931 2.959296
v 0.209673 -0.051637 3.082530
v 0.209673 0.429931 2.959296
v -0.208047 0.454550 2.952668
v 0.208165 0.454550 2.952668
v -0.208047 0.616017 2.902859
v 0.208165 0.616017 2.902859
v -0.209554 0.622245 2.900474
v 0.209673 0.622245 2.900474
v -0.152653 0.874319 2.824972
v 0.152771 0.874319 2.824972
v -0.082188 0.980901 2.794079
v 0.082307 0.980901 2.794079
v -0.118778 -0.209128 2.991259
v 0.118896 -0.209128 2.991259
v -0.118778 -0.193025 3.112377
v 0.118896 -0.193025 3.112377
v -0.235861 0.447026 2.739631
v 0.235979 0.447026 2.739631
v 0.176529 -0.043996 2.861833
v -0.176218 -0.043996 2.861833
v -0.166769 0.452649 2.733060
v 0.166887 0.452649 2.733060
v -0.166769 0.614116 2.683668
v 0.166887 0.614116 2.683668
v -0.209554 0.620344 2.681382
v 0.209673 0.620344 2.681382
v -0.152653 0.881961 2.606434
v 0.152771 0.881961 2.606434
v -0.152653 1.063736 2.560649
v 0.152771 1.063736 2.560649
v -0.236464 -0.047816 2.978439
v 0.236582 0.429935 2.855203
v 0.234881 0.454554 2.848577
v -0.152653 0.878140 2.720880
v -0.209554 0.622249 2.796382
v -0.236464 0.429935 2.855203
v 0.236582 -0.047816 2.978439
v 0.209673 0.622249 2.796382
v 0.234881 0.616021 2.798767
v -0.234763 0.616021 2.798767
v -0.234763 0.454554 2.848577
v -0.082188 0.979244 2.678667
v 0.152771 0.878140 2.720880
v 0.082307 0.979244 2.678667
v -0.118778 -0.212949 3.055776
v 0.118896 -0.212949 3.055776
v -0.093453 -0.260551 -3.323507
v -0.101955 0.447026 -3.323507
v -0.093453 -0.260551 -0.537985
v -0.076110 -0.043996 -0.258742
v -0.102215 -0.043996 2.874347
v -0.072079 0.452649 -3.323507
v -0.072079 0.614116 -3.323507
v -0.095023 0.612818 -3.323507
v -0.069212 0.881961 -3.323507
v -0.069212 1.063736 -3.324888
v -0.181820 1.132122 -0.258742
v 0.181846 1.132122 -0.258742
v -0.069212 1.063736 2.570617
v -0.095023 -0.051637 3.082530
v -0.095023 0.429931 2.959296
v -0.094339 0.454550 2.952668
v -0.069212 0.874319 2.824972
v -0.037249 1.009618 2.786716
v -0.095023 -0.209128 2.991259
v -0.095023 -0.193025 3.112377
v -0.076110 -0.043996 2.861833
v -0.095023 -0.212949 3.055776
v -0.037249 1.007961 2.678667
v 0.103601 0.447026 -3.323507
v 0.095036 -0.260551 -0.537985
v 0.077563 -0.043996 -0.258742
v 0.103865 -0.043996 2.874347
v 0.073278 0.452649 -3.323507
v 0.073278 0.614116 -3.323507
v 0.096566 0.610648 -3.323507
v 0.070368 0.881961 -3.323507
v 0.070368 1.063736 -3.324888
v 0.096566 -0.051637 3.082530
v 0.096566 -0.209128 2.991259
v 0.096566 -0.193025 3.112377
v 0.037926 1.007961 2.678667
v 0.095036 -0.260551 -3.323507
v -0.181820 1.132122 2.424042
v 0.181846 1.132122 2.424042
v 0.070368 1.063736 2.570617
v 0.096566 0.429931 2.959296
v 0.095872 0.454550 2.952668
v 0.070368 0.874319 2.824972
v 0.037926 1.009618 2.786716
v 0.077563 -0.043996 2.861833
v 0.096566 -0.212949 3.055776
v -0.152653 0.972848 -0.537985
v -0.152653 0.972848 -0.258742
v -0.152653 0.972848 -3.326667
v 0.152771 0.972848 -3.326667
v -0.152653 0.972848 2.593703
v 0.152771 0.972848 -0.537985
v 0.152771 0.972848 -0.258742
v 0.152771 0.972848 2.593703
v -0.119099 0.934974 2.807442
v 0.119170 0.934974 2.807442
v 0.152771 0.972848 2.583542
v -0.152653 0.972848 2.583542
v 0.117539 0.928692 2.699774
v -0.117421 0.928692 2.699774
v -0.059549 0.941969 2.805845
v -0.069212 0.972848 -3.326667
v 0.070368 0.972848 -3.326667
v 0.060512 0.941969 2.805845
v 0.235979 0.447026 2.343778
v 0.176529 -0.043996 2.449847
v -0.176218 -0.043996 2.449847
v 0.165858 0.452649 2.338075
v 0.165858 0.614116 2.295203
v 0.209673 0.618894 2.293220
v 0.152771 0.881961 2.228166
v 0.152771 1.063736 2.188426
v -0.235861 0.447026 2.343778
v -0.165740 0.452649 2.338075
v -0.165740 0.614116 2.295203
v -0.209554 0.619521 2.293220
v -0.152653 0.881961 2.228166
v -0.152653 1.063736 2.188426
v -0.076110 -0.043996 2.449847
v -0.069212 1.063736 2.188426
v 0.070368 1.063736 2.188426
v 0.077563 -0.043996 2.449847
v -0.152653 0.972848 2.208296
v 0.152771 0.972848 2.208296
v -0.069212 1.097929 -3.143285
v 0.152771 1.097929 2.466750
v -0.152653 1.097929 2.466750
v 0.152771 1.097929 2.476718
v -0.152653 1.097929 2.476718
v 0.152771 1.097929 -0.258742
v -0.152653 1.097929 -0.258742
v 0.152771 1.097929 -3.143285
v 0.152771 1.097929 -0.537985
v -0.152653 1.097929 -3.143285
v -0.152653 1.097929 -0.537985
v 0.000068 0.389242 3.205481
v 0.000068 0.389687 3.859142
v 0.024690 0.386817 3.205485
v 0.024690 0.387262 3.859145
v 0.048365 0.379636 3.205498
v 0.048365 0.380080 3.859159
v 0.070184 0.367973 3.205518
v 0.070184 0.368418 3.859178
v 0.089309 0.352278 3.205546
v 0.089309 0.352722 3.859206
v 0.105004 0.333153 3.205580
v 0.105004 0.333598 3.859241
v 0.116667 0.311334 3.205618
v 0.116667 0.311778 3.859278
v 0.123849 0.287658 3.205660
v 0.123849 0.288103 3.859320
v 0.126274 0.263037 3.205703
v 0.126274 0.263482 3.859364
v 0.123849 0.238415 3.205746
v 0.123849 0.238860 3.859407
v 0.116667 0.214740 3.205788
v 0.116667 0.215185 3.859449
v 0.105004 0.192921 3.205827
v 0.105004 0.193365 3.859487
v 0.089309 0.173796 3.205860
v 0.089309 0.174241 3.859521
v 0.070184 0.158101 3.205888
v 0.070184 0.158546 3.859548
v 0.048365 0.146439 3.205909
v 0.048365 0.146883 3.859569
v 0.024690 0.139257 3.205921
v 0.024690 0.139701 3.859582
v 0.000068 0.136832 3.205925
v 0.000068 0.137276 3.859586
v -0.024553 0.139257 3.205921
v -0.024553 0.139701 3.859582
v -0.048229 0.146439 3.205909
v -0.048229 0.146883 3.859569
v -0.070048 0.158101 3.205888
v -0.070048 0.158546 3.859548
v -0.089173 0.173796 3.205860
v -0.089173 0.174241 3.859521
v -0.104868 0.192921 3.205827
v -0.104868 0.193365 3.859487
v -0.116531 0.214740 3.205788
v -0.116531 0.215185 3.859449
v -0.123712 0.238416 3.205746
v -0.123712 0.238860 3.859407
v -0.126137 0.263037 3.205703
v -0.126137 0.263482 3.859364
v -0.123712 0.287659 3.205660
v -0.123712 0.288103 3.859320
v -0.116531 0.311334 3.205618
v -0.116531 0.311778 3.859278
v -0.104868 0.333153 3.205580
v -0.104868 0.333598 3.859241
v -0.089173 0.352278 3.205546
v -0.089173 0.352722 3.859206
v -0.070048 0.367973 3.205518
v -0.070048 0.368418 3.859178
v -0.048229 0.379636 3.205498
v -0.048229 0.380080 3.859159
v -0.024553 0.386817 3.205485
v -0.024553 0.387262 3.859145
v 0.000068 0.349145 3.180841
v 0.016875 0.347489 3.180844
v 0.033037 0.342587 3.180852
v 0.047931 0.334626 3.180866
v 0.060986 0.323912 3.180886
v 0.071700 0.310857 3.180908
v 0.079661 0.295962 3.180935
v 0.084564 0.279801 3.180963
v 0.086219 0.262994 3.180993
v 0.084564 0.246186 3.181022
v 0.079661 0.230025 3.181051
v 0.071700 0.215130 3.181077
v 0.060986 0.202076 3.181100
v 0.047931 0.191361 3.181119
v 0.033037 0.183400 3.181133
v 0.016875 0.178498 3.181142
v 0.000068 0.176842 3.181144
v -0.016739 0.178498 3.181142
v -0.032901 0.183400 3.181133
v -0.047795 0.191361 3.181119
v -0.060850 0.202076 3.181100
v -0.071564 0.215130 3.181077
v -0.079525 0.230025 3.181051
v -0.084428 0.246186 3.181022
v -0.086083 0.262994 3.180993
v -0.084428 0.279801 3.180963
v -0.079525 0.295962 3.180935
v -0.071564 0.310857 3.180908
v -0.060850 0.323912 3.180886
v -0.047795 0.334626 3.180866
v -0.032900 0.342587 3.180852
v -0.016739 0.347489 3.180844
v 0.000068 0.349062 3.134120
v 0.016875 0.347407 3.134123
v 0.033037 0.342505 3.134132
v 0.047931 0.334543 3.134146
v 0.060986 0.323829 3.134165
v 0.071700 0.310774 3.134187
v 0.079661 0.295880 3.134214
v 0.084564 0.279718 3.134242
v 0.086219 0.262911 3.134272
v 0.084564 0.246104 3.134301
v 0.079661 0.229943 3.134330
v 0.071700 0.215048 3.134356
v 0.060986 0.201993 3.134380
v 0.047931 0.191279 3.134398
v 0.033037 0.183318 3.134412
v 0.016875 0.178415 3.134421
v 0.000068 0.176760 3.134423
v -0.016739 0.178415 3.134421
v -0.032901 0.183318 3.134412
v -0.047795 0.191279 3.134398
v -0.060850 0.201993 3.134380
v -0.071564 0.215048 3.134356
v -0.079525 0.229943 3.134330
v -0.084428 0.246104 3.134301
v -0.086083 0.262911 3.134272
v -0.084428 0.279719 3.134242
v -0.079525 0.295880 3.134214
v -0.071564 0.310774 3.134187
v -0.060850 0.323829 3.134165
v -0.047795 0.334543 3.134146
v -0.032900 0.342505 3.134132
v -0.016739 0.347407 3.134123
v 0.000068 0.384915 3.120316
v 0.023870 0.382571 3.120320
v 0.046757 0.375628 3.120332
v 0.067850 0.364354 3.120352
v 0.086338 0.349181 3.120379
v 0.101511 0.330693 3.120412
v 0.112785 0.309600 3.120449
v 0.119728 0.286713 3.120489
v 0.122072 0.262911 3.120531
v 0.119728 0.239109 3.120572
v 0.112785 0.216222 3.120613
v 0.101511 0.195129 3.120650
v 0.086338 0.176641 3.120683
v 0.067850 0.161469 3.120710
v 0.046757 0.150194 3.120730
v 0.023870 0.143251 3.120742
v 0.000068 0.140907 3.120745
v -0.023734 0.143251 3.120742
v -0.046621 0.150194 3.120730
v -0.067714 0.161469 3.120710
v -0.086202 0.176641 3.120683
v -0.101375 0.195129 3.120650
v -0.112649 0.216222 3.120613
v -0.119592 0.239110 3.120572
v -0.121936 0.262911 3.120531
v -0.119592 0.286713 3.120489
v -0.112649 0.309600 3.120449
v -0.101375 0.330693 3.120412
v -0.086202 0.349181 3.120379
v -0.067714 0.364354 3.120352
v -0.046621 0.375628 3.120332
v -0.023734 0.382571 3.120320
v 0.000068 0.384504 2.834529
v 0.023870 0.382159 2.834532
v 0.046757 0.375217 2.834544
v 0.067850 0.363942 2.834564
v 0.086338 0.348769 2.834592
v 0.101511 0.330282 2.834624
v 0.112785 0.309189 2.834661
v 0.119728 0.286301 2.834701
v 0.122072 0.262500 2.834743
v 0.119728 0.238698 2.834785
v 0.112785 0.215811 2.834825
v 0.101511 0.194718 2.834862
v 0.086338 0.176230 2.834895
v 0.067850 0.161057 2.834922
v 0.046757 0.149783 2.834942
v 0.023870 0.142840 2.834954
v 0.000068 0.140496 2.834958
v -0.023734 0.142840 2.834954
v -0.046621 0.149783 2.834942
v -0.067714 0.161057 2.834922
v -0.086202 0.176230 2.834895
v -0.101375 0.194718 2.834862
v -0.112649 0.215811 2.834825
v -0.119592 0.238698 2.834785
v -0.121936 0.262500 2.834743
v -0.119592 0.286302 2.834701
v -0.112649 0.309189 2.834661
v -0.101375 0.330282 2.834624
v -0.086202 0.348769 2.834592
v -0.067714 0.363942 2.834564
v -0.046621 0.375217 2.834544
v -0.023734 0.382159 2.834532
v 0.016476 0.345970 3.859218
v 0.000068 0.347586 3.859215
v 0.032254 0.341184 3.859227
v 0.046794 0.333412 3.859240
v 0.059539 0.322952 3.859259
v 0.069999 0.310208 3.859282
v 0.077771 0.295667 3.859307
v 0.082557 0.279889 3.859334
v 0.084173 0.263482 3.859364
v 0.082557 0.247073 3.859392
v 0.077771 0.231296 3.859421
v 0.069999 0.216755 3.859446
v 0.059539 0.204011 3.859468
v 0.046794 0.193551 3.859486
v 0.032254 0.185779 3.859501
v 0.016476 0.180993 3.859509
v 0.000068 0.179377 3.859512
v -0.016340 0.180993 3.859509
v -0.032117 0.185779 3.859501
v -0.046658 0.193551 3.859486
v -0.059403 0.204011 3.859468
v -0.069863 0.216755 3.859446
v -0.077635 0.231296 3.859421
v -0.082421 0.247074 3.859392
v -0.084037 0.263482 3.859364
v -0.082421 0.279890 3.859334
v -0.077635 0.295667 3.859307
v -0.069862 0.310208 3.859282
v -0.059403 0.322952 3.859259
v -0.046658 0.333412 3.859240
v -0.032117 0.341184 3.859227
v -0.016340 0.345970 3.859218
v 0.016476 0.343182 2.276703
v 0.000068 0.344798 2.276700
v 0.032254 0.338396 2.276711
v 0.046794 0.330624 2.276725
v 0.059539 0.320165 2.276744
v 0.069999 0.307420 2.276766
v 0.077771 0.292879 2.276791
v 0.082557 0.277102 2.276819
v 0.084173 0.260694 2.276848
v 0.082557 0.244286 2.276877
v 0.077771 0.228508 2.276905
v 0.069999 0.213968 2.276930
v 0.059539 0.201223 2.276953
v 0.046794 0.190763 2.276971
v 0.032254 0.182991 2.276985
v 0.016476 0.178205 2.276994
v 0.000068 0.176589 2.276997
v -0.016340 0.178205 2.276994
v -0.032117 0.182991 2.276985
v -0.046658 0.190763 2.276971
v -0.059403 0.201223 2.276953
v -0.069863 0.213968 2.276930
v -0.077635 0.228508 2.276905
v -0.082421 0.244286 2.276877
v -0.084037 0.260694 2.276848
v -0.082421 0.277102 2.276819
v -0.077635 0.292879 2.276791
v -0.069862 0.307420 2.276766
v -0.059403 0.320165 2.276744
v -0.046658 0.330624 2.276725
v -0.032117 0.338396 2.276711
v -0.016340 0.343182 2.276703
v -0.244235 0.160120 -0.340030
v -0.261539 0.331998 -0.342320
v 0.238399 0.160120 -0.340030
v 0.258464 0.331998 -0.342320
v 0.241737 0.160120 -0.532520
v 0.241759 0.334288 -0.784447
v -0.146582 0.998367 -0.686771
v -0.146582 1.000658 -0.804379
v 0.145686 0.998367 -0.686771
v 0.145686 1.000658 -0.804379
v 0.234009 0.331939 -1.259872
v -0.146582 0.998309 -1.279805
v 0.145686 0.998309 -1.279805
v 0.209848 0.174291 -1.370348
v -0.146582 0.998962 -1.390280
v 0.145686 0.998962 -1.390280
v -0.212923 0.172637 -3.319555
v 0.209848 0.172637 -3.319555
v -0.146582 0.997308 -3.326574
v 0.145686 0.997308 -3.326574
v 0.188484 0.883015 -0.627145
v -0.182016 0.883015 -0.627145
v -0.182016 0.885306 -0.800929
v 0.188484 0.885306 -0.800929
v -0.182016 0.882957 -1.276355
v 0.188484 0.882957 -1.276355
v -0.182016 0.880942 -1.386830
v 0.188484 0.880942 -1.386830
v -0.182016 0.879288 -3.326220
v 0.188484 0.879288 -3.326220
v -0.261539 0.607506 -0.484733
v 0.258464 0.609797 -0.792688
v 0.258464 0.607448 -1.268113
v 0.258464 0.604294 -1.378589
v 0.258464 0.602639 -3.322887
v 0.258464 0.607506 -0.484733
v -0.261539 0.609797 -0.792688
v -0.261539 0.607448 -1.268113
v -0.261539 0.604294 -1.378589
v -0.261539 0.602639 -3.322887
v -0.261539 0.400875 -0.377923
v 0.258464 0.403165 -0.786507
v 0.258464 0.400817 -1.261933
v 0.258464 0.281792 -1.372408
v 0.258464 0.280137 -3.320388
v 0.258464 0.400875 -0.377923
v -0.261539 0.280137 -3.320388
v -0.112690 -0.808172 -0.526811
v -0.101052 -0.239119 -0.532857
v -0.112690 -0.808172 -1.467573
v -0.123087 -0.239119 -1.577395
v 0.112301 -0.808172 -0.526811
v 0.100663 -0.239119 -0.532857
v 0.112301 -0.808172 -1.467573
v 0.122698 -0.239119 -1.577395
v -0.092519 -0.420442 -0.532857
v -0.112690 -0.420442 -1.416283
v 0.112301 -0.420442 -1.416283
v 0.092130 -0.420442 -0.532857
v -0.112690 -1.554721 -0.526811
v -0.112690 -1.554721 -1.524561
v 0.112301 -1.554721 -0.526811
v 0.112301 -1.554721 -1.524561
v -0.112690 -1.947941 -0.395737
v -0.112690 -1.947941 -1.467573
v 0.112301 -1.947941 -0.395737
v 0.112301 -1.947941 -1.467573
v -0.112690 -1.181446 -0.526811
v 0.112301 -1.181446 -0.526811
v 0.112301 -1.181446 -1.530260
v -0.112690 -1.181446 -1.530260
v -0.201104 -0.808172 -1.390684
v -0.208221 -0.239119 -1.479766
v 0.200715 -0.808172 -1.390684
v 0.207832 -0.239119 -1.479766
v 0.190232 -0.420442 -1.345203
v -0.190621 -0.420442 -1.345203
v -0.201104 -1.554721 -1.443014
v 0.200715 -1.554721 -1.443014
v -0.201104 -1.947941 -1.378573
v 0.200715 -1.947941 -1.378573
v 0.200715 -1.181446 -1.448713
v -0.201104 -1.181446 -1.448713
v -0.201104 -0.808172 -0.652792
v 0.207832 -0.239119 -0.692820
v 0.190232 -0.420442 -0.649320
v -0.201104 -1.554721 -0.660424
v -0.201104 -1.947941 -0.541561
v -0.201104 -1.181446 -0.660424
v -0.208221 -0.239119 -0.692820
v 0.200715 -0.808172 -0.652792
v -0.190621 -0.420442 -0.649320
v 0.200715 -1.554721 -0.660424
v 0.200715 -1.947941 -0.541561
v 0.200715 -1.181446 -0.660424
v 0.133870 -0.131395 2.955286
v -0.133752 -0.131395 2.955286
v 0.126724 -0.122597 3.103194
v -0.126606 -0.122597 3.103194
v -0.133752 -0.135215 3.031980
v 0.133870 -0.135215 3.031980
v -0.095023 -0.149521 3.103194
v -0.097236 -0.158318 2.955286
v 0.096566 -0.149521 3.103194
v 0.098812 -0.158318 2.955286
v 0.112301 -0.994809 -0.526811
v -0.112690 -0.994809 -1.511897
v -0.112690 -0.994809 -0.526811
v 0.112301 -0.994809 -1.511897
v -0.201104 -0.994809 -1.432679
v 0.200715 -0.994809 -1.432679
v -0.201104 -0.994809 -0.656608
v 0.200715 -0.994809 -0.656608
v -0.112690 -1.859227 -0.412069
v 0.112301 -1.859227 -0.412069
v 0.112301 -1.859227 -1.491827
v -0.112690 -1.859227 -1.491827
v -0.201104 -1.859227 -1.404510
v 0.200715 -1.859227 -1.404510
v -0.201104 -1.859227 -0.555138
v 0.200715 -1.859227 -0.555138
v -0.180158 -0.239119 -1.545692
v 0.164544 -0.808172 -1.446239
v -0.164932 -0.420443 -1.397854
v 0.164544 -1.554721 -1.500899
v 0.164544 -1.947941 -1.440184
v 0.164544 -1.181446 -1.506598
v -0.164932 -0.808172 -1.446239
v 0.179769 -0.239119 -1.545692
v 0.164544 -0.420443 -1.397854
v -0.164932 -1.554721 -1.500899
v -0.164932 -1.947941 -1.440184
v -0.164932 -1.181446 -1.506598
v 0.164544 -0.994809 -1.489399
v -0.164932 -0.994809 -1.489399
v 0.164544 -1.859227 -1.465280
v -0.164932 -1.859227 -1.465280
v -0.173383 -0.808172 -0.589801
v 0.189001 -0.239119 -0.612839
v 0.172994 -0.420443 -0.591089
v -0.173383 -1.554721 -0.593617
v -0.173383 -1.947941 -0.468649
v -0.173383 -1.181446 -0.593617
v -0.189390 -0.239119 -0.612839
v 0.172994 -0.808172 -0.589801
v -0.173383 -0.420443 -0.591089
v 0.172994 -1.554721 -0.593617
v 0.172994 -1.947941 -0.468649
v 0.172994 -1.181446 -0.593617
v -0.173383 -0.994809 -0.591709
v 0.172994 -0.994809 -0.591709
v -0.173383 -1.859227 -0.483604
v 0.172994 -1.859227 -0.483604
v -0.112690 -0.633694 -1.444492
v 0.112301 -0.633694 -1.444492
v 0.112301 -0.633694 -0.529532
v -0.112690 -0.633694 -0.529532
v -0.201104 -0.633694 -1.370217
v 0.200715 -0.633694 -1.370217
v -0.201104 -0.633694 -0.651230
v 0.200715 -0.633694 -0.651230
v 0.164544 -0.633694 -1.424466
v -0.164932 -0.633694 -1.424466
v -0.173383 -0.633694 -0.590381
v 0.172994 -0.633694 -0.590381
v -0.101052 -0.238476 -0.450435
v 0.100663 -0.238476 -0.450435
v -0.092519 -0.419800 -0.450435
v 0.092130 -0.419800 -0.450435
v 0.112301 -0.633051 -0.296434
v -0.112690 -0.633051 -0.296434
v -0.112690 -0.538277 -0.531020
v -0.112690 -0.538277 -1.431870
v 0.112301 -0.538277 -1.431870
v 0.112301 -0.538277 -0.531020
v -0.201104 -0.538277 -1.359025
v 0.200715 -0.538277 -1.359025
v -0.201104 -0.538277 -0.650375
v 0.200715 -0.538277 -0.650375
v 0.164544 -0.538277 -1.412559
v -0.164932 -0.538277 -1.412559
v -0.173383 -0.538277 -0.590697
v 0.172994 -0.538277 -0.590697
v -0.112690 -0.537634 -0.297922
v 0.112301 -0.537634 -0.297922
v 0.147923 -0.621991 0.380315
v -0.148312 -0.621991 0.380315
v -0.148312 -0.559019 0.378827
v 0.147923 -0.559019 0.378827
v -0.092519 -0.524478 -0.531235
v -0.092519 -0.523836 -0.344427
v -0.112690 -0.524479 -1.430045
v 0.112301 -0.524479 -1.430045
v 0.092130 -0.524479 -0.531235
v -0.201104 -0.524478 -1.357406
v 0.200715 -0.524478 -1.357406
v -0.201104 -0.524478 -0.650252
v 0.200715 -0.524478 -0.650252
v 0.164544 -0.524479 -1.410837
v -0.164932 -0.524479 -1.410837
v -0.173383 -0.524479 -0.590743
v 0.172994 -0.524479 -0.590743
v 0.092130 -0.523836 -0.344427
v 0.235979 0.447026 1.042518
v 0.176529 -0.043996 1.095553
v -0.176218 -0.043996 1.095553
v 0.162474 0.452649 1.039666
v 0.162474 0.614116 1.018230
v 0.209673 0.614130 1.017239
v 0.152771 0.881961 0.984712
v 0.152771 1.063736 0.964842
v -0.152653 0.972848 0.974777
v -0.235861 0.447026 1.042518
v -0.162356 0.452649 1.039666
v -0.162356 0.614116 1.018231
v -0.209554 0.616819 1.017239
v -0.152653 0.881961 0.984712
v -0.152653 1.063736 0.964842
v -0.076110 -0.043996 1.095552
v -0.181820 1.132122 2.414074
v 0.181846 1.132122 2.414074
v 0.077563 -0.043996 1.095552
v 0.152771 0.972848 0.974777
v -0.118759 -0.808172 -0.533110
v 0.129328 -0.239119 -0.540855
v 0.118370 -0.420442 -0.538680
v -0.118759 -1.554721 -0.533491
v -0.118759 -1.947941 -0.403028
v -0.118759 -1.181446 -0.533491
v -0.118759 -0.994809 -0.533301
v -0.118759 -1.859227 -0.419223
v -0.129717 -0.239119 -0.540855
v 0.118370 -0.808172 -0.533110
v -0.118759 -0.420442 -0.538680
v 0.118370 -1.554721 -0.533491
v 0.118370 -1.947941 -0.403028
v 0.118370 -1.181446 -0.533491
v 0.118370 -0.994809 -0.533301
v 0.118370 -1.859227 -0.419223
v -0.118759 -0.633694 -0.535616
v 0.118370 -0.633694 -0.535616
v -0.118759 -0.538277 -0.536987
v 0.118370 -0.538277 -0.536987
v -0.118759 -0.524478 -0.537186
v 0.118370 -0.524479 -0.537186
v -0.101052 -0.075264 -0.492783
v 0.100663 -0.075264 -0.492783
v -0.101052 -0.074621 -0.410361
v 0.100663 -0.074621 -0.410361
v -0.235861 -0.096363 -0.373438
v -0.235861 0.447026 -0.373438
v 0.235979 -0.096363 -0.373438
v 0.235979 0.447026 -0.373438
v -0.158972 0.452649 -0.373438
v 0.159090 0.452649 -0.373438
v -0.158972 0.614116 -0.373438
v 0.159090 0.614116 -0.373438
v -0.209554 0.614116 -0.373438
v 0.209673 0.609367 -0.373438
v -0.152653 0.881961 -0.373438
v 0.152771 0.881961 -0.373438
v -0.152653 1.063736 -0.373438
v 0.152771 1.063736 -0.373438
v -0.082468 1.132122 -3.118091
v -0.101955 -0.096363 -0.373438
v 0.103601 -0.096363 -0.373438
v 0.152771 0.972848 -0.373438
v -0.152653 0.972848 -0.373438
v -0.092519 -0.472461 -0.532046
v -0.092519 -0.471818 -0.418425
v -0.112690 -0.472461 -1.423164
v 0.112301 -0.472461 -1.423164
v 0.092130 -0.472461 -0.532046
v -0.201104 -0.472461 -1.351305
v 0.200715 -0.472461 -1.351305
v -0.201104 -0.472460 -0.649786
v 0.200715 -0.472461 -0.649786
v 0.164544 -0.472461 -1.404346
v -0.164932 -0.472461 -1.404346
v -0.173383 -0.472461 -0.590916
v 0.172994 -0.472461 -0.590916
v 0.092130 -0.471818 -0.418425
v -0.118759 -0.472461 -0.537933
v 0.118370 -0.472461 -0.537933
v 0.178040 -0.632642 -0.247106
v -0.178429 -0.632642 -0.247106
v -0.178429 -0.569670 -0.248594
v 0.178040 -0.569670 -0.248594
v 0.147923 -0.572919 0.455864
v -0.148312 -0.572919 0.455864
v -0.148312 -0.528162 0.432668
v 0.147923 -0.528162 0.432668
v 0.147923 -0.134220 0.619658
v -0.148312 -0.134220 0.619658
v -0.148312 -0.114656 0.559819
v 0.147923 -0.114656 0.559819
v 0.147923 0.052861 0.699455
v -0.148312 0.052861 0.699455
v -0.148312 0.047233 0.444944
v 0.147923 0.047233 0.444944
v -0.148312 -0.329922 0.516350
v 0.147923 -0.329922 0.516350
v 0.147923 -0.362183 0.557723
v -0.148312 -0.362183 0.557723
v 0.147923 -0.442783 0.481380
v -0.148312 -0.481292 0.513664
v -0.148312 -0.442783 0.481380
v 0.147923 -0.481292 0.513664
v -0.082468 1.195449 -3.067706
v -0.069212 1.097929 2.476718
v 0.070368 1.097929 -3.143285
v 0.181846 1.195449 2.308723
v -0.181820 1.195449 2.308723
v 0.070368 1.097929 2.476718
v 0.152771 1.097929 2.188426
v -0.152653 1.097929 2.188426
v -0.069212 1.097929 2.188426
v 0.070368 1.097929 2.188426
v 0.152771 1.097929 0.964842
v -0.152653 1.097929 0.964842
v 0.181846 1.195449 2.318691
v -0.181820 1.195449 2.318691
v -0.152653 1.097929 -0.373438
v 0.152771 1.097929 -0.373438
v 0.181846 1.132122 -3.118091
v 0.181846 1.132122 -0.537985
v -0.181820 1.132122 -3.118091
v -0.181820 1.132122 -0.537985
v -0.082468 1.132122 2.424042
v 0.083729 1.132122 -3.118091
v 0.083729 1.132122 2.424042
v 0.181846 1.132122 2.188426
v -0.181820 1.132122 2.188426
v -0.082468 1.132122 2.188426
v 0.083729 1.132122 2.188426
v 0.181846 1.132122 0.964842
v -0.181820 1.132122 0.964842
v -0.181820 1.132122 -0.373438
v 0.181846 1.132122 -0.373438
v 0.181846 1.195449 -3.067706
v -0.181820 1.195449 -3.067706
v -0.082468 1.195449 2.318691
v 0.083729 1.195449 -3.067706
v 0.083729 1.195449 2.318691
v 0.181846 1.195449 0.964842
v -0.181820 1.195449 0.964842
v -0.082468 1.195449 0.964842
v 0.083729 1.195449 0.964842
v -0.181820 1.195449 -0.373438
v 0.181846 1.195449 -0.373438
v -0.082468 1.195449 -0.373438
v 0.083729 1.195449 -0.373438
v -0.074551 -1.943135 2.412247
v -0.105306 -0.139077 2.444781
v -0.074551 -1.766366 1.897058
v -0.105306 -0.145438 1.919243
v 0.074624 -1.943135 2.412247
v 0.105380 -0.139077 2.444781
v 0.074624 -1.766366 1.897058
v 0.105380 -0.145438 1.919243
v -0.172777 0.053303 2.551341
v -0.172777 0.053303 1.920833
v 0.172850 0.053303 2.551341
v 0.172850 0.053303 1.920833
v -0.074551 -0.169104 2.471211
v -0.074551 -0.175465 1.895315
v 0.074624 -0.175465 1.895315
v 0.074624 -0.169104 2.471211
v -0.165698 -1.943135 2.286529
v -0.105306 -0.088251 2.286529
v 0.165771 -1.943135 2.286529
v 0.105380 -0.088251 2.286529
v -0.206946 0.053303 2.358248
v 0.201073 0.053303 2.358248
v 0.165771 -0.118278 2.286529
v -0.165698 -0.118278 2.286529
v -0.105306 -0.088251 2.050489
v 0.165771 -1.831005 2.050489
v -0.206946 0.053303 2.075917
v -0.165698 -0.118278 2.050489
v -0.165698 -1.831005 2.050489
v 0.105380 -0.088251 2.050489
v 0.201073 0.053303 2.075917
v 0.165771 -0.118278 2.050489
v -0.165698 -1.887070 2.168509
v 0.105380 -0.074071 2.168509
v 0.201073 0.053303 2.217082
v 0.165771 -0.104097 2.168509
v -0.105306 -0.074071 2.168509
v 0.165771 -1.887070 2.168509
v -0.206946 0.053303 2.217082
v -0.165698 -0.104097 2.168509
v -0.235861 -0.184410 -0.537985
v -0.235861 -0.184410 -3.323506
v 0.235979 -0.184410 -3.323506
v 0.235979 -0.184410 -0.537985
v -0.235861 -0.002212 -0.258742
v 0.235979 -0.002212 -0.258742
v -0.236464 0.030893 2.854795
v 0.236582 0.030893 2.854795
v -0.209554 0.024766 3.062979
v 0.209673 0.024766 3.062979
v -0.235861 -0.002212 2.842446
v 0.235979 -0.002212 2.842446
v -0.236464 0.027981 2.958887
v 0.236582 0.027981 2.958887
v -0.095023 0.024766 3.062979
v -0.101955 -0.184410 -3.323507
v 0.096566 0.024766 3.062979
v 0.103601 -0.184410 -3.323507
v 0.235979 -0.002212 2.433019
v -0.235861 -0.002212 2.433019
v -0.235861 -0.002212 1.087138
v 0.235979 -0.002212 1.087138
v 0.235979 -0.046271 -0.373438
v -0.235861 -0.046271 -0.373438
v -0.213537 0.691972 -2.761915
v -0.163079 1.031308 -2.761915
v -0.213537 0.691972 -2.871778
v -0.163079 1.031308 -2.871778
v 0.216379 0.691972 -2.761915
v 0.160382 1.031308 -2.761915
v 0.216379 0.691972 -2.871778
v 0.160382 1.031308 -2.871778
v -0.263629 0.956175 -2.761915
v -0.263629 0.973976 -2.871778
v 0.260932 0.956175 -2.871778
v 0.260932 0.956175 -2.761915
v -0.299510 0.827571 -2.871778
v 0.296814 0.827571 -2.871778
v 0.296814 0.827571 -2.761915
v -0.299510 0.827571 -2.761915
v -0.312779 0.864680 -2.761915
v -0.312779 0.864680 -2.871778
v 0.310083 0.864680 -2.871778
v 0.310083 0.864680 -2.761915
v -0.294646 0.925404 -2.761915
v -0.294646 0.925404 -2.871778
v 0.291950 0.925404 -2.871778
v 0.291950 0.925404 -2.761915
v 0.259907 0.740793 -3.173362
v -0.263236 0.740872 -3.173362
v 0.259915 0.759225 -3.171546
v -0.263228 0.759305 -3.171546
v 0.259922 0.776950 -3.166170
v -0.263220 0.777029 -3.166170
v 0.259929 0.793285 -3.157439
v -0.263214 0.793364 -3.157439
v 0.259935 0.807602 -3.145689
v -0.263208 0.807682 -3.145689
v 0.259940 0.819352 -3.131371
v -0.263203 0.819432 -3.131371
v 0.259944 0.828084 -3.115036
v -0.263199 0.828163 -3.115036
v 0.259946 0.833460 -3.097312
v -0.263197 0.833539 -3.097312
v 0.259947 0.835276 -3.078879
v -0.263196 0.835355 -3.078879
v 0.259946 0.833460 -3.060447
v -0.263197 0.833539 -3.060447
v 0.259944 0.828084 -3.042722
v -0.263199 0.828163 -3.042722
v 0.259940 0.819352 -3.026387
v -0.263203 0.819432 -3.026387
v 0.259935 0.807602 -3.012070
v -0.263208 0.807682 -3.012070
v 0.259929 0.793285 -3.000319
v -0.263214 0.793364 -3.000319
v 0.259922 0.776950 -2.991588
v -0.263220 0.777029 -2.991588
v 0.259915 0.759225 -2.986212
v -0.263228 0.759305 -2.986212
v 0.259907 0.740793 -2.984396
v -0.263236 0.740872 -2.984396
v 0.259900 0.722360 -2.986212
v -0.263243 0.722439 -2.986212
v 0.259892 0.704636 -2.991588
v -0.263251 0.704715 -2.991588
v 0.259885 0.688301 -3.000319
v -0.263258 0.688380 -3.000319
v 0.259879 0.673983 -3.012070
v -0.263264 0.674063 -3.012070
v 0.259874 0.662233 -3.026387
v -0.263269 0.662312 -3.026387
v 0.259871 0.653502 -3.042722
v -0.263272 0.653581 -3.042722
v 0.259868 0.648125 -3.060447
v -0.263274 0.648205 -3.060447
v 0.259868 0.646310 -3.078879
v -0.263275 0.646389 -3.078879
v 0.259868 0.648125 -3.097312
v -0.263274 0.648205 -3.097312
v 0.259871 0.653502 -3.115036
v -0.263272 0.653581 -3.115036
v 0.259874 0.662233 -3.131371
v -0.263269 0.662313 -3.131371
v 0.259879 0.673983 -3.145689
v -0.263264 0.674063 -3.145689
v 0.259885 0.688301 -3.157439
v -0.263258 0.688380 -3.157439
v 0.259892 0.704636 -3.166170
v -0.263251 0.704715 -3.166170
v 0.259900 0.722360 -3.171546
v -0.263243 0.722440 -3.171546
v 0.259907 -0.087739 -3.148556
v -0.263236 -0.087660 -3.148556
v 0.259915 -0.069306 -3.146740
v -0.263228 -0.069227 -3.146740
v 0.259922 -0.051582 -3.141364
v -0.263220 -0.051503 -3.141364
v 0.259929 -0.035247 -3.132632
v -0.263214 -0.035168 -3.132632
v 0.259935 -0.020930 -3.120882
v -0.263208 -0.020850 -3.120882
v 0.259940 -0.009179 -3.106565
v -0.263203 -0.009100 -3.106565
v 0.259944 -0.000448 -3.090230
v -0.263199 -0.000369 -3.090230
v 0.259946 0.004928 -3.072505
v -0.263197 0.005008 -3.072505
v 0.259947 0.006744 -3.054073
v -0.263196 0.006823 -3.054073
v 0.259946 0.004928 -3.035640
v -0.263197 0.005008 -3.035640
v 0.259944 -0.000448 -3.017916
v -0.263199 -0.000369 -3.017916
v 0.259940 -0.009179 -3.001581
v -0.263203 -0.009100 -3.001581
v 0.259935 -0.020930 -2.987263
v -0.263208 -0.020850 -2.987263
v 0.259929 -0.035247 -2.975513
v -0.263214 -0.035168 -2.975513
v 0.259922 -0.051582 -2.966782
v -0.263220 -0.051503 -2.966782
v 0.259915 -0.069306 -2.961405
v -0.263228 -0.069227 -2.961405
v 0.259907 -0.087739 -2.959590
v -0.263236 -0.087660 -2.959590
v 0.259900 -0.106172 -2.961405
v -0.263243 -0.106092 -2.961405
v 0.259892 -0.123896 -2.966782
v -0.263251 -0.123817 -2.966782
v 0.259885 -0.140231 -2.975513
v -0.263258 -0.140152 -2.975513
v 0.259879 -0.154549 -2.987263
v -0.263264 -0.154469 -2.987263
v 0.259874 -0.166299 -3.001581
v -0.263269 -0.166219 -3.001581
v 0.259871 -0.175030 -3.017916
v -0.263272 -0.174951 -3.017916
v 0.259868 -0.180406 -3.035640
v -0.263274 -0.180327 -3.035640
v 0.259868 -0.182222 -3.054073
v -0.263275 -0.182143 -3.054073
v 0.259868 -0.180406 -3.072505
v -0.263274 -0.180327 -3.072505
v 0.259871 -0.175030 -3.090230
v -0.263272 -0.174951 -3.090230
v 0.259874 -0.166299 -3.106565
v -0.263269 -0.166219 -3.106565
v 0.259879 -0.154548 -3.120883
v -0.263264 -0.154469 -3.120883
v 0.259885 -0.140231 -3.132632
v -0.263258 -0.140152 -3.132632
v 0.259892 -0.123896 -3.141364
v -0.263251 -0.123817 -3.141364
v 0.259900 -0.106172 -3.146740
v -0.263243 -0.106092 -3.146740
v 0.276127 0.246611 0.820778
v -0.279456 0.246690 0.820778
v 0.276135 0.265044 0.822594
v -0.279447 0.265123 0.822594
v 0.276143 0.282768 0.827971
v -0.279439 0.282847 0.827971
v 0.276151 0.299103 0.836701
v -0.279432 0.299182 0.836701
v 0.276157 0.313420 0.848452
v -0.279426 0.313500 0.848452
v 0.276162 0.325170 0.862769
v -0.279421 0.325250 0.862769
v 0.276166 0.333902 0.879104
v -0.279417 0.333981 0.879104
v 0.276169 0.339278 0.896828
v -0.279414 0.339358 0.896828
v 0.276169 0.341094 0.915261
v -0.279414 0.341173 0.915261
v 0.276169 0.339278 0.933694
v -0.279414 0.339358 0.933694
v 0.276166 0.333902 0.951418
v -0.279417 0.333981 0.951418
v 0.276162 0.325170 0.967753
v -0.279421 0.325250 0.967753
v 0.276157 0.313420 0.982071
v -0.279426 0.313500 0.982071
v 0.276151 0.299103 0.993821
v -0.279432 0.299182 0.993821
v 0.276143 0.282768 1.002552
v -0.279439 0.282847 1.002552
v 0.276135 0.265044 1.007929
v -0.279447 0.265123 1.007929
v 0.276127 0.246611 1.009744
v -0.279456 0.246690 1.009744
v 0.276119 0.228178 1.007929
v -0.279464 0.228257 1.007929
v 0.276111 0.210454 1.002552
v -0.279472 0.210533 1.002552
v 0.276104 0.194119 0.993821
v -0.279479 0.194198 0.993821
v 0.276098 0.179801 0.982070
v -0.279485 0.179881 0.982070
v 0.276092 0.168051 0.967753
v -0.279491 0.168130 0.967753
v 0.276088 0.159320 0.951418
v -0.279494 0.159399 0.951418
v 0.276086 0.153944 0.933694
v -0.279497 0.154023 0.933694
v 0.276085 0.152128 0.915261
v -0.279498 0.152207 0.915261
v 0.276086 0.153944 0.896828
v -0.279497 0.154023 0.896828
v 0.276088 0.159320 0.879104
v -0.279494 0.159399 0.879104
v 0.276092 0.168051 0.862769
v -0.279491 0.168131 0.862769
v 0.276098 0.179802 0.848451
v -0.279485 0.179881 0.848451
v 0.276104 0.194119 0.836701
v -0.279479 0.194198 0.836701
v 0.276111 0.210454 0.827970
v -0.279472 0.210533 0.827970
v 0.276119 0.228178 0.822594
v -0.279464 0.228258 0.822594
v 0.275859 0.246611 2.436033
v -0.279187 0.246690 2.436033
v 0.275867 0.265044 2.437849
v -0.279179 0.265123 2.437849
v 0.275875 0.282768 2.443226
v -0.279171 0.282847 2.443226
v 0.275882 0.299103 2.451956
v -0.279164 0.299182 2.451956
v 0.275888 0.313420 2.463706
v -0.279157 0.313500 2.463706
v 0.275894 0.325170 2.478024
v -0.279152 0.325250 2.478024
v 0.275897 0.333902 2.494359
v -0.279148 0.333981 2.494359
v 0.275900 0.339278 2.512083
v -0.279146 0.339358 2.512083
v 0.275901 0.341094 2.530516
v -0.279145 0.341173 2.530516
v 0.275900 0.339278 2.548949
v -0.279146 0.339358 2.548949
v 0.275897 0.333902 2.566673
v -0.279148 0.333981 2.566673
v 0.275894 0.325170 2.583008
v -0.279152 0.325250 2.583008
v 0.275888 0.313420 2.597326
v -0.279157 0.313500 2.597326
v 0.275882 0.299103 2.609076
v -0.279164 0.299182 2.609076
v 0.275875 0.282768 2.617807
v -0.279171 0.282847 2.617807
v 0.275867 0.265044 2.623183
v -0.279179 0.265123 2.623183
v 0.275859 0.246611 2.624999
v -0.279187 0.246690 2.624999
v 0.275850 0.228178 2.623183
v -0.279195 0.228257 2.623183
v 0.275842 0.210454 2.617807
v -0.279203 0.210533 2.617807
v 0.275835 0.194119 2.609076
v -0.279210 0.194198 2.609076
v 0.275829 0.179801 2.597325
v -0.279217 0.179881 2.597325
v 0.275824 0.168051 2.583008
v -0.279222 0.168130 2.583008
v 0.275820 0.159320 2.566673
v -0.279226 0.159399 2.566673
v 0.275817 0.153944 2.548949
v -0.279228 0.154023 2.548949
v 0.275817 0.152128 2.530516
v -0.279229 0.152207 2.530516
v 0.275817 0.153944 2.512083
v -0.279228 0.154023 2.512083
v 0.275820 0.159320 2.494359
v -0.279226 0.159399 2.494359
v 0.275824 0.168051 2.478024
v -0.279222 0.168131 2.478024
v 0.275829 0.179802 2.463706
v -0.279217 0.179881 2.463706
v 0.275835 0.194119 2.451956
v -0.279210 0.194198 2.451956
v 0.275842 0.210454 2.443225
v -0.279203 0.210533 2.443225
v 0.275850 0.228178 2.437849
v -0.279195 0.228258 2.437849
v -0.213537 0.656018 2.370596
v -0.163079 0.978051 2.370596
v -0.213537 0.656018 2.282361
v -0.163079 0.978051 2.282361
v 0.216379 0.656018 2.370596
v 0.160382 0.978051 2.370596
v 0.216379 0.656018 2.282361
v 0.160382 0.978051 2.282361
v -0.263629 0.906749 2.370596
v -0.263629 0.923643 2.282361
v 0.260932 0.906749 2.282361
v 0.260932 0.906749 2.370596
v -0.299510 0.784703 2.282361
v 0.296814 0.784703 2.282361
v 0.296814 0.784703 2.370596
v -0.299510 0.784703 2.370596
v -0.302099 0.819919 2.370596
v -0.302099 0.819919 2.282361
v 0.299403 0.819919 2.282361
v 0.299403 0.819919 2.370596
v -0.284588 0.877547 2.370596
v -0.284588 0.877547 2.282361
v 0.281891 0.877547 2.282361
v 0.281891 0.877547 2.370596
v -0.181820 1.132328 -2.811456
v 0.181846 1.132328 -2.811456
v -0.181820 1.132328 -2.689022
v 0.181846 1.132328 -2.689022
v -0.181820 1.132328 -2.625408
v 0.181846 1.132328 -2.625408
v 0.083729 1.195449 -2.811456
v -0.082468 1.195449 -2.811456
v -0.181820 1.195449 -2.811456
v 0.181846 1.195449 -2.811456
v 0.083729 1.195449 -2.689022
v 0.181846 1.195449 -2.689022
v -0.082468 1.195449 -2.689022
v -0.181820 1.195449 -2.689022
v -0.181820 1.132328 -2.502975
v 0.181846 1.132328 -2.502975
v 0.083729 1.195449 -2.502975
v 0.181846 1.195449 -2.502975
v -0.082468 1.195449 -2.502975
v -0.181820 1.195449 -2.502975
v 0.083729 1.195449 -2.625408
v -0.082468 1.195449 -2.625408
v -0.181820 1.195449 -2.625408
v 0.181846 1.195449 -2.625408
v 0.181846 1.195449 -2.442806
v 0.083729 1.195449 -2.134325
v 0.181846 1.195449 -2.134325
v -0.082468 1.195449 -2.134325
v -0.181820 1.195449 -2.134325
v -0.181820 1.132328 -2.134325
v 0.181846 1.132328 -2.134325
v -0.181820 1.132328 -1.874327
v 0.181846 1.132328 -1.874327
v 0.083729 1.195449 -1.874327
v -0.082468 1.195449 -1.874327
v -0.181820 1.195449 -1.874327
v -0.181820 1.132328 -2.256758
v 0.181846 1.132328 -2.256758
v -0.181820 1.132328 -1.937941
v 0.181846 1.132328 -1.937941
v -0.181820 1.132328 -1.751894
v 0.181846 1.132328 -1.751894
v 0.181846 1.195449 -1.874327
v 0.083729 1.195449 -2.320372
v 0.181846 1.195449 -2.320372
v -0.082468 1.195449 -2.320372
v -0.181820 1.195449 -2.320372
v -0.181820 1.132328 -2.442806
v 0.181846 1.132328 -2.442806
v -0.181820 1.132328 -2.320372
v 0.181846 1.132328 -2.320372
v 0.083729 1.195449 -2.442806
v -0.082468 1.195449 -2.442806
v -0.181820 1.195449 -2.442806
v 0.181846 1.195449 -2.060375
v -0.181820 1.132328 -2.060375
v 0.181846 1.132328 -2.060375
v 0.083729 1.195449 -2.060375
v -0.082468 1.195449 -2.060375
v -0.181820 1.195449 -2.060375
v 0.083729 1.195449 -1.937941
v 0.181846 1.195449 -1.937941
v -0.082468 1.195449 -1.937941
v -0.181820 1.195449 -1.937941
v 0.083729 1.195449 -2.256758
v -0.082468 1.195449 -2.256758
v -0.181820 1.195449 -2.256758
v 0.181846 1.195449 -2.256758
v -0.181820 1.132328 -0.987031
v 0.181846 1.132328 -0.987031
v -0.181820 1.132328 -1.295513
v 0.181846 1.132328 -1.295513
v 0.083729 1.195449 -1.295513
v -0.082468 1.195449 -1.295513
v -0.181820 1.195449 -1.295513
v 0.181846 1.195449 -1.295513
v -0.181820 1.132328 -1.109465
v 0.181846 1.132328 -1.109465
v 0.083729 1.195449 -0.804429
v 0.181846 1.195449 -0.804429
v -0.082468 1.195449 -0.804429
v -0.181820 1.195449 -0.804429
v 0.083729 1.195449 -1.751894
v 0.181846 1.195449 -1.751894
v -0.082468 1.195449 -1.751894
v -0.181820 1.195449 -1.751894
v 0.181846 1.195449 -1.677944
v 0.083729 1.195449 -1.173079
v 0.181846 1.195449 -1.173079
v -0.082468 1.195449 -1.173079
v -0.181820 1.195449 -1.173079
v -0.181820 1.132328 -1.173079
v 0.181846 1.132328 -1.173079
v 0.083729 1.195449 -1.369462
v 0.181846 1.195449 -1.369462
v -0.082468 1.195449 -1.369462
v -0.181820 1.195449 -1.369462
v 0.181846 1.195449 -1.491896
v -0.181820 1.132328 -1.369462
v 0.181846 1.132328 -1.369462
v -0.181820 1.132328 -1.491896
v 0.181846 1.132328 -1.491896
v 0.083729 1.195449 -1.491896
v -0.082468 1.195449 -1.491896
v -0.181820 1.195449 -1.491896
v 0.181846 1.195449 -0.926863
v -0.181820 1.132328 -0.926863
v 0.181846 1.132328 -0.926863
v -0.181820 1.132328 -0.804429
v 0.181846 1.132328 -0.804429
v 0.083729 1.195449 -0.926863
v -0.082468 1.195449 -0.926863
v -0.181820 1.195449 -0.926863
v 0.083729 1.195449 -1.555510
v 0.181846 1.195449 -1.555510
v -0.082468 1.195449 -1.555510
v -0.181820 1.195449 -1.555510
v -0.181820 1.132328 -1.555510
v 0.181846 1.132328 -1.555510
v -0.181820 1.132328 -1.677944
v 0.181846 1.132328 -1.677944
v 0.083729 1.195449 -1.677944
v -0.082468 1.195449 -1.677944
v -0.181820 1.195449 -1.677944
v 0.083729 1.195449 -0.987031
v 0.181846 1.195449 -0.987031
v -0.082468 1.195449 -0.987031
v -0.181820 1.195449 -0.987031
v 0.083729 1.195449 -1.109465
v -0.082468 1.195449 -1.109465
v -0.181820 1.195449 -1.109465
v 0.181846 1.195449 -1.109465
v -0.181820 1.132328 -0.043012
v 0.181846 1.132328 -0.043012
v -0.181820 1.132328 0.143036
v 0.181846 1.132328 0.143036
v -0.181820 1.132328 -0.165446
v 0.181846 1.132328 -0.165446
v -0.181820 1.195449 -0.043012
v -0.082468 1.195449 -0.043012
v 0.181846 1.195449 -0.043012
v 0.083729 1.195449 -0.043012
v 0.181846 1.132328 -0.544432
v 0.181846 1.132328 -0.537985
v -0.181820 1.132328 -0.544432
v -0.181820 1.132328 -0.537985
v -0.181820 1.132328 -0.421998
v 0.181846 1.132328 -0.421998
v 0.181846 1.195449 -0.358384
v -0.181820 1.195449 -0.421998
v 0.083729 1.195449 -0.421998
v 0.181846 1.195449 -0.421998
v -0.082468 1.195449 -0.421998
v 0.083729 1.195449 -0.358384
v -0.082468 1.195449 -0.358384
v -0.181820 1.195449 -0.358384
v 0.181846 1.132328 -0.358384
v -0.181820 1.132328 -0.358384
v 0.181846 1.195449 -0.165446
v -0.181820 1.132328 -0.740815
v 0.181846 1.132328 -0.740815
v 0.083729 1.195449 -0.618382
v 0.181846 1.195449 -0.618382
v -0.082468 1.195449 -0.618382
v -0.181820 1.195449 -0.618382
v -0.181820 1.195449 0.143036
v -0.082468 1.195449 0.143036
v 0.181846 1.195449 0.143035
v 0.083729 1.195449 0.143036
v -0.181820 1.132328 0.020602
v 0.181846 1.132328 0.020602
v -0.181820 1.132328 -0.235950
v 0.181846 1.132328 -0.235950
v 0.181846 1.132328 -0.258742
v -0.181820 1.195449 -0.235950
v -0.082468 1.195449 -0.235950
v 0.181846 1.195449 -0.235950
v 0.083729 1.195449 -0.235950
v -0.181820 1.132328 -0.258742
v 0.181846 1.195449 0.020602
v -0.181820 1.195449 0.020602
v -0.082468 1.195449 0.020602
v 0.083729 1.195449 0.020602
v -0.181820 1.132328 -0.618382
v 0.181846 1.132328 -0.618382
v 0.083729 1.195449 -0.544432
v -0.082468 1.195449 -0.544432
v -0.181820 1.195449 -0.544432
v 0.181846 1.195449 -0.544432
v 0.083729 1.195449 -0.740815
v -0.082468 1.195449 -0.740815
v -0.181820 1.195449 -0.740815
v 0.181846 1.195449 -0.740815
v -0.181820 1.195449 -0.165446
v -0.082468 1.195449 -0.165446
v 0.083729 1.195449 -0.165446
v 0.181846 1.132328 1.090500
v -0.181820 1.132328 1.090500
v -0.181820 1.195449 0.216985
v -0.082468 1.195449 0.216985
v -0.181820 1.132328 0.216985
v 0.083729 1.195449 0.216985
v 0.181846 1.132328 0.216985
v 0.181846 1.195449 0.216985
v -0.181820 1.195449 0.771683
v -0.082468 1.195449 0.771683
v -0.181820 1.132328 0.771683
v 0.083729 1.195449 0.771683
v 0.181846 1.132328 0.771683
v -0.181820 1.132328 0.894116
v 0.181846 1.132328 0.894116
v 0.181846 1.132328 1.154114
v -0.181820 1.132328 1.154114
v 0.181846 1.195449 0.585635
v -0.181820 1.195449 0.585635
v -0.082468 1.195449 0.585635
v -0.181820 1.132328 0.585635
v 0.083729 1.195449 0.585635
v 0.181846 1.132328 0.585635
v -0.181820 1.132328 0.403033
v 0.181846 1.132328 0.403033
v -0.181820 1.132328 0.525467
v 0.181846 1.132328 0.525467
v 0.181846 1.195449 0.771683
v -0.181820 1.195449 0.403033
v -0.082468 1.195449 0.403033
v 0.083729 1.195449 0.403033
v 0.181846 1.195449 0.403033
v -0.181820 1.195449 0.525467
v -0.082468 1.195449 0.525467
v 0.181846 1.195449 0.525467
v 0.083729 1.195449 0.525467
v -0.181820 1.195449 0.339419
v -0.082468 1.195449 0.339419
v 0.181846 1.195449 0.339419
v 0.083729 1.195449 0.339419
v -0.181820 1.132328 0.339419
v 0.181846 1.132328 0.339419
v -0.082468 1.195449 1.154114
v 0.083729 1.195449 1.154114
v -0.181820 1.195449 1.154114
v 0.181846 1.132328 0.968066
v -0.181820 1.132328 0.968066
v 0.181846 1.132328 1.276548
v -0.181820 1.132328 1.276548
v 0.181846 1.195449 1.090500
v -0.082468 1.195449 1.090500
v 0.083729 1.195449 1.090500
v -0.181820 1.195449 1.090500
v 0.181846 1.195449 1.154114
v -0.181820 1.132328 0.708069
v 0.181846 1.132328 0.708069
v -0.181820 1.195449 0.708069
v -0.082468 1.195449 0.708069
v 0.181846 1.195449 0.708069
v 0.083729 1.195449 0.708069
v -0.082468 1.195449 0.968066
v 0.083729 1.195449 0.968066
v -0.181820 1.195449 0.968066
v 0.181846 1.195449 0.968066
v -0.181820 1.195449 0.894116
v -0.082468 1.195449 0.894116
v 0.181846 1.195449 0.894117
v 0.083729 1.195449 0.894116
v 0.181846 1.132328 2.087797
v -0.181820 1.132328 2.087797
v -0.181820 1.132328 2.188426
v 0.181846 1.132328 1.448814
v -0.181820 1.132328 1.448814
v 0.181846 1.132328 2.024183
v -0.181820 1.132328 2.024183
v 0.181846 1.132328 1.645197
v -0.181820 1.132328 1.645197
v 0.181846 1.132328 1.522764
v -0.181820 1.132328 1.522764
v 0.181846 1.195449 1.326380
v 0.181846 1.132328 1.708811
v -0.181820 1.132328 1.708812
v -0.082468 1.195449 1.708812
v 0.083729 1.195449 1.708812
v -0.181820 1.195449 1.708812
v -0.082468 1.195449 1.522764
v 0.083729 1.195449 1.522764
v -0.181820 1.195449 1.522764
v 0.181846 1.132328 1.831245
v -0.181820 1.132328 1.831245
v 0.181846 1.195449 1.522764
v 0.181846 1.132328 2.210231
v -0.181820 1.132328 2.210231
v 0.181846 1.195449 2.210231
v -0.181820 1.195449 2.210231
v 0.181846 1.132328 1.326380
v -0.181820 1.132328 1.326380
v 0.181846 1.132328 1.901749
v -0.181820 1.132328 1.901750
v 0.181846 1.195449 1.448814
v -0.082468 1.195449 1.448814
v 0.083729 1.195449 1.448814
v -0.181820 1.195449 1.448814
v 0.181846 1.195449 1.831245
v -0.082468 1.195449 1.831245
v 0.083729 1.195449 1.831245
v -0.181820 1.195449 1.831245
v -0.082468 1.195449 1.326380
v 0.083729 1.195449 1.326380
v -0.181820 1.195449 1.326380
v 0.181846 1.195449 1.708812
v 0.181846 1.195449 2.087797
v 0.181846 1.195449 1.276548
v -0.082468 1.195449 1.276548
v 0.083729 1.195449 1.276548
v -0.181820 1.195449 1.276548
v -0.082468 1.195449 2.087797
v 0.083729 1.195449 2.087797
v -0.181820 1.195449 2.087797
v 0.181846 1.132328 2.188426
v 0.083729 1.132328 2.188426
v -0.082468 1.132328 2.188426
v 0.181846 1.195449 1.645197
v -0.082468 1.195449 1.645198
v 0.083729 1.195449 1.645198
v -0.181820 1.195449 1.645198
v -0.082468 1.195449 1.901750
v 0.083729 1.195449 1.901750
v -0.181820 1.195449 1.901750
v 0.181846 1.195449 1.901750
v 0.181846 1.195449 2.024183
v -0.082468 1.195449 2.024183
v 0.083729 1.195449 2.024183
v -0.181820 1.195449 2.024183
v -0.235861 0.131309 -1.870067
v -0.261539 0.281369 -1.870067
v -0.212923 0.173867 -1.870067
v -0.235861 0.446804 -1.870067
v -0.261539 0.446804 -1.870067
v 0.063069 0.173867 -1.870067
v 0.063069 0.174291 -1.370348
v 0.063069 0.331939 -1.259872
v 0.063069 0.334288 -0.784447
v 0.063069 0.160120 -0.532520
v 0.063069 0.160119 -0.512703
v -0.235861 0.446804 -0.537985
v -0.261539 0.446804 -1.375571
v -0.261539 0.446804 -1.263308
v -0.261539 0.446804 -0.787812
v -0.261539 0.446804 -0.512703
v -0.235861 0.446804 -0.512703
v -0.235861 0.131309 -0.537985
v -0.235861 0.131309 -0.512703
v -0.261539 0.401630 -0.512703
v -0.255101 0.332880 -0.512703
v -0.251358 0.160120 -0.512703
v -0.378389 0.195118 -1.939297
v -0.378389 0.411515 -1.939297
v -0.378389 0.195118 -2.014798
v -0.378389 0.411515 -2.014798
v -0.128950 0.074747 -1.884963
v -0.128950 0.531886 -1.884963
v -0.128950 0.074747 -2.101767
v -0.128950 0.531886 -2.101767
v 0.096627 0.616284 2.902757
v 0.096547 0.616017 2.902859
v 0.095872 0.613791 2.903546
v 0.098531 0.635626 2.896466
v 0.097214 0.622245 2.900474
v 0.096627 0.654967 2.890672
v 0.090990 0.597686 2.908514
v 0.091359 0.672347 2.885467
v 0.090990 0.673565 2.885103
v 0.081835 0.580546 2.913801
v 0.069514 0.565522 2.918436
v 0.081835 0.690704 2.879969
v 0.069514 0.705728 2.875469
v 0.054501 0.718057 2.871776
v 0.054501 0.553193 2.922240
v 0.037373 0.727218 2.869032
v 0.037373 0.544031 2.925066
v 0.018788 0.732860 2.867342
v 0.018788 0.538390 2.926806
v -0.000539 0.734765 2.866772
v -0.019867 0.732860 2.867343
v -0.000539 0.536485 2.927394
v -0.019867 0.538390 2.926806
v -0.038452 0.727218 2.869032
v -0.038452 0.544031 2.925066
v -0.055580 0.718057 2.871776
v -0.055580 0.553193 2.922240
v -0.070593 0.565522 2.918436
v -0.070593 0.705728 2.875469
v -0.082914 0.580546 2.913801
v -0.089223 0.678892 2.883507
v -0.092069 0.673565 2.885103
v -0.082913 0.690705 2.879969
v -0.092069 0.597686 2.908514
v -0.097706 0.654967 2.890673
v -0.094339 0.605177 2.906204
v -0.098293 0.622245 2.900474
v -0.097706 0.616284 2.902757
v -0.097625 0.616017 2.902859
v -0.099610 0.635626 2.896466
v -0.119233 -0.116845 1.984866
v 0.136083 -1.798685 1.973773
v -0.195622 0.053302 1.998375
v -0.136010 -0.146871 1.972902
v -0.136010 -1.798685 1.973773
v 0.119306 -0.116845 1.984866
v 0.195695 0.053302 1.998375
v 0.136083 -0.146871 1.972902
v -0.133187 -1.943135 2.349388
v 0.116832 -0.113664 2.365655
v 0.191636 0.053302 2.454794
v 0.133260 -0.143691 2.378870
v -0.116758 -0.113664 2.365655
v 0.133260 -1.943135 2.349388
v -0.191563 0.053302 2.454794
v -0.133187 -0.143691 2.378870
v 0.271648 0.840331 -2.871778
v 0.271648 0.839629 -2.761915
v 0.263203 0.835817 -2.871778
v 0.263203 0.835114 -2.761915
v 0.244509 0.832098 -2.871778
v 0.244509 0.831396 -2.761915
v 0.254039 0.833037 -2.871778
v 0.254039 0.832334 -2.761915
v 0.234979 0.833037 -2.871778
v 0.234979 0.832334 -2.761915
v 0.225815 0.835817 -2.871778
v 0.225815 0.835114 -2.761915
v -0.217772 0.840331 -2.871778
v -0.217772 0.839629 -2.761915
v -0.226217 0.835817 -2.871778
v -0.226217 0.835114 -2.761915
v -0.210369 0.846407 -2.871778
v -0.210369 0.845704 -2.761915
v -0.244911 0.832098 -2.871778
v -0.244911 0.831396 -2.761915
v -0.235381 0.833037 -2.871778
v -0.235381 0.832334 -2.761915
v -0.254441 0.833037 -2.871778
v -0.254441 0.832334 -2.761915
v -0.263605 0.835817 -2.871778
v -0.263605 0.835114 -2.761915
v 0.289640 0.862256 -2.871778
v 0.290376 0.864680 -2.871778
v 0.290589 0.864680 -2.761915
v 0.289640 0.861554 -2.761915
v 0.292420 0.871420 -2.871778
v 0.292420 0.870718 -2.761915
v 0.293359 0.880951 -2.871778
v 0.293359 0.880249 -2.761915
v 0.292420 0.890482 -2.871778
v 0.292420 0.889780 -2.761915
v 0.279051 0.846407 -2.871778
v 0.279051 0.845704 -2.761915
v 0.285126 0.853810 -2.871778
v 0.285126 0.853108 -2.761915
v 0.217369 0.840331 -2.871778
v 0.217369 0.839629 -2.761915
v 0.209967 0.846407 -2.871778
v 0.209967 0.845704 -2.761915
v 0.203892 0.853810 -2.871778
v 0.203892 0.853108 -2.761915
v 0.199377 0.862256 -2.871778
v 0.198642 0.864680 -2.871778
v 0.199377 0.861554 -2.761915
v 0.196598 0.871420 -2.871778
v 0.196598 0.870718 -2.761915
v 0.198429 0.864680 -2.761915
v 0.195659 0.880951 -2.871778
v 0.195659 0.880249 -2.761915
v -0.196061 0.880951 -2.871778
v -0.196061 0.880249 -2.761915
v -0.197000 0.871420 -2.871778
v -0.197000 0.870718 -2.761915
v -0.197000 0.890482 -2.871778
v -0.197000 0.889780 -2.761915
v -0.204294 0.853810 -2.871778
v -0.204294 0.853108 -2.761915
v -0.199780 0.862256 -2.871778
v -0.199780 0.861554 -2.761915
v -0.199044 0.864680 -2.871778
v -0.198831 0.864680 -2.761915
v -0.272051 0.840331 -2.871778
v -0.272051 0.839629 -2.761915
v -0.279453 0.846407 -2.871778
v -0.279453 0.845704 -2.761915
v -0.285528 0.853810 -2.871778
v -0.285528 0.853108 -2.761915
v -0.290043 0.862256 -2.871778
v -0.290043 0.861554 -2.761915
v -0.290778 0.864680 -2.871778
v -0.292823 0.871420 -2.871778
v -0.290991 0.864680 -2.761915
v -0.292823 0.870718 -2.761915
v -0.293761 0.880951 -2.871778
v -0.293761 0.880249 -2.761915
v 0.289640 0.899647 -2.871778
v 0.289640 0.898944 -2.761915
v 0.285126 0.908093 -2.871778
v 0.285126 0.907391 -2.761915
v 0.279051 0.915496 -2.871778
v 0.279051 0.914794 -2.761915
v 0.271648 0.921571 -2.871778
v 0.271648 0.920869 -2.761915
v 0.263203 0.926086 -2.871778
v 0.264478 0.925404 -2.871778
v 0.263203 0.925384 -2.761915
v 0.209967 0.915496 -2.871778
v 0.209967 0.914794 -2.761915
v 0.217369 0.921571 -2.871778
v 0.217369 0.920869 -2.761915
v 0.254039 0.928866 -2.871778
v 0.254039 0.928164 -2.761914
v 0.225815 0.926086 -2.871778
v 0.224540 0.925404 -2.871778
v 0.225815 0.925384 -2.761915
v 0.225884 0.925404 -2.761915
v 0.196598 0.890482 -2.871778
v 0.196598 0.889780 -2.761915
v 0.199377 0.899647 -2.871778
v 0.199377 0.898944 -2.761915
v 0.203892 0.908093 -2.871778
v 0.203892 0.907391 -2.761915
v -0.199780 0.899647 -2.871778
v -0.199780 0.898944 -2.761915
v -0.204294 0.908093 -2.871778
v -0.204294 0.907391 -2.761915
v -0.210369 0.915496 -2.871778
v -0.210369 0.914794 -2.761915
v -0.217772 0.921571 -2.871778
v -0.217772 0.920869 -2.761915
v -0.226217 0.926086 -2.871778
v -0.224942 0.925404 -2.871778
v -0.226217 0.925384 -2.761915
v -0.226286 0.925404 -2.761915
v -0.279453 0.915496 -2.871778
v -0.279453 0.914794 -2.761915
v -0.272051 0.921571 -2.871778
v -0.272051 0.920869 -2.761915
v -0.263605 0.926086 -2.871778
v -0.264880 0.925404 -2.871778
v -0.263605 0.925384 -2.761915
v -0.263537 0.925404 -2.761915
v -0.235381 0.928866 -2.871778
v -0.235381 0.928164 -2.761914
v -0.292823 0.890482 -2.871778
v -0.292823 0.889780 -2.761915
v -0.290043 0.899647 -2.871778
v -0.290043 0.898944 -2.761915
v -0.285528 0.908093 -2.871778
v -0.285528 0.907391 -2.761915
v 0.263134 0.925404 -2.761915
v 0.234979 0.928866 -2.871778
v 0.234979 0.928164 -2.761914
v 0.244509 0.929805 -2.871778
v 0.244509 0.929102 -2.761915
v -0.254441 0.928866 -2.871778
v -0.254441 0.928164 -2.761914
v -0.244911 0.929805 -2.871778
v -0.244911 0.929102 -2.761915
v 0.227867 0.777836 2.370596
v 0.227867 0.778400 2.282361
v 0.237397 0.778775 2.370596
v 0.237397 0.779339 2.282361
v -0.223177 0.778775 2.370596
v -0.223177 0.779339 2.282361
v -0.232707 0.777836 2.370596
v -0.232707 0.778400 2.282361
v 0.218337 0.778775 2.370596
v 0.218337 0.779339 2.282361
v -0.214013 0.781555 2.370596
v -0.214013 0.782119 2.282361
v -0.242237 0.778775 2.370596
v -0.242237 0.779339 2.282361
v 0.246561 0.781555 2.370596
v 0.246561 0.782119 2.282361
v 0.252450 0.784703 2.370596
v 0.255007 0.786070 2.370596
v 0.255007 0.786634 2.282361
v 0.251395 0.784703 2.282361
v 0.209173 0.781555 2.370596
v 0.209173 0.782119 2.282361
v -0.205567 0.786070 2.370596
v -0.205567 0.786634 2.282361
v -0.209180 0.784703 2.282361
v -0.208125 0.784703 2.370596
v -0.251401 0.781555 2.370596
v -0.251401 0.782119 2.282361
v -0.256234 0.784703 2.282361
v 0.262409 0.792145 2.370596
v 0.262409 0.792709 2.282361
v 0.204340 0.784703 2.282361
v -0.198165 0.792145 2.370596
v -0.198165 0.792709 2.282361
v -0.259846 0.786070 2.370596
v -0.257289 0.784703 2.370596
v -0.259846 0.786634 2.282361
v 0.268485 0.799548 2.370596
v 0.268485 0.800112 2.282361
v 0.200728 0.786070 2.370596
v 0.203285 0.784703 2.370596
v 0.200728 0.786634 2.282361
v 0.193325 0.792145 2.370596
v 0.193325 0.792709 2.282361
v -0.267249 0.792145 2.370596
v -0.267249 0.792709 2.282361
v 0.276717 0.827254 2.282361
v 0.276717 0.826690 2.370596
v 0.275995 0.819919 2.282361
v 0.276050 0.819919 2.370596
v 0.275779 0.817159 2.370596
v 0.275779 0.817723 2.282361
v 0.275779 0.836785 2.282361
v 0.275779 0.836221 2.370596
v 0.272999 0.845949 2.282361
v 0.272999 0.845385 2.370596
v 0.272999 0.807994 2.370596
v 0.272999 0.808558 2.282361
v 0.187250 0.799548 2.370596
v 0.187250 0.800112 2.282361
v 0.182736 0.807994 2.370596
v 0.182736 0.808558 2.282361
v 0.179956 0.817159 2.370596
v 0.179956 0.817723 2.282361
v 0.179740 0.819919 2.282361
v 0.179017 0.827254 2.282361
v 0.179017 0.826690 2.370596
v 0.179684 0.819919 2.370596
v 0.179956 0.836785 2.282361
v 0.179956 0.836221 2.370596
v -0.184579 0.819919 2.282361
v -0.184524 0.819919 2.370596
v -0.184796 0.817159 2.370596
v -0.184796 0.817723 2.282361
v -0.183857 0.827254 2.282361
v -0.183857 0.826690 2.370596
v -0.184796 0.836785 2.282361
v -0.184796 0.836221 2.370596
v -0.192090 0.799548 2.370596
v -0.192090 0.800112 2.282361
v -0.187575 0.807994 2.370596
v -0.187575 0.808558 2.282361
v -0.273324 0.799548 2.370596
v -0.273324 0.800112 2.282361
v -0.277838 0.807994 2.370596
v -0.277838 0.808558 2.282361
v -0.280618 0.836785 2.282361
v -0.280618 0.836221 2.370596
v -0.280618 0.817159 2.370596
v -0.280618 0.817723 2.282361
v -0.280834 0.819919 2.282361
v -0.281557 0.827254 2.282361
v -0.281557 0.826690 2.370596
v -0.280890 0.819919 2.370596
v 0.268485 0.854395 2.282361
v 0.268485 0.853831 2.370596
v 0.262409 0.861798 2.282361
v 0.262409 0.861234 2.370596
v 0.255007 0.867874 2.282361
v 0.255007 0.867310 2.370596
v 0.246561 0.872388 2.282361
v 0.246561 0.871824 2.370596
v 0.237397 0.875168 2.282361
v 0.237397 0.874604 2.370596
v 0.200728 0.867874 2.282361
v 0.200728 0.867310 2.370596
v 0.209173 0.872388 2.282361
v 0.209173 0.871825 2.370596
v 0.218337 0.875168 2.282361
v 0.218337 0.874604 2.370596
v 0.193325 0.861798 2.282361
v 0.193325 0.861234 2.370596
v 0.187250 0.854395 2.282361
v 0.187250 0.853831 2.370596
v 0.182736 0.845949 2.282361
v 0.182736 0.845385 2.370596
v -0.187575 0.845949 2.282361
v -0.187575 0.845385 2.370596
v -0.192090 0.854395 2.282361
v -0.192090 0.853831 2.370596
v -0.198165 0.861798 2.282361
v -0.198165 0.861234 2.370596
v -0.205567 0.867874 2.282361
v -0.205567 0.867310 2.370596
v -0.214013 0.872388 2.282361
v -0.214013 0.871824 2.370596
v -0.223177 0.875168 2.282361
v -0.223177 0.874604 2.370596
v -0.259846 0.867874 2.282361
v -0.259846 0.867310 2.370596
v -0.251401 0.872388 2.282361
v -0.251401 0.871825 2.370596
v -0.242237 0.875168 2.282361
v -0.242237 0.874604 2.370596
v -0.232707 0.876107 2.282361
v -0.232707 0.875543 2.370596
v -0.277838 0.845949 2.282361
v -0.277838 0.845385 2.370596
v -0.273324 0.854395 2.282361
v -0.273324 0.853831 2.370596
v -0.267249 0.861798 2.282361
v -0.267249 0.861234 2.370596
v 0.227867 0.876107 2.282361
v 0.227867 0.875543 2.370596
v 0.152771 0.888979 1.824401
v -0.152653 0.888979 1.824401
v 0.152771 0.940758 1.259301
v -0.152653 0.940758 1.259301
v 0.152771 0.966340 1.272196
v -0.152653 0.966340 1.272196
v 0.152771 0.908314 1.814885
v -0.152653 0.908314 1.814885
v 0.152771 0.886585 2.082748
v -0.152653 0.886585 2.082748
v 0.152771 0.889020 1.581478
v -0.152653 0.889020 1.581478
v 0.152771 0.886539 1.269982
v -0.152653 0.886539 1.269982
v 0.152771 0.968742 1.578684
v -0.152653 0.968742 1.578684
v 0.152771 0.943567 1.591797
v -0.152653 0.943567 1.591797
v 0.152771 0.905920 2.092621
v -0.152653 0.905920 2.092621
v 0.152771 0.943358 1.816247
v -0.152653 0.943358 1.816247
v 0.152771 0.940964 2.092013
v -0.152653 0.940964 2.092013
v 0.152771 0.966341 2.081465
v -0.152653 0.966341 2.081465
v 0.152771 0.968735 1.827272
v -0.152653 0.968735 1.827272
v 0.152771 0.905692 1.258208
v -0.152653 0.905692 1.258208
v 0.152771 0.908538 1.593078
v -0.152653 0.908538 1.593078
v 0.193465 0.693109 2.082943
v 0.193150 0.693109 1.692245
v 0.209673 0.616651 1.692245
v 0.170112 0.614754 1.692245
v 0.209673 0.618109 2.082943
v 0.170112 0.614641 2.082943
v 0.258464 0.483209 -2.435751
v 0.258464 0.518642 -2.447195
v 0.258464 0.555532 -2.447195
v -0.261539 0.555532 -2.447195
v -0.261539 0.518642 -2.447195
v -0.261539 0.483209 -2.435751
v -0.261539 0.591420 -2.435751
v 0.258464 0.591420 -2.435751
v 0.258464 0.483209 -2.177278
v 0.258464 0.591420 -2.177278
v -0.261539 0.591420 -2.177278
v 0.258464 0.555532 -2.165834
v -0.261539 0.483209 -2.177279
v -0.261539 0.555532 -2.165834
v 0.258464 0.518642 -2.165834
v -0.261539 0.518642 -2.165834
v 0.258464 0.518642 -1.432332
v 0.258464 0.591420 -1.420889
v 0.258464 0.483209 -1.420889
v 0.258464 0.483209 -1.376268
v 0.258464 0.483209 -1.264397
v 0.258464 0.483209 -1.162416
v 0.258464 0.555532 -1.150972
v 0.258464 0.555532 -1.432332
v 0.258464 0.518642 -1.150972
v 0.258464 0.591420 -1.162416
v 0.258464 0.591420 -1.378342
v 0.258464 0.591420 -1.267634
v -0.261539 0.518642 -1.150972
v -0.261539 0.555532 -1.432332
v -0.261539 0.483209 -1.420889
v -0.261539 0.518642 -1.432332
v -0.261539 0.591420 -1.162416
v -0.261539 0.591420 -1.420889
v -0.261539 0.591420 -1.267634
v -0.261539 0.591420 -1.378342
v -0.261539 0.483209 -1.162416
v -0.261539 0.483209 -1.264397
v -0.261539 0.483209 -1.376268
v -0.261539 0.555532 -1.150972
v 0.082557 0.279629 3.711538
v -0.082421 0.246813 3.711538
v 0.084173 0.263221 3.711538
v 0.082557 0.246813 3.711538
v -0.077654 0.231101 3.711538
v 0.077791 0.231101 3.711538
v 0.123849 0.288002 3.711538
v 0.126274 0.263381 3.711538
v -0.123712 0.238760 3.711538
v 0.123849 0.238759 3.711538
v -0.121389 0.231101 3.711538
v 0.121525 0.231101 3.711538
v -0.064029 0.317056 3.711539
v 0.064165 0.317056 3.711538
v -0.113656 0.317056 3.711538
v 0.113792 0.317056 3.711538
v 0.069999 0.309331 3.361501
v 0.077771 0.294790 3.361501
v -0.069862 0.309331 3.361501
v -0.063523 0.317056 3.361501
v -0.077635 0.294790 3.361501
v 0.063659 0.317056 3.361501
v 0.082557 0.279012 3.361501
v -0.113529 0.317056 3.361501
v 0.113665 0.317056 3.361501
v -0.116531 0.311440 3.361501
v 0.116667 0.311440 3.361501
v 0.123849 0.287764 3.361501
v 0.126274 0.263143 3.361501
v -0.082421 0.279013 3.361501
v -0.082421 0.246197 3.361501
v 0.084173 0.262605 3.361501
v 0.082557 0.246196 3.361501
v -0.084037 0.262605 3.361501
v -0.077841 0.231101 3.361501
v 0.077978 0.231101 3.361501
v -0.123712 0.287765 3.361501
v -0.126137 0.263143 3.361501
v -0.121461 0.231101 3.361501
v -0.123712 0.238522 3.361501
v 0.123849 0.238521 3.361501
v 0.121598 0.231101 3.361501
v 0.069999 0.309947 3.711538
v 0.077771 0.295407 3.711538
v -0.069862 0.309947 3.711538
v -0.077635 0.295407 3.711538
v -0.082421 0.279629 3.711538
v -0.084037 0.263221 3.711538
v -0.116531 0.311678 3.711538
v 0.116667 0.311678 3.711538
v -0.123712 0.288003 3.711539
v -0.126137 0.263381 3.711538
v 0.000068 0.346709 3.361501
v -0.016340 0.345093 3.361501
v -0.032117 0.340307 3.361501
v -0.043303 0.334328 3.361501
v -0.043347 0.190904 3.361501
v -0.032117 0.184902 3.361501
v -0.016340 0.180116 3.361501
v 0.000068 0.389348 3.361501
v -0.024553 0.386923 3.361501
v -0.043289 0.381240 3.361501
v -0.043361 0.145068 3.361501
v -0.024553 0.139362 3.361501
v -0.016340 0.345710 3.711538
v -0.043303 0.334945 3.711538
v -0.032117 0.340924 3.711538
v -0.032117 0.185519 3.711538
v -0.043347 0.191521 3.711539
v -0.016340 0.180732 3.711538
v 0.000068 0.179116 3.711538
v -0.024553 0.387161 3.711538
v -0.043289 0.381478 3.711538
v -0.043361 0.145306 3.711539
v -0.024553 0.139600 3.711538
v 0.000068 0.137176 3.711538
v 0.000068 0.347326 3.711538
v 0.016476 0.345710 3.711538
v 0.042652 0.335366 3.711539
v 0.032254 0.340924 3.711538
v 0.042608 0.191053 3.711539
v 0.032254 0.185519 3.711538
v 0.016476 0.180732 3.711538
v 0.000068 0.389587 3.711538
v 0.024690 0.387161 3.711538
v 0.042666 0.381708 3.711538
v 0.024690 0.139600 3.711538
v 0.042594 0.145032 3.711538
v 0.042652 0.334749 3.361501
v 0.042608 0.190436 3.361501
v 0.042666 0.381470 3.361501
v 0.042594 0.144794 3.361501
v 0.016476 0.345093 3.361501
v 0.032254 0.340307 3.361501
v 0.032254 0.184902 3.361501
v 0.016476 0.180116 3.361501
v 0.000068 0.178500 3.361501
v 0.024690 0.386923 3.361501
v 0.024690 0.139362 3.361501
v 0.000068 0.136938 3.361501
v -0.154678 0.131309 -1.263773
v 0.152434 0.249391 -1.317720
v 0.063069 0.293729 -1.262053
v 0.063069 0.294562 -1.317242
v 0.063069 0.294096 -1.286391
v 0.156719 0.294096 -1.286391
v -0.139194 0.131309 -1.318970
v 0.063069 0.249391 -1.317720
v 0.063069 0.131309 -1.318970
v 0.156719 0.285462 -0.713822
v 0.156719 0.239749 -0.647700
v -0.154678 0.131309 -0.648848
v 0.063069 0.284458 -0.647227
v 0.063069 0.285462 -0.713822
v 0.063069 0.283520 -0.585060
v -0.140242 0.131309 -0.586672
v 0.148520 0.197076 -0.585976
v 0.063069 0.131309 -0.586672
v 0.063069 0.197076 -0.585976
v 0.108225 -0.260551 -1.327909
v 0.108225 -0.239119 -1.325340
v 0.156719 -0.260551 -1.272127
v 0.156719 -0.239119 -1.269804
v -0.154678 -0.260551 -1.272127
v -0.154678 -0.239119 -1.269804
v -0.106185 -0.260551 -1.327909
v -0.106185 -0.239119 -1.325340
v 0.095036 -0.260551 -1.327909
v -0.093453 -0.260551 -1.327909
v -0.154678 -0.260551 -0.651977
v -0.154678 -0.239119 -0.692820
v -0.154678 -0.239119 -0.652399
v 0.156719 -0.260551 -0.651977
v 0.156719 -0.239119 -0.692820
v 0.156719 -0.239119 -0.652399
v -0.123810 -0.239119 -0.612839
v 0.125850 -0.239119 -0.612839
v 0.108225 -0.260551 -0.589405
v 0.108225 -0.239119 -0.590104
v 0.095036 -0.260551 -0.589405
v -0.093453 -0.260551 -0.589405
v -0.106185 -0.260551 -0.589405
v -0.106185 -0.239119 -0.590104
v -0.106185 -1.947941 -1.399529
v 0.108225 -1.947941 -1.399529
v 0.123663 -1.947941 -1.378573
v 0.156719 -1.947941 -1.333704
v -0.121623 -1.947941 -1.378573
v -0.154678 -1.947941 -1.333704
v -0.154678 -1.947941 -0.600384
v 0.156719 -1.947941 -0.600384
v 0.108225 -1.947941 -0.526237
v 0.118247 -1.947941 -0.541561
v -0.106185 -1.947941 -0.526237
v -0.116207 -1.947941 -0.541561
v -0.190929 -0.330631 2.041418
v 0.190115 -0.329768 2.041418
v -0.190816 -0.358443 2.044157
v 0.190227 -0.357580 2.044157
v -0.190708 -0.385187 2.052269
v 0.190335 -0.384324 2.052269
v -0.190608 -0.409834 2.065444
v 0.190435 -0.408971 2.065444
v -0.190521 -0.431437 2.083173
v 0.190522 -0.430574 2.083173
v -0.190449 -0.449166 2.104776
v 0.190594 -0.448303 2.104776
v -0.190396 -0.462340 2.129423
v 0.190647 -0.461477 2.129423
v -0.190363 -0.470453 2.156167
v 0.190680 -0.469590 2.156167
v -0.190352 -0.473192 2.183979
v 0.190691 -0.472329 2.183979
v -0.190363 -0.470453 2.211792
v 0.190680 -0.469590 2.211792
v -0.190396 -0.462340 2.238535
v 0.190647 -0.461477 2.238535
v -0.190449 -0.449166 2.263182
v 0.190594 -0.448303 2.263182
v -0.190521 -0.431437 2.284785
v 0.190522 -0.430574 2.284785
v -0.190608 -0.409834 2.302515
v 0.190435 -0.408971 2.302515
v -0.190708 -0.385187 2.315689
v 0.190335 -0.384324 2.315689
v -0.190816 -0.358443 2.323802
v 0.190227 -0.357580 2.323802
v -0.190929 -0.330631 2.326541
v 0.190115 -0.329768 2.326541
v -0.191041 -0.302819 2.323802
v 0.190002 -0.301956 2.323802
v -0.191149 -0.276075 2.315689
v 0.189894 -0.275212 2.315689
v -0.191249 -0.251428 2.302515
v 0.189794 -0.250565 2.302515
v -0.191336 -0.229825 2.284785
v 0.189707 -0.228962 2.284785
v -0.191408 -0.212096 2.263182
v 0.189635 -0.211233 2.263182
v -0.191461 -0.198922 2.238535
v 0.189582 -0.198059 2.238535
v -0.191494 -0.190809 2.211791
v 0.189549 -0.189946 2.211791
v -0.191505 -0.188070 2.183979
v 0.189538 -0.187207 2.183979
v -0.191494 -0.190809 2.156167
v 0.189549 -0.189946 2.156167
v -0.191461 -0.198922 2.129423
v 0.189582 -0.198059 2.129423
v -0.191408 -0.212096 2.104776
v 0.189635 -0.211233 2.104776
v -0.191336 -0.229825 2.083173
v 0.189707 -0.228962 2.083173
v -0.191249 -0.251428 2.065444
v 0.189794 -0.250566 2.065444
v -0.191149 -0.276075 2.052269
v 0.189894 -0.275213 2.052269
v -0.191041 -0.302819 2.044157
v 0.190002 -0.301956 2.044157
vt 0.625000 0.518844
vt 0.625000 0.518844
vt 0.625000 0.500000
vt 0.625000 0.500000
vt 0.625000 1.000000
vt 0.625000 1.000000
vt 0.625000 0.820607
vt 0.625000 0.823116
vt 0.625000 0.750000
vt 0.625000 0.750000
vt 0.625000 0.021226
vt 0.625000 0.021226
vt 0.625000 0.000000
vt 0.625000 0.000000
vt 0.625000 1.000000
vt 0.625000 1.000000
vt 0.625000 0.985155
vt 0.625000 0.765378
vt 0.625000 0.750000
vt 0.625000 0.750000
vt 0.625000 0.484622
vt 0.625000 0.264845
vt 0.625000 0.250000
vt 0.625000 0.250000
vt 0.625000 0.500000
vt 0.625000 0.500000
vt 0.625000 0.425673
vt 0.625000 0.429864
vt 0.625000 0.250000
vt 0.625000 0.250000
vt 0.625000 0.518844
vt 0.625000 0.518844
vt 0.625000 0.510534
vt 0.625000 0.021226
vt 0.625000 0.021226
vt 0.625000 0.000000
vt 0.625000 0.000000
vt 0.625000 0.231156
vt 0.625000 0.231156
vt 0.625000 0.728774
vt 0.625000 0.728774
vt 0.625000 0.706035
vt 0.700185 0.706035
vt 0.700185 0.518844
vt 0.625000 0.231156
vt 0.625000 0.231156
vt 0.625000 0.728774
vt 0.625000 0.728774
vt 0.534091 0.000000
vt 0.534091 0.250000
vt 0.625000 0.250000
vt 0.625000 0.000000
vt 0.534091 0.296094
vt 0.625000 0.296094
vt 0.125000 0.500000
vt 0.125000 0.750000
vt 0.171094 0.750000
vt 0.171094 0.500000
vt 0.448864 0.250000
vt 0.448864 0.296094
vt 0.448864 0.000000
vt 0.375000 0.000000
vt 0.375000 0.250000
vt 0.375000 0.296094
vt 0.534091 0.000000
vt 0.534091 0.250000
vt 0.625000 0.250000
vt 0.625000 0.000000
vt 0.534091 0.296094
vt 0.625000 0.296094
vt 0.125000 0.500000
vt 0.125000 0.750000
vt 0.171094 0.750000
vt 0.171094 0.651362
vt 0.171094 0.543158
vt 0.171094 0.500000
vt 0.448864 0.250000
vt 0.448864 0.296094
vt 0.448864 0.000000
vt 0.375000 0.000000
vt 0.375000 0.250000
vt 0.375000 0.296094
vt 0.534091 0.500000
vt 0.534091 0.750000
vt 0.625000 0.750000
vt 0.625000 0.500000
vt 0.534091 0.798950
vt 0.625000 0.798950
vt 0.673950 0.750000
vt 0.673950 0.500000
vt 0.448864 0.750000
vt 0.448864 0.798950
vt 0.448864 0.500000
vt 0.375000 0.500000
vt 0.375000 0.750000
vt 0.375000 0.798950
vt 0.534091 0.500000
vt 0.534091 0.750000
vt 0.625000 0.750000
vt 0.625000 0.500000
vt 0.534091 0.798950
vt 0.625000 0.798950
vt 0.673950 0.750000
vt 0.673950 0.648231
vt 0.673950 0.541152
vt 0.673950 0.500000
vt 0.448864 0.750000
vt 0.448864 0.798950
vt 0.448864 0.500000
vt 0.375000 0.500000
vt 0.375000 0.750000
vt 0.375000 0.798950
vt 1.000000 0.500000
vt 0.968750 0.500000
vt 0.968750 0.675959
vt 1.000000 0.674508
vt 0.937500 0.500000
vt 0.937500 0.680256
vt 0.906250 0.500000
vt 0.906250 0.687233
vt 0.875000 0.500000
vt 0.875000 0.696623
vt 0.843750 0.500000
vt 0.843750 0.708064
vt 0.812500 0.500000
vt 0.812500 0.721118
vt 0.781250 0.500000
vt 0.781250 0.735281
vt 0.810454 0.722046
vt 0.750000 0.500000
vt 0.750000 0.750011
vt 0.718750 0.500000
vt 0.718750 0.765999
vt 0.728380 0.760203
vt 0.687500 0.500000
vt 0.687500 0.780634
vt 0.714561 0.768004
vt 0.718302 0.766258
vt 0.656250 0.500000
vt 0.656250 0.794076
vt 0.625000 0.500000
vt 0.625000 0.805857
vt 0.593750 0.500000
vt 0.593750 0.815526
vt 0.562500 0.500000
vt 0.562500 0.822710
vt 0.531250 0.500000
vt 0.531250 0.827134
vt 0.500000 0.500000
vt 0.500000 0.828628
vt 0.468750 0.500000
vt 0.468750 0.827134
vt 0.437500 0.500000
vt 0.437500 0.822710
vt 0.406250 0.500000
vt 0.406250 0.815526
vt 0.375000 0.500000
vt 0.375000 0.805857
vt 0.343750 0.500000
vt 0.343750 0.794076
vt 0.312500 0.500000
vt 0.312500 0.780634
vt 0.281250 0.500000
vt 0.281250 0.765999
vt 0.281698 0.766259
vt 0.299913 0.774760
vt 0.250000 0.500000
vt 0.250000 0.750011
vt 0.271620 0.760203
vt 0.218750 0.500000
vt 0.218750 0.735281
vt 0.187500 0.500000
vt 0.187500 0.721118
vt 0.156250 0.500000
vt 0.156250 0.708064
vt 0.177787 0.717061
vt 0.125000 0.500000
vt 0.125000 0.696623
vt 0.093750 0.500000
vt 0.093750 0.687232
vt 0.062500 0.500000
vt 0.062500 0.680256
vt 0.031250 0.500000
vt 0.031250 0.675960
vt 0.000000 0.500000
vt 0.000000 0.674508
vt 0.750000 0.490000
vt 0.703179 0.485389
vt 0.658156 0.471731
vt 0.616663 0.449553
vt 0.580295 0.419706
vt 0.550447 0.383337
vt 0.528269 0.341844
vt 0.514612 0.296822
vt 0.510000 0.250000
vt 0.514611 0.203179
vt 0.528269 0.158156
vt 0.550447 0.116663
vt 0.580294 0.080294
vt 0.616663 0.050447
vt 0.658156 0.028269
vt 0.703178 0.014612
vt 0.750000 0.010000
vt 0.796822 0.014612
vt 0.841844 0.028269
vt 0.883337 0.050447
vt 0.919706 0.080294
vt 0.949553 0.116663
vt 0.971731 0.158156
vt 0.985388 0.203178
vt 0.990000 0.250000
vt 0.985388 0.296822
vt 0.971731 0.341844
vt 0.949553 0.383337
vt 0.919706 0.419706
vt 0.883337 0.449553
vt 0.841844 0.471731
vt 0.796822 0.485388
vt 0.375000 0.500000
vt 0.375000 0.601501
vt 0.468569 0.601732
vt 0.409059 0.592039
vt 0.408723 0.500000
vt 0.375000 0.750000
vt 0.375000 0.896826
vt 0.625000 0.896826
vt 0.625000 0.750000
vt 0.397830 0.750000
vt 0.625000 0.500000
vt 0.771826 0.750000
vt 0.771826 0.745344
vt 0.771826 0.500000
vt 0.414663 0.000000
vt 0.519832 0.000000
vt 0.519832 0.119554
vt 0.624926 0.119554
vt 0.624926 0.000000
vt 0.625000 0.000000
vt 0.625000 0.250000
vt 0.414663 0.250000
vt 0.414663 0.432550
vt 0.625000 0.432550
vt 0.625000 0.500000
vt 0.414663 0.500000
vt 0.625000 0.750000
vt 0.414663 0.750000
vt 0.414663 0.000000
vt 0.375000 0.000000
vt 0.375000 0.000000
vt 0.414663 0.000000
vt 0.307550 0.500000
vt 0.375000 0.500000
vt 0.375000 0.750000
vt 0.307550 0.750000
vt 0.307550 0.745385
vt 0.314879 0.745385
vt 0.341825 0.739769
vt 0.341825 0.684111
vt 0.314879 0.679104
vt 0.307550 0.679104
vt 0.625000 0.318299
vt 0.625000 0.250000
vt 0.625000 0.318299
vt 0.625000 0.000000
vt 0.307550 0.750000
vt 0.375000 0.750000
vt 0.375000 0.750000
vt 0.307550 0.750000
vt 0.625000 0.000000
vt 0.625000 0.000000
vt 0.625000 0.000000
vt 0.625000 0.000000
vt 0.414663 0.750000
vt 0.625000 0.750000
vt 0.625000 0.750000
vt 0.414663 0.750000
vt 0.307550 0.750000
vt 0.375000 0.750000
vt 0.375000 0.750000
vt 0.307550 0.750000
vt 0.414663 0.750000
vt 0.625000 0.750000
vt 0.625000 0.750000
vt 0.414663 0.750000
vt 0.307550 0.750000
vt 0.375000 0.750000
vt 0.375000 0.750000
vt 0.307550 0.750000
vt 0.414663 0.000000
vt 0.375000 0.000000
vt 0.375000 0.000000
vt 0.414663 0.000000
vt 0.625000 0.000000
vt 0.625000 0.000000
vt 0.625000 0.000000
vt 0.625000 0.000000
vt 0.625000 0.750000
vt 0.625000 0.750000
vt 0.625000 0.750000
vt 0.625000 0.750000
vt 0.625000 0.750000
vt 0.625000 0.750000
vt 0.625000 0.750000
vt 0.625000 0.750000
vt 0.625000 0.750000
vt 0.414663 0.750000
vt 0.625000 0.750000
vt 0.625000 0.750000
vt 0.414663 0.750000
vt 0.625000 0.750000
vt 0.625000 0.750000
vt 0.625000 0.500000
vt 0.625000 0.000000
vt 0.625000 0.000000
vt 0.625000 0.750000
vt 0.625000 0.750000
vt 0.625000 0.250000
vt 0.625000 0.000000
vt 0.625000 0.000000
vt 0.625000 0.250000
vt 0.625000 0.750000
vt 0.625000 0.500000
vt 0.625000 0.500000
vt 0.625000 0.750000
vt 0.625000 0.318299
vt 0.625000 0.000000
vt 0.625000 0.000000
vt 0.625000 0.750000
vt 0.625000 0.500000
vt 0.625000 0.750000
vt 0.625000 0.750000
vt 0.625000 0.750000
vt 0.625000 0.000000
vt 0.625000 0.000000
vt 0.625000 0.000000
vt 0.625000 0.000000
vt 0.414663 0.000000
vt 0.375000 0.000000
vt 0.375000 0.000000
vt 0.414663 0.000000
vt 0.625000 0.000000
vt 0.625000 0.000000
vt 0.625000 0.314074
vt 0.625000 0.000000
vt 0.625000 0.000000
vt 0.625000 0.000000
vt 0.625000 0.000000
vt 0.625000 0.318299
vt 0.625000 0.250000
vt 0.625000 0.250000
vt 0.625000 0.318299
vt 0.625000 0.000000
vt 0.625000 0.000000
vt 0.625000 0.000000
vt 0.625000 0.000000
vt 0.625000 0.000000
vt 0.625000 0.250000
vt 0.625000 0.750000
vt 0.625000 0.750000
vt 0.625000 0.750000
vt 0.625000 0.750000
vt 0.625000 0.000000
vt 0.625000 0.000000
vt 0.625000 0.318299
vt 0.806701 0.750000
vt 0.692450 0.750000
vt 0.692450 0.750000
vt 0.806701 0.750000
vt 0.625000 0.000000
vt 0.625000 0.000000
vt 0.625000 0.000000
vt 0.625000 0.000000
vt 0.625000 0.750000
vt 0.625000 0.750000
vt 0.625000 0.750000
vt 0.625000 0.750000
vt 0.625000 0.500000
vt 0.625000 0.500000
vt 0.625000 0.000000
vt 0.625000 0.000000
vt 0.625000 0.750000
vt 0.625000 0.750000
vt 0.625000 0.750000
vt 0.625000 0.750000
vt 0.625000 0.000000
vt 0.625000 0.000000
vt 0.625000 0.000000
vt 0.625000 0.000000
vt 0.414663 0.931701
vt 0.625000 0.931701
vt 0.625000 1.000000
vt 0.414663 1.000000
vt 0.625000 0.817450
vt 0.625000 0.817044
vt 0.625000 0.817450
vt 0.625000 0.817450
vt 0.625000 0.817450
vt 0.625000 0.750000
vt 0.625000 0.750000
vt 0.625000 0.817450
vt 0.625000 0.000000
vt 0.625000 0.000000
vt 0.625000 0.000000
vt 0.625000 0.000000
vt 0.625000 0.000000
vt 0.625000 0.000000
vt 0.625000 0.000000
vt 0.625000 0.000000
vt 0.625000 0.750000
vt 0.625000 0.750000
vt 0.806701 0.750000
vt 0.875000 0.750000
vt 0.875000 0.750000
vt 0.806701 0.750000
vt 0.625000 0.750000
vt 0.625000 0.750000
vt 0.307550 0.750000
vt 0.375000 0.750000
vt 0.375000 0.750000
vt 0.307550 0.750000
vt 0.375000 0.750000
vt 0.375000 0.750000
vt 0.375000 0.000000
vt 0.375000 0.000000
vt 0.375000 0.000000
vt 0.375000 0.000000
vt 0.375000 0.931701
vt 0.375000 1.000000
vt 0.375000 1.000000
vt 0.375000 0.931701
vt 0.625000 0.750000
vt 0.625000 0.750000
vt 0.625000 0.750000
vt 0.625000 0.750000
vt 0.625000 0.250000
vt 0.625000 0.000000
vt 0.625000 0.000000
vt 0.625000 0.250000
vt 0.625000 0.750000
vt 0.625000 0.750000
vt 0.625000 0.750000
vt 0.625000 0.750000
vt 0.625000 0.000000
vt 0.625000 0.000000
vt 0.625000 0.000000
vt 0.625000 0.000000
vt 0.625000 0.000000
vt 0.625000 0.000000
vt 0.625000 0.750000
vt 0.625000 0.750000
vt 0.625000 0.750000
vt 0.625000 0.750000
vt 0.414663 0.000000
vt 0.375000 0.000000
vt 0.307550 0.750000
vt 0.375000 0.750000
vt 0.414664 0.750000
vt 0.625000 0.750000
vt 0.625000 0.000000
vt 0.375000 0.000000
vt 0.375000 0.000000
vt 0.875000 0.750000
vt 0.692450 0.750000
vt 0.125000 0.750000
vt 0.193299 0.750000
vt 0.193299 0.750000
vt 0.125000 0.750000
vt 0.125000 0.750000
vt 0.193299 0.750000
vt 0.193299 0.750000
vt 0.125000 0.750000
vt 0.692450 0.750000
vt 0.806701 0.750000
vt 0.375000 0.817450
vt 0.375000 0.817450
vt 0.193299 0.750000
vt 0.125000 0.750000
vt 0.692450 0.750000
vt 0.625000 1.000000
vt 0.625000 0.931701
vt 0.625000 0.931701
vt 0.625000 1.000000
vt 0.625000 1.000000
vt 0.625000 0.933651
vt 0.625000 0.935485
vt 0.625000 0.935627
vt 0.625000 0.933229
vt 0.625000 0.931701
vt 0.625000 0.931701
vt 0.625000 1.000000
vt 0.625000 1.000000
vt 0.625000 0.933675
vt 0.625000 0.933705
vt 0.625000 0.931701
vt 0.625000 1.000000
vt 0.625000 0.931701
vt 0.414663 0.817450
vt 0.000000 0.000000
vt 0.000000 0.000000
vt 0.000000 0.000000
vt 0.000000 0.000000
vt 0.625000 0.000000
vt 0.625000 0.000000
vt 0.625000 0.431074
vt 0.625000 0.432550
vt 0.625000 0.432550
vt 0.625000 0.432550
vt 0.625000 0.430076
vt 0.625000 0.432550
vt 0.193299 0.750000
vt 0.125000 0.750000
vt 0.125000 0.750000
vt 0.193299 0.750000
vt 0.125000 0.750000
vt 0.193299 0.750000
vt 0.193299 0.750000
vt 0.125000 0.750000
vt 0.125000 0.500000
vt 0.193299 0.500000
vt 0.193299 0.679104
vt 0.186217 0.679104
vt 0.159244 0.684111
vt 0.159244 0.739769
vt 0.186217 0.745385
vt 0.193299 0.745385
vt 0.193299 0.750000
vt 0.125000 0.750000
vt 0.414663 0.318299
vt 0.000000 0.000000
vt 0.000000 0.000000
vt 0.625000 0.000000
vt 0.625000 0.000000
vt 0.625000 0.750000
vt 0.625000 0.750000
vt 0.625000 0.750000
vt 0.000000 0.000000
vt 0.000000 0.000000
vt 0.625000 0.820382
vt 0.625000 0.825881
vt 0.625000 0.833282
vt 0.625000 0.842299
vt 0.625000 0.852587
vt 0.625000 0.863750
vt 0.625000 0.875360
vt 0.625000 0.886969
vt 0.625000 0.898132
vt 0.625000 0.908420
vt 0.625000 0.917438
vt 0.625000 0.924838
vt 0.625000 0.930337
vt 0.625000 0.817450
vt 0.625000 0.000000
vt 0.625000 0.000000
vt 0.625000 0.750000
vt 0.625000 0.750000
vt 0.625000 0.000000
vt 0.625000 0.000000
vt 0.625000 0.000000
vt 0.625000 0.000000
vt 0.625000 0.000000
vt 0.625000 0.000000
vt 0.625000 0.000000
vt 0.625000 0.000000
vt 0.625000 0.000000
vt 0.625000 0.000000
vt 0.625000 0.000000
vt 0.625000 0.000000
vt 0.625000 0.000000
vt 0.625000 0.000000
vt 0.193299 0.750000
vt 0.307550 0.750000
vt 0.625000 0.000000
vt 0.625000 0.000000
vt 0.625000 0.750000
vt 0.125000 0.750000
vt 0.625000 0.000000
vt 0.625000 0.000000
vt 0.414663 0.750000
vt 0.375000 0.750000
vt 0.414663 0.000000
vt 0.375000 0.000000
vt 0.625000 0.000000
vt 0.625000 0.000000
vt 0.625000 0.318299
vt 0.625000 0.750000
vt 0.625000 0.750000
vt 0.625000 0.750000
vt 0.625000 0.750000
vt 0.625000 0.750000
vt 0.625000 0.750000
vt 0.625000 0.750000
vt 0.625000 0.750000
vt 0.625000 0.750000
vt 0.625000 0.750000
vt 0.625000 0.318299
vt 0.625000 0.500000
vt 0.625000 0.432550
vt 0.625000 0.432550
vt 0.625000 0.500000
vt 0.000000 0.000000
vt 0.000000 0.000000
vt 0.625000 0.000000
vt 0.625000 0.750000
vt 1.000000 0.500000
vt 1.000000 0.619343
vt 0.968750 0.619340
vt 0.968750 0.500000
vt 0.945022 0.619333
vt 0.945022 0.887084
vt 0.968750 0.887092
vt 0.968750 1.000000
vt 0.937500 1.000000
vt 0.937500 0.500000
vt 0.906250 1.000000
vt 0.906250 0.500000
vt 0.875000 1.000000
vt 0.875000 0.500000
vt 0.843750 1.000000
vt 0.843750 0.500000
vt 0.812500 1.000000
vt 0.812500 0.886990
vt 0.820203 0.886997
vt 0.820544 0.619245
vt 0.812500 0.619238
vt 0.812500 0.500000
vt 0.781250 0.619207
vt 0.781250 0.500000
vt 0.750000 0.619173
vt 0.750000 0.500000
vt 0.718750 0.619140
vt 0.718750 0.500000
vt 0.708955 0.619130
vt 0.708641 0.886881
vt 0.718750 0.886892
vt 0.718750 1.000000
vt 0.687500 1.000000
vt 0.687500 0.500000
vt 0.656250 1.000000
vt 0.656250 0.500000
vt 0.625000 1.000000
vt 0.625000 0.500000
vt 0.593750 1.000000
vt 0.593750 0.500000
vt 0.562500 1.000000
vt 0.562500 0.500000
vt 0.531250 1.000000
vt 0.531250 0.886758
vt 0.554883 0.886766
vt 0.554883 0.619014
vt 0.531250 0.619006
vt 0.531250 0.500000
vt 0.500000 0.619003
vt 0.500000 0.500000
vt 0.468750 0.619006
vt 0.468750 0.500000
vt 0.443925 0.619014
vt 0.443925 0.886766
vt 0.468750 0.886758
vt 0.468750 1.000000
vt 0.437500 1.000000
vt 0.437500 0.500000
vt 0.406250 1.000000
vt 0.406250 0.500000
vt 0.375000 1.000000
vt 0.375000 0.500000
vt 0.343750 1.000000
vt 0.343750 0.500000
vt 0.312500 1.000000
vt 0.312500 0.500000
vt 0.281250 1.000000
vt 0.281250 0.886892
vt 0.291359 0.886881
vt 0.291045 0.619130
vt 0.281250 0.619140
vt 0.281250 0.500000
vt 0.250000 0.619173
vt 0.250000 0.500000
vt 0.218750 0.619207
vt 0.218750 0.500000
vt 0.187500 0.619238
vt 0.187500 0.500000
vt 0.179457 0.619246
vt 0.179797 0.886997
vt 0.187500 0.886990
vt 0.187500 1.000000
vt 0.156250 1.000000
vt 0.156250 0.500000
vt 0.125000 1.000000
vt 0.125000 0.500000
vt 0.093750 1.000000
vt 0.093750 0.500000
vt 0.062500 1.000000
vt 0.062500 0.500000
vt 0.843750 1.000000
vt 0.812500 1.000000
vt 0.031250 1.000000
vt 0.031250 0.887092
vt 0.055980 0.887084
vt 0.055980 0.619332
vt 0.031250 0.619340
vt 0.031250 0.500000
vt 0.000000 0.619343
vt 0.000000 0.500000
vt 0.750000 0.500000
vt 0.781250 0.500000
vt 0.812500 0.500000
vt 0.781250 0.500000
vt 0.812500 0.500000
vt 0.468750 0.500000
vt 0.500000 0.500000
vt 0.187500 0.500000
vt 0.218750 0.500000
vt 0.875000 0.500000
vt 0.906250 0.500000
vt 0.593750 0.500000
vt 0.625000 0.500000
vt 0.312500 0.500000
vt 0.343750 0.500000
vt 0.031250 0.500000
vt 0.062500 0.500000
vt 0.718750 0.500000
vt 0.437500 0.500000
vt 0.156250 0.500000
vt 0.843750 0.500000
vt 0.562500 0.500000
vt 0.281250 0.500000
vt 0.968750 0.500000
vt 1.000000 0.500000
vt 0.000000 0.500000
vt 0.687500 0.500000
vt 0.406250 0.500000
vt 0.125000 0.500000
vt 0.531250 0.500000
vt 0.250000 0.500000
vt 0.937500 0.500000
vt 0.656250 0.500000
vt 0.375000 0.500000
vt 0.093750 0.500000
vt 0.718750 0.500000
vt 0.687500 0.500000
vt 0.687500 0.500000
vt 0.718750 0.500000
vt 0.343750 0.500000
vt 0.375000 0.500000
vt 0.750000 0.500000
vt 0.312500 0.500000
vt 0.281250 0.500000
vt 0.250000 0.500000
vt 0.656250 0.500000
vt 0.218750 0.500000
vt 0.625000 0.500000
vt 0.187500 0.500000
vt 0.593750 0.500000
vt 0.156250 0.500000
vt 0.562500 0.500000
vt 0.968750 0.500000
vt 1.000000 0.500000
vt 0.125000 0.500000
vt 0.531250 0.500000
vt 0.937500 0.500000
vt 0.093750 0.500000
vt 0.500000 0.500000
vt 0.906250 0.500000
vt 0.062500 0.500000
vt 0.468750 0.500000
vt 0.875000 0.500000
vt 0.031250 0.500000
vt 0.437500 0.500000
vt 0.843750 0.500000
vt 0.000000 0.500000
vt 0.406250 0.500000
vt 0.625000 0.500000
vt 0.593750 0.500000
vt 0.593750 0.500000
vt 0.625000 0.500000
vt 0.250000 0.500000
vt 0.281250 0.500000
vt 0.656250 0.500000
vt 0.218750 0.500000
vt 0.187500 0.500000
vt 0.156250 0.500000
vt 0.562500 0.500000
vt 0.968750 0.500000
vt 1.000000 0.500000
vt 0.125000 0.500000
vt 0.531250 0.500000
vt 0.937500 0.500000
vt 0.093750 0.500000
vt 0.500000 0.500000
vt 0.906250 0.500000
vt 0.062500 0.500000
vt 0.468750 0.500000
vt 0.875000 0.500000
vt 0.031250 0.500000
vt 0.437500 0.500000
vt 0.843750 0.500000
vt 0.000000 0.500000
vt 0.406250 0.500000
vt 0.812500 0.500000
vt 0.375000 0.500000
vt 0.781250 0.500000
vt 0.343750 0.500000
vt 0.750000 0.500000
vt 0.312500 0.500000
vt 0.750000 0.490000
vt 0.796822 0.485388
vt 0.841844 0.471731
vt 0.883337 0.449553
vt 0.919706 0.419706
vt 0.949553 0.383337
vt 0.971731 0.341844
vt 0.985388 0.296822
vt 0.990000 0.250000
vt 0.985389 0.203178
vt 0.971731 0.158156
vt 0.949553 0.116663
vt 0.919706 0.080294
vt 0.883337 0.050447
vt 0.841844 0.028269
vt 0.796822 0.014611
vt 0.750000 0.010000
vt 0.703178 0.014612
vt 0.658156 0.028269
vt 0.616663 0.050447
vt 0.580294 0.080294
vt 0.550447 0.116663
vt 0.528269 0.158156
vt 0.514611 0.203178
vt 0.510000 0.250000
vt 0.514612 0.296822
vt 0.528269 0.341844
vt 0.550447 0.383337
vt 0.580295 0.419706
vt 0.616663 0.449553
vt 0.658156 0.471731
vt 0.703179 0.485388
vt 0.156250 0.500000
vt 0.187500 0.500000
vt 0.562500 0.500000
vt 0.968750 0.500000
vt 1.000000 0.500000
vt 0.125000 0.500000
vt 0.531250 0.500000
vt 0.937500 0.500000
vt 0.093750 0.500000
vt 0.500000 0.500000
vt 0.906250 0.500000
vt 0.062500 0.500000
vt 0.468750 0.500000
vt 0.875000 0.500000
vt 0.031250 0.500000
vt 0.437500 0.500000
vt 0.843750 0.500000
vt 0.000000 0.500000
vt 0.406250 0.500000
vt 0.812500 0.500000
vt 0.375000 0.500000
vt 0.781250 0.500000
vt 0.343750 0.500000
vt 0.750000 0.500000
vt 0.312500 0.500000
vt 0.718750 0.500000
vt 0.281250 0.500000
vt 0.687500 0.500000
vt 0.250000 0.500000
vt 0.656250 0.500000
vt 0.218750 0.500000
vt 0.437500 1.000000
vt 0.468750 1.000000
vt 0.468750 1.000000
vt 0.437500 1.000000
vt 0.562500 1.000000
vt 0.531250 1.000000
vt 0.250000 1.000000
vt 0.281250 1.000000
vt 0.250000 1.000000
vt 0.968750 1.000000
vt 0.937500 1.000000
vt 0.687500 1.000000
vt 0.656250 1.000000
vt 0.406250 1.000000
vt 0.375000 1.000000
vt 0.125000 1.000000
vt 0.093750 1.000000
vt 0.781250 1.000000
vt 0.781250 1.000000
vt 0.500000 1.000000
vt 0.500000 1.000000
vt 0.218750 1.000000
vt 0.218750 1.000000
vt 0.906250 1.000000
vt 0.625000 1.000000
vt 0.343750 1.000000
vt 0.062500 1.000000
vt 0.750000 1.000000
vt 0.750000 1.000000
vt 0.187500 1.000000
vt 0.875000 1.000000
vt 0.593750 1.000000
vt 0.312500 1.000000
vt 0.031250 1.000000
vt 0.718750 1.000000
vt 0.156250 1.000000
vt 1.000000 1.000000
vt 1.000000 1.000000
vt 0.000000 1.000000
vt 0.000000 1.000000
vt 0.296822 0.485388
vt 0.250000 0.490000
vt 0.203179 0.485388
vt 0.158156 0.471731
vt 0.116663 0.449553
vt 0.080295 0.419706
vt 0.050447 0.383337
vt 0.028269 0.341844
vt 0.014612 0.296822
vt 0.010000 0.250000
vt 0.014611 0.203178
vt 0.028269 0.158156
vt 0.050447 0.116663
vt 0.080294 0.080294
vt 0.116663 0.050447
vt 0.158156 0.028269
vt 0.203178 0.014612
vt 0.250000 0.010000
vt 0.296822 0.014611
vt 0.341844 0.028269
vt 0.383337 0.050447
vt 0.419706 0.080294
vt 0.449553 0.116663
vt 0.471731 0.158156
vt 0.485388 0.203178
vt 0.490000 0.250000
vt 0.485388 0.296822
vt 0.471731 0.341844
vt 0.449553 0.383337
vt 0.419706 0.419706
vt 0.383337 0.449553
vt 0.341844 0.471731
vt 0.875000 1.000000
vt 0.843750 1.000000
vt 0.843750 1.000000
vt 0.862692 1.000000
vt 0.861179 1.000000
vt 0.843750 1.000000
vt 0.031250 1.000000
vt 0.000000 1.000000
vt 0.413366 1.000000
vt 0.413366 1.000000
vt 0.437500 1.000000
vt 0.437500 1.000000
vt 0.406250 1.000000
vt 0.812500 1.000000
vt 0.375000 1.000000
vt 0.781250 1.000000
vt 0.343750 1.000000
vt 0.750000 1.000000
vt 0.312500 1.000000
vt 0.718750 1.000000
vt 0.281250 1.000000
vt 0.281250 1.000000
vt 0.311150 1.000000
vt 0.312371 1.000000
vt 0.281250 1.000000
vt 0.687629 1.000000
vt 0.688850 1.000000
vt 0.718750 1.000000
vt 0.718750 1.000000
vt 0.687500 1.000000
vt 0.250000 1.000000
vt 0.656250 1.000000
vt 0.218750 1.000000
vt 0.625000 1.000000
vt 0.187500 1.000000
vt 0.593750 1.000000
vt 0.156250 1.000000
vt 0.562500 1.000000
vt 0.562500 1.000000
vt 0.584753 1.000000
vt 0.584753 1.000000
vt 0.562500 1.000000
vt 1.000000 1.000000
vt 0.968750 1.000000
vt 0.138820 1.000000
vt 0.137308 1.000000
vt 0.156250 1.000000
vt 0.156250 1.000000
vt 0.125000 1.000000
vt 0.531250 1.000000
vt 0.937500 1.000000
vt 0.093750 1.000000
vt 0.500000 1.000000
vt 0.915152 1.000000
vt 0.915152 1.000000
vt 0.937500 1.000000
vt 0.937500 1.000000
vt 0.906250 1.000000
vt 0.062500 1.000000
vt 0.062500 1.000000
vt 0.086541 1.000000
vt 0.086540 1.000000
vt 0.062500 1.000000
vt 0.375000 0.000000
vt 0.625000 0.000000
vt 0.625000 0.096343
vt 0.375000 0.224263
vt 0.375000 0.500000
vt 0.625000 0.500000
vt 0.625000 0.750000
vt 0.375000 0.750000
vt 0.625000 1.000000
vt 0.375000 1.000000
vt 0.625000 1.000000
vt 0.625000 0.750000
vt 0.625000 0.750000
vt 0.625000 1.000000
vt 0.625000 0.500000
vt 0.875000 0.500000
vt 0.875000 0.750000
vt 0.625000 0.250000
vt 0.625000 0.250000
vt 0.625000 0.250000
vt 0.625000 0.250000
vt 0.625000 0.500000
vt 0.625000 0.000000
vt 0.625000 0.000000
vt 0.625000 0.250000
vt 0.625000 0.250000
vt 0.625000 0.408193
vt 0.625000 0.409285
vt 0.625000 0.500000
vt 0.625000 0.500000
vt 0.625000 0.500000
vt 0.625000 0.500000
vt 0.875000 0.500000
vt 0.625000 0.500000
vt 0.625000 0.500000
vt 0.625000 0.500000
vt 0.625000 0.500000
vt 0.625000 0.410226
vt 0.625000 0.461187
vt 0.625000 0.461513
vt 0.625000 0.411337
vt 0.625000 0.413204
vt 0.625000 0.500000
vt 0.875000 0.500000
vt 0.625000 0.500000
vt 0.625000 0.250000
vt 0.625000 0.250000
vt 0.625000 0.500000
vt 0.875000 0.500000
vt 0.625000 0.413204
vt 0.625000 0.250000
vt 0.625000 0.250000
vt 0.625000 0.250000
vt 0.625000 0.250000
vt 0.625000 0.500000
vt 0.625000 0.500000
vt 0.625000 0.500000
vt 0.625000 0.250000
vt 0.625000 0.250000
vt 0.625000 0.000000
vt 0.625000 0.750000
vt 0.625000 0.500000
vt 0.625000 1.000000
vt 0.625000 1.000000
vt 0.625000 0.750000
vt 0.625000 0.250000
vt 0.625000 0.500000
vt 0.625000 0.500000
vt 0.625000 0.500000
vt 0.625000 0.500000
vt 0.625000 0.500000
vt 0.625000 0.500000
vt 0.625000 0.500000
vt 0.625000 0.500000
vt 0.625000 0.500000
vt 0.625000 0.500000
vt 0.625000 0.500000
vt 0.625000 0.500000
vt 0.625000 0.500000
vt 0.625000 0.500000
vt 0.625000 0.500000
vt 0.625000 0.500000
vt 0.625000 0.500000
vt 0.489865 0.239784
vt 0.625000 0.239784
vt 0.625000 0.250000
vt 0.489865 0.250000
vt 0.625000 0.500000
vt 0.489865 0.500000
vt 0.489865 0.748326
vt 0.625000 0.748326
vt 0.625000 0.750000
vt 0.489865 0.750000
vt 0.625000 0.750000
vt 0.625000 0.750000
vt 0.625000 0.750000
vt 0.375000 0.750000
vt 0.375000 1.000000
vt 0.375000 1.000000
vt 0.375000 0.750000
vt 0.875000 0.748326
vt 0.875000 0.750000
vt 0.426689 1.000000
vt 0.426689 0.750000
vt 0.426689 0.750000
vt 0.426689 1.000000
vt 0.474455 0.748326
vt 0.474455 0.750000
vt 0.474454 0.250000
vt 0.474455 0.500000
vt 0.474455 0.239784
vt 0.375000 0.750000
vt 0.375000 1.000000
vt 0.375000 1.000000
vt 0.375000 0.750000
vt 0.375000 0.250000
vt 0.375000 0.500000
vt 0.375000 0.500000
vt 0.375000 0.250000
vt 0.375000 0.239784
vt 0.375000 0.239784
vt 0.375000 0.748326
vt 0.375000 0.748326
vt 0.125000 0.748326
vt 0.375000 0.748326
vt 0.125000 0.750000
vt 0.375000 0.250000
vt 0.375000 0.500000
vt 0.375000 0.500000
vt 0.375000 0.250000
vt 0.375000 0.748326
vt 0.375000 0.239784
vt 0.375000 0.239784
vt 0.375000 0.748326
vt 0.375000 0.750000
vt 0.375000 0.239784
vt 0.375000 0.250000
vt 0.375000 0.500000
vt 0.375000 1.000000
vt 0.375000 0.033479
vt 0.375000 0.229567
vt 0.375000 0.229567
vt 0.375000 0.033479
vt 0.375000 0.510216
vt 0.375000 0.520433
vt 0.375000 0.520433
vt 0.375000 0.510216
vt 0.375000 0.033479
vt 0.375000 0.229567
vt 0.375000 0.229567
vt 0.375000 0.033479
vt 0.375000 0.510216
vt 0.375000 0.520433
vt 0.375000 0.520433
vt 0.375000 0.510216
vt 0.125000 0.510216
vt 0.327060 0.520433
vt 0.322412 0.516958
vt 0.179208 0.516958
vt 0.174451 0.520433
vt 0.125000 0.520433
vt 0.375000 0.520433
vt 0.375000 0.510216
vt 0.375000 0.229567
vt 0.375000 0.033479
vt 0.474454 0.033479
vt 0.489865 0.033479
vt 0.489865 0.229567
vt 0.474455 0.229567
vt 0.474455 0.510216
vt 0.489865 0.510216
vt 0.489865 0.520433
vt 0.474455 0.520433
vt 0.625000 0.510216
vt 0.875000 0.510216
vt 0.875000 0.520433
vt 0.625000 0.520433
vt 0.625000 0.033479
vt 0.625000 0.229567
vt 0.489865 0.016739
vt 0.625000 0.016739
vt 0.474454 0.016739
vt 0.375000 0.016739
vt 0.375000 0.016739
vt 0.375000 0.016739
vt 0.375000 0.016739
vt 0.375000 0.016739
vt 0.375000 0.716521
vt 0.375000 0.716521
vt 0.375000 0.716522
vt 0.375000 0.716522
vt 0.153885 0.530944
vt 0.153885 0.702741
vt 0.177820 0.716521
vt 0.125000 0.716521
vt 0.375000 0.716521
vt 0.489865 0.716522
vt 0.474455 0.716522
vt 0.875000 0.716521
vt 0.842827 0.716521
vt 0.842827 0.572750
vt 0.813688 0.558912
vt 0.684852 0.558912
vt 0.655713 0.572751
vt 0.655713 0.716521
vt 0.625000 0.716521
vt 0.375000 0.750000
vt 0.375000 0.817450
vt 0.375000 0.931701
vt 0.375000 0.750000
vt 0.375000 1.000000
vt 0.375000 0.520433
vt 0.375000 0.716521
vt 0.375000 0.016739
vt 0.375000 0.033479
vt 0.375000 0.510216
vt 0.375000 0.229567
vt 0.375000 0.750000
vt 0.375000 1.000000
vt 0.375000 0.250000
vt 0.375000 0.500000
vt 0.375000 0.239784
vt 0.375000 0.748326
vt 0.875000 0.500000
vt 0.125000 0.500000
vt 0.375000 0.733261
vt 0.375000 0.733261
vt 0.375000 0.001674
vt 0.375000 0.001674
vt 0.375000 0.733261
vt 0.375000 0.733261
vt 0.375000 0.001674
vt 0.375000 0.001674
vt 0.375000 0.001674
vt 0.375000 0.001674
vt 0.474455 0.001674
vt 0.489865 0.001674
vt 0.625000 0.001674
vt 0.375000 0.733261
vt 0.375000 0.733261
vt 0.181903 0.720040
vt 0.319656 0.720040
vt 0.323691 0.716522
vt 0.125000 0.733261
vt 0.489865 0.733261
vt 0.474455 0.733261
vt 0.651014 0.724981
vt 0.666723 0.733261
vt 0.625000 0.733261
vt 0.426689 0.716522
vt 0.426689 0.733261
vt 0.426689 0.001674
vt 0.426689 0.016739
vt 0.426689 0.229567
vt 0.426689 0.239784
vt 0.426689 0.500000
vt 0.426689 0.510216
vt 0.426689 0.520433
vt 0.426689 0.033479
vt 0.426689 0.250000
vt 0.426689 0.748326
vt 0.489865 0.750000
vt 0.625000 1.000000
vt 0.489865 1.000000
vt 0.474455 0.750000
vt 0.474455 1.000000
vt 0.625000 0.000000
vt 0.489865 0.000000
vt 0.489865 0.000000
vt 0.625000 0.000000
vt 0.454956 0.000000
vt 0.426689 0.000000
vt 0.426689 0.000000
vt 0.454956 0.000000
vt 0.459044 0.000000
vt 0.459044 0.000000
vt 0.454956 0.750000
vt 0.454956 0.750000
vt 0.426689 1.000000
vt 0.426689 0.750000
vt 0.426689 0.750000
vt 0.426689 1.000000
vt 0.454956 0.716522
vt 0.454956 0.733261
vt 0.454956 0.001674
vt 0.454956 0.016739
vt 0.454956 0.229567
vt 0.454956 0.239784
vt 0.454956 0.500000
vt 0.454957 0.510216
vt 0.454956 0.520433
vt 0.454956 0.033479
vt 0.454956 0.250000
vt 0.454956 0.748326
vt 0.454956 0.000000
vt 0.426689 0.000000
vt 0.426689 0.000000
vt 0.454956 0.000000
vt 0.454956 0.750000
vt 0.454956 1.000000
vt 0.454956 1.000000
vt 0.454956 0.750000
vt 0.454956 0.000000
vt 0.426689 0.000000
vt 0.474455 0.000000
vt 0.474455 0.000000
vt 0.459044 0.750000
vt 0.459044 0.750000
vt 0.459044 1.000000
vt 0.454956 1.000000
vt 0.459044 0.716522
vt 0.459044 0.733261
vt 0.459044 0.001674
vt 0.459044 0.016739
vt 0.459044 0.229567
vt 0.459044 0.239784
vt 0.459044 0.500000
vt 0.459044 0.510216
vt 0.459044 0.520433
vt 0.459044 0.033479
vt 0.459044 0.250000
vt 0.459044 0.748326
vt 0.000000 0.000000
vt 0.625000 0.750000
vt 0.625000 0.750000
vt 0.625000 0.750000
vt 0.625000 0.750000
vt 0.625000 0.750000
vt 0.625000 0.750000
vt 0.625000 0.750000
vt 0.625000 0.750000
vt 0.625000 0.750000
vt 0.625000 0.750000
vt 0.625000 0.750000
vt 0.625000 0.750000
vt 0.625000 0.750000
vt 0.625000 0.750000
vt 0.375000 0.000000
vt 0.375000 0.000000
vt 0.375000 0.000000
vt 0.375000 0.000000
vt 0.375000 0.000000
vt 0.375000 0.000000
vt 0.668603 0.738019
vt 0.829607 0.738019
vt 0.831672 0.733261
vt 0.875000 0.733261
vt 0.875000 0.750000
vt 0.875000 0.750000
vt 0.625000 1.000000
vt 0.625000 0.000000
vt 0.625000 0.000000
vt 0.625000 0.750000
vt 0.000000 0.000000
vt 0.375000 0.000000
vt 0.454956 0.750000
vt 0.454956 1.000000
vt 0.454956 1.000000
vt 0.454956 0.750000
vt 0.454956 0.750000
vt 0.426689 0.750000
vt 0.454956 1.000000
vt 0.426689 1.000000
vt 0.454956 0.000000
vt 0.426689 0.000000
vt 0.426689 0.000000
vt 0.454956 0.000000
vt 0.426689 1.000000
vt 0.426689 0.750000
vt 0.426689 0.750000
vt 0.426689 1.000000
vt 0.454956 0.000000
vt 0.426689 0.000000
vt 0.426689 0.750000
vt 0.454956 0.750000
vt 0.454956 1.000000
vt 0.426689 1.000000
vt 0.426689 0.750000
vt 0.454956 0.750000
vt 0.454956 0.000000
vt 0.426689 0.000000
vt 0.426689 1.000000
vt 0.454956 1.000000
vt 0.875000 0.750000
vt 0.625000 0.000000
vt 0.625000 0.500000
vt 0.625000 0.525324
vt 0.625000 0.529697
vt 0.625000 0.541561
vt 0.625000 0.537423
vt 0.625000 0.543710
vt 0.625000 0.547725
vt 0.625000 0.559590
vt 0.625000 0.555810
vt 0.625000 0.561756
vt 0.625000 0.565420
vt 0.625000 0.577284
vt 0.625000 0.573855
vt 0.625000 0.580142
vt 0.625000 0.583448
vt 0.625000 0.595312
vt 0.625000 0.592241
vt 0.625000 0.599550
vt 0.625000 0.602478
vt 0.625000 0.614342
vt 0.625000 0.611649
vt 0.625000 0.617936
vt 0.625000 0.620506
vt 0.625000 0.632370
vt 0.625000 0.630035
vt 0.625000 0.637343
vt 0.625000 0.639536
vt 0.625000 0.651400
vt 0.625000 0.649443
vt 0.625000 0.655730
vt 0.625000 0.657565
vt 0.625000 0.669428
vt 0.625000 0.667829
vt 0.625000 0.675137
vt 0.625000 0.676594
vt 0.625000 0.688459
vt 0.625000 0.687237
vt 0.625000 0.693523
vt 0.625000 0.694623
vt 0.625000 0.706487
vt 0.625000 0.705623
vt 0.625000 0.711569
vt 0.625000 0.712317
vt 0.625000 0.724181
vt 0.625000 0.723669
vt 0.625000 0.729955
vt 0.625000 0.730345
vt 0.625000 0.742209
vt 0.625000 0.742055
vt 0.625000 0.749363
vt 0.625000 0.749375
vt 0.625000 0.750000
vt 0.625000 0.432550
vt 0.625000 0.000000
vt 0.625000 0.000000
vt 0.625000 0.000000
vt 0.625000 0.000000
vt 0.625000 0.000000
vt 0.625000 0.000000
vt 0.625000 0.000000
vt 0.625000 0.000000
vt 0.625000 0.000000
vt 0.625000 0.000000
vt 0.625000 0.000000
vt 0.625000 0.000000
vt 0.625000 0.000000
vt 0.625000 0.000000
vt 0.625000 0.000000
vt 0.625000 0.000000
vt 0.625000 0.000000
vt 0.625000 0.000000
vt 0.625000 0.000000
vt 0.625000 0.000000
vt 0.625000 0.000000
vt 0.625000 0.000000
vt 0.625000 0.000000
vt 0.625000 0.000000
vt 0.625000 0.000000
vt 0.625000 0.000000
vt 0.625000 0.000000
vt 0.625000 0.000000
vt 0.000000 0.000000
vt 0.000000 0.000000
vt 0.625000 0.750000
vt 0.625000 0.750000
vt 0.625000 0.000000
vt 0.625000 0.000000
vt 0.625000 0.000000
vt 0.625000 0.000000
vt 0.000000 0.000000
vt 0.625000 0.318299
vt 0.625000 0.000000
vt 0.625000 0.000000
vt 0.625000 0.000000
vt 0.625000 0.000625
vt 0.625000 0.000637
vt 0.625000 0.007945
vt 0.625000 0.007791
vt 0.625000 0.019655
vt 0.625000 0.020045
vt 0.625000 0.026331
vt 0.625000 0.025819
vt 0.625000 0.037683
vt 0.625000 0.038431
vt 0.625000 0.044377
vt 0.625000 0.043513
vt 0.625000 0.055377
vt 0.625000 0.056477
vt 0.625000 0.062763
vt 0.625000 0.061542
vt 0.625000 0.073406
vt 0.625000 0.074863
vt 0.625000 0.082171
vt 0.625000 0.080571
vt 0.625000 0.092435
vt 0.625000 0.094270
vt 0.625000 0.100557
vt 0.625000 0.098600
vt 0.625000 0.110464
vt 0.625000 0.112657
vt 0.625000 0.119965
vt 0.625000 0.117630
vt 0.625000 0.129494
vt 0.625000 0.132064
vt 0.625000 0.138351
vt 0.625000 0.135658
vt 0.625000 0.147522
vt 0.625000 0.150450
vt 0.625000 0.157759
vt 0.625000 0.154688
vt 0.625000 0.166552
vt 0.625000 0.169858
vt 0.625000 0.176145
vt 0.625000 0.172716
vt 0.625000 0.184580
vt 0.625000 0.188244
vt 0.625000 0.194190
vt 0.625000 0.190411
vt 0.625000 0.202274
vt 0.625000 0.206290
vt 0.625000 0.212577
vt 0.625000 0.208439
vt 0.625000 0.220303
vt 0.625000 0.224676
vt 0.625000 0.250000
vt 0.875000 0.750000
vt 0.806701 0.750000
vt 0.875000 0.750000
vt 0.625000 0.750000
vt 0.625000 0.750000
vt 0.625000 0.750000
vt 0.625000 0.750000
vt 0.625000 0.750000
vt 0.625000 0.750000
vt 0.625000 0.750000
vt 0.625000 0.750000
vt 0.625000 0.750000
vt 0.625000 0.750000
vt 0.625000 0.750000
vt 0.625000 0.750000
vt 0.625000 0.750000
vt 0.625000 0.750000
vt 0.625000 0.750000
vt 0.625000 0.750000
vt 0.625000 0.750000
vt 0.625000 0.750000
vt 0.625000 0.750000
vt 0.625000 0.750000
vt 0.625000 0.750000
vt 0.625000 0.750000
vt 0.625000 0.750000
vt 0.625000 0.750000
vt 0.625000 0.750000
vt 0.625000 0.750000
vt 0.625000 0.750000
vt 0.625000 0.750000
vt 0.625000 0.750000
vt 0.625000 0.750000
vt 0.625000 0.750000
vt 0.625000 0.750000
vt 0.625000 0.750000
vt 0.692450 0.750000
vt 0.625000 0.000000
vt 0.625000 0.000000
vt 0.625000 0.000000
vt 0.625000 0.000000
vt 0.625000 0.000000
vt 0.625000 0.000000
vt 0.625000 0.000000
vt 0.625000 0.000000
vt 0.625000 0.000000
vt 0.625000 0.000000
vt 0.625000 0.000000
vt 0.625000 0.000000
vt 0.625000 0.000000
vt 0.625000 0.000000
vt 0.625000 0.000000
vt 0.625000 0.000000
vt 0.625000 0.000000
vt 0.625000 0.000000
vt 0.625000 0.000000
vt 0.625000 0.000000
vt 0.625000 0.000000
vt 0.625000 0.000000
vt 0.625000 0.000000
vt 0.625000 0.000000
vt 0.625000 0.000000
vt 0.625000 0.000000
vt 0.625000 0.000000
vt 0.692450 0.750000
vt 0.692450 0.750000
vt 0.625000 0.750000
vt 0.806701 0.750000
vt 0.875000 0.750000
vt 0.875000 0.750000
vt 0.806701 0.750000
vt 0.692450 0.750000
vt 0.692450 0.750000
vt 0.806701 0.750000
vt 0.875000 0.750000
vt 0.875000 0.750000
vt 0.806701 0.750000
vt 0.692450 0.500000
vt 0.806701 0.500000
vt 0.806701 0.525324
vt 0.692450 0.525324
vt 0.875000 0.500000
vt 0.875000 0.525324
vt 0.625000 0.750000
vt 0.000000 0.000000
vt 0.625000 0.750000
vt 0.625000 0.750000
vt 0.625000 0.750000
vt 0.625000 0.000000
vt 0.625000 0.000000
vt 0.625000 0.000000
vt 0.625000 0.000000
vt 0.625000 0.750000
vt 0.625000 0.750000
vt 0.625000 0.750000
vt 0.625000 0.750000
vt 0.625000 0.750000
vt 0.625000 0.750000
vt 0.625000 0.750000
vt 0.625000 0.750000
vt 0.625000 0.750000
vt 0.625000 0.750000
vt 0.625000 0.750000
vt 0.625000 0.750000
vt 0.625000 0.750000
vt 0.625000 0.750000
vt 0.625000 0.750000
vt 0.625000 0.750000
vt 0.625000 0.750000
vt 0.625000 0.750000
vt 0.625000 0.750000
vt 0.625000 0.750000
vt 0.625000 0.750000
vt 0.625000 0.750000
vt 0.625000 0.750000
vt 0.625000 0.750000
vt 0.625000 0.750000
vt 0.625000 0.750000
vt 0.000000 0.000000
vt 0.000000 0.000000
vt 0.000000 0.000000
vt 0.000000 0.000000
vt 0.000000 0.000000
vt 0.000000 0.000000
vt 0.000000 0.000000
vt 0.000000 0.000000
vt 0.610759 0.219254
vt 0.625000 0.219254
vt 0.625000 0.250000
vt 0.610759 0.250000
vt 0.625000 0.500000
vt 0.610759 0.500000
vt 0.610760 0.711719
vt 0.625000 0.711719
vt 0.625000 0.750000
vt 0.610759 0.750000
vt 0.625000 1.000000
vt 0.610759 1.000000
vt 0.125000 0.711719
vt 0.375000 0.711719
vt 0.375000 0.750000
vt 0.125000 0.750000
vt 0.625000 0.530746
vt 0.625000 0.500000
vt 0.625000 0.530746
vt 0.625000 0.711719
vt 0.875000 0.711719
vt 0.875000 0.750000
vt 0.625000 0.750000
vt 0.625000 0.038281
vt 0.625000 0.000000
vt 0.625000 0.000000
vt 0.625000 0.038281
vt 0.625000 1.000000
vt 0.625000 0.250000
vt 0.375000 1.000000
vt 0.375000 0.250000
vt 0.375000 0.500000
vt 0.375000 0.219254
vt 0.375000 0.038281
vt 0.610760 0.038281
vt 0.610759 0.076563
vt 0.375000 0.076563
vt 0.375000 0.617464
vt 0.610759 0.617464
vt 0.610759 0.673437
vt 0.375000 0.673437
vt 0.625000 0.132536
vt 0.625000 0.076563
vt 0.625000 0.076563
vt 0.625000 0.132536
vt 0.625000 0.617464
vt 0.875000 0.617464
vt 0.875000 0.673437
vt 0.625000 0.673437
vt 0.625000 0.673437
vt 0.125000 0.617464
vt 0.125000 0.673437
vt 0.625000 0.617464
vt 0.610759 0.530746
vt 0.625000 0.561492
vt 0.610759 0.561491
vt 0.125000 0.530746
vt 0.375000 0.530746
vt 0.375000 0.561491
vt 0.125000 0.561491
vt 0.875000 0.530746
vt 0.875000 0.561491
vt 0.625000 0.561491
vt 0.625000 0.188509
vt 0.625000 0.188509
vt 0.625000 0.219254
vt 0.375000 0.132536
vt 0.610759 0.132536
vt 0.610759 0.188509
vt 0.375000 0.188509
vt 0.624917 0.000000
vt 0.515441 0.000000
vt 0.375000 0.318299
vt 0.375000 0.432550
vt 0.375000 0.250000
vt 0.576149 0.000000
vt 0.625000 0.000000
vt 0.625000 0.250000
vt 0.576149 0.250000
vt 0.625000 0.500000
vt 0.576149 0.500000
vt 0.625000 0.750000
vt 0.576149 0.750000
vt 0.625000 1.000000
vt 0.576149 1.000000
vt 0.125000 0.500000
vt 0.375000 0.500000
vt 0.375000 0.750000
vt 0.125000 0.750000
vt 0.875000 0.500000
vt 0.875000 0.750000
vt 0.532027 0.750000
vt 0.532027 1.000000
vt 0.532027 0.986741
vt 0.535983 0.983984
vt 0.537329 0.980259
vt 0.535983 0.975788
vt 0.532027 0.970866
vt 0.532027 0.778157
vt 0.535983 0.773225
vt 0.537329 0.768752
vt 0.535983 0.765031
vt 0.532027 0.762281
vt 0.532027 0.500000
vt 0.532027 0.250000
vt 0.532027 0.488292
vt 0.532994 0.488029
vt 0.536921 0.485237
vt 0.538201 0.481491
vt 0.536839 0.477005
vt 0.532965 0.472055
vt 0.532027 0.471271
vt 0.532027 0.279707
vt 0.532665 0.279004
vt 0.535248 0.274419
vt 0.536098 0.270098
vt 0.535215 0.266251
vt 0.532653 0.263053
vt 0.532027 0.262686
vt 0.532027 0.000000
vt 0.375000 0.000000
vt 0.431034 0.000000
vt 0.431035 0.250000
vt 0.375000 0.250000
vt 0.431035 0.500000
vt 0.431034 0.750000
vt 0.431035 1.000000
vt 0.375000 1.000000
vt 0.503592 0.000000
vt 0.503592 0.250000
vt 0.503592 0.258831
vt 0.498853 0.258797
vt 0.482338 0.259467
vt 0.467863 0.260936
vt 0.455984 0.263173
vt 0.447157 0.266090
vt 0.441721 0.269557
vt 0.439885 0.273418
vt 0.441721 0.277498
vt 0.447156 0.281617
vt 0.455984 0.285596
vt 0.467863 0.289267
vt 0.482338 0.292483
vt 0.498852 0.295125
vt 0.503592 0.295650
vt 0.503592 0.455271
vt 0.498853 0.455799
vt 0.482338 0.458449
vt 0.467863 0.461674
vt 0.455984 0.465352
vt 0.447157 0.469335
vt 0.441721 0.473457
vt 0.439885 0.477539
vt 0.441721 0.481399
vt 0.447157 0.484863
vt 0.455984 0.487775
vt 0.467863 0.490004
vt 0.482338 0.491464
vt 0.498852 0.492125
vt 0.503592 0.492090
vt 0.503592 0.500000
vt 0.503592 0.750000
vt 0.503592 0.757825
vt 0.497479 0.757779
vt 0.480965 0.758439
vt 0.466490 0.759900
vt 0.454611 0.762132
vt 0.445783 0.765047
vt 0.440348 0.768515
vt 0.438512 0.772378
vt 0.440348 0.776463
vt 0.445783 0.780588
vt 0.454611 0.784574
vt 0.466490 0.788254
vt 0.480965 0.791481
vt 0.497479 0.794134
vt 0.503592 0.794815
vt 0.503592 0.954264
vt 0.497479 0.954942
vt 0.480965 0.957585
vt 0.466490 0.960804
vt 0.454611 0.964478
vt 0.445784 0.968459
vt 0.440348 0.972581
vt 0.438512 0.976664
vt 0.440348 0.980529
vt 0.445783 0.983999
vt 0.454611 0.986919
vt 0.466490 0.989159
vt 0.480965 0.990629
vt 0.497480 0.991298
vt 0.503592 0.991255
vt 0.503592 1.000000
vt 0.530232 0.260045
vt 0.527387 0.257588
vt 0.523920 0.255903
vt 0.519965 0.255044
vt 0.515674 0.255005
vt 0.511211 0.255758
vt 0.506748 0.257248
vt 0.532017 0.762254
vt 0.529903 0.759148
vt 0.527058 0.756702
vt 0.523591 0.755032
vt 0.519637 0.754184
vt 0.515345 0.754152
vt 0.510882 0.754910
vt 0.506419 0.756404
vt 1.000000 0.500000
vt 1.000000 1.000000
vt 0.968750 1.000000
vt 0.968750 0.500000
vt 0.937500 1.000000
vt 0.937500 0.500000
vt 0.906250 1.000000
vt 0.906250 0.500000
vt 0.875000 1.000000
vt 0.875000 0.500000
vt 0.843750 1.000000
vt 0.843750 0.500000
vt 0.812500 1.000000
vt 0.812500 0.500000
vt 0.781250 1.000000
vt 0.781250 0.500000
vt 0.750000 1.000000
vt 0.750000 0.500000
vt 0.718750 1.000000
vt 0.718750 0.500000
vt 0.687500 1.000000
vt 0.687500 0.500000
vt 0.656250 1.000000
vt 0.656250 0.500000
vt 0.625000 1.000000
vt 0.625000 0.500000
vt 0.593750 1.000000
vt 0.593750 0.500000
vt 0.562500 1.000000
vt 0.562500 0.500000
vt 0.531250 1.000000
vt 0.531250 0.500000
vt 0.500000 1.000000
vt 0.500000 0.500000
vt 0.468750 1.000000
vt 0.468750 0.500000
vt 0.437500 1.000000
vt 0.437500 0.500000
vt 0.406250 1.000000
vt 0.406250 0.500000
vt 0.375000 1.000000
vt 0.375000 0.500000
vt 0.343750 1.000000
vt 0.343750 0.500000
vt 0.312500 1.000000
vt 0.312500 0.500000
vt 0.281250 1.000000
vt 0.281250 0.500000
vt 0.250000 1.000000
vt 0.250000 0.500000
vt 0.218750 1.000000
vt 0.218750 0.500000
vt 0.187500 1.000000
vt 0.187500 0.500000
vt 0.156250 1.000000
vt 0.156250 0.500000
vt 0.125000 1.000000
vt 0.125000 0.500000
vt 0.093750 1.000000
vt 0.093750 0.500000
vt 0.062500 1.000000
vt 0.062500 0.500000
vt 0.296822 0.485389
vt 0.250000 0.490000
vt 0.203179 0.485389
vt 0.158156 0.471731
vt 0.116663 0.449553
vt 0.080295 0.419706
vt 0.050447 0.383337
vt 0.028269 0.341844
vt 0.014612 0.296822
vt 0.010000 0.250000
vt 0.014612 0.203179
vt 0.028269 0.158156
vt 0.050447 0.116663
vt 0.080294 0.080295
vt 0.116663 0.050447
vt 0.158156 0.028269
vt 0.203178 0.014612
vt 0.250000 0.010000
vt 0.296822 0.014612
vt 0.341844 0.028269
vt 0.383337 0.050447
vt 0.419706 0.080294
vt 0.449553 0.116663
vt 0.471731 0.158156
vt 0.485388 0.203178
vt 0.490000 0.250000
vt 0.485388 0.296822
vt 0.471731 0.341844
vt 0.449553 0.383337
vt 0.419706 0.419706
vt 0.383337 0.449553
vt 0.341844 0.471731
vt 0.031250 1.000000
vt 0.031250 0.500000
vt 0.000000 1.000000
vt 0.000000 0.500000
vt 0.750000 0.490000
vt 0.796822 0.485389
vt 0.841844 0.471731
vt 0.883337 0.449553
vt 0.919706 0.419706
vt 0.949553 0.383337
vt 0.971731 0.341844
vt 0.985388 0.296822
vt 0.990000 0.250000
vt 0.985389 0.203178
vt 0.971731 0.158156
vt 0.949553 0.116663
vt 0.919706 0.080294
vt 0.883337 0.050447
vt 0.841844 0.028269
vt 0.796822 0.014612
vt 0.750000 0.010000
vt 0.703178 0.014612
vt 0.658156 0.028269
vt 0.616663 0.050447
vt 0.580294 0.080295
vt 0.550447 0.116663
vt 0.528269 0.158156
vt 0.514611 0.203179
vt 0.510000 0.250000
vt 0.514612 0.296822
vt 0.528269 0.341844
vt 0.550447 0.383337
vt 0.580295 0.419706
vt 0.616663 0.449553
vt 0.658156 0.471731
vt 0.703179 0.485389
vt 1.000000 0.500000
vt 1.000000 1.000000
vt 0.968750 1.000000
vt 0.968750 0.500000
vt 0.937500 1.000000
vt 0.937500 0.500000
vt 0.906250 1.000000
vt 0.906250 0.500000
vt 0.875000 1.000000
vt 0.875000 0.500000
vt 0.843750 1.000000
vt 0.843750 0.500000
vt 0.812500 1.000000
vt 0.812500 0.500000
vt 0.781250 1.000000
vt 0.781250 0.500000
vt 0.750000 1.000000
vt 0.750000 0.500000
vt 0.718750 1.000000
vt 0.718750 0.500000
vt 0.687500 1.000000
vt 0.687500 0.500000
vt 0.656250 1.000000
vt 0.656250 0.500000
vt 0.625000 1.000000
vt 0.625000 0.500000
vt 0.593750 1.000000
vt 0.593750 0.500000
vt 0.562500 1.000000
vt 0.562500 0.500000
vt 0.531250 1.000000
vt 0.531250 0.500000
vt 0.500000 1.000000
vt 0.500000 0.500000
vt 0.468750 1.000000
vt 0.468750 0.500000
vt 0.437500 1.000000
vt 0.437500 0.500000
vt 0.406250 1.000000
vt 0.406250 0.500000
vt 0.375000 1.000000
vt 0.375000 0.500000
vt 0.343750 1.000000
vt 0.343750 0.500000
vt 0.312500 1.000000
vt 0.312500 0.500000
vt 0.281250 1.000000
vt 0.281250 0.500000
vt 0.250000 1.000000
vt 0.250000 0.500000
vt 0.218750 1.000000
vt 0.218750 0.500000
vt 0.187500 1.000000
vt 0.187500 0.500000
vt 0.156250 1.000000
vt 0.156250 0.500000
vt 0.125000 1.000000
vt 0.125000 0.500000
vt 0.093750 1.000000
vt 0.093750 0.500000
vt 0.062500 1.000000
vt 0.062500 0.500000
vt 0.296822 0.485389
vt 0.250000 0.490000
vt 0.203179 0.485389
vt 0.158156 0.471731
vt 0.116663 0.449553
vt 0.080295 0.419706
vt 0.050447 0.383337
vt 0.028269 0.341844
vt 0.014612 0.296822
vt 0.010000 0.250000
vt 0.014612 0.203179
vt 0.028269 0.158156
vt 0.050447 0.116663
vt 0.080294 0.080295
vt 0.116663 0.050447
vt 0.158156 0.028269
vt 0.203178 0.014612
vt 0.250000 0.010000
vt 0.296822 0.014612
vt 0.341844 0.028269
vt 0.383337 0.050447
vt 0.419706 0.080294
vt 0.449553 0.116663
vt 0.471731 0.158156
vt 0.485388 0.203178
vt 0.490000 0.250000
vt 0.485388 0.296822
vt 0.471731 0.341844
vt 0.449553 0.383337
vt 0.419706 0.419706
vt 0.383337 0.449553
vt 0.341844 0.471731
vt 0.031250 1.000000
vt 0.031250 0.500000
vt 0.000000 1.000000
vt 0.000000 0.500000
vt 0.750000 0.490000
vt 0.796822 0.485389
vt 0.841844 0.471731
vt 0.883337 0.449553
vt 0.919706 0.419706
vt 0.949553 0.383337
vt 0.971731 0.341844
vt 0.985388 0.296822
vt 0.990000 0.250000
vt 0.985389 0.203178
vt 0.971731 0.158156
vt 0.949553 0.116663
vt 0.919706 0.080294
vt 0.883337 0.050447
vt 0.841844 0.028269
vt 0.796822 0.014612
vt 0.750000 0.010000
vt 0.703178 0.014612
vt 0.658156 0.028269
vt 0.616663 0.050447
vt 0.580294 0.080295
vt 0.550447 0.116663
vt 0.528269 0.158156
vt 0.514611 0.203179
vt 0.510000 0.250000
vt 0.514612 0.296822
vt 0.528269 0.341844
vt 0.550447 0.383337
vt 0.580295 0.419706
vt 0.616663 0.449553
vt 0.658156 0.471731
vt 0.703179 0.485389
vt 1.000000 0.500000
vt 1.000000 1.000000
vt 0.968750 1.000000
vt 0.968750 0.500000
vt 0.937500 1.000000
vt 0.937500 0.500000
vt 0.906250 1.000000
vt 0.906250 0.500000
vt 0.875000 1.000000
vt 0.875000 0.500000
vt 0.843750 1.000000
vt 0.843750 0.500000
vt 0.812500 1.000000
vt 0.812500 0.500000
vt 0.781250 1.000000
vt 0.781250 0.500000
vt 0.750000 1.000000
vt 0.750000 0.500000
vt 0.718750 1.000000
vt 0.718750 0.500000
vt 0.687500 1.000000
vt 0.687500 0.500000
vt 0.656250 1.000000
vt 0.656250 0.500000
vt 0.625000 1.000000
vt 0.625000 0.500000
vt 0.593750 1.000000
vt 0.593750 0.500000
vt 0.562500 1.000000
vt 0.562500 0.500000
vt 0.531250 1.000000
vt 0.531250 0.500000
vt 0.500000 1.000000
vt 0.500000 0.500000
vt 0.468750 1.000000
vt 0.468750 0.500000
vt 0.437500 1.000000
vt 0.437500 0.500000
vt 0.406250 1.000000
vt 0.406250 0.500000
vt 0.375000 1.000000
vt 0.375000 0.500000
vt 0.343750 1.000000
vt 0.343750 0.500000
vt 0.312500 1.000000
vt 0.312500 0.500000
vt 0.281250 1.000000
vt 0.281250 0.500000
vt 0.250000 1.000000
vt 0.250000 0.500000
vt 0.218750 1.000000
vt 0.218750 0.500000
vt 0.187500 1.000000
vt 0.187500 0.500000
vt 0.156250 1.000000
vt 0.156250 0.500000
vt 0.125000 1.000000
vt 0.125000 0.500000
vt 0.093750 1.000000
vt 0.093750 0.500000
vt 0.062500 1.000000
vt 0.062500 0.500000
vt 0.296822 0.485389
vt 0.250000 0.490000
vt 0.203179 0.485389
vt 0.158156 0.471731
vt 0.116663 0.449553
vt 0.080295 0.419706
vt 0.050447 0.383337
vt 0.028269 0.341844
vt 0.014612 0.296822
vt 0.010000 0.250000
vt 0.014612 0.203179
vt 0.028269 0.158156
vt 0.050447 0.116663
vt 0.080294 0.080295
vt 0.116663 0.050447
vt 0.158156 0.028269
vt 0.203178 0.014612
vt 0.250000 0.010000
vt 0.296822 0.014612
vt 0.341844 0.028269
vt 0.383337 0.050447
vt 0.419706 0.080294
vt 0.449553 0.116663
vt 0.471731 0.158156
vt 0.485388 0.203178
vt 0.490000 0.250000
vt 0.485388 0.296822
vt 0.471731 0.341844
vt 0.449553 0.383337
vt 0.419706 0.419706
vt 0.383337 0.449553
vt 0.341844 0.471731
vt 0.031250 1.000000
vt 0.031250 0.500000
vt 0.000000 1.000000
vt 0.000000 0.500000
vt 0.750000 0.490000
vt 0.796822 0.485389
vt 0.841844 0.471731
vt 0.883337 0.449553
vt 0.919706 0.419706
vt 0.949553 0.383337
vt 0.971731 0.341844
vt 0.985388 0.296822
vt 0.990000 0.250000
vt 0.985389 0.203178
vt 0.971731 0.158156
vt 0.949553 0.116663
vt 0.919706 0.080294
vt 0.883337 0.050447
vt 0.841844 0.028269
vt 0.796822 0.014612
vt 0.750000 0.010000
vt 0.703178 0.014612
vt 0.658156 0.028269
vt 0.616663 0.050447
vt 0.580294 0.080295
vt 0.550447 0.116663
vt 0.528269 0.158156
vt 0.514611 0.203179
vt 0.510000 0.250000
vt 0.514612 0.296822
vt 0.528269 0.341844
vt 0.550447 0.383337
vt 0.580295 0.419706
vt 0.616663 0.449553
vt 0.658156 0.471731
vt 0.703179 0.485389
vt 1.000000 0.500000
vt 1.000000 1.000000
vt 0.968750 1.000000
vt 0.968750 0.500000
vt 0.937500 1.000000
vt 0.937500 0.500000
vt 0.906250 1.000000
vt 0.906250 0.500000
vt 0.875000 1.000000
vt 0.875000 0.500000
vt 0.843750 1.000000
vt 0.843750 0.500000
vt 0.812500 1.000000
vt 0.812500 0.500000
vt 0.781250 1.000000
vt 0.781250 0.500000
vt 0.750000 1.000000
vt 0.750000 0.500000
vt 0.718750 1.000000
vt 0.718750 0.500000
vt 0.687500 1.000000
vt 0.687500 0.500000
vt 0.656250 1.000000
vt 0.656250 0.500000
vt 0.625000 1.000000
vt 0.625000 0.500000
vt 0.593750 1.000000
vt 0.593750 0.500000
vt 0.562500 1.000000
vt 0.562500 0.500000
vt 0.531250 1.000000
vt 0.531250 0.500000
vt 0.500000 1.000000
vt 0.500000 0.500000
vt 0.468750 1.000000
vt 0.468750 0.500000
vt 0.437500 1.000000
vt 0.437500 0.500000
vt 0.406250 1.000000
vt 0.406250 0.500000
vt 0.375000 1.000000
vt 0.375000 0.500000
vt 0.343750 1.000000
vt 0.343750 0.500000
vt 0.312500 1.000000
vt 0.312500 0.500000
vt 0.281250 1.000000
vt 0.281250 0.500000
vt 0.250000 1.000000
vt 0.250000 0.500000
vt 0.218750 1.000000
vt 0.218750 0.500000
vt 0.187500 1.000000
vt 0.187500 0.500000
vt 0.156250 1.000000
vt 0.156250 0.500000
vt 0.125000 1.000000
vt 0.125000 0.500000
vt 0.093750 1.000000
vt 0.093750 0.500000
vt 0.062500 1.000000
vt 0.062500 0.500000
vt 0.296822 0.485389
vt 0.250000 0.490000
vt 0.203179 0.485389
vt 0.158156 0.471731
vt 0.116663 0.449553
vt 0.080295 0.419706
vt 0.050447 0.383337
vt 0.028269 0.341844
vt 0.014612 0.296822
vt 0.010000 0.250000
vt 0.014612 0.203179
vt 0.028269 0.158156
vt 0.050447 0.116663
vt 0.080294 0.080295
vt 0.116663 0.050447
vt 0.158156 0.028269
vt 0.203178 0.014612
vt 0.250000 0.010000
vt 0.296822 0.014612
vt 0.341844 0.028269
vt 0.383337 0.050447
vt 0.419706 0.080294
vt 0.449553 0.116663
vt 0.471731 0.158156
vt 0.485388 0.203178
vt 0.490000 0.250000
vt 0.485388 0.296822
vt 0.471731 0.341844
vt 0.449553 0.383337
vt 0.419706 0.419706
vt 0.383337 0.449553
vt 0.341844 0.471731
vt 0.031250 1.000000
vt 0.031250 0.500000
vt 0.000000 1.000000
vt 0.000000 0.500000
vt 0.750000 0.490000
vt 0.796822 0.485389
vt 0.841844 0.471731
vt 0.883337 0.449553
vt 0.919706 0.419706
vt 0.949553 0.383337
vt 0.971731 0.341844
vt 0.985388 0.296822
vt 0.990000 0.250000
vt 0.985389 0.203178
vt 0.971731 0.158156
vt 0.949553 0.116663
vt 0.919706 0.080294
vt 0.883337 0.050447
vt 0.841844 0.028269
vt 0.796822 0.014612
vt 0.750000 0.010000
vt 0.703178 0.014612
vt 0.658156 0.028269
vt 0.616663 0.050447
vt 0.580294 0.080295
vt 0.550447 0.116663
vt 0.528269 0.158156
vt 0.514611 0.203179
vt 0.510000 0.250000
vt 0.514612 0.296822
vt 0.528269 0.341844
vt 0.550447 0.383337
vt 0.580295 0.419706
vt 0.616663 0.449553
vt 0.658156 0.471731
vt 0.703179 0.485389
vt 0.576149 0.000000
vt 0.625000 0.000000
vt 0.625000 0.250000
vt 0.576149 0.250000
vt 0.625000 0.500000
vt 0.576149 0.500000
vt 0.625000 0.750000
vt 0.576149 0.750000
vt 0.625000 1.000000
vt 0.576149 1.000000
vt 0.125000 0.500000
vt 0.375000 0.500000
vt 0.375000 0.750000
vt 0.125000 0.750000
vt 0.875000 0.500000
vt 0.875000 0.750000
vt 0.532027 0.750000
vt 0.532027 1.000000
vt 0.532027 0.500000
vt 0.532027 0.250000
vt 0.532027 0.000000
vt 0.375000 0.000000
vt 0.431034 0.000000
vt 0.431035 0.250000
vt 0.375000 0.250000
vt 0.431035 0.268143
vt 0.429910 0.269521
vt 0.428699 0.272676
vt 0.428290 0.276463
vt 0.428699 0.280718
vt 0.429910 0.285243
vt 0.431035 0.287870
vt 0.431035 0.461232
vt 0.429910 0.463799
vt 0.428699 0.468263
vt 0.428290 0.472500
vt 0.428699 0.476310
vt 0.429910 0.479526
vt 0.431035 0.480959
vt 0.431035 0.500000
vt 0.431034 0.750000
vt 0.431034 0.768599
vt 0.429664 0.770343
vt 0.428453 0.773560
vt 0.428045 0.777372
vt 0.428453 0.781613
vt 0.429664 0.786081
vt 0.431034 0.789210
vt 0.431035 0.961688
vt 0.429664 0.964889
vt 0.428453 0.969419
vt 0.428045 0.973677
vt 0.428453 0.977466
vt 0.429664 0.980622
vt 0.431035 0.982300
vt 0.431035 1.000000
vt 0.375000 1.000000
vt 0.503592 0.000000
vt 0.503592 0.250000
vt 0.503592 0.258838
vt 0.499067 0.258866
vt 0.480185 0.259763
vt 0.462783 0.261407
vt 0.447531 0.263742
vt 0.435013 0.266679
vt 0.503592 0.500000
vt 0.503592 0.750000
vt 0.503592 0.759706
vt 0.497905 0.759741
vt 0.479023 0.760640
vt 0.461621 0.762287
vt 0.446369 0.764623
vt 0.433851 0.767563
vt 0.503592 0.490271
vt 0.507211 0.491441
vt 0.511914 0.492207
vt 0.516436 0.492166
vt 0.520603 0.491282
vt 0.524256 0.489557
vt 0.527254 0.487042
vt 0.529481 0.483847
vt 0.530853 0.480115
vt 0.531316 0.476013
vt 0.530853 0.471722
vt 0.529481 0.467429
vt 0.527254 0.463316
vt 0.524256 0.459552
vt 0.520603 0.456287
vt 0.516436 0.453644
vt 0.511914 0.451711
vt 0.507211 0.450549
vt 0.503592 0.450265
vt 0.503592 0.298844
vt 0.507211 0.298554
vt 0.511914 0.297382
vt 0.516436 0.295441
vt 0.520603 0.292789
vt 0.524256 0.289517
vt 0.527254 0.285748
vt 0.529481 0.281630
vt 0.530853 0.277334
vt 0.531316 0.273042
vt 0.530853 0.268941
vt 0.529481 0.265212
vt 0.527254 0.262021
vt 0.524256 0.259513
vt 0.520603 0.257798
vt 0.516436 0.256924
vt 0.511914 0.256890
vt 0.507211 0.257664
vt 0.503592 1.000000
vt 0.503592 0.991185
vt 0.506933 0.992268
vt 0.511635 0.993040
vt 0.516157 0.993005
vt 0.520325 0.992132
vt 0.523978 0.990419
vt 0.526975 0.987914
vt 0.529203 0.984726
vt 0.530575 0.980999
vt 0.531038 0.976900
vt 0.530575 0.972611
vt 0.529203 0.968317
vt 0.526975 0.964201
vt 0.523978 0.960433
vt 0.520325 0.957163
vt 0.516157 0.954512
vt 0.511635 0.952572
vt 0.506933 0.951401
vt 0.503592 0.951133
vt 0.503592 0.799758
vt 0.506933 0.799497
vt 0.511635 0.798334
vt 0.516157 0.796403
vt 0.520325 0.793760
vt 0.523978 0.790497
vt 0.526975 0.786735
vt 0.529203 0.782624
vt 0.530575 0.778332
vt 0.531038 0.774044
vt 0.530574 0.769944
vt 0.529203 0.766215
vt 0.526975 0.763022
vt 0.523978 0.760510
vt 0.520325 0.758787
vt 0.516157 0.757904
vt 0.511635 0.757862
vt 0.506933 0.758627
vt 0.375000 0.874996
vt 0.375000 0.971566
vt 0.503888 0.971566
vt 0.503888 0.945183
vt 0.503888 0.901050
vt 0.503888 0.874996
vt 0.375000 0.874996
vt 0.375000 0.971566
vt 0.503888 0.971566
vt 0.503888 0.945183
vt 0.503888 0.901050
vt 0.503888 0.874996
vt 0.375000 0.874996
vt 0.375000 0.971566
vt 0.503888 0.971566
vt 0.503888 0.945183
vt 0.503888 0.901050
vt 0.503888 0.874996
vt 0.375000 0.278434
vt 0.375000 0.375004
vt 0.503888 0.375004
vt 0.503888 0.348950
vt 0.503888 0.304817
vt 0.503888 0.278434
vt 0.375000 0.278434
vt 0.375000 0.375004
vt 0.503888 0.375004
vt 0.503888 0.348950
vt 0.503888 0.304817
vt 0.503888 0.278434
vt 0.153434 0.750000
vt 0.250004 0.750000
vt 0.250004 0.500000
vt 0.153434 0.500000
vt 0.692450 0.750000
vt 0.692450 0.750000
vt 0.692450 0.750000
vt 0.692450 0.750000
vt 0.692450 0.750000
vt 0.692450 0.750000
vt 0.692450 0.750000
vt 0.692450 0.750000
vt 0.692450 0.750000
vt 0.692450 0.750000
vt 0.692450 0.750000
vt 0.692450 0.750000
vt 0.692450 0.750000
vt 0.375000 0.278434
vt 0.375000 0.375004
vt 0.503888 0.375004
vt 0.503888 0.348950
vt 0.503888 0.304817
vt 0.503888 0.278434
vt 0.375000 0.874996
vt 0.375000 0.971566
vt 0.503888 0.971566
vt 0.503888 0.945183
vt 0.503888 0.901050
vt 0.503888 0.874996
vt 0.692450 0.750000
vt 0.692450 0.750000
vt 0.692450 0.750000
vt 0.692450 0.750000
vt 0.692450 0.750000
vt 0.692450 0.750000
vt 0.692450 0.750000
vt 0.692450 0.750000
vt 0.692450 0.750000
vt 0.692450 0.750000
vt 0.692450 0.750000
vt 0.692450 0.750000
vt 0.375000 0.278434
vt 0.375000 0.375004
vt 0.503888 0.375004
vt 0.503888 0.348950
vt 0.503888 0.304817
vt 0.503888 0.278434
vt 0.375000 0.874996
vt 0.375000 0.971566
vt 0.503888 0.971566
vt 0.503888 0.945183
vt 0.503888 0.901050
vt 0.503888 0.874996
vt 0.153434 0.750000
vt 0.250004 0.750000
vt 0.250004 0.500000
vt 0.153434 0.500000
vt 0.375000 0.874996
vt 0.375000 0.971566
vt 0.503888 0.971566
vt 0.503888 0.945183
vt 0.503888 0.901050
vt 0.503888 0.874996
vt 0.375000 0.874996
vt 0.375000 0.971566
vt 0.503888 0.971566
vt 0.503888 0.945183
vt 0.503888 0.901050
vt 0.503888 0.874996
vt 0.153434 0.750000
vt 0.250004 0.750000
vt 0.250004 0.500000
vt 0.153434 0.500000
vt 0.806701 0.750000
vt 0.806701 0.750000
vt 0.806701 0.750000
vt 0.806701 0.750000
vt 0.806701 0.750000
vt 0.806701 0.750000
vt 0.806701 0.750000
vt 0.806701 0.750000
vt 0.806701 0.750000
vt 0.806701 0.750000
vt 0.806701 0.750000
vt 0.806701 0.750000
vt 0.375000 0.278434
vt 0.375000 0.375004
vt 0.503888 0.375004
vt 0.503888 0.348950
vt 0.503888 0.304817
vt 0.503888 0.278434
vt 0.375000 0.278434
vt 0.375000 0.375004
vt 0.503888 0.375004
vt 0.503888 0.348950
vt 0.503888 0.304817
vt 0.503888 0.278434
vt 0.375000 0.874996
vt 0.375000 0.971566
vt 0.503888 0.971566
vt 0.503888 0.945183
vt 0.503888 0.901050
vt 0.503888 0.874996
vt 0.153434 0.750000
vt 0.250004 0.750000
vt 0.250004 0.500000
vt 0.153434 0.500000
vt 0.375000 0.278434
vt 0.375000 0.375004
vt 0.503888 0.375004
vt 0.503888 0.348950
vt 0.503888 0.304817
vt 0.503888 0.278434
vt 0.375000 0.874996
vt 0.375000 0.971566
vt 0.503888 0.971566
vt 0.503888 0.945183
vt 0.503888 0.901050
vt 0.503888 0.874996
vt 0.153434 0.750000
vt 0.250004 0.750000
vt 0.250004 0.500000
vt 0.153434 0.500000
vt 0.692450 0.537423
vt 0.806701 0.537423
vt 0.806701 0.543710
vt 0.692450 0.543710
vt 0.692450 0.555810
vt 0.806701 0.555810
vt 0.806701 0.561756
vt 0.692450 0.561756
vt 0.692450 0.573855
vt 0.806701 0.573855
vt 0.806701 0.580142
vt 0.692450 0.580142
vt 0.692450 0.592241
vt 0.806701 0.592242
vt 0.806701 0.599550
vt 0.692450 0.599550
vt 0.692450 0.611649
vt 0.806701 0.611649
vt 0.806701 0.617936
vt 0.692450 0.617936
vt 0.692450 0.630035
vt 0.806701 0.630035
vt 0.806701 0.637343
vt 0.692450 0.637343
vt 0.692450 0.649443
vt 0.806701 0.649443
vt 0.806701 0.655730
vt 0.692450 0.655730
vt 0.692450 0.667829
vt 0.806701 0.667829
vt 0.806701 0.675137
vt 0.692450 0.675137
vt 0.692450 0.687237
vt 0.806701 0.687237
vt 0.806701 0.693523
vt 0.692450 0.693523
vt 0.692450 0.705623
vt 0.806701 0.705623
vt 0.806701 0.711569
vt 0.692450 0.711569
vt 0.692450 0.723669
vt 0.806701 0.723669
vt 0.806701 0.729955
vt 0.692450 0.729955
vt 0.692450 0.742055
vt 0.806701 0.742055
vt 0.806701 0.749363
vt 0.692450 0.749363
vt 0.875000 0.750000
vt 0.875000 0.750000
vt 0.875000 0.750000
vt 0.875000 0.750000
vt 0.875000 0.750000
vt 0.875000 0.750000
vt 0.875000 0.750000
vt 0.875000 0.750000
vt 0.875000 0.750000
vt 0.875000 0.750000
vt 0.875000 0.750000
vt 0.875000 0.750000
vt 0.153434 0.750000
vt 0.250004 0.750000
vt 0.250004 0.500000
vt 0.153434 0.500000
vt 0.375000 0.278434
vt 0.375000 0.375004
vt 0.503888 0.375004
vt 0.503888 0.348950
vt 0.503888 0.304817
vt 0.503888 0.278434
vt 0.153434 0.750000
vt 0.250004 0.750000
vt 0.250004 0.500000
vt 0.153434 0.500000
vt 0.375000 0.278434
vt 0.375000 0.375004
vt 0.503888 0.375004
vt 0.503888 0.348950
vt 0.503888 0.304817
vt 0.503888 0.278434
vt 0.375000 0.278434
vt 0.375000 0.375004
vt 0.503888 0.375004
vt 0.503888 0.348950
vt 0.503888 0.304817
vt 0.503888 0.278434
vt 0.375000 0.874996
vt 0.375000 0.971566
vt 0.503888 0.971566
vt 0.503888 0.945183
vt 0.503888 0.901050
vt 0.503888 0.874996
vt 0.375000 0.874996
vt 0.375000 0.971566
vt 0.503888 0.971566
vt 0.503888 0.945183
vt 0.503888 0.901050
vt 0.503888 0.874996
vt 0.375000 0.278434
vt 0.375000 0.375004
vt 0.503888 0.375004
vt 0.503888 0.348950
vt 0.503888 0.304817
vt 0.503888 0.278434
vt 0.153434 0.750000
vt 0.250004 0.750000
vt 0.250004 0.703461
vt 0.250004 0.500000
vt 0.153434 0.500000
vt 0.153434 0.703461
vt 0.375000 0.278434
vt 0.375000 0.375004
vt 0.503888 0.375004
vt 0.503888 0.348950
vt 0.503888 0.304817
vt 0.503888 0.278434
vt 0.153434 0.750000
vt 0.250004 0.750000
vt 0.250004 0.500000
vt 0.153434 0.500000
vt 0.153434 0.750000
vt 0.250004 0.750000
vt 0.250004 0.513164
vt 0.250004 0.500000
vt 0.153434 0.500000
vt 0.153434 0.513164
vt 0.375000 0.278434
vt 0.375000 0.375004
vt 0.503888 0.375004
vt 0.503888 0.348950
vt 0.503888 0.304817
vt 0.503888 0.278434
vt 0.375000 0.874996
vt 0.375000 0.971566
vt 0.503888 0.971566
vt 0.503888 0.945183
vt 0.503888 0.901050
vt 0.503888 0.874996
vt 0.806701 0.750000
vt 0.875000 0.750000
vt 0.375000 0.874996
vt 0.375000 0.971566
vt 0.503888 0.971566
vt 0.503888 0.945183
vt 0.503888 0.901050
vt 0.503888 0.874996
vt 0.153434 0.750000
vt 0.250004 0.750000
vt 0.250004 0.500000
vt 0.153434 0.500000
vt 0.153434 0.750000
vt 0.250004 0.750000
vt 0.250004 0.500000
vt 0.153434 0.500000
vt 0.375000 0.278434
vt 0.375000 0.375004
vt 0.503888 0.375004
vt 0.503888 0.348950
vt 0.503888 0.304817
vt 0.503888 0.278434
vt 0.375000 0.874996
vt 0.375000 0.971566
vt 0.503888 0.971566
vt 0.503888 0.874996
vt 0.375000 0.874996
vt 0.375000 0.971566
vt 0.503888 0.971566
vt 0.503888 0.945183
vt 0.503888 0.901050
vt 0.503888 0.874996
vt 0.153434 0.750000
vt 0.250004 0.750000
vt 0.250004 0.500000
vt 0.153434 0.500000
vt 0.375000 0.874996
vt 0.375000 0.971566
vt 0.503888 0.971566
vt 0.503888 0.945183
vt 0.503888 0.901050
vt 0.503888 0.874996
vt 0.375000 0.874996
vt 0.375000 0.971566
vt 0.503888 0.971566
vt 0.503888 0.945183
vt 0.503888 0.901050
vt 0.503888 0.874996
vt 0.375000 0.874996
vt 0.375000 0.971566
vt 0.503888 0.971566
vt 0.503888 0.945183
vt 0.503888 0.901050
vt 0.503888 0.874996
vt 0.153434 0.750000
vt 0.250004 0.750000
vt 0.250004 0.500000
vt 0.153434 0.500000
vt 0.375000 0.874996
vt 0.375000 0.971566
vt 0.503888 0.971566
vt 0.503888 0.945183
vt 0.503888 0.901050
vt 0.503888 0.874996
vt 0.375000 0.874996
vt 0.375000 0.971566
vt 0.503888 0.971566
vt 0.503888 0.945183
vt 0.503888 0.901050
vt 0.503888 0.874996
vt 0.375000 0.278434
vt 0.375000 0.375004
vt 0.503888 0.375004
vt 0.503888 0.348950
vt 0.503888 0.304817
vt 0.503888 0.278434
vt 0.375000 0.874996
vt 0.375000 0.971566
vt 0.503888 0.971566
vt 0.503888 0.945183
vt 0.503888 0.901050
vt 0.503888 0.874996
vt 0.375000 0.874996
vt 0.375000 0.971566
vt 0.503888 0.971566
vt 0.503888 0.945183
vt 0.503888 0.901050
vt 0.503888 0.874996
vt 0.375000 0.278434
vt 0.375000 0.375004
vt 0.503888 0.375004
vt 0.503888 0.348950
vt 0.503888 0.304817
vt 0.503888 0.278434
vt 0.692450 0.750000
vt 0.153434 0.750000
vt 0.250004 0.750000
vt 0.250004 0.500000
vt 0.153434 0.500000
vt 0.153434 0.750000
vt 0.250004 0.750000
vt 0.250004 0.500000
vt 0.153434 0.500000
vt 0.153434 0.750000
vt 0.250004 0.750000
vt 0.250004 0.500000
vt 0.153434 0.500000
vt 0.153434 0.750000
vt 0.250004 0.750000
vt 0.250004 0.500000
vt 0.153434 0.500000
vt 0.375000 0.278434
vt 0.375000 0.375004
vt 0.503888 0.375004
vt 0.503888 0.348950
vt 0.503888 0.304817
vt 0.503888 0.278434
vt 0.153434 0.750000
vt 0.250004 0.750000
vt 0.250004 0.500000
vt 0.153434 0.500000
vt 0.153434 0.750000
vt 0.250004 0.750000
vt 0.250004 0.500000
vt 0.153434 0.500000
vt 0.375000 0.278434
vt 0.375000 0.375004
vt 0.503888 0.375004
vt 0.503888 0.348950
vt 0.503888 0.304817
vt 0.503888 0.278434
vt 0.375000 0.874996
vt 0.375000 0.971566
vt 0.503888 0.971566
vt 0.503888 0.945183
vt 0.503888 0.901050
vt 0.503888 0.874996
vt 0.375000 0.278434
vt 0.375000 0.375004
vt 0.503888 0.375004
vt 0.503888 0.348950
vt 0.503888 0.304817
vt 0.503888 0.278434
vt 0.375000 0.278434
vt 0.375000 0.375004
vt 0.503888 0.375004
vt 0.503888 0.348950
vt 0.503888 0.304817
vt 0.503888 0.278434
vt 0.375000 0.278434
vt 0.375000 0.375004
vt 0.503888 0.375004
vt 0.503888 0.348950
vt 0.503888 0.304817
vt 0.503888 0.278434
vt 0.375000 0.278434
vt 0.375000 0.375004
vt 0.503888 0.375004
vt 0.503888 0.348950
vt 0.503888 0.304817
vt 0.503888 0.278434
vt 0.375000 0.874996
vt 0.375000 0.971566
vt 0.503888 0.971566
vt 0.503888 0.945183
vt 0.503888 0.901050
vt 0.503888 0.874996
vt 0.153434 0.750000
vt 0.250004 0.750000
vt 0.250004 0.705478
vt 0.223950 0.705478
vt 0.179817 0.705478
vt 0.153434 0.705478
vt 0.250004 0.500000
vt 0.153434 0.500000
vt 0.375000 0.874996
vt 0.375000 0.971566
vt 0.503888 0.971566
vt 0.503888 0.945183
vt 0.503888 0.901050
vt 0.503888 0.874996
vt 0.375000 0.278434
vt 0.375000 0.375004
vt 0.503888 0.375004
vt 0.503888 0.348950
vt 0.503888 0.304817
vt 0.503888 0.278434
vt 0.153434 0.750000
vt 0.250004 0.750000
vt 0.250004 0.500000
vt 0.153434 0.500000
vt 0.153434 0.750000
vt 0.250004 0.750000
vt 0.250004 0.500000
vt 0.153434 0.500000
vt 0.375000 0.278434
vt 0.375000 0.375004
vt 0.503888 0.375004
vt 0.503888 0.348950
vt 0.503888 0.304817
vt 0.503888 0.278434
vt 0.375000 0.278434
vt 0.375000 0.375004
vt 0.503888 0.375004
vt 0.503888 0.348950
vt 0.503889 0.304817
vt 0.503888 0.278434
vt 0.375000 0.874996
vt 0.375000 0.971566
vt 0.503888 0.971566
vt 0.503888 0.945183
vt 0.503888 0.901050
vt 0.503888 0.874996
vt 0.153434 0.750000
vt 0.250004 0.750000
vt 0.250004 0.500000
vt 0.153434 0.500000
vt 0.153434 0.750000
vt 0.250004 0.750000
vt 0.250004 0.500000
vt 0.153434 0.500000
vt 0.153434 0.750000
vt 0.250004 0.750000
vt 0.250004 0.500000
vt 0.153434 0.500000
vt 0.153434 0.750000
vt 0.250004 0.750000
vt 0.250004 0.500000
vt 0.153434 0.500000
vt 0.375000 0.278434
vt 0.375000 0.375004
vt 0.503888 0.375004
vt 0.503888 0.348950
vt 0.503888 0.304817
vt 0.503888 0.278434
vt 0.806701 0.750000
vt 0.806701 0.750000
vt 0.806701 0.750000
vt 0.806701 0.750000
vt 0.806701 0.750000
vt 0.806701 0.750000
vt 0.806701 0.750000
vt 0.806701 0.750000
vt 0.806701 0.750000
vt 0.806701 0.750000
vt 0.806701 0.750000
vt 0.806701 0.750000
vt 0.806701 0.750000
vt 0.375000 0.874996
vt 0.375000 0.971566
vt 0.503888 0.971566
vt 0.503888 0.945183
vt 0.503888 0.901050
vt 0.503888 0.874996
vt 0.875000 0.537423
vt 0.875000 0.543710
vt 0.875000 0.555810
vt 0.875000 0.561756
vt 0.875000 0.573855
vt 0.875000 0.580142
vt 0.875000 0.592241
vt 0.875000 0.599550
vt 0.875000 0.611649
vt 0.875000 0.617936
vt 0.875000 0.630035
vt 0.875000 0.637343
vt 0.875000 0.649443
vt 0.875000 0.655730
vt 0.875000 0.667829
vt 0.875000 0.675137
vt 0.875000 0.687237
vt 0.875000 0.693523
vt 0.875000 0.705623
vt 0.875000 0.711569
vt 0.875000 0.723669
vt 0.875000 0.729955
vt 0.875000 0.742055
vt 0.875000 0.749363
vt 0.375000 0.278434
vt 0.375000 0.375004
vt 0.503888 0.375004
vt 0.503888 0.348950
vt 0.503888 0.304817
vt 0.503888 0.278434
vt 0.875000 0.750000
vt 0.875000 0.750000
vt 0.875000 0.750000
vt 0.875000 0.750000
vt 0.875000 0.750000
vt 0.875000 0.750000
vt 0.875000 0.750000
vt 0.875000 0.750000
vt 0.875000 0.750000
vt 0.875000 0.750000
vt 0.875000 0.750000
vt 0.875000 0.750000
vt 0.875000 0.750000
vt 0.625000 0.250000
vt 0.504362 0.601820
vt 0.503994 0.607502
vt 0.533981 0.612386
vt 0.535842 0.699950
vt 0.497152 0.712958
vt 0.496356 0.725223
vt 0.495613 0.736673
vt 0.427114 0.736505
vt 0.397830 0.746350
vt 0.625000 0.250000
vt 0.625000 0.250000
vt 0.625000 0.250000
vt 0.625000 0.250000
vt 0.125000 0.525737
vt 0.284518 0.525738
vt 0.284565 0.500000
vt 0.125000 0.750000
vt 0.625000 0.250000
vt 0.625000 0.250000
vt 0.625000 0.250000
vt 0.625000 0.250000
vt 0.625000 0.250000
vt 0.625000 0.250000
vt 0.625000 0.250000
vt 0.625000 0.250000
vt 0.625000 0.250000
vt 0.625000 0.250000
vt 0.625000 0.071132
vt 0.625000 0.082468
vt 0.625000 0.000000
vt 0.625000 0.250000
vt 0.625000 0.250000
vt 0.625000 0.250000
vt 0.625000 0.250000
vt 0.625000 0.250000
vt 0.375000 0.409565
vt 0.428047 0.409274
vt 0.428047 0.452665
vt 0.489299 0.456665
vt 0.554916 0.456495
vt 0.554916 0.408578
vt 0.375000 0.353174
vt 0.625000 0.353174
vt 0.228174 0.750000
vt 0.375000 0.736376
vt 0.275139 0.736376
vt 0.268048 0.724925
vt 0.268048 0.611668
vt 0.275654 0.601501
vt 0.228174 0.500000
vt 0.228174 0.745344
vt 0.375000 0.000000
vt 0.625000 0.000000
vt 0.625000 0.250000
vt 0.375000 0.250000
vt 0.625000 0.500000
vt 0.375000 0.500000
vt 0.625000 0.750000
vt 0.375000 0.750000
vt 0.625000 1.000000
vt 0.375000 1.000000
vt 0.125000 0.500000
vt 0.125000 0.750000
vt 0.875000 0.500000
vt 0.875000 0.750000
vt 0.625000 0.817063
vt 0.625000 0.817014
vt 0.625000 0.928328
vt 0.625000 0.921147
vt 0.625000 0.911888
vt 0.625000 0.900855
vt 0.625000 0.888491
vt 0.625000 0.875402
vt 0.625000 0.862311
vt 0.625000 0.849941
vt 0.625000 0.838903
vt 0.625000 0.829646
vt 0.625000 0.822478
vt 0.625000 0.817609
vt 0.625000 0.817450
vt 0.625000 0.815188
vt 0.625000 0.815300
vt 0.875000 0.500000
vt 0.125000 0.500000
vt 0.610759 0.000000
vt 0.375000 0.000000
vt 0.875000 0.647834
vt 0.875000 0.891938
vt 0.906250 0.891831
vt 0.906250 0.647727
vt 0.593750 0.673786
vt 0.593750 0.977722
vt 0.625000 0.977615
vt 0.625000 0.673678
vt 0.500000 0.673931
vt 0.500000 0.977867
vt 0.531250 0.977850
vt 0.531250 0.673914
vt 0.187500 0.648114
vt 0.187500 0.892218
vt 0.218750 0.892380
vt 0.218750 0.648276
vt 0.687500 0.648775
vt 0.687500 0.892880
vt 0.718750 0.892718
vt 0.718750 0.648613
vt 0.656250 0.977483
vt 0.656250 0.673546
vt 0.093750 0.647727
vt 0.093750 0.891831
vt 0.125000 0.891938
vt 0.125000 0.647834
vt 0.218750 0.648276
vt 0.218750 0.892380
vt 0.250000 0.892549
vt 0.250000 0.648445
vt 0.187500 0.648114
vt 0.187500 0.892218
vt 0.468750 0.673914
vt 0.468750 0.977850
vt 0.500000 0.977867
vt 0.500000 0.673931
vt 0.156250 0.672588
vt 0.156250 0.976524
vt 0.187500 0.976673
vt 0.187500 0.672737
vt 0.937500 0.672269
vt 0.937500 0.976205
vt 0.937734 0.976205
vt 0.968750 0.976157
vt 0.968750 0.672220
vt 0.531250 0.649292
vt 0.531250 0.893396
vt 0.562500 0.893347
vt 0.562500 0.649242
vt 0.312500 0.648775
vt 0.312500 0.892880
vt 0.343750 0.893029
vt 0.343750 0.648924
vt 0.812500 0.648114
vt 0.812500 0.892218
vt 0.843750 0.892069
vt 0.843750 0.647965
vt 0.468750 0.649292
vt 0.468750 0.893396
vt 0.500000 0.893413
vt 0.500000 0.649308
vt 0.156250 0.647965
vt 0.156250 0.892069
vt 0.031250 0.647597
vt 0.031250 0.891701
vt 0.062500 0.891751
vt 0.062500 0.647647
vt 0.781250 0.648276
vt 0.781250 0.892380
vt 0.812500 0.892218
vt 0.812500 0.648114
vt 0.812500 0.672737
vt 0.812500 0.976673
vt 0.843750 0.976524
vt 0.843750 0.672588
vt 0.312500 0.673397
vt 0.312500 0.977334
vt 0.343750 0.977483
vt 0.343750 0.673546
vt 0.156250 0.647965
vt 0.156250 0.892069
vt 0.437500 0.649242
vt 0.437500 0.893347
vt 0.531250 0.673914
vt 0.531250 0.977850
vt 0.562500 0.977802
vt 0.562500 0.673866
vt 0.375000 0.649055
vt 0.375000 0.893160
vt 0.406250 0.893267
vt 0.406250 0.649162
vt 0.812500 0.672737
vt 0.812500 0.976673
vt 0.843750 0.976524
vt 0.843750 0.672587
vt 0.272200 0.892669
vt 0.281250 0.892718
vt 0.281250 0.648613
vt 0.274049 0.648575
vt 0.375000 0.673678
vt 0.375000 0.977615
vt 0.406250 0.977722
vt 0.406250 0.673786
vt 0.375000 0.673679
vt 0.375000 0.977615
vt 0.406250 0.977722
vt 0.406250 0.673785
vt 0.125000 0.672455
vt 0.125000 0.976392
vt 0.875000 0.976392
vt 0.875000 0.672455
vt 0.125000 0.672455
vt 0.125000 0.976392
vt 0.156250 0.976524
vt 0.156250 0.672587
vt 0.937500 0.647647
vt 0.937500 0.891751
vt 0.968750 0.891701
vt 0.968750 0.647597
vt 0.531250 0.893396
vt 0.531250 0.649292
vt 0.250000 0.673068
vt 0.250000 0.977004
vt 0.281250 0.977171
vt 0.281250 0.673235
vt 0.937500 0.672269
vt 0.937500 0.976205
vt 0.937734 0.976205
vt 0.968750 0.976157
vt 0.968750 0.672220
vt 0.843750 0.647965
vt 0.843750 0.892069
vt 0.875000 0.891938
vt 0.875000 0.647834
vt 0.937500 0.891751
vt 0.937500 0.647647
vt 0.437500 0.649242
vt 0.437500 0.893347
vt 0.468750 0.893396
vt 0.468750 0.649292
vt 0.218750 0.672899
vt 0.218750 0.976835
vt 0.187500 0.672737
vt 0.187500 0.976673
vt 0.968750 0.891701
vt 0.968750 0.647597
vt 0.415712 0.893291
vt 0.419616 0.649196
vt 1.000000 0.891685
vt 1.000000 0.647581
vt 0.250000 0.892549
vt 0.250000 0.648445
vt 0.562500 0.673865
vt 0.562500 0.977802
vt 0.593750 0.977722
vt 0.593750 0.673785
vt 0.656250 0.648924
vt 0.656250 0.893029
vt 0.906250 0.647727
vt 0.906250 0.891831
vt 0.031250 0.672220
vt 0.031250 0.976157
vt 0.062266 0.976204
vt 0.062500 0.976205
vt 0.062500 0.672269
vt 0.272200 0.892669
vt 0.281250 0.892718
vt 0.281250 0.648613
vt 0.274049 0.648575
vt 0.781250 0.648276
vt 0.781250 0.892380
vt 0.656250 0.673546
vt 0.656250 0.977483
vt 0.687500 0.977334
vt 0.687500 0.673397
vt 0.718750 0.673235
vt 0.718750 0.977171
vt 0.750000 0.977004
vt 0.750000 0.673068
vt 0.093750 0.976285
vt 0.093750 0.672349
vt 0.067217 0.672281
vt 0.500000 0.649308
vt 0.500000 0.893413
vt 0.281250 0.673235
vt 0.281250 0.977171
vt 0.301840 0.977278
vt 0.304235 0.673354
vt 0.218750 0.672899
vt 0.218750 0.976835
vt 0.250000 0.977004
vt 0.250000 0.673068
vt 0.625000 0.649055
vt 0.625000 0.893160
vt 0.343750 0.648924
vt 0.343750 0.893029
vt 0.698160 0.977278
vt 0.718750 0.977171
vt 0.718750 0.673235
vt 0.695766 0.673355
vt 0.312500 0.648775
vt 0.312500 0.892880
vt 0.437500 0.977802
vt 0.437500 0.673866
vt 0.875000 0.976392
vt 0.875000 0.672455
vt 0.437500 0.673865
vt 0.437500 0.977802
vt 0.468750 0.977850
vt 0.468750 0.673914
vt 0.781250 0.976835
vt 0.781250 0.672899
vt 0.375000 0.649055
vt 0.375000 0.893160
vt 0.406250 0.893267
vt 0.406250 0.649162
vt 0.301840 0.977278
vt 0.312500 0.977334
vt 0.312500 0.673397
vt 0.304234 0.673355
vt 0.093750 0.672349
vt 0.093750 0.976285
vt 0.506748 0.295938
vt 0.511211 0.295561
vt 0.515674 0.294412
vt 0.519965 0.292519
vt 0.523920 0.289937
vt 0.527387 0.286758
vt 0.530232 0.283098
vt 0.530232 0.467876
vt 0.527387 0.464211
vt 0.523920 0.461024
vt 0.519965 0.458435
vt 0.515674 0.456532
vt 0.511211 0.455375
vt 0.506748 0.454989
vt 0.506748 0.493677
vt 0.511211 0.495173
vt 0.515674 0.495933
vt 0.519965 0.495900
vt 0.523920 0.495052
vt 0.527387 0.493380
vt 0.530232 0.490930
vt 0.687500 0.673397
vt 0.687500 0.977334
vt 0.698160 0.977278
vt 0.695766 0.673354
vt 0.750000 0.673068
vt 0.750000 0.977004
vt 0.781250 0.976835
vt 0.781250 0.672899
vt 0.906250 0.672349
vt 0.906250 0.976285
vt 0.932783 0.672281
vt 0.343750 0.673546
vt 0.343750 0.977483
vt 0.000000 0.672202
vt 0.000000 0.976139
vt 0.031250 0.976157
vt 0.031250 0.672220
vt 0.625000 0.649055
vt 0.625000 0.893160
vt 0.656250 0.893029
vt 0.656250 0.648924
vt 0.750000 0.648445
vt 0.750000 0.892549
vt 0.062266 0.976205
vt 0.062500 0.976205
vt 0.062500 0.672269
vt 0.562500 0.893347
vt 0.562500 0.649242
vt 0.415713 0.893291
vt 0.419616 0.649197
vt 0.584288 0.893291
vt 0.593750 0.893267
vt 0.593750 0.649162
vt 0.580384 0.649197
vt 1.000000 0.976139
vt 1.000000 0.672202
vt 0.031250 0.647597
vt 0.031250 0.891701
vt 0.062500 0.891751
vt 0.062500 0.647647
vt 0.625000 0.673679
vt 0.625000 0.977615
vt 0.584288 0.893290
vt 0.593750 0.893267
vt 0.593750 0.649162
vt 0.580384 0.649196
vt 0.687500 0.648775
vt 0.687500 0.892880
vt 0.718750 0.892718
vt 0.718750 0.648613
vt 0.750000 0.648445
vt 0.750000 0.892549
vt 0.067217 0.672281
vt 0.727800 0.892669
vt 0.725951 0.648575
vt 0.093750 0.647727
vt 0.093750 0.891831
vt 0.125000 0.891938
vt 0.125000 0.647834
vt 0.000000 0.647581
vt 0.000000 0.891685
vt 0.906250 0.976285
vt 0.906250 0.672349
vt 1.000000 0.891685
vt 1.000000 0.647581
vt 0.506419 0.795068
vt 0.510882 0.794682
vt 0.515345 0.793525
vt 0.519637 0.791623
vt 0.523591 0.789035
vt 0.527058 0.785850
vt 0.529903 0.782186
vt 0.532017 0.778188
vt 0.532017 0.970834
vt 0.529903 0.966841
vt 0.527058 0.963183
vt 0.523592 0.960004
vt 0.519637 0.957424
vt 0.515345 0.955531
vt 0.510882 0.954383
vt 0.506419 0.954006
vt 0.506419 0.992672
vt 0.510882 0.994159
vt 0.515345 0.994911
vt 0.519637 0.994872
vt 0.523592 0.994014
vt 0.527058 0.992332
vt 0.529903 0.989879
vt 0.532017 0.986768
vt 0.000000 0.672203
vt 0.000000 0.976139
vt 0.433851 0.790311
vt 0.446369 0.793534
vt 0.461621 0.796220
vt 0.479023 0.798265
vt 0.497905 0.799594
vt 0.497905 0.951297
vt 0.479023 0.952628
vt 0.461621 0.954675
vt 0.446369 0.957363
vt 0.433851 0.960587
vt 0.433851 0.983336
vt 0.446369 0.986273
vt 0.461621 0.988609
vt 0.479023 0.990253
vt 0.497905 0.991150
vt 0.727800 0.892669
vt 0.725951 0.648575
vt 1.000000 0.976139
vt 1.000000 0.672203
vt 0.000000 0.647581
vt 0.000000 0.891685
vt 0.932783 0.672281
vt 0.435013 0.289424
vt 0.447531 0.292649
vt 0.462783 0.295336
vt 0.480185 0.297382
vt 0.499067 0.298713
vt 0.499067 0.450395
vt 0.480185 0.451724
vt 0.462783 0.453769
vt 0.447531 0.456455
vt 0.435013 0.459678
vt 0.435013 0.482423
vt 0.447531 0.485361
vt 0.462783 0.487698
vt 0.480185 0.489344
vt 0.499067 0.490243
vt 0.375000 0.874991
vt 0.375000 0.947018
vt 0.435606 0.947018
vt 0.435606 0.874991
vt 0.749991 0.750000
vt 0.822018 0.750000
vt 0.822018 0.500000
vt 0.749991 0.500000
vt 0.625000 0.000000
vt 0.625000 0.000000
vt 0.625000 0.000000
vt 0.625000 0.000000
vt 0.545455 0.874991
vt 0.545455 0.947018
vt 0.625000 0.947018
vt 0.625000 0.874991
vt 0.375000 0.874991
vt 0.375000 0.947018
vt 0.435606 0.947018
vt 0.435606 0.874991
vt 0.545455 0.947018
vt 0.545455 0.874991
vt 0.375000 0.302982
vt 0.375000 0.375009
vt 0.435606 0.375009
vt 0.435606 0.302982
vt 0.625000 0.947018
vt 0.625000 0.874991
vt 0.545455 0.302982
vt 0.545455 0.375009
vt 0.625000 0.375009
vt 0.625000 0.302982
vt 0.375000 0.302982
vt 0.375000 0.375009
vt 0.435606 0.375009
vt 0.435606 0.302982
vt 0.749991 0.750000
vt 0.822018 0.750000
vt 0.822018 0.500000
vt 0.749991 0.500000
vt 0.177982 0.750000
vt 0.250009 0.750000
vt 0.250009 0.500000
vt 0.177982 0.500000
vt 0.545455 0.302982
vt 0.545455 0.375009
vt 0.625000 0.375009
vt 0.625000 0.302982
vt 0.177982 0.750000
vt 0.250009 0.750000
vt 0.250009 0.500000
vt 0.177982 0.500000
vt 0.625000 0.750000
vt 0.625000 0.750000
vt 0.625000 0.750000
vt 0.625000 0.750000
vt 0.625000 0.750000
vt 0.625000 0.750000
vt 0.625000 0.750000
vt 0.625000 0.750000
vt 0.625000 0.271054
vt 0.625000 0.250000
vt 0.514382 0.250000
vt 0.517060 0.286155
vt 0.625000 0.000000
vt 0.514223 0.000000
vt 0.514223 1.000000
vt 0.625000 1.000000
vt 0.625000 0.978657
vt 0.519119 0.963845
vt 0.853657 0.750000
vt 0.875000 0.750000
vt 0.875000 0.500000
vt 0.853946 0.500000
vt 0.625000 0.500000
vt 0.448864 0.953906
vt 0.448864 1.000000
vt 0.534091 1.000000
vt 0.534091 0.953906
vt 0.326050 0.750000
vt 0.326050 0.500000
vt 0.375000 0.451050
vt 0.448864 0.451050
vt 0.625000 1.000000
vt 0.625000 0.953906
vt 0.625000 0.500000
vt 0.625000 0.500000
vt 0.625000 0.500000
vt 0.625000 0.500000
vt 0.625000 0.250000
vt 0.375000 0.953906
vt 0.375000 1.000000
vt 0.828906 0.750000
vt 0.875000 0.750000
vt 0.875000 0.500000
vt 0.828906 0.500000
vt 0.828906 0.541152
vt 0.828906 0.648231
vt 0.828906 0.750000
vt 0.875000 0.750000
vt 0.875000 0.500000
vt 0.828906 0.500000
vt 0.625000 0.250000
vt 0.625000 0.250000
vt 0.625000 0.250000
vt 0.625000 0.250000
vt 0.534091 0.953906
vt 0.534091 1.000000
vt 0.625000 1.000000
vt 0.625000 0.953906
vt 0.534091 0.451050
vt 0.625000 0.451050
vt 0.326050 0.750000
vt 0.326050 0.500000
vt 0.326050 0.543158
vt 0.326050 0.651362
vt 0.375000 0.953906
vt 0.375000 1.000000
vt 0.448864 1.000000
vt 0.448864 0.953906
vt 0.375000 0.451050
vt 0.448864 0.451050
vt 0.534091 0.451050
vt 0.625000 0.451050
vt 0.250000 1.000000
vt 0.250000 1.000000
vt 0.709807 0.750000
vt 0.729811 0.750000
vt 0.730015 0.500000
vt 0.709858 0.500000
vt 0.781485 0.750000
vt 0.801490 0.750000
vt 0.801439 0.500000
vt 0.781282 0.500000
vt 0.375000 0.831689
vt 0.375000 0.849319
vt 0.420699 0.847397
vt 0.468423 0.846746
vt 0.516144 0.847397
vt 0.562033 0.849327
vt 0.604325 0.852460
vt 0.625000 0.854811
vt 0.625000 0.834807
vt 0.609358 0.833648
vt 0.540498 0.830753
vt 0.468888 0.829775
vt 0.397275 0.830753
vt 0.375000 0.911978
vt 0.375000 0.929607
vt 0.397276 0.930544
vt 0.468888 0.931521
vt 0.540499 0.930544
vt 0.609358 0.927649
vt 0.625000 0.926490
vt 0.625000 0.906485
vt 0.604325 0.908837
vt 0.562033 0.911970
vt 0.516145 0.913899
vt 0.468422 0.914551
vt 0.420700 0.913899
vt 0.750000 1.000000
vt 0.781250 1.000000
vt 0.781250 1.000000
vt 0.750000 1.000000
vt 0.218750 0.886959
vt 0.187500 1.000000
vt 0.187500 1.000000
vt 0.250000 0.886925
vt 0.812500 1.000000
vt 0.812500 1.000000
vt 0.218750 1.000000
vt 0.218750 1.000000
vt 0.750000 0.886925
vt 0.781250 0.886958
vt 0.375000 0.320364
vt 0.375000 0.337947
vt 0.418906 0.336101
vt 0.466629 0.335449
vt 0.514352 0.336101
vt 0.560240 0.338030
vt 0.602532 0.341163
vt 0.625000 0.343718
vt 0.625000 0.323561
vt 0.608666 0.322351
vt 0.539807 0.319456
vt 0.468195 0.318479
vt 0.396584 0.319456
vt 0.375000 0.400757
vt 0.375000 0.418340
vt 0.396583 0.419247
vt 0.468195 0.420225
vt 0.539806 0.419247
vt 0.608665 0.416352
vt 0.625000 0.415142
vt 0.625000 0.394985
vt 0.602532 0.397541
vt 0.560240 0.400673
vt 0.514351 0.402603
vt 0.466629 0.403254
vt 0.418906 0.402603
vt 0.195393 0.750000
vt 0.213022 0.750000
vt 0.212947 0.500000
vt 0.195364 0.500000
vt 0.275681 0.750000
vt 0.293311 0.750000
vt 0.293340 0.500000
vt 0.275757 0.500000
vt 0.695349 0.750000
vt 0.713900 0.750000
vt 0.713651 0.500000
vt 0.695253 0.500000
vt 0.772072 0.750000
vt 0.790752 0.750000
vt 0.790656 0.500000
vt 0.771823 0.500000
vt 0.375000 0.820449
vt 0.375000 0.839078
vt 0.407666 0.836660
vt 0.453559 0.834732
vt 0.501283 0.834083
vt 0.549004 0.834736
vt 0.594889 0.836668
vt 0.625000 0.838900
vt 0.625000 0.820349
vt 0.572930 0.818157
vt 0.501321 0.817177
vt 0.429707 0.818151
vt 0.375000 0.896892
vt 0.375000 0.915649
vt 0.429488 0.917942
vt 0.501096 0.918923
vt 0.572710 0.917948
vt 0.625000 0.915752
vt 0.625000 0.897072
vt 0.594751 0.899311
vt 0.548858 0.901238
vt 0.501134 0.901888
vt 0.453413 0.901234
vt 0.407529 0.899303
vt 0.000000 0.887095
vt 0.968750 1.000000
vt 1.000000 1.000000
vt 1.000000 1.000000
vt 0.968750 1.000000
vt 0.468750 1.000000
vt 0.500000 1.000000
vt 0.500000 1.000000
vt 0.468750 1.000000
vt 0.500000 0.886755
vt 0.000000 1.000000
vt 0.031250 1.000000
vt 0.031250 1.000000
vt 0.000000 1.000000
vt 0.531250 1.000000
vt 0.531250 1.000000
vt 1.000000 0.887095
vt 0.375000 0.334447
vt 0.375000 0.353357
vt 0.407529 0.350946
vt 0.453414 0.349014
vt 0.501135 0.348361
vt 0.548859 0.349010
vt 0.594752 0.350938
vt 0.625000 0.353177
vt 0.625000 0.334344
vt 0.572710 0.332148
vt 0.501097 0.331173
vt 0.429488 0.332154
vt 0.375000 0.411171
vt 0.375000 0.429647
vt 0.429707 0.431945
vt 0.501321 0.432919
vt 0.572930 0.431939
vt 0.625000 0.429747
vt 0.625000 0.411349
vt 0.594890 0.413581
vt 0.549005 0.415512
vt 0.501284 0.416166
vt 0.453560 0.415516
vt 0.407667 0.413589
vt 0.209351 0.750000
vt 0.228108 0.750000
vt 0.228357 0.500000
vt 0.209447 0.500000
vt 0.285922 0.750000
vt 0.304551 0.750000
vt 0.304647 0.500000
vt 0.286171 0.500000
vt 0.503703 0.611984
vt 0.625000 0.500000
vt 0.625000 0.250000
vt 0.625000 0.021226
vt 0.625000 0.000000
vt 0.625000 0.004387
vt 0.625000 0.518844
vt 0.625000 0.505999
vt 0.847457 0.724981
vt 0.625000 0.231156
vt 0.625000 0.244001
vt 0.347627 0.702741
vt 0.347627 0.530944
vt 0.625000 0.250000
vt 0.625000 0.231156
vt 0.625000 0.728774
vt 0.625000 0.518844
vt 0.625000 0.715141
vt 0.625000 0.728774
vt 0.700185 0.510534
vt 0.625000 0.021226
vt 0.625000 0.000000
vt 0.625000 0.007727
vt 0.625000 0.500000
vt 0.625000 0.750000
vt 0.625000 0.745613
vt 0.625000 1.000000
vt 0.625000 0.034859
vt 0.625000 1.000000
vt 0.625000 0.750000
vt 0.625000 0.742273
vt 1.000000 0.500000
vt 1.000000 1.000000
vt 0.968750 1.000000
vt 0.968750 0.500000
vt 0.937500 1.000000
vt 0.937500 0.500000
vt 0.906250 1.000000
vt 0.906250 0.500000
vt 0.875000 1.000000
vt 0.875000 0.500000
vt 0.843750 1.000000
vt 0.843750 0.500000
vt 0.812500 1.000000
vt 0.812500 0.500000
vt 0.781250 1.000000
vt 0.781250 0.500000
vt 0.750000 1.000000
vt 0.750000 0.500000
vt 0.718750 1.000000
vt 0.718750 0.500000
vt 0.687500 1.000000
vt 0.687500 0.500000
vt 0.656250 1.000000
vt 0.656250 0.500000
vt 0.625000 1.000000
vt 0.625000 0.500000
vt 0.593750 1.000000
vt 0.593750 0.500000
vt 0.562500 1.000000
vt 0.562500 0.500000
vt 0.531250 1.000000
vt 0.531250 0.500000
vt 0.500000 1.000000
vt 0.500000 0.500000
vt 0.468750 1.000000
vt 0.468750 0.500000
vt 0.437500 1.000000
vt 0.437500 0.500000
vt 0.406250 1.000000
vt 0.406250 0.500000
vt 0.375000 1.000000
vt 0.375000 0.500000
vt 0.343750 1.000000
vt 0.343750 0.500000
vt 0.312500 1.000000
vt 0.312500 0.500000
vt 0.281250 1.000000
vt 0.281250 0.500000
vt 0.250000 1.000000
vt 0.250000 0.500000
vt 0.218750 1.000000
vt 0.218750 0.500000
vt 0.187500 1.000000
vt 0.187500 0.500000
vt 0.156250 1.000000
vt 0.156250 0.500000
vt 0.125000 1.000000
vt 0.125000 0.500000
vt 0.093750 1.000000
vt 0.093750 0.500000
vt 0.062500 1.000000
vt 0.062500 0.500000
vt 0.296822 0.485388
vt 0.250000 0.490000
vt 0.203179 0.485388
vt 0.158156 0.471731
vt 0.116663 0.449553
vt 0.080295 0.419706
vt 0.050447 0.383337
vt 0.028269 0.341844
vt 0.014612 0.296822
vt 0.010000 0.250000
vt 0.014611 0.203178
vt 0.028269 0.158156
vt 0.050447 0.116663
vt 0.080294 0.080294
vt 0.116663 0.050447
vt 0.158156 0.028269
vt 0.203178 0.014612
vt 0.250000 0.010000
vt 0.296822 0.014612
vt 0.341844 0.028269
vt 0.383337 0.050447
vt 0.419706 0.080294
vt 0.449553 0.116663
vt 0.471731 0.158156
vt 0.485388 0.203178
vt 0.490000 0.250000
vt 0.485388 0.296822
vt 0.471731 0.341844
vt 0.449553 0.383337
vt 0.419706 0.419706
vt 0.383337 0.449553
vt 0.341844 0.471731
vt 0.031250 1.000000
vt 0.031250 0.500000
vt 0.000000 1.000000
vt 0.000000 0.500000
vt 0.750000 0.490000
vt 0.796822 0.485388
vt 0.841844 0.471731
vt 0.883337 0.449553
vt 0.919706 0.419706
vt 0.949553 0.383337
vt 0.971731 0.341844
vt 0.985388 0.296822
vt 0.990000 0.250000
vt 0.985388 0.203178
vt 0.971731 0.158156
vt 0.949553 0.116663
vt 0.919706 0.080294
vt 0.883337 0.050447
vt 0.841844 0.028269
vt 0.796822 0.014612
vt 0.750000 0.010000
vt 0.703178 0.014612
vt 0.658156 0.028269
vt 0.616663 0.050447
vt 0.580294 0.080294
vt 0.550447 0.116663
vt 0.528269 0.158156
vt 0.514611 0.203178
vt 0.510000 0.250000
vt 0.514612 0.296822
vt 0.528269 0.341844
vt 0.550447 0.383337
vt 0.580295 0.419706
vt 0.616663 0.449553
vt 0.658156 0.471731
vt 0.703179 0.485388
vn -0.7802 -0.0709 0.6215
vn 0.0000 0.0106 -0.9999
vn 0.8156 -0.0151 -0.5785
vn 0.0000 -0.0326 -0.9995
vn 0.0000 -0.1190 0.9929
vn -0.0000 -0.0106 0.9999
vn -0.9109 0.0378 0.4109
vn 0.8914 0.0471 -0.4508
vn 1.0000 0.0000 0.0000
vn -0.9143 0.0456 -0.4024
vn 0.0000 -0.9999 -0.0151
vn -0.8156 -0.0151 -0.5785
vn 0.7802 -0.0709 0.6215
vn 0.8645 0.0356 0.5013
vn -1.0000 0.0000 0.0000
vn 0.0000 -0.3038 0.9527
vn 0.0000 1.0000 0.0000
vn 0.0000 0.0000 1.0000
vn 0.0000 0.3073 0.9516
vn 0.0000 -0.3038 -0.9527
vn 0.0000 -1.0000 0.0000
vn 0.0000 0.0000 -1.0000
vn 0.0000 0.3073 -0.9516
vn -0.0980 -0.9952 -0.0023
vn -0.2903 -0.9569 -0.0022
vn -0.4714 -0.8819 -0.0020
vn -0.6344 -0.7730 -0.0018
vn -0.7730 -0.6344 -0.0015
vn -0.8819 -0.4714 -0.0011
vn -0.9569 -0.2903 -0.0007
vn -0.9952 -0.0980 -0.0002
vn -0.9952 0.0980 0.0002
vn -0.9569 0.2903 0.0007
vn -0.8819 0.4714 0.0011
vn -0.7730 0.6344 0.0015
vn -0.6344 0.7730 0.0018
vn -0.4714 0.8819 0.0020
vn -0.2903 0.9569 0.0022
vn -0.0980 0.9952 0.0023
vn 0.0980 0.9952 0.0023
vn 0.2903 0.9569 0.0022
vn 0.4714 0.8819 0.0020
vn 0.6344 0.7730 0.0018
vn 0.7730 0.6344 0.0015
vn 0.8819 0.4714 0.0011
vn 0.9569 0.2903 0.0007
vn 0.9952 0.0980 0.0002
vn 0.9952 -0.0980 -0.0002
vn 0.9569 -0.2903 -0.0007
vn 0.8819 -0.4714 -0.0011
vn 0.7730 -0.6344 -0.0015
vn 0.6344 -0.7730 -0.0018
vn 0.4714 -0.8819 -0.0020
vn 0.2903 -0.9569 -0.0022
vn 0.0980 -0.9952 -0.0023
vn -0.0000 -0.0023 1.0000
vn -0.7658 -0.4971 0.4081
vn -0.0000 -0.0001 -1.0000
vn -0.0729 0.9973 0.0000
vn 0.0000 -0.9097 0.4153
vn -0.3968 0.6430 -0.6550
vn 0.2339 -0.4985 -0.8347
vn 0.9990 -0.0108 -0.0442
vn -0.5471 -0.5030 -0.6691
vn 0.4552 0.8885 0.0584
vn 1.0000 -0.0002 -0.0026
vn 0.0746 0.9972 -0.0001
vn 0.9659 0.0644 0.2507
vn 0.0729 0.9973 0.0000
vn -0.0483 -0.9988 0.0019
vn -0.0935 -0.9956 0.0000
vn -0.1558 -0.2901 -0.9442
vn 0.9789 0.2043 0.0000
vn -0.9772 0.2125 0.0000
vn -0.9656 0.0647 0.2518
vn -0.2407 -0.6198 -0.7469
vn 0.0000 0.0196 -0.9998
vn -0.9782 0.2078 0.0000
vn 0.9785 0.2060 -0.0004
vn 0.9603 0.1292 0.2474
vn 0.0000 0.9396 0.3422
vn -0.7608 -0.6490 0.0000
vn -0.9755 0.2198 0.0040
vn 0.0000 0.2479 0.9688
vn -0.0000 0.2948 0.9556
vn 0.0000 0.2599 0.9656
vn 0.0143 0.2819 0.9593
vn -0.4552 0.8885 0.0584
vn -0.9603 0.1292 0.2474
vn -0.8524 0.5228 -0.0128
vn 0.9658 0.0765 0.2479
vn -0.9658 0.0765 0.2479
vn 0.9755 0.2198 0.0040
vn -0.5391 0.8421 -0.0125
vn 0.8054 0.5922 -0.0270
vn 0.0000 -0.9433 0.3320
vn 0.9872 -0.1322 0.0888
vn -0.9811 -0.1930 -0.0104
vn 0.0798 0.1640 0.9832
vn 0.9772 0.2125 0.0000
vn -0.1332 -0.9911 0.0009
vn -0.9772 0.2122 -0.0002
vn -1.0000 -0.0008 -0.0026
vn 0.2407 -0.6198 -0.7469
vn 0.3968 0.6430 -0.6550
vn 0.1558 -0.2901 -0.9442
vn -0.5738 -0.8190 0.0000
vn -0.0805 0.9968 -0.0001
vn -0.9872 -0.1322 0.0888
vn 0.9811 -0.1930 -0.0104
vn 0.0000 -0.9983 -0.0591
vn 0.7305 0.3627 0.5786
vn -0.1757 0.7856 0.5932
vn 0.9765 0.2153 0.0020
vn -0.9269 0.3009 0.2241
vn -0.9976 0.0686 -0.0013
vn -0.2414 0.9703 -0.0178
vn -0.9765 0.2153 0.0020
vn 0.9976 0.0686 -0.0013
vn 0.2414 0.9703 -0.0178
vn 0.0000 0.8886 0.4587
vn 0.0000 0.8388 0.5445
vn 0.0000 0.2065 0.9784
vn 0.0000 0.9999 -0.0153
vn -0.0140 0.2818 0.9594
vn 0.0000 0.2869 0.9580
vn 0.0000 0.3577 0.9338
vn -0.2227 -0.4986 -0.8377
vn 0.5439 0.8390 -0.0124
vn -0.0842 0.1642 0.9828
vn 0.1777 0.7846 0.5939
vn 0.0000 0.2721 0.9623
vn 0.0000 -0.5778 -0.8162
vn 0.0000 -0.0348 -0.9994
vn -0.0027 0.2756 0.9613
vn -0.7305 0.3627 0.5786
vn 0.9269 0.3009 0.2241
vn 0.8522 0.5231 -0.0126
vn -0.8052 0.5924 -0.0271
vn 0.0028 0.2756 0.9613
vn -0.0781 0.9969 -0.0001
vn -1.0000 -0.0005 -0.0026
vn -0.9775 0.2108 -0.0002
vn -0.0888 -0.9961 0.0009
vn 0.0000 0.9827 -0.1850
vn 0.9773 0.2119 -0.0004
vn 0.1262 -0.9920 0.0017
vn 0.0805 0.9968 -0.0001
vn 1.0000 -0.0008 -0.0026
vn 0.7618 -0.6478 0.0000
vn 0.0000 0.5932 -0.8051
vn 0.0980 0.9952 -0.0007
vn 0.2903 0.9569 -0.0007
vn 0.4714 0.8819 -0.0006
vn 0.6344 0.7730 -0.0005
vn 0.7730 0.6344 -0.0004
vn 0.8819 0.4714 -0.0003
vn 0.9569 0.2903 -0.0002
vn 0.9952 0.0980 -0.0001
vn 0.9952 -0.0980 0.0001
vn 0.9569 -0.2903 0.0002
vn 0.8819 -0.4714 0.0003
vn 0.7730 -0.6344 0.0004
vn 0.6344 -0.7730 0.0005
vn 0.4714 -0.8819 0.0006
vn 0.2903 -0.9569 0.0007
vn 0.0980 -0.9952 0.0007
vn -0.0980 -0.9952 0.0007
vn -0.2903 -0.9569 0.0007
vn -0.4714 -0.8819 0.0006
vn -0.6344 -0.7730 0.0005
vn -0.7730 -0.6344 0.0004
vn -0.8819 -0.4714 0.0003
vn -0.9569 -0.2903 0.0002
vn -0.9952 -0.0980 0.0001
vn -0.9952 0.0980 -0.0001
vn -0.9569 0.2903 -0.0002
vn -0.8819 0.4714 -0.0003
vn -0.7730 0.6344 -0.0004
vn -0.6344 0.7730 -0.0005
vn -0.4714 0.8819 -0.0006
vn 0.0000 0.0017 1.0000
vn -0.2903 0.9569 -0.0007
vn -0.0980 0.9952 -0.0007
vn 0.5243 0.0501 -0.8500
vn 0.9569 0.2903 -0.0005
vn -0.0516 -0.5258 -0.8490
vn -0.5042 0.1515 -0.8502
vn 0.3343 0.4058 -0.8507
vn 0.3343 -0.4088 -0.8492
vn -0.4647 -0.2499 -0.8495
vn -0.1529 0.5027 -0.8508
vn 0.5244 -0.0531 -0.8498
vn -0.1530 -0.5057 -0.8491
vn -0.4647 0.2469 -0.8504
vn 0.4073 0.3328 -0.8505
vn 0.2484 -0.4662 -0.8491
vn -0.5042 -0.1544 -0.8497
vn 0.0516 0.5229 -0.8509
vn -0.0516 0.5229 -0.8509
vn 0.5042 -0.1544 -0.8497
vn -0.2484 -0.4662 -0.8491
vn -0.4073 0.3328 -0.8505
vn 0.4647 0.2469 -0.8504
vn 0.1530 -0.5057 -0.8490
vn -0.5244 -0.0531 -0.8498
vn 0.1529 0.5027 -0.8508
vn 0.4647 -0.2499 -0.8495
vn -0.3343 -0.4088 -0.8492
vn -0.3343 0.4058 -0.8507
vn 0.5042 0.1515 -0.8502
vn 0.0516 -0.5258 -0.8490
vn -0.5243 0.0501 -0.8500
vn 0.2484 0.4632 -0.8508
vn 0.4073 -0.3357 -0.8493
vn -0.4073 -0.3357 -0.8493
vn -0.2484 0.4632 -0.8508
vn 0.3440 -0.1027 0.9333
vn -0.7730 -0.6344 0.0011
vn 0.9952 0.0980 -0.0002
vn -0.8819 -0.4714 0.0008
vn 0.9952 -0.0980 0.0002
vn -0.9569 -0.2903 0.0005
vn 0.9569 -0.2903 0.0005
vn -0.9952 -0.0980 0.0002
vn 0.8819 -0.4714 0.0008
vn -0.9952 0.0980 -0.0002
vn 0.7730 -0.6344 0.0011
vn -0.9569 0.2903 -0.0005
vn 0.6344 -0.7730 0.0014
vn -0.8819 0.4714 -0.0008
vn 0.4714 -0.8819 0.0016
vn 0.0980 0.9952 -0.0018
vn -0.7730 0.6344 -0.0011
vn 0.2903 -0.9569 0.0017
vn 0.2903 0.9569 -0.0017
vn -0.6344 0.7730 -0.0014
vn 0.0980 -0.9952 0.0018
vn 0.4714 0.8819 -0.0016
vn -0.4714 0.8819 -0.0016
vn -0.0980 -0.9952 0.0018
vn 0.6344 0.7730 -0.0014
vn -0.2903 0.9569 -0.0017
vn -0.2903 -0.9569 0.0017
vn 0.7730 0.6344 -0.0011
vn -0.0980 0.9952 -0.0018
vn -0.4714 -0.8819 0.0016
vn 0.8819 0.4714 -0.0008
vn -0.6344 -0.7730 0.0014
vn 0.6344 -0.7730 0.0011
vn -0.3577 -0.0336 0.9332
vn 0.3170 -0.1678 0.9334
vn -0.3576 0.0369 0.9331
vn 0.2779 -0.2264 0.9335
vn -0.3439 0.1059 0.9330
vn 0.2281 -0.2763 0.9336
vn -0.3169 0.1710 0.9329
vn 0.1695 -0.3155 0.9337
vn 0.0352 0.3591 0.9326
vn -0.2777 0.2295 0.9328
vn 0.1044 -0.3425 0.9337
vn 0.1043 0.3454 0.9327
vn -0.2279 0.2793 0.9328
vn 0.0352 -0.3562 0.9337
vn 0.1693 0.3184 0.9327
vn -0.1693 0.3184 0.9327
vn -0.0352 -0.3562 0.9337
vn 0.2279 0.2793 0.9328
vn -0.1043 0.3454 0.9327
vn -0.1044 -0.3425 0.9337
vn 0.2777 0.2295 0.9328
vn -0.0352 0.3591 0.9326
vn -0.1695 -0.3155 0.9337
vn 0.3169 0.1710 0.9329
vn -0.2281 -0.2763 0.9336
vn 0.3439 0.1059 0.9330
vn -0.2779 -0.2264 0.9335
vn 0.3576 0.0369 0.9331
vn -0.3170 -0.1678 0.9334
vn 0.3577 -0.0336 0.9332
vn -0.3440 -0.1027 0.9333
vn 0.0000 -0.0018 -1.0000
vn -0.8819 0.4714 -0.0007
vn 0.4714 -0.8819 0.0013
vn 0.0980 0.9952 -0.0014
vn -0.7730 0.6344 -0.0009
vn 0.2903 -0.9569 0.0014
vn 0.2903 0.9569 -0.0014
vn -0.6344 0.7730 -0.0011
vn 0.0980 -0.9952 0.0014
vn 0.4714 0.8819 -0.0013
vn -0.4714 0.8819 -0.0013
vn -0.0980 -0.9952 0.0014
vn 0.6344 0.7730 -0.0011
vn -0.2903 0.9569 -0.0014
vn -0.2903 -0.9569 0.0014
vn 0.7730 0.6344 -0.0009
vn -0.0980 0.9952 -0.0014
vn -0.4714 -0.8819 0.0013
vn 0.8819 0.4714 -0.0007
vn -0.6344 -0.7730 0.0011
vn 0.9569 0.2903 -0.0004
vn -0.7730 -0.6344 0.0009
vn -0.8819 -0.4714 0.0007
vn -0.9569 -0.2903 0.0004
vn 0.9569 -0.2903 0.0004
vn 0.8819 -0.4714 0.0007
vn 0.7730 -0.6344 0.0009
vn -0.9569 0.2903 -0.0004
vn 0.0000 0.0018 1.0000
vn -0.9981 -0.0609 0.0018
vn 0.9971 -0.0735 -0.0213
vn 0.0000 0.0133 0.9999
vn 0.0000 0.4592 0.8883
vn 0.0000 0.9998 0.0195
vn -0.9559 0.2936 -0.0015
vn 0.9370 0.3492 0.0055
vn -0.9555 0.2948 0.0046
vn -0.9569 0.2905 -0.0018
vn 0.0000 -1.0000 0.0049
vn 0.9581 -0.2865 -0.0064
vn 0.0000 1.0000 -0.0049
vn 0.9112 -0.4121 0.0003
vn -0.0000 -0.5739 0.8189
vn 0.8697 -0.3522 0.3459
vn 0.0000 1.0000 0.0059
vn 0.0000 -0.0030 -1.0000
vn 0.0000 1.0000 -0.0009
vn -0.9578 0.2876 -0.0002
vn 0.0000 -1.0000 0.0008
vn -0.9611 0.2763 -0.0002
vn 0.0000 -0.0120 -0.9999
vn 0.9389 0.3443 -0.0021
vn 0.9401 0.3409 -0.0003
vn 0.9376 0.3478 -0.0017
vn -0.9610 0.2766 -0.0065
vn -0.9606 0.2780 0.0026
vn 0.9691 0.2468 0.0023
vn -0.9608 0.2773 -0.0014
vn 0.0000 -0.0077 -1.0000
vn 0.9694 0.2455 -0.0057
vn 0.9695 0.2452 -0.0002
vn 0.9692 0.2461 -0.0012
vn 0.9919 -0.1258 -0.0202
vn -0.3249 -0.6265 -0.7085
vn 0.0000 -0.6642 -0.7475
vn 0.2441 -0.0073 0.9697
vn 0.0000 -1.0000 0.0028
vn 0.2178 0.0146 0.9759
vn 0.0000 0.1311 -0.9914
vn -0.3333 0.1202 -0.9351
vn 0.0000 0.1811 0.9835
vn 0.0000 -0.0153 -0.9999
vn -0.4125 -0.0139 -0.9108
vn 0.7402 0.0000 0.6724
vn 0.0000 -0.2637 -0.9646
vn 0.7603 0.1171 0.6389
vn -0.4453 -0.2399 -0.8626
vn 0.7353 -0.0003 0.6777
vn -0.4026 0.0868 -0.9113
vn 0.0000 0.0979 -0.9952
vn 0.8447 0.0475 -0.5332
vn 0.8518 -0.1448 -0.5035
vn 0.8480 -0.0081 -0.5299
vn -0.9803 0.1976 -0.0000
vn 0.8537 0.1465 -0.4997
vn 0.8445 -0.3745 -0.3828
vn -0.9953 -0.0966 0.0000
vn -0.9667 -0.0442 0.2523
vn -0.9295 0.0927 0.3569
vn -0.9236 0.0000 0.3833
vn -0.9320 0.0575 0.3577
vn -0.9217 -0.0059 0.3880
vn 0.9803 0.1976 0.0000
vn 0.9953 -0.0966 0.0000
vn -0.0489 0.2601 0.9644
vn -0.1034 -0.6555 -0.7481
vn 0.0000 0.2066 0.9784
vn 0.6352 -0.7716 -0.0326
vn -0.6777 -0.7160 0.1676
vn 0.0478 0.2596 0.9645
vn -0.6352 -0.7716 -0.0326
vn 0.6777 -0.7160 0.1676
vn 0.1053 -0.6560 -0.7474
vn -0.9175 -0.0061 0.3977
vn 0.8343 0.1226 -0.5375
vn 0.0000 0.2311 -0.9729
vn -0.3781 0.2112 -0.9013
vn 0.7253 -0.0004 0.6884
vn -0.9203 0.1304 0.3688
vn 0.8521 -0.0632 -0.5195
vn -0.4309 -0.1006 -0.8968
vn 0.7296 0.2407 0.6402
vn 0.0000 -0.1069 -0.9943
vn 0.0000 0.3526 0.9358
vn -0.8521 -0.0632 -0.5195
vn 0.4309 -0.1006 -0.8968
vn -0.8343 0.1226 -0.5375
vn 0.3781 0.2112 -0.9013
vn 0.3249 -0.6265 -0.7085
vn 0.3333 0.1202 -0.9351
vn 0.4125 -0.0139 -0.9108
vn 0.4453 -0.2399 -0.8626
vn 0.4026 0.0868 -0.9113
vn -0.8447 0.0475 -0.5332
vn -0.8518 -0.1448 -0.5035
vn -0.8480 -0.0081 -0.5299
vn -0.8537 0.1465 -0.4997
vn -0.8445 -0.3745 -0.3828
vn 0.9203 0.1304 0.3688
vn -0.7304 0.2360 0.6409
vn 0.9175 -0.0061 0.3977
vn -0.7253 -0.0039 0.6884
vn -0.7353 -0.0038 0.6777
vn -0.7607 0.1122 0.6393
vn -0.7402 0.0000 0.6724
vn -0.6943 0.0064 0.7197
vn -0.7363 -0.0101 0.6766
vn 0.9217 -0.0059 0.3880
vn 0.9320 0.0575 0.3577
vn 0.9236 0.0000 0.3833
vn 0.9295 0.0927 0.3569
vn 0.9667 -0.0442 0.2523
vn 0.9127 -0.0012 0.4086
vn -0.7141 0.0062 0.7000
vn -0.8332 0.0664 -0.5490
vn 0.3655 0.1187 -0.9232
vn -0.9127 -0.0012 0.4086
vn 0.8332 0.0664 -0.5490
vn -0.3655 0.1187 -0.9232
vn 0.7141 0.0105 0.7000
vn 0.0000 0.0156 0.9999
vn 0.0000 0.5241 0.8517
vn -0.9989 -0.0470 0.0004
vn 0.9989 -0.0470 0.0004
vn -0.5666 0.8240 -0.0025
vn 0.0000 -0.9999 0.0170
vn 0.9085 -0.0012 0.4179
vn -0.7046 0.0063 0.7096
vn -0.8284 0.0673 -0.5560
vn 0.3498 0.1194 -0.9292
vn -0.9085 -0.0012 0.4179
vn 0.8284 0.0673 -0.5560
vn -0.3498 0.1194 -0.9292
vn 0.7045 0.0106 0.7096
vn 0.0000 0.9999 -0.0170
vn -0.9989 0.0011 0.0479
vn 0.9989 0.0011 0.0479
vn 0.5666 0.8240 -0.0025
vn 0.0000 0.9587 0.2844
vn 0.9067 -0.0012 0.4218
vn -0.7006 0.0063 0.7135
vn -0.8264 0.0677 -0.5589
vn 0.3434 0.1197 -0.9315
vn -0.9067 -0.0012 0.4218
vn 0.8264 0.0677 -0.5589
vn -0.3434 0.1197 -0.9315
vn 0.3344 0.2580 0.9064
vn -0.0276 -0.9996 0.0010
vn -0.9780 0.2088 -0.0002
vn -1.0000 -0.0002 -0.0026
vn -0.0746 0.9972 -0.0001
vn 0.9778 0.2094 -0.0004
vn 0.0472 -0.9989 0.0018
vn 0.0781 0.9969 -0.0001
vn 1.0000 -0.0005 -0.0026
vn 0.7006 0.0063 0.7135
vn -0.3344 0.2580 0.9064
vn 0.7046 0.0063 0.7096
vn -0.7045 0.0106 0.7096
vn 0.7141 0.0062 0.7000
vn -0.7141 0.0105 0.7000
vn -0.2441 -0.0073 0.9697
vn -0.2178 0.0146 0.9759
vn -0.7603 0.1171 0.6389
vn -0.7353 -0.0003 0.6777
vn -0.7253 -0.0004 0.6884
vn -0.7296 0.2407 0.6402
vn 0.7304 0.2360 0.6409
vn 0.7253 -0.0039 0.6884
vn 0.7353 -0.0038 0.6777
vn 0.7607 0.1122 0.6393
vn 0.6943 0.0064 0.7197
vn 0.7363 -0.0101 0.6766
vn 0.0000 1.0000 -0.0078
vn 0.0000 -0.2376 0.9714
vn 0.0000 0.2376 -0.9714
vn 0.0000 -0.7079 0.7063
vn -0.9848 -0.1531 0.0819
vn 0.6982 0.0063 0.7159
vn -0.2200 0.0146 0.9754
vn 0.0000 0.8181 0.5751
vn 0.9056 -0.0012 0.4241
vn -0.6982 0.0063 0.7159
vn -0.8252 0.0679 -0.5607
vn 0.3395 0.1199 -0.9329
vn -0.9056 -0.0012 0.4241
vn 0.8252 0.0679 -0.5607
vn -0.3395 0.1199 -0.9329
vn 0.2200 0.0146 0.9754
vn 0.5978 -0.0151 -0.8015
vn -0.5978 -0.0151 -0.8015
vn 0.0000 0.8387 0.5447
vn 0.0000 -1.0000 0.0083
vn 0.0000 0.1979 -0.9802
vn 0.0000 0.8676 -0.4972
vn 0.0000 -0.8386 0.5447
vn 0.0000 -0.2622 0.9650
vn 0.0000 0.9998 -0.0221
vn 0.0000 -0.5787 -0.8155
vn 0.0000 -0.3923 0.9198
vn 0.0000 -0.3469 0.9379
vn 0.0000 0.2960 -0.9552
vn 0.0000 0.4956 -0.8686
vn 0.0000 -0.5335 0.8458
vn 0.0000 0.6226 -0.7825
vn 0.0000 -0.0012 1.0000
vn 0.0000 0.8571 0.5152
vn -0.8653 0.0930 -0.4926
vn 0.0000 0.6232 -0.7821
vn 0.9213 0.0358 0.3872
vn 0.0000 0.6607 0.7506
vn 0.9210 -0.3524 -0.1662
vn -0.9063 -0.4114 0.0965
vn 0.0000 -0.4845 0.8748
vn 0.0000 0.0080 -1.0000
vn 0.0000 -0.0332 0.9994
vn 0.7989 -0.0149 0.6012
vn 0.0000 -0.0011 -1.0000
vn -0.7822 -0.0005 -0.6231
vn -0.9225 -0.0031 0.3860
vn -0.8043 -0.5934 -0.0325
vn 0.8889 -0.4518 -0.0756
vn 0.0000 -0.9033 -0.4291
vn 0.4427 0.8903 0.1070
vn -0.5555 0.7762 0.2983
vn 0.5365 0.7617 -0.3632
vn 0.0000 -0.9216 -0.3882
vn -0.8562 -0.5035 0.1161
vn 0.9333 -0.0001 -0.3591
vn 0.8101 -0.5854 0.0320
vn -0.4427 0.8903 -0.1070
vn -0.4427 0.8903 0.1070
vn 0.8209 -0.5702 -0.0312
vn 0.4427 0.8903 -0.1070
vn -0.7929 -0.6085 0.0333
vn 0.9849 -0.1526 0.0816
vn 0.5750 -0.8181 -0.0000
vn -0.9659 0.0644 0.2507
vn 0.9656 0.0647 0.2518
vn -0.9990 -0.0108 -0.0442
vn 0.5483 -0.5025 -0.6685
vn 0.7668 -0.4962 0.4073
vn 0.9686 -0.2488 0.0000
vn -0.9684 -0.2495 0.0000
vn -0.5488 0.8332 0.0675
vn 0.5986 0.8011 0.0000
vn 0.7043 0.7099 0.0000
vn -0.7868 0.6152 0.0498
vn -0.8446 -0.5355 0.0000
vn 0.8601 -0.5102 0.0000
vn -0.9416 -0.3367 0.0000
vn 0.9416 -0.3367 0.0000
vn -0.9582 0.2861 0.0000
vn 0.9582 0.2861 0.0000
vn 0.0000 0.0980 -0.9952
vn 0.0000 0.2903 -0.9569
vn 0.0001 0.4714 -0.8819
vn 0.0001 0.6344 -0.7730
vn 0.0001 0.7730 -0.6344
vn 0.0001 0.8819 -0.4714
vn 0.0001 0.9569 -0.2903
vn 0.0002 0.9952 -0.0980
vn 0.0002 0.9952 0.0980
vn 0.0001 0.9569 0.2903
vn 0.0001 0.8819 0.4714
vn 0.0001 0.7730 0.6344
vn 0.0001 0.6344 0.7730
vn 0.0001 0.4714 0.8819
vn 0.0000 0.2903 0.9569
vn 0.0000 0.0980 0.9952
vn -0.0000 -0.0980 0.9952
vn -0.0000 -0.2903 0.9569
vn -0.0001 -0.4714 0.8819
vn -0.0001 -0.6344 0.7730
vn -0.0001 -0.7730 0.6344
vn -0.0001 -0.8819 0.4714
vn -0.0001 -0.9569 0.2903
vn -0.0002 -0.9952 0.0980
vn -0.0002 -0.9952 -0.0980
vn -0.0001 -0.9569 -0.2903
vn -0.0001 -0.8819 -0.4714
vn -0.0001 -0.7730 -0.6344
vn -0.0001 -0.6344 -0.7730
vn -0.0001 -0.4714 -0.8819
vn -1.0000 0.0004 0.0000
vn -0.0000 -0.2903 -0.9569
vn -0.0000 -0.0980 -0.9952
vn 1.0000 -0.0004 -0.0000
vn 0.0001 0.9952 -0.0980
vn 0.0001 0.9952 0.0980
vn -0.0001 -0.9952 0.0980
vn -0.0001 -0.9952 -0.0980
vn -0.5283 0.8452 0.0809
vn 0.5784 0.8157 0.0000
vn 0.8124 0.5831 0.0000
vn -0.8728 0.4859 0.0465
vn -0.8315 -0.5555 0.0000
vn 0.8480 -0.5300 0.0000
vn -0.9973 -0.0733 0.0000
vn 0.9973 -0.0733 0.0000
vn -0.9568 0.2907 0.0000
vn 0.9568 0.2907 0.0000
vn -0.9112 -0.4121 0.0003
vn 0.0000 -0.8226 -0.5687
vn -0.9984 -0.0522 -0.0213
vn -0.3292 0.0000 -0.9443
vn -0.2128 0.0000 0.9771
vn -0.4346 -0.9006 0.0000
vn -0.4346 0.9006 0.0000
vn 0.7822 -0.0005 -0.6231
vn -0.9210 -0.3524 -0.1662
vn 0.8653 0.0930 -0.4926
vn -0.9333 -0.0001 -0.3591
vn 0.8576 -0.4921 0.1495
vn -0.5365 0.7617 -0.3632
vn -0.9213 0.0358 0.3872
vn 0.9063 -0.4114 0.0965
vn -0.7989 -0.0149 0.6012
vn 0.9225 -0.0031 0.3860
vn -0.8779 -0.4764 -0.0493
vn 0.5555 0.7762 0.2983
vn -0.6344 -0.7730 -0.0049
vn -0.6344 0.7730 0.0049
vn -0.0980 0.9952 0.0064
vn 0.9569 -0.2903 -0.0019
vn -0.9569 0.2903 0.0019
vn -0.7730 0.6344 0.0041
vn 0.6344 -0.7730 -0.0049
vn 0.9952 -0.0980 -0.0006
vn 0.0980 0.9952 0.0064
vn 0.8819 -0.4714 -0.0030
vn -0.2903 -0.9569 -0.0061
vn -0.2903 0.9569 0.0061
vn 0.8819 0.4714 0.0030
vn -0.8819 -0.4714 -0.0030
vn 0.2903 -0.9569 -0.0061
vn -0.9569 -0.2903 -0.0019
vn 0.2903 0.9569 0.0061
vn 0.6344 0.7730 0.0049
vn 0.9952 0.0980 0.0006
vn 0.9569 0.2903 0.0019
vn 0.7730 -0.6344 -0.0041
vn -0.7730 -0.6344 -0.0041
vn -0.4714 -0.8819 -0.0056
vn 0.4714 0.8819 0.0056
vn -0.0980 -0.9952 -0.0064
vn -0.4714 0.8819 0.0056
vn -0.8819 0.4714 0.0030
vn -0.9952 0.0980 0.0006
vn 0.4714 -0.8819 -0.0056
vn 0.7730 0.6344 0.0041
vn -0.9952 -0.0980 -0.0006
vn 0.0980 -0.9952 -0.0064
vn -0.0000 0.4548 -0.8906
vn 0.0000 -1.0000 -0.0094
vn 0.0000 -0.3838 -0.9234
vn -0.0000 0.5109 -0.8596
vn 0.0000 -0.0366 -0.9993
vn -0.0000 0.4416 0.8972
vn 0.0000 -0.0174 -0.9998
vn 0.0000 -0.4620 -0.8869
vn 0.0000 -0.4501 0.8930
vn 0.0000 0.5237 0.8519
vn 0.0000 -1.0000 0.0078
vn 0.0000 1.0000 -0.0080
vn 0.0000 -0.0312 0.9995
vn 0.0000 -0.3985 0.9172
vn 0.0000 -0.0388 0.9992
vn 0.0000 1.0000 0.0093
vn -1.0000 0.0003 0.0000
vn 1.0000 -0.0003 -0.0000
vn 0.0000 0.0428 0.9991
vn 0.8367 -0.0235 -0.5472
vn -0.8048 0.0254 0.5929
vn 0.8048 0.0254 0.5929
vn 0.7504 -0.0750 0.6567
vn 0.7887 -0.0135 -0.6147
vn -0.8367 -0.0235 -0.5472
vn 0.0000 -0.0428 -0.9991
vn -0.7504 -0.0750 0.6567
vn -0.7887 -0.0135 -0.6147
vn 0.0002 -0.0980 -0.9952
vn 0.0007 -0.2903 -0.9569
vn 0.0011 -0.4714 -0.8819
vn 0.0014 -0.6344 -0.7730
vn 0.0018 -0.7730 -0.6344
vn 0.0020 -0.8819 -0.4714
vn 0.0022 -0.9569 -0.2903
vn 0.0023 -0.9952 -0.0980
vn 0.0023 -0.9952 0.0980
vn 0.0022 -0.9569 0.2903
vn 0.0020 -0.8819 0.4714
vn 0.0018 -0.7730 0.6344
vn 0.0014 -0.6344 0.7730
vn 0.0011 -0.4714 0.8819
vn 0.0007 -0.2903 0.9569
vn 0.0002 -0.0980 0.9952
vn -0.0002 0.0980 0.9952
vn -0.0007 0.2903 0.9569
vn -0.0011 0.4714 0.8819
vn -0.0014 0.6344 0.7730
vn -0.0018 0.7730 0.6344
vn -0.0020 0.8819 0.4714
vn -0.0022 0.9569 0.2903
vn -0.0023 0.9952 0.0980
vn -0.0023 0.9952 -0.0980
vn -0.0022 0.9569 -0.2903
vn -0.0020 0.8819 -0.4714
vn -0.0018 0.7730 -0.6344
vn -0.0014 0.6344 -0.7730
vn -0.0011 0.4714 -0.8819
vn 1.0000 0.0040 -0.0000
vn -0.0007 0.2903 -0.9569
vn -0.0002 0.0980 -0.9952
vn -1.0000 -0.0040 -0.0000
usemtl None
s off
f 15/1/1 2166/2/1 2164/3/1 4/4/1
f 5/5/2 2160/6/2 2162/7/2 2163/8/2 2161/9/2 7/10/2
f 9/11/3 2174/12/3 2186/13/3 1/14/3
f 1/15/4 2186/16/4 2185/17/4 2184/18/4 2182/19/4 3/20/4
f 4/4/5 2164/3/5 2172/21/5 2173/22/5 2170/23/5 2/24/5
f 8/25/6 2146/26/6 2152/27/6 2153/28/6 2151/29/6 6/30/6
f 16/31/7 17/32/7 2150/33/7 2146/26/7 8/25/7
f 11/34/8 2156/35/8 2160/36/8 5/37/8
f 14/38/9 2145/39/9 2156/35/9 11/34/9
f 7/10/10 2161/9/10 2155/40/10 12/41/10
f 17/32/11 2154/42/11 2158/43/11 2147/44/11
f 13/45/9 2168/46/9 2174/12/9 9/11/9
f 3/20/12 2182/19/12 2177/47/12 10/48/12
f 2/24/13 2170/23/13 2168/46/13 13/45/13
f 6/30/14 2151/29/14 2145/39/14 14/38/14
f 12/41/15 2155/40/15 2154/42/15 17/32/15 16/31/15
f 10/48/15 2177/47/15 2166/2/15 15/1/15
f 22/49/9 23/50/9 21/51/9 19/52/9
f 23/50/16 2007/53/16 2012/54/16 21/51/16
f 20/55/17 18/56/17 2013/57/17 2005/58/17
f 24/59/18 2006/60/18 2007/53/18 23/50/18
f 25/61/9 24/59/9 23/50/9 22/49/9
f 18/62/9 20/63/9 24/59/9 25/61/9
f 20/63/19 2005/64/19 2006/60/19 24/59/19
f 30/65/9 31/66/9 29/67/9 27/68/9
f 31/66/16 2028/69/16 2022/70/16 29/67/16
f 28/71/17 26/72/17 2026/73/17 2025/74/17 2024/75/17 2023/76/17
f 32/77/18 2021/78/18 2028/69/18 31/66/18
f 33/79/9 32/77/9 31/66/9 30/65/9
f 26/80/9 28/81/9 32/77/9 33/79/9
f 28/81/19 2023/82/19 2021/78/19 32/77/19
f 38/83/15 39/84/15 35/85/15 37/86/15
f 39/84/20 2018/87/20 2015/88/20 35/85/20
f 37/86/21 35/85/21 2015/89/21 2011/90/21
f 41/91/22 2020/92/22 2018/87/22 39/84/22
f 40/93/15 41/91/15 39/84/15 38/83/15
f 36/94/15 34/95/15 41/91/15 40/93/15
f 34/95/23 2017/96/23 2020/92/23 41/91/23
f 46/97/15 47/98/15 43/99/15 45/100/15
f 47/98/20 2044/101/20 2037/102/20 43/99/20
f 45/100/21 43/99/21 2037/103/21 2039/104/21 2040/105/21 2038/106/21
f 49/107/22 2033/108/22 2044/101/22 47/98/22
f 48/109/15 49/107/15 47/98/15 46/97/15
f 44/110/15 42/111/15 49/107/15 48/109/15
f 42/111/23 2041/112/23 2033/108/23 49/107/23
f 52/113/24 53/114/24 1640/115/24 1642/116/24
f 53/114/25 54/117/25 1638/118/25 1640/115/25
f 54/117/26 55/119/26 1636/120/26 1638/118/26
f 55/119/27 56/121/27 1635/122/27 1636/120/27
f 56/121/28 57/123/28 1634/124/28 1635/122/28
f 57/123/29 58/125/29 1631/126/29 1634/124/29
f 58/125/30 59/127/30 1628/128/30 1630/129/30 1631/126/30
f 59/127/31 60/130/31 1626/131/31 1628/128/31
f 60/130/32 61/132/32 1623/133/32 1627/134/32 1626/131/32
f 61/132/33 62/135/33 1629/136/33 1625/137/33 1624/138/33 1623/133/33
f 62/135/34 63/139/34 1632/140/34 1629/136/34
f 63/139/35 64/141/35 1633/142/35 1632/140/35
f 64/141/36 65/143/36 1637/144/36 1633/142/36
f 65/143/37 66/145/37 1639/146/37 1637/144/37
f 66/145/38 67/147/38 1641/148/38 1639/146/38
f 67/147/39 68/149/39 1644/150/39 1641/148/39
f 68/149/40 69/151/40 1645/152/40 1644/150/40
f 69/151/41 70/153/41 1647/154/41 1645/152/41
f 70/153/42 71/155/42 1649/156/42 1647/154/42
f 71/155/43 72/157/43 1650/158/43 1649/156/43
f 72/157/44 73/159/44 1652/160/44 1650/158/44
f 73/159/45 74/161/45 1656/162/45 1652/160/45
f 74/161/46 75/163/46 1660/164/46 1661/165/46 1658/166/46 1656/162/46
f 75/163/47 76/167/47 1662/168/47 1659/169/47 1660/164/47
f 76/167/48 77/170/48 1657/171/48 1662/168/48
f 77/170/49 78/172/49 1654/173/49 1657/171/49
f 78/172/50 79/174/50 1655/175/50 1653/176/50 1654/173/50
f 79/174/51 80/177/51 1651/178/51 1655/175/51
f 80/177/52 81/179/52 1648/180/52 1651/178/52
f 81/179/53 82/181/53 1646/182/53 1648/180/53
f 82/181/54 83/183/54 1643/184/54 1646/182/54
f 83/183/55 52/185/55 1642/186/55 1643/184/55
f 52/187/56 83/188/56 82/189/56 81/190/56 80/191/56 79/192/56 78/193/56 77/194/56 76/195/56 75/196/56 74/197/56 73/198/56 72/199/56 71/200/56 70/201/56 69/202/56 68/203/56 67/204/56 66/205/56 65/206/56 64/207/56 63/208/56 62/209/56 61/210/56 60/211/56 59/212/56 58/213/56 57/214/56 56/215/56 55/216/56 54/217/56 53/218/56
f 86/219/15 2153/220/15 2152/221/15 1599/222/15 1598/223/15
f 84/224/22 1611/225/22 1609/226/22 85/227/22 1603/228/22
f 87/229/21 85/227/21 1609/230/21 1604/231/21 1596/232/21
f 935/233/15 1610/234/15 1593/235/15 1596/236/15 1604/237/15 89/238/15 91/239/15 936/240/15
f 952/241/22 215/242/22 95/243/22 937/244/22
f 937/244/9 95/243/9 93/245/9 938/246/9
f 958/247/57 792/248/57 96/249/57 939/250/57
f 228/251/21 94/252/21 92/253/21 216/254/21 2184/255/21 2182/256/21 2177/257/21 2166/258/21 2164/259/21 2172/260/21
f 193/261/58 91/239/58 105/262/58 197/263/58
f 91/239/59 89/238/59 104/264/59 105/262/59
f 808/265/60 794/266/60 98/267/60 217/268/60
f 162/269/61 101/270/61 110/271/61 166/272/61
f 957/273/9 795/274/9 99/275/9 940/276/9
f 647/277/62 638/278/62 159/279/62 225/280/62
f 946/281/63 163/282/63 103/283/63 942/284/63
f 236/285/21 164/286/21 102/287/21 218/288/21
f 945/289/64 165/290/64 100/291/64 941/292/64
f 796/293/15 108/294/15 116/295/15 798/296/15
f 184/297/65 183/298/65 153/299/65 151/300/65
f 749/301/66 109/302/66 117/303/66 750/304/66
f 746/305/67 99/275/67 109/302/67 749/301/67
f 948/306/68 177/307/68 147/308/68 944/309/68
f 795/274/69 93/245/69 106/310/69 797/311/69
f 93/245/69 95/243/69 107/312/69 106/310/69
f 793/313/59 97/314/59 108/294/59 796/293/59
f 750/304/70 117/303/70 125/315/70 751/316/70
f 113/317/21 112/318/21 120/319/21 121/320/21
f 114/321/71 115/322/71 123/323/71 122/324/71
f 197/263/22 105/262/22 113/317/22 198/325/22
f 166/272/72 110/271/72 118/326/72 168/327/72
f 797/311/9 106/310/9 114/321/9 799/328/9
f 106/310/9 107/312/9 115/322/9 114/321/9
f 105/262/15 104/264/15 112/318/15 113/317/15
f 122/324/73 123/323/73 131/329/73 130/330/73
f 801/331/73 122/324/73 130/330/73 803/332/73
f 170/333/74 126/334/74 134/335/74 172/336/74
f 947/337/75 176/338/75 144/339/75 943/340/75
f 798/296/21 116/295/21 124/341/21 800/342/21
f 198/325/18 113/317/18 121/320/18 199/343/18
f 168/327/76 118/326/76 126/334/76 170/333/76
f 799/328/71 114/321/71 122/324/71 801/331/71
f 249/344/15 242/345/15 142/346/15 174/347/15
f 253/348/77 240/349/77 137/350/77 201/351/77
f 810/352/15 239/353/15 140/354/15 804/355/15
f 121/320/78 120/319/78 128/356/78 129/357/78
f 751/316/79 125/315/79 133/358/79 752/359/79
f 177/307/80 178/360/80 149/361/80 147/308/80
f 800/342/78 124/341/78 132/362/78 802/363/78
f 199/343/22 121/320/22 129/357/22 200/364/22
f 204/365/81 231/366/81 856/367/81 852/368/81
f 865/369/82 282/370/82 202/371/82 880/372/82
f 804/355/15 140/354/15 282/370/15 865/369/15
f 809/373/9 243/374/9 138/375/9 805/376/9
f 243/374/9 241/377/9 139/378/9 138/375/9
f 240/349/15 238/379/15 136/380/15 137/350/15
f 765/381/9 244/382/9 141/383/9 753/384/9
f 179/385/83 180/386/83 152/387/83 154/388/83
f 949/389/84 206/390/84 145/391/84 943/392/84
f 233/393/85 149/361/85 151/300/85 1624/394/85 1625/395/85
f 232/396/86 147/308/86 149/361/86 233/393/86
f 255/397/87 247/398/87 157/399/87 235/400/87
f 180/386/88 185/401/88 150/402/88 152/387/88
f 186/403/89 181/404/89 145/405/89 148/406/89
f 251/407/90 179/385/90 154/388/90 246/408/90
f 178/360/91 184/297/91 151/300/91 149/361/91
f 185/401/92 186/403/92 148/406/92 150/402/92
f 183/298/93 188/409/93 155/410/93 153/299/93
f 214/411/94 187/412/94 156/413/94 209/414/94
f 250/415/95 189/416/95 157/399/95 247/398/95
f 237/417/96 191/418/96 161/419/96 226/420/96
f 643/421/97 640/422/97 161/419/97 191/418/97
f 642/423/98 639/424/98 158/425/98 190/426/98
f 644/427/99 641/428/99 160/429/99 211/430/99
f 245/431/9 248/432/9 175/433/9 143/434/9
f 285/435/82 286/436/82 870/437/82 869/438/82
f 127/439/100 171/440/100 173/441/100 135/442/100
f 274/443/15 249/344/15 174/347/15 269/444/15
f 266/445/101 168/327/101 170/333/101 267/446/101
f 267/446/102 170/333/102 172/336/102 268/447/102
f 265/448/103 166/272/103 168/327/103 266/445/103
f 119/449/104 169/450/104 171/440/104 127/439/104
f 103/283/105 163/282/105 167/451/105 111/452/105
f 111/452/106 167/451/106 169/450/106 119/449/106
f 954/453/107 258/454/107 165/290/107 945/289/107
f 273/455/21 257/456/21 164/286/21 236/285/21
f 953/457/9 256/458/9 163/282/9 946/281/9
f 264/459/108 162/269/108 166/272/108 265/448/108
f 641/460/109 642/423/109 190/426/109 160/461/109
f 638/278/110 643/421/110 191/418/110 159/279/110
f 225/280/111 159/279/111 191/418/111 237/417/111
f 245/431/112 143/434/112 189/416/112 250/415/112
f 204/365/113 142/462/113 187/412/113 214/411/113
f 127/439/114 135/442/114 188/409/114 183/298/114
f 118/326/15 110/271/15 186/403/15 185/401/15
f 111/452/9 119/449/9 184/297/9 178/360/9
f 242/345/115 134/335/115 179/385/115 251/407/115
f 110/271/116 101/270/116 181/404/116 186/403/116
f 126/334/117 118/326/117 185/401/117 180/386/117
f 134/335/118 126/334/118 180/386/118 179/385/118
f 103/283/119 111/452/119 178/360/119 177/307/119
f 941/292/15 100/291/15 176/338/15 947/337/15
f 942/284/9 103/283/9 177/307/9 948/306/9
f 119/449/120 127/439/120 183/298/120 184/297/120
f 231/366/121 204/365/121 214/411/121 227/463/121
f 158/464/111 210/465/111 213/466/111 190/467/111
f 258/468/21 270/469/21 212/470/21 165/471/21
f 852/368/122 856/367/122 873/472/122 871/473/122
f 646/474/123 644/427/123 211/430/123 226/475/123
f 190/467/96 213/466/96 211/476/96 160/477/96
f 227/463/124 214/411/124 209/414/124 235/478/124
f 246/479/125 252/480/125 209/481/125 156/482/125
f 152/483/126 1659/484/126 1662/485/126 1657/486/126 1654/487/126 1653/488/126 208/489/126 154/490/126
f 150/491/127 1661/492/127 1660/493/127 1659/484/127 152/483/127
f 145/391/86 206/390/86 207/494/86 148/495/86
f 148/495/85 207/494/85 1658/496/85 1661/492/85 150/491/85
f 951/497/84 232/396/84 206/390/84 949/389/84
f 136/380/15 804/355/15 865/369/15 286/436/15
f 858/498/18 859/499/18 876/500/18 875/501/18
f 269/444/15 174/347/15 278/502/15 858/503/15
f 221/504/22 199/343/22 200/364/22 222/505/22
f 254/506/77 253/348/77 201/351/77 223/507/77
f 220/508/18 198/325/18 199/343/18 221/504/18
f 219/509/22 197/263/22 198/325/22 220/508/22
f 165/471/21 212/470/21 196/510/21 100/511/21
f 639/512/128 645/513/128 210/465/128 158/464/128
f 792/514/60 807/515/60 195/516/60 96/517/60
f 215/242/22 193/261/22 197/263/22 219/509/22
f 90/518/21 192/519/21 2173/520/21 2170/521/21 2168/522/21 2174/523/21 2186/524/21 2185/525/21 194/526/21 88/527/21
f 936/240/22 91/239/22 193/261/22 950/528/22
f 95/243/58 215/242/58 219/509/58 107/312/58
f 107/312/22 219/509/22 220/508/22 115/322/22
f 115/322/18 220/508/18 221/504/18 123/323/18
f 241/377/77 254/506/77 223/507/77 139/378/77
f 123/323/22 221/504/22 222/505/22 131/329/22
f 269/529/18 271/530/18 859/499/18 858/498/18
f 858/503/82 278/502/82 762/531/82 875/532/82
f 263/533/9 753/384/9 861/534/9 857/535/9
f 944/309/84 147/308/84 232/396/84 951/497/84
f 189/416/129 227/463/129 235/478/129 157/399/129
f 640/422/130 646/474/130 226/475/130 161/419/130
f 859/499/18 860/536/18 877/537/18 876/500/18
f 143/434/131 231/366/131 227/463/131 189/416/131
f 210/465/111 225/280/111 237/417/111 213/466/111
f 270/469/21 273/455/21 236/285/21 212/470/21
f 213/466/96 237/417/96 226/420/96 211/476/96
f 252/480/132 255/397/132 235/400/132 209/481/132
f 206/390/86 232/396/86 233/393/86 207/494/86
f 207/494/85 233/393/85 1625/395/85 1629/538/85 1632/539/85 1633/540/85 1637/541/85 1639/542/85 1641/543/85 1644/544/85 1645/545/85 1647/546/85 1649/547/85 1650/548/85 1652/549/85 1656/550/85 1658/496/85
f 212/470/21 236/285/21 218/288/21 196/510/21
f 645/513/133 647/277/133 225/280/133 210/465/133
f 807/515/60 808/265/60 217/268/60 195/516/60
f 192/519/21 228/251/21 2172/260/21 2173/520/21
f 950/528/22 193/261/22 215/242/22 952/241/22
f 208/489/132 234/551/132 255/397/132 252/480/132
f 131/329/134 222/505/134 254/506/134 241/377/134
f 222/505/134 200/364/134 253/348/134 254/506/134
f 154/490/135 208/489/135 252/480/135 246/479/135
f 142/346/136 242/345/136 251/407/136 187/552/136
f 135/442/137 245/431/137 250/415/137 188/409/137
f 268/447/15 172/336/15 249/344/15 274/443/15
f 135/442/9 173/441/9 248/432/9 245/431/9
f 188/409/138 250/415/138 247/398/138 155/410/138
f 187/552/139 251/407/139 246/408/139 156/553/139
f 234/551/140 155/410/140 247/398/140 255/397/140
f 752/359/9 133/358/9 244/382/9 765/381/9
f 129/357/15 128/356/15 238/379/15 240/349/15
f 130/330/9 131/329/9 241/377/9 243/374/9
f 803/332/9 130/330/9 243/374/9 809/373/9
f 802/363/15 132/362/15 239/353/15 810/352/15
f 200/364/134 129/357/134 240/349/134 253/348/134
f 172/336/15 134/335/15 242/345/15 249/344/15
f 173/441/9 262/554/9 275/555/9 248/432/9
f 759/556/15 1996/557/15 1970/558/15 1972/559/15 1982/560/15 1984/561/15 1998/562/15 1974/563/15 1988/564/15 1994/565/15 1992/566/15 1990/567/15 1986/568/15 274/443/15 754/569/15
f 761/570/21 764/571/21 273/455/21 270/469/21
f 140/354/15 760/572/15 862/573/15 282/370/15
f 231/366/81 143/434/81 279/574/81 856/367/81
f 748/575/21 761/570/21 270/469/21 258/468/21
f 755/576/141 264/459/141 265/448/141 756/577/141
f 956/578/9 746/305/9 256/458/9 953/457/9
f 764/571/21 747/579/21 257/456/21 273/455/21
f 955/580/107 748/581/107 258/454/107 954/453/107
f 756/577/142 265/448/142 266/445/142 757/582/142
f 758/583/143 267/446/143 268/447/143 759/556/143
f 757/582/144 266/445/144 267/446/144 758/583/144
f 754/569/15 274/443/15 269/444/15 760/572/15
f 201/351/145 137/350/145 285/435/145 276/584/145
f 248/432/9 275/555/9 263/533/9 175/433/9
f 171/440/146 261/585/146 262/554/146 173/441/146
f 169/450/147 260/586/147 261/585/147 171/440/147
f 163/282/148 256/458/148 259/587/148 167/451/148
f 167/451/149 259/587/149 260/586/149 169/450/149
f 277/588/150 857/535/150 874/589/150 763/590/150
f 866/591/150 284/592/150 868/593/150 881/594/150
f 276/584/151 285/435/151 869/438/151 806/595/151
f 283/596/151 853/597/151 872/598/151 867/599/151
f 860/536/18 857/600/18 874/601/18 877/537/18
f 862/573/82 858/503/82 875/532/82 879/602/82
f 279/574/150 277/588/150 763/590/150 230/603/150
f 286/436/82 865/369/82 880/372/82 870/437/82
f 143/434/9 175/433/9 277/588/9 279/574/9
f 853/597/151 276/584/151 806/595/151 872/598/151
f 287/604/152 2104/605/152 2142/606/152 289/607/152
f 289/607/153 2142/606/153 2135/608/153 2130/609/153 2129/610/153 290/611/153 292/612/153 291/613/153
f 291/613/154 292/612/154 294/614/154 293/615/154
f 293/615/155 294/614/155 296/616/155 295/617/155
f 295/617/156 296/616/156 298/618/156 297/619/156
f 297/619/157 298/618/157 300/620/157 2094/621/157 2060/622/157 2069/623/157 2071/624/157 299/625/157
f 299/625/158 2071/624/158 2072/626/158 301/627/158
f 301/627/159 2072/626/159 2073/628/159 303/629/159
f 303/629/160 2073/628/160 2085/630/160 305/631/160
f 305/631/161 2085/630/161 2086/632/161 2056/633/161 2054/634/161 306/635/161 308/636/161 307/637/161
f 307/637/162 308/636/162 310/638/162 309/639/162
f 309/639/163 310/638/163 312/640/163 311/641/163
f 311/641/164 312/640/164 314/642/164 313/643/164
f 313/643/165 314/642/165 316/644/165 315/645/165
f 315/645/166 316/644/166 318/646/166 2131/647/166 2132/648/166 2136/649/166 2143/650/166 317/651/166
f 317/651/167 2143/650/167 2144/652/167 319/653/167
f 319/653/168 2144/652/168 2108/654/168 321/655/168
f 321/655/169 2108/654/169 2107/656/169 2118/657/169 2119/658/169 322/659/169 324/660/169 323/661/169
f 323/661/170 324/660/170 326/662/170 325/663/170
f 325/663/171 326/662/171 328/664/171 327/665/171
f 327/665/172 328/664/172 330/666/172 329/667/172
f 329/667/173 330/666/173 332/668/173 331/669/173
f 331/669/174 332/668/174 334/670/174 2053/671/174 2055/672/174 2083/673/174 2084/674/174 333/675/174
f 333/675/175 2084/674/175 2082/676/175 335/677/175
f 335/677/176 2082/676/176 2081/678/176 337/679/176
f 337/679/177 2081/678/177 2070/680/177 339/681/177
f 339/681/178 2070/680/178 2068/682/178 2059/683/178 2093/684/178 340/685/178 342/686/178 341/687/178
f 341/687/179 342/686/179 344/688/179 343/689/179
f 343/689/180 344/688/180 346/690/180 345/691/180
f 345/691/181 346/690/181 348/692/181 347/693/181
f 300/620/182 298/618/182 484/694/182 485/695/182
f 347/693/183 348/692/183 350/696/183 2116/697/183 2117/698/183 2106/699/183 2105/700/183 349/701/183
f 349/701/184 2105/700/184 2104/702/184 287/703/184
f 301/627/185 303/629/185 359/704/185 358/705/185
f 357/706/186 358/705/186 390/707/186 389/708/186
f 319/653/187 321/655/187 368/709/187 367/710/187
f 337/679/188 339/681/188 377/711/188 376/712/188
f 293/615/189 295/617/189 355/713/189 354/714/189
f 311/641/190 313/643/190 364/715/190 363/716/190
f 329/667/191 331/669/191 373/717/191 372/718/191
f 347/693/192 349/701/192 382/719/192 381/720/192
f 303/629/193 305/631/193 360/721/193 359/704/193
f 321/655/194 323/661/194 369/722/194 368/709/194
f 339/681/195 341/687/195 378/723/195 377/711/195
f 295/617/196 297/619/196 356/724/196 355/713/196
f 313/643/197 315/645/197 365/725/197 364/715/197
f 331/669/198 333/675/198 374/726/198 373/717/198
f 287/604/199 289/607/199 352/727/199 351/728/199
f 349/701/200 287/703/200 351/729/200 382/719/200
f 305/631/201 307/637/201 361/730/201 360/721/201
f 323/661/202 325/663/202 370/731/202 369/722/202
f 341/687/203 343/689/203 379/732/203 378/723/203
f 297/619/204 299/625/204 357/706/204 356/724/204
f 315/645/205 317/651/205 366/733/205 365/725/205
f 333/675/206 335/677/206 375/734/206 374/726/206
f 289/607/207 291/613/207 353/735/207 352/727/207
f 307/637/208 309/639/208 362/736/208 361/730/208
f 325/663/209 327/665/209 371/737/209 370/731/209
f 343/689/210 345/691/210 380/738/210 379/732/210
f 299/625/211 301/627/211 358/705/211 357/706/211
f 317/651/212 319/653/212 367/710/212 366/733/212
f 335/677/213 337/679/213 376/712/213 375/734/213
f 291/613/214 293/615/214 354/714/214 353/735/214
f 309/639/215 311/641/215 363/716/215 362/736/215
f 327/665/216 329/667/216 372/718/216 371/737/216
f 345/691/217 347/693/217 381/720/217 380/738/217
f 392/739/218 393/740/218 425/741/218 424/742/218
f 371/737/219 372/718/219 404/743/219 403/744/219
f 358/705/220 359/704/220 391/745/220 390/707/220
f 372/718/221 373/717/221 405/746/221 404/743/221
f 359/704/222 360/721/222 392/739/222 391/745/222
f 373/717/223 374/726/223 406/747/223 405/746/223
f 360/721/224 361/730/224 393/740/224 392/739/224
f 374/726/225 375/734/225 407/748/225 406/747/225
f 361/730/226 362/736/226 394/749/226 393/740/226
f 375/734/227 376/712/227 408/750/227 407/748/227
f 362/736/228 363/716/228 395/751/228 394/749/228
f 376/712/229 377/711/229 409/752/229 408/750/229
f 363/716/230 364/715/230 396/753/230 395/751/230
f 377/711/231 378/723/231 410/754/231 409/752/231
f 364/715/232 365/725/232 397/755/232 396/753/232
f 351/728/233 352/727/233 384/756/233 383/757/233
f 378/723/234 379/732/234 411/758/234 410/754/234
f 365/725/235 366/733/235 398/759/235 397/755/235
f 352/727/236 353/735/236 385/760/236 384/756/236
f 379/732/237 380/738/237 412/761/237 411/758/237
f 366/733/238 367/710/238 399/762/238 398/759/238
f 353/735/239 354/714/239 386/763/239 385/760/239
f 380/738/240 381/720/240 413/764/240 412/761/240
f 367/710/241 368/709/241 400/765/241 399/762/241
f 354/714/242 355/713/242 387/766/242 386/763/242
f 381/720/243 382/719/243 414/767/243 413/764/243
f 368/709/244 369/722/244 401/768/244 400/765/244
f 355/713/245 356/724/245 388/769/245 387/766/245
f 382/719/246 351/729/246 383/770/246 414/767/246
f 369/722/247 370/731/247 402/771/247 401/768/247
f 356/724/248 357/706/248 389/708/248 388/769/248
f 370/731/249 371/737/249 403/744/249 402/771/249
f 427/772/250 428/773/250 460/774/250 459/775/250
f 406/747/251 407/748/251 439/776/251 438/777/251
f 393/740/252 394/749/252 426/778/252 425/741/252
f 407/748/253 408/750/253 440/779/253 439/776/253
f 394/749/254 395/751/254 427/772/254 426/778/254
f 408/750/255 409/752/255 441/780/255 440/779/255
f 395/751/256 396/753/256 428/773/256 427/772/256
f 409/752/257 410/754/257 442/781/257 441/780/257
f 396/753/258 397/755/258 429/782/258 428/773/258
f 383/757/259 384/756/259 416/783/259 415/784/259
f 410/754/260 411/758/260 443/785/260 442/781/260
f 397/755/261 398/759/261 430/786/261 429/782/261
f 384/756/262 385/760/262 417/787/262 416/783/262
f 411/758/263 412/761/263 444/788/263 443/785/263
f 398/759/264 399/762/264 431/789/264 430/786/264
f 385/760/265 386/763/265 418/790/265 417/787/265
f 412/761/266 413/764/266 445/791/266 444/788/266
f 399/762/267 400/765/267 432/792/267 431/789/267
f 386/763/268 387/766/268 419/793/268 418/790/268
f 413/764/269 414/767/269 446/794/269 445/791/269
f 400/765/270 401/768/270 433/795/270 432/792/270
f 387/766/271 388/769/271 420/796/271 419/793/271
f 414/767/272 383/770/272 415/797/272 446/794/272
f 401/768/273 402/771/273 434/798/273 433/795/273
f 388/769/274 389/708/274 421/799/274 420/796/274
f 402/771/275 403/744/275 435/800/275 434/798/275
f 389/708/276 390/707/276 422/801/276 421/799/276
f 403/744/277 404/743/277 436/802/277 435/800/277
f 390/707/278 391/745/278 423/803/278 422/801/278
f 404/743/279 405/746/279 437/804/279 436/802/279
f 391/745/280 392/739/280 424/742/280 423/803/280
f 405/746/281 406/747/281 438/777/281 437/804/281
f 447/805/282 448/806/282 449/807/282 450/808/282 451/809/282 452/810/282 453/811/282 454/812/282 455/813/282 456/814/282 457/815/282 458/816/282 459/817/282 460/818/282 461/819/282 462/820/282 463/821/282 464/822/282 465/823/282 466/824/282 467/825/282 468/826/282 469/827/282 470/828/282 471/829/282 472/830/282 473/831/282 474/832/282 475/833/282 476/834/282 477/835/282 478/836/282
f 441/780/283 442/781/283 474/837/283 473/838/283
f 428/773/284 429/782/284 461/839/284 460/774/284
f 415/784/285 416/783/285 448/840/285 447/841/285
f 442/781/286 443/785/286 475/842/286 474/837/286
f 429/782/287 430/786/287 462/843/287 461/839/287
f 416/783/288 417/787/288 449/844/288 448/840/288
f 443/785/289 444/788/289 476/845/289 475/842/289
f 430/786/290 431/789/290 463/846/290 462/843/290
f 417/787/291 418/790/291 450/847/291 449/844/291
f 444/788/292 445/791/292 477/848/292 476/845/292
f 431/789/293 432/792/293 464/849/293 463/846/293
f 418/790/294 419/793/294 451/850/294 450/847/294
f 445/791/295 446/794/295 478/851/295 477/848/295
f 432/792/296 433/795/296 465/852/296 464/849/296
f 419/793/297 420/796/297 452/853/297 451/850/297
f 446/794/298 415/797/298 447/854/298 478/851/298
f 433/795/299 434/798/299 466/855/299 465/852/299
f 420/796/300 421/799/300 453/856/300 452/853/300
f 434/798/301 435/800/301 467/857/301 466/855/301
f 421/799/302 422/801/302 454/858/302 453/856/302
f 435/800/303 436/802/303 468/859/303 467/857/303
f 422/801/159 423/803/159 455/860/159 454/858/159
f 436/802/304 437/804/304 469/861/304 468/859/304
f 423/803/160 424/742/160 456/862/160 455/860/160
f 437/804/305 438/777/305 470/863/305 469/861/305
f 424/742/306 425/741/306 457/864/306 456/862/306
f 438/777/175 439/776/175 471/865/175 470/863/175
f 425/741/307 426/778/307 458/866/307 457/864/307
f 439/776/176 440/779/176 472/867/176 471/865/176
f 426/778/308 427/772/308 459/775/308 458/866/308
f 440/779/309 441/780/309 473/838/309 472/867/309
f 497/868/236 496/869/236 2114/870/236 2112/871/236
f 318/646/310 316/644/310 493/872/310 494/873/310
f 336/874/182 334/670/182 502/875/182 503/876/182
f 292/612/310 290/611/310 479/877/310 481/878/310
f 310/638/310 308/636/310 489/879/310 490/880/310
f 328/664/310 326/662/310 498/881/310 499/882/310
f 346/690/310 344/688/310 507/883/310 508/884/310
f 302/885/310 300/620/310 485/695/310 486/886/310
f 320/887/310 318/646/310 494/873/310 495/888/310
f 338/889/310 336/874/310 503/876/310 504/890/310
f 294/614/182 292/612/182 481/878/182 482/891/182
f 312/640/310 310/638/310 490/880/310 491/892/310
f 330/666/310 328/664/310 499/882/310 500/893/310
f 348/692/182 346/690/182 508/884/182 509/894/182
f 304/895/310 302/885/310 486/886/310 487/896/310
f 322/659/310 320/887/310 495/888/310 496/869/310
f 340/685/310 338/889/310 504/890/310 505/897/310
f 296/616/310 294/614/310 482/891/310 483/898/310
f 314/642/310 312/640/310 491/892/310 492/899/310
f 332/668/310 330/666/310 500/893/310 501/900/310
f 350/696/310 348/692/310 509/894/310 510/901/310
f 306/635/182 304/895/182 487/896/182 488/902/182
f 324/660/310 322/659/310 496/869/310 497/868/310
f 342/686/182 340/685/182 505/897/182 506/903/182
f 298/618/310 296/616/310 483/898/310 484/694/310
f 316/644/310 314/642/310 492/899/310 493/872/310
f 334/670/310 332/668/310 501/900/310 502/875/310
f 290/611/182 288/904/182 480/905/182 479/877/182
f 288/906/182 350/696/182 510/901/182 480/907/182
f 308/636/310 306/635/310 488/902/310 489/879/310
f 326/662/310 324/660/310 497/868/310 498/881/310
f 344/688/310 342/686/310 506/903/310 507/883/310
f 511/908/310 512/909/310 542/910/310 541/911/310 540/912/310 539/913/310 538/914/310 537/915/310 536/916/310 535/917/310 534/918/310 533/919/310 532/920/310 531/921/310 530/922/310 529/923/310 528/924/310 527/925/310 526/926/310 525/927/310 524/928/310 523/929/310 522/930/310 521/931/310 520/932/310 519/933/310 518/934/310 517/935/310 516/936/310 515/937/310 514/938/310 513/939/310
f 484/694/219 483/898/219 515/940/219 516/941/219 2061/942/219 2066/943/219 2058/944/219 2087/945/219
f 480/907/238 510/901/238 2109/946/238 2121/947/238
f 498/881/239 497/868/239 2112/871/239 2113/948/239 2101/949/239 2102/950/239 529/951/239 530/952/239
f 485/695/221 484/694/221 2087/945/221 2088/953/221
f 499/882/242 498/881/242 530/952/242 531/954/242
f 486/886/223 485/695/223 2088/953/223 2045/955/223
f 500/893/245 499/882/245 531/954/245 532/956/245
f 487/896/225 486/886/225 2045/955/225 2047/957/225
f 501/900/248 500/893/248 532/956/248 533/958/248
f 488/902/227 487/896/227 2047/957/227 2048/959/227
f 502/875/186 501/900/186 533/958/186 534/960/186 2075/961/186 2079/962/186 2049/963/186 2046/964/186
f 489/879/229 488/902/229 2048/959/229 2050/965/229 2080/966/229 2077/967/229 520/968/229 521/969/229
f 503/876/220 502/875/220 2046/964/220 2092/970/220
f 490/880/231 489/879/231 521/969/231 522/971/231
f 504/890/222 503/876/222 2092/970/222 2091/972/222
f 491/892/234 490/880/234 522/971/234 523/973/234
f 505/897/224 504/890/224 2091/972/224 2090/974/224
f 492/899/237 491/892/237 523/973/237 524/975/237
f 506/903/226 505/897/226 2090/974/226 2089/976/226
f 493/872/240 492/899/240 524/975/240 525/977/240 2139/978/240 2134/979/240 2125/980/240 2126/981/240
f 479/877/241 480/905/241 2121/982/241 2122/983/241
f 507/883/228 506/903/228 2089/976/228 2057/984/228 2064/985/228 2063/986/228 538/987/228 539/988/228
f 494/873/243 493/872/243 2126/981/243 2127/989/243
f 481/878/244 479/877/244 2122/983/244 2124/990/244
f 508/884/230 507/883/230 539/988/230 540/991/230
f 495/888/246 494/873/246 2127/989/246 2115/992/246
f 482/891/247 481/878/247 2124/990/247 2123/993/247 2133/994/247 2138/995/247 513/996/247 514/997/247
f 509/894/232 508/884/232 540/991/232 541/998/232 2099/999/232 2100/1000/232 2110/1001/232 2111/1002/232
f 496/869/233 495/888/233 2115/992/233 2114/870/233
f 483/898/249 482/891/249 514/997/249 515/940/249
f 510/901/235 509/894/235 2111/1002/235 2109/946/235
f 543/1003/311 544/1004/311 1613/1005/311 1614/1006/311
f 547/1007/312 548/1008/312 546/1009/312 545/1010/312
f 545/1010/313 546/1009/313 544/1011/313 543/1012/313
f 564/1013/314 563/1014/314 551/1015/314 549/1016/314
f 552/1017/315 550/1018/315 549/1019/315 551/1015/315
f 565/1020/316 550/1021/316 554/1022/316 567/1023/316
f 563/1014/317 566/1024/317 552/1017/317 551/1015/317
f 565/1020/318 564/1025/318 549/1026/318 550/1021/318
f 567/1023/319 554/1022/319 557/1027/319 569/1028/319
f 548/1008/320 1601/1029/320 1600/1030/320 553/1031/320
f 584/1032/321 548/1008/321 553/1031/321 585/1033/321
f 550/1018/322 552/1017/322 555/1034/322 554/1035/322
f 586/1036/323 556/1037/323 560/1038/323 587/1039/323
f 553/1031/324 1600/1030/324 2149/1040/324 2150/1041/324 2146/1042/324 2152/1043/324 1599/1044/324 556/1037/324
f 585/1033/325 553/1031/325 556/1037/325 586/1036/325
f 554/1035/326 555/1034/326 558/1045/326 557/1046/326
f 572/1047/327 571/1048/327 561/1049/327 562/1050/327
f 557/1046/328 558/1045/328 562/1050/328 561/1051/328
f 569/1028/329 557/1027/329 561/1049/329 571/1048/329
f 556/1037/330 1599/1044/330 1598/1052/330 1595/1053/330 559/1054/330 560/1038/330
f 581/1055/331 569/1028/331 571/1048/331 582/1056/331
f 577/1057/332 582/1056/332 571/1048/332 572/1047/332
f 555/1034/333 568/1058/333 570/1059/333 558/1045/333
f 558/1045/334 570/1059/334 572/1047/334 562/1050/334
f 552/1017/335 566/1024/335 568/1058/335 555/1034/335
f 580/1060/336 567/1023/336 569/1028/336 581/1055/336
f 579/1061/337 573/1062/337 564/1025/337 565/1020/337
f 578/1063/338 574/1064/338 566/1024/338 563/1014/338
f 579/1061/339 565/1020/339 567/1023/339 580/1060/339
f 573/1065/314 578/1063/314 563/1014/314 564/1013/314
f 583/1066/314 588/1067/314 578/1063/314 573/1065/314
f 588/1067/9 584/1032/9 574/1064/9 578/1063/9
f 587/1039/340 589/1068/340 582/1056/340 577/1057/340
f 568/1058/341 575/1069/341 576/1070/341 570/1059/341
f 570/1059/342 576/1070/342 577/1057/342 572/1047/342
f 566/1024/343 574/1064/343 575/1069/343 568/1058/343
f 560/1038/340 559/1054/340 589/1068/340 587/1039/340
f 546/1009/344 548/1008/344 584/1032/344 588/1067/344
f 544/1011/314 546/1009/314 588/1067/314 583/1066/314
f 575/1069/9 2032/1071/9 2031/1072/9 576/1070/9
f 576/1070/9 2031/1072/9 2022/1073/9 2028/1074/9 2021/1075/9 2019/1076/9 2016/1077/9 2014/1078/9 2012/1079/9 2007/1080/9 577/1057/9
f 574/1064/9 584/1032/9 585/1033/9 2025/1081/9 2026/1082/9 2029/1083/9 2027/1084/9 2030/1085/9 2032/1071/9 575/1069/9
f 666/1086/345 664/1087/345 593/1088/345 599/1089/345
f 599/1089/346 593/1088/346 597/1090/346 600/1091/346
f 768/1092/347 767/1093/347 595/1094/347 601/1095/347
f 709/1096/9 595/1094/9 789/1097/9 791/1098/9
f 611/1099/18 610/1100/18 602/1101/18 604/1102/18
f 767/1093/17 774/1103/17 591/1104/17 595/1094/17
f 699/1105/348 698/1106/348 712/1107/348 713/1108/348
f 826/1109/349 768/1092/349 601/1095/349 815/1110/349
f 813/1111/350 599/1089/350 600/1091/350 814/1112/350
f 821/1113/351 666/1086/351 599/1089/351 813/1111/351
f 657/1114/352 656/1115/352 606/1116/352 608/1117/352
f 613/1118/353 612/1119/353 605/1120/353 603/1121/353
f 675/1122/354 613/1118/354 603/1121/354 673/1123/354
f 779/1124/355 611/1099/355 604/1102/355 777/1125/355
f 770/1126/21 778/1127/21 608/1117/21 606/1128/21
f 659/1129/356 658/1130/356 609/1131/356 607/1132/356
f 781/1133/357 657/1114/357 608/1117/357 778/1127/357
f 679/1134/358 659/1129/358 607/1132/358 674/1135/358
f 780/1136/359 648/1137/359 611/1099/359 779/1124/359
f 677/1138/360 649/1139/360 613/1118/360 675/1122/360
f 649/1139/361 651/1140/361 612/1119/361 613/1118/361
f 648/1137/18 650/1141/18 610/1100/18 611/1099/18
f 654/1142/15 652/1143/15 625/1144/15 631/1145/15
f 676/1146/362 653/1147/362 624/1148/362 669/1149/362
f 662/1150/15 660/1151/15 622/1152/15 630/1153/15
f 678/1154/363 661/1155/363 623/1156/363 668/1157/363
f 674/1158/21 668/1157/21 623/1156/21 2190/1159/21 2189/1160/21 2188/1161/21 2192/1162/21 622/1163/21
f 669/1149/364 624/1148/364 621/1164/364 667/1165/364
f 631/1145/15 625/1144/15 620/1166/15 629/1167/15
f 818/1168/365 634/1169/365 619/1170/365 816/1171/365
f 820/1172/366 672/1173/366 618/1174/366 817/1175/366
f 671/1176/17 664/1177/17 615/1178/17 617/1179/17
f 672/1173/367 671/1176/367 617/1179/367 618/1174/367
f 634/1169/368 632/1180/368 615/1181/368 619/1170/368
f 688/1182/369 686/1183/369 632/1180/369 634/1169/369
f 822/1184/370 688/1182/370 634/1169/370 818/1168/370
f 685/1185/371 631/1145/371 629/1167/371 683/1186/371
f 694/1187/372 662/1150/372 630/1153/372 684/1188/372
f 692/1189/373 654/1142/373 631/1145/373 685/1185/373
f 653/1147/9 655/1190/9 637/1191/9 624/1148/9
f 661/1155/9 663/1192/9 636/1193/9 623/1156/9
f 622/1163/21 2192/1162/21 2193/1194/21 2194/1195/21 2199/1196/21 630/1197/21
f 624/1148/9 637/1191/9 635/1198/9 621/1164/9
f 817/1175/374 618/1174/374 628/1199/374 819/1200/374
f 617/1179/17 615/1178/17 632/1201/17 2175/1202/17 2169/1203/17 2171/1204/17 2165/1205/17 2167/1206/17 2178/1207/17 627/1208/17
f 618/1174/375 617/1179/375 627/1208/375 628/1199/375
f 196/510/133 218/288/133 647/277/133 645/513/133
f 146/1209/376 224/1210/376 646/474/376 640/422/376
f 100/511/377 196/510/377 645/513/377 639/512/377
f 224/1210/378 205/1211/378 644/427/378 646/474/378
f 102/287/379 182/1212/379 643/421/379 638/278/379
f 144/339/380 176/338/380 642/423/380 641/460/380
f 205/1211/381 144/1213/381 641/428/381 644/427/381
f 176/338/382 100/291/382 639/424/382 642/423/382
f 182/1212/383 146/1209/383 640/422/383 643/421/383
f 218/288/384 102/287/384 638/278/384 647/277/384
f 616/1214/9 633/1215/9 655/1190/9 653/1147/9
f 680/1216/385 626/1217/385 654/1142/385 692/1189/385
f 665/1218/386 616/1214/386 653/1147/386 676/1146/386
f 626/1217/15 614/1219/15 652/1143/15 654/1142/15
f 594/1220/18 590/1221/18 650/1141/18 648/1137/18
f 592/1222/387 596/1223/387 651/1140/387 649/1139/387
f 670/1224/388 592/1222/388 649/1139/388 677/1138/388
f 775/1225/389 594/1220/389 648/1137/389 780/1136/389
f 621/1164/9 635/1198/9 663/1192/9 661/1155/9
f 683/1186/390 629/1167/390 662/1150/390 694/1187/390
f 667/1165/391 621/1164/391 661/1155/391 678/1154/391
f 629/1167/15 620/1166/15 660/1151/15 662/1150/15
f 673/1123/392 603/1121/392 659/1129/392 679/1134/392
f 777/1125/393 604/1102/393 657/1114/393 781/1133/393
f 603/1121/394 605/1120/394 658/1130/394 659/1129/394
f 604/1102/395 602/1101/395 656/1115/395 657/1114/395
f 620/1166/396 673/1123/396 679/1134/396 660/1151/396
f 605/1120/397 667/1165/397 678/1154/397 658/1130/397
f 614/1219/398 670/1224/398 677/1138/398 652/1143/398
f 596/1223/399 665/1218/399 676/1146/399 651/1140/399
f 600/1091/400 597/1090/400 671/1176/400 672/1173/400
f 597/1090/17 593/1226/17 664/1177/17 671/1176/17
f 814/1112/401 600/1091/401 672/1173/401 820/1172/401
f 612/1119/402 669/1149/402 667/1165/402 605/1120/402
f 607/1227/21 609/1131/21 668/1157/21 674/1158/21
f 658/1130/403 678/1154/403 668/1157/403 609/1131/403
f 651/1140/404 676/1146/404 669/1149/404 612/1119/404
f 652/1143/405 677/1138/405 675/1122/405 625/1144/405
f 660/1151/406 679/1134/406 674/1135/406 622/1152/406
f 625/1144/407 675/1122/407 673/1123/407 620/1166/407
f 816/1171/408 619/1170/408 666/1086/408 821/1113/408
f 619/1170/409 615/1181/409 664/1087/409 666/1086/409
f 635/1198/410 689/1228/410 695/1229/410 663/1192/410
f 769/1230/411 683/1186/411 694/1187/411 773/1231/411
f 633/1215/412 687/1232/412 693/1233/412 655/1190/412
f 766/1234/413 680/1216/413 692/1189/413 772/1235/413
f 772/1235/414 692/1189/414 685/1185/414 771/1236/414
f 773/1231/415 694/1187/415 684/1188/415 770/1237/415
f 771/1236/416 685/1185/416 683/1186/416 769/1230/416
f 825/1238/417 776/1239/417 688/1182/417 822/1184/417
f 776/1239/418 774/1240/418 686/1183/418 688/1182/418
f 655/1190/419 693/1233/419 691/1241/419 637/1191/419
f 663/1192/420 695/1229/420 690/1242/420 636/1193/420
f 630/1197/21 2199/1196/21 2198/1243/21 2196/1244/21 2197/1245/21 636/1193/21 690/1242/21 684/1246/21
f 637/1191/421 691/1241/421 689/1228/421 635/1198/421
f 819/1200/422 628/1199/422 682/1247/422 823/1248/422
f 627/1208/17 2178/1207/17 2179/1249/17 2181/1250/17 681/1251/17
f 628/1199/423 627/1208/423 681/1251/423 682/1247/423
f 633/1215/424 703/1252/424 707/1253/424 687/1232/424
f 766/1234/425 782/1254/425 706/1255/425 680/1216/425
f 614/1219/426 700/1256/426 705/1257/426 670/1224/426
f 596/1223/427 697/1258/427 704/1259/427 665/1218/427
f 616/1214/9 701/1260/9 703/1252/9 633/1215/9
f 680/1216/428 706/1255/428 702/1261/428 626/1217/428
f 665/1218/429 704/1259/429 701/1260/429 616/1214/429
f 626/1217/15 702/1261/15 700/1256/15 614/1219/15
f 670/1224/430 705/1257/430 696/1262/430 592/1222/430
f 592/1222/350 696/1262/350 697/1258/350 596/1223/350
f 775/1225/431 783/1263/431 698/1106/431 594/1220/431
f 594/1220/432 698/1106/432 699/1105/432 590/1221/432
f 711/1264/18 709/1096/18 708/1265/18 710/1266/18
f 824/1267/433 711/1264/433 710/1266/433 812/1268/433
f 815/1110/9 601/1095/9 711/1264/9 824/1267/9
f 591/1269/434 598/1270/434 710/1271/434 708/1272/434
f 714/1273/15 699/1274/15 713/1275/15 726/1276/15
f 601/1095/435 595/1094/435 709/1096/435 711/1264/435
f 732/1277/436 714/1273/436 726/1276/436 733/1278/436
f 698/1106/9 717/1279/9 727/1280/9 712/1107/9
f 828/1281/437 827/1282/437 728/1283/437 729/1284/437
f 703/1252/438 721/1285/438 725/1286/438 707/1253/438
f 782/1254/439 784/1287/439 724/1288/439 706/1255/439
f 700/1256/440 718/1289/440 723/1290/440 705/1257/440
f 697/1258/441 716/1291/441 722/1292/441 704/1259/441
f 701/1260/9 719/1293/9 721/1285/9 703/1252/9
f 706/1255/442 724/1288/442 720/1294/442 702/1261/442
f 704/1259/443 722/1292/443 719/1293/443 701/1260/443
f 702/1261/15 720/1294/15 718/1289/15 700/1256/15
f 705/1257/444 723/1290/444 715/1295/444 696/1262/444
f 696/1262/350 715/1295/350 716/1291/350 697/1258/350
f 783/1263/445 785/1296/445 717/1279/445 698/1106/445
f 730/1297/15 729/1298/15 832/1299/15 833/1300/15
f 830/1301/446 829/1302/446 730/1303/446 731/1304/446
f 829/1305/447 828/1306/447 729/1298/447 730/1297/447
f 827/1282/448 830/1301/448 731/1304/448 728/1283/448
f 811/1307/15 732/1277/15 733/1278/15 812/1308/15
f 717/1279/449 736/1309/449 745/1310/449 727/1280/449
f 727/1280/450 745/1310/450 733/1311/450 726/1312/450
f 721/1285/451 740/1313/451 744/1314/451 725/1286/451
f 784/1287/452 786/1315/452 743/1316/452 724/1288/452
f 718/1289/453 737/1317/453 742/1318/453 723/1290/453
f 716/1291/454 735/1319/454 741/1320/454 722/1292/454
f 719/1293/9 738/1321/9 740/1313/9 721/1285/9
f 724/1288/455 743/1316/455 739/1322/455 720/1294/455
f 722/1292/456 741/1320/456 738/1321/456 719/1293/456
f 720/1294/15 739/1322/15 737/1317/15 718/1289/15
f 723/1290/457 742/1318/457 734/1323/457 715/1295/457
f 715/1295/350 734/1323/350 735/1319/350 716/1291/350
f 785/1296/458 787/1324/458 736/1309/458 717/1279/458
f 271/530/18 272/1325/18 860/536/18 859/499/18
f 239/353/15 754/569/15 760/572/15 140/354/15
f 116/295/459 757/582/459 758/583/459 124/341/459
f 124/341/460 758/583/460 759/556/460 132/362/460
f 108/294/461 756/577/461 757/582/461 116/295/461
f 939/250/107 96/249/107 748/581/107 955/580/107
f 217/268/21 98/267/21 747/579/21 764/571/21
f 940/276/9 99/275/9 746/305/9 956/578/9
f 97/314/462 755/576/462 756/577/462 108/294/462
f 96/517/21 195/516/21 761/570/21 748/575/21
f 138/375/9 139/378/9 283/596/9 284/592/9
f 223/507/145 201/351/145 276/584/145 853/597/145
f 195/516/21 217/268/21 764/571/21 761/570/21
f 132/362/15 759/556/15 754/569/15 239/353/15
f 262/554/9 752/359/9 1995/1326/9 1979/1327/9 1977/1328/9 1997/1329/9 1973/1330/9 1967/1331/9 1975/1332/9 1985/1333/9 275/555/9
f 275/555/9 765/381/9 753/384/9 263/533/9
f 261/585/463 2003/1334/463 1999/1335/463 2000/1336/463 2001/1337/463 751/316/463 752/359/463 262/554/463
f 260/586/464 750/304/464 751/316/464 2001/1337/464 2002/1338/464 2004/1339/464 2003/1334/464 261/585/464
f 256/458/465 746/305/465 749/301/465 259/587/465
f 259/587/466 749/301/466 750/304/466 260/586/466
f 725/1286/467 744/1314/467 787/1324/467 785/1296/467
f 714/1273/468 732/1277/468 786/1315/468 784/1287/468
f 707/1253/469 725/1286/469 785/1296/469 783/1263/469
f 699/1274/470 714/1273/470 784/1287/470 782/1254/470
f 687/1232/471 707/1253/471 783/1263/471 775/1225/471
f 590/1340/472 699/1274/472 782/1254/472 766/1234/472
f 598/1270/473 591/1269/473 774/1240/473 776/1239/473
f 811/1307/474 598/1270/474 776/1239/474 825/1238/474
f 610/1341/416 771/1236/416 769/1230/416 602/1342/416
f 656/1343/475 773/1231/475 770/1237/475 606/1344/475
f 650/1345/476 772/1235/476 771/1236/476 610/1341/476
f 590/1340/477 766/1234/477 772/1235/477 650/1345/477
f 602/1342/478 769/1230/478 773/1231/478 656/1343/478
f 689/1228/479 777/1125/479 781/1133/479 695/1229/479
f 687/1232/480 775/1225/480 780/1136/480 693/1233/480
f 693/1233/481 780/1136/481 779/1124/481 691/1241/481
f 695/1229/482 781/1133/482 778/1127/482 690/1242/482
f 684/1246/21 690/1242/21 778/1127/21 770/1126/21
f 691/1241/355 779/1124/355 777/1125/355 689/1228/355
f 823/1248/483 682/1247/483 768/1092/483 826/1109/483
f 681/1251/17 2181/1250/17 2183/1346/17 2187/1347/17 2180/1348/17 686/1349/17 774/1103/17 767/1093/17
f 682/1247/484 681/1251/484 767/1093/484 768/1092/484
f 789/1097/485 788/1350/485 790/1351/485 791/1098/485
f 708/1265/486 709/1096/486 791/1098/486 790/1352/486
f 595/1094/487 591/1104/487 788/1350/487 789/1097/487
f 591/1269/15 708/1272/15 790/1353/15 788/1354/15
f 128/356/15 802/363/15 810/352/15 238/379/15
f 133/358/9 803/332/9 809/373/9 244/382/9
f 194/526/488 216/254/488 808/265/488 807/515/488
f 753/384/9 141/383/9 281/1355/9 861/534/9
f 88/527/488 194/526/488 807/515/488 792/514/488
f 272/1325/18 263/1356/18 857/600/18 860/536/18
f 244/382/9 809/373/9 805/376/9 141/383/9
f 139/378/145 223/507/145 853/597/145 283/596/145
f 120/319/78 800/342/78 802/363/78 128/356/78
f 238/379/15 810/352/15 804/355/15 136/380/15
f 117/303/71 799/328/71 801/331/71 125/315/71
f 112/318/21 798/296/21 800/342/21 120/319/21
f 125/315/73 801/331/73 803/332/73 133/358/73
f 109/302/9 797/311/9 799/328/9 117/303/9
f 89/238/59 793/313/59 796/293/59 104/264/59
f 99/275/69 795/274/69 797/311/69 109/302/69
f 104/264/15 796/293/15 798/296/15 112/318/15
f 938/246/9 93/245/9 795/274/9 957/273/9
f 216/254/488 92/253/488 794/266/488 808/265/488
f 935/233/489 88/1357/489 792/248/489 958/247/489
f 744/1314/490 823/1248/490 826/1109/490 787/1324/490
f 732/1277/491 811/1307/491 825/1238/491 786/1315/491
f 598/1270/15 811/1307/15 812/1308/15 710/1271/15
f 736/1309/9 815/1110/9 824/1267/9 745/1310/9
f 745/1310/492 824/1267/492 812/1268/492 733/1311/492
f 740/1313/493 819/1200/493 823/1248/493 744/1314/493
f 786/1315/494 825/1238/494 822/1184/494 743/1316/494
f 737/1317/495 816/1171/495 821/1113/495 742/1318/495
f 735/1319/496 814/1112/496 820/1172/496 741/1320/496
f 738/1321/9 817/1175/9 819/1200/9 740/1313/9
f 743/1316/497 822/1184/497 818/1168/497 739/1322/497
f 741/1320/498 820/1172/498 817/1175/498 738/1321/498
f 739/1322/15 818/1168/15 816/1171/15 737/1317/15
f 742/1318/499 821/1113/499 813/1111/499 734/1323/499
f 734/1323/350 813/1111/350 814/1112/350 735/1319/350
f 787/1324/500 826/1109/500 815/1110/500 736/1309/500
f 712/1107/501 727/1280/501 830/1301/501 827/1282/501
f 726/1276/502 713/1275/502 828/1306/502 829/1305/502
f 727/1280/503 726/1312/503 829/1302/503 830/1301/503
f 713/1108/504 712/1107/504 827/1282/504 828/1281/504
f 844/1358/505 843/1359/505 837/1360/505 838/1361/505
f 728/1283/9 731/1304/9 834/1362/9 831/1363/9
f 731/1304/506 730/1303/506 833/1364/506 834/1362/506
f 729/1284/507 728/1283/507 831/1363/507 832/1365/507
f 837/1366/15 836/1367/15 840/1368/15 841/1369/15
f 846/1370/508 845/1371/508 835/1372/508 836/1373/508
f 843/1374/15 846/1375/15 836/1367/15 837/1366/15
f 845/1371/9 844/1358/9 838/1361/9 835/1372/9
f 839/1376/509 842/1377/509 841/1378/509 840/1379/509
f 835/1372/9 838/1361/9 842/1377/9 839/1376/9
f 838/1361/510 837/1360/510 841/1378/510 842/1377/510
f 836/1373/511 835/1372/511 839/1376/511 840/1379/511
f 850/1380/9 847/1381/9 844/1358/9 845/1371/9
f 849/1382/15 848/1383/15 846/1375/15 843/1374/15
f 848/1384/512 850/1380/512 845/1371/512 846/1370/512
f 847/1381/513 849/1385/513 843/1359/513 844/1358/513
f 834/1362/514 833/1364/514 849/1385/514 847/1381/514
f 832/1365/515 831/1363/515 850/1380/515 848/1384/515
f 833/1300/15 832/1299/15 848/1383/15 849/1382/15
f 831/1363/9 834/1362/9 847/1381/9 850/1380/9
f 760/572/15 269/444/15 858/503/15 862/573/15
f 805/376/9 138/375/9 284/592/9 866/591/9
f 141/383/9 805/376/9 866/591/9 281/1355/9
f 142/462/81 204/365/81 852/368/81 280/1386/81
f 175/433/9 263/533/9 857/535/9 277/588/9
f 137/350/15 136/380/15 286/436/15 285/435/15
f 174/347/15 142/346/15 280/1387/15 278/502/15
f 868/593/9 867/599/9 882/1388/9 1272/1389/9 1264/1390/9 1266/1391/9 1274/1392/9 1286/1393/9 1268/1394/9 1278/1395/9 1280/1396/9 1287/1397/9 1311/1398/9 1313/1399/9 1307/1400/9 1330/1401/9 1300/1402/9 1293/1403/9 1289/1404/9 1317/1405/9 1319/1406/9 1302/1407/9 1324/1408/9 1305/1409/9 1295/1410/9 1304/1411/9 1346/1412/9 1349/1413/9 1383/1414/9 1381/1415/9 1377/1416/9 1360/1417/9 1364/1418/9 1362/1419/9 1357/1420/9 1338/1421/9 1334/1422/9 1355/1423/9 1351/1424/9 1394/1425/9 1340/1426/9 1332/1427/9 1388/1428/9 1368/1429/9 1370/1430/9 1372/1431/9 1342/1432/9 1455/1433/9 1423/1434/9 1447/1435/9 1425/1436/9 1451/1437/9 1405/1438/9 1406/1439/9
f 867/599/516 872/598/516 885/1440/516 882/1388/516
f 879/602/15 875/532/15 1529/1441/15 1528/1442/15 1577/1443/15 1592/1444/15 1533/1445/15 1557/1446/15 1587/1447/15 1565/1448/15 1548/1449/15 1540/1450/15 1543/1451/15 1584/1452/15 1535/1453/15 1537/1454/15 1546/1455/15 1561/1456/15 1531/1457/15 1555/1458/15 1568/1459/15 1574/1460/15 1507/1461/15 1475/1462/15 1503/1463/15 1511/1464/15 1460/1465/15 1505/1466/15 1521/1467/15 888/1468/15
f 876/500/517 877/537/517 1579/1469/517 1580/1470/517
f 230/603/9 763/590/9 854/1471/9 863/1472/9
f 870/437/15 880/372/15 891/1473/15 1412/1474/15 1409/1475/15 1408/1476/15
f 877/537/517 874/601/517 1578/1477/517 1579/1469/517
f 872/598/516 806/595/516 851/1478/516 885/1440/516
f 762/531/15 229/1479/15 864/1480/15 855/1481/15
f 869/438/15 870/437/15 1408/1476/15 1407/1482/15 1450/1483/15 1427/1484/15 1446/1485/15 1422/1486/15 1454/1487/15 1344/1488/15 1371/1489/15 1369/1490/15 1375/1491/15 1390/1492/15 1331/1493/15 1339/1494/15 1393/1495/15 1353/1496/15 1354/1497/15 1333/1498/15 1337/1499/15 1359/1500/15 1361/1501/15 1363/1502/15 1367/1503/15 1379/1504/15 1380/1505/15 1382/1506/15 1386/1507/15 1348/1508/15 1303/1509/15 1294/1510/15 1298/1511/15 1326/1512/15 1301/1513/15 1318/1514/15 1322/1515/15 1291/1516/15 1292/1517/15 1299/1518/15 1329/1519/15 1309/1520/15 1312/1521/15 1310/1522/15 1316/1523/15 1282/1524/15 1277/1525/15 1267/1526/15 1285/1527/15 1276/1528/15 1265/1529/15 1263/1530/15 1271/1531/15 883/1532/15
f 229/1533/518 871/473/518 884/1534/518 864/1535/518
f 878/1536/9 203/1537/9 1436/1538/9 1435/1539/9 1439/1540/9 1421/1541/9 1400/1542/9 1396/1543/9 1403/1544/9 1442/1545/9 1433/1546/9 1398/1547/9 1430/1548/9 1466/1549/9 1465/1550/9 1500/1551/9 1497/1552/9 1490/1553/9 1483/1554/9 1485/1555/9 1493/1556/9 1476/1557/9 1481/1558/9 1514/1559/9 1517/1560/9 1486/1561/9 1471/1562/9 1473/1563/9 1525/1564/9 887/1565/9
f 881/594/9 868/593/9 1406/1439/9 1410/1566/9 1414/1567/9 892/1568/9
f 873/472/518 230/603/518 863/1472/518 886/1569/518
f 202/371/15 879/602/15 888/1468/15 1523/1570/15 1472/1571/15 1469/1572/15 1467/1573/15 1515/1574/15 1513/1575/15 1479/1576/15 1477/1577/15 1491/1578/15 1484/1579/15 1482/1580/15 1487/1581/15 1495/1582/15 1499/1583/15 1463/1584/15 1461/1585/15 1428/1586/15 1397/1587/15 1432/1588/15 1443/1589/15 1401/1590/15 1395/1591/15 1399/1592/15 1456/1593/15 1437/1594/15 1434/1595/15 1441/1596/15
f 857/535/150 861/534/150 878/1536/150 874/589/150
f 856/367/122 279/574/122 230/603/122 873/472/122
f 861/534/150 281/1355/150 203/1537/150 878/1536/150
f 281/1355/150 866/591/150 881/594/150 203/1537/150
f 282/370/82 862/573/82 879/602/82 202/371/82
f 280/1386/122 852/368/122 871/473/122 229/1533/122
f 284/592/150 283/596/150 867/599/150 868/593/150
f 278/502/82 280/1387/82 229/1479/82 762/531/82
f 887/1565/17 890/1597/17 1520/1598/17 1522/1599/17
f 893/1600/17 891/1601/17 1418/1602/17 1417/1603/17
f 894/1604/17 893/1600/17 1417/1603/17 1416/1605/17
f 889/1606/17 888/1607/17 1521/1608/17 1519/1609/17
f 885/1610/17 851/1611/17 1270/1612/17 1269/1613/17
f 882/1388/17 885/1610/17 1269/1613/17 1272/1389/17
f 890/1597/17 889/1606/17 1519/1609/17 1520/1598/17
f 851/1611/17 883/1614/17 1271/1615/17 1270/1612/17
f 892/1568/17 894/1604/17 1416/1605/17 1411/1616/17
f 806/595/516 869/438/516 883/1532/516 851/1478/516
f 875/501/517 876/500/517 1580/1470/517 1529/1617/517
f 763/590/9 874/589/9 1578/1618/9 1550/1619/9 1552/1620/9 854/1471/9
f 880/372/15 202/371/15 1441/1596/15 1420/1621/15 1418/1622/15 891/1473/15
f 875/532/15 762/531/15 855/1481/15 1553/1623/15 1551/1624/15 1529/1441/15
f 874/589/9 878/1536/9 887/1565/9 1522/1599/9 1504/1625/9 1459/1626/9 1508/1627/9 1512/1628/9 1474/1629/9 1506/1630/9 1571/1631/9 1538/1632/9 1554/1633/9 1530/1634/9 1558/1635/9 1549/1636/9 1536/1637/9 1534/1638/9 1581/1639/9 1569/1640/9 1539/1641/9 1547/1642/9 1562/1643/9 1588/1644/9 1556/1645/9 1532/1646/9 1589/1647/9 1570/1648/9 1527/1649/9 1578/1618/9
f 871/473/518 873/472/518 886/1569/518 884/1534/518
f 203/1537/9 881/594/9 892/1568/9 1411/1616/9 1419/1650/9 1436/1538/9
f 863/1651/17 854/1652/17 1552/1653/17 1553/1654/17 855/1655/17 864/1656/17 884/1657/17 886/1658/17
f 1666/1659/519 1663/1660/519 898/1661/519 908/1662/519
f 908/1662/520 898/1661/520 902/1663/520 909/1664/520
f 1674/1665/521 1672/1666/521 900/1667/521 910/1668/521
f 910/1668/522 900/1667/522 896/1669/522 907/1670/522
f 1671/1671/21 1676/1672/21 899/1673/21 895/1674/21
f 1668/1675/523 902/1663/523 906/1676/523 1669/1677/523
f 1673/1678/17 1677/1679/17 903/1680/17 905/1681/17
f 1675/1682/524 896/1683/524 903/1684/524 1677/1685/524
f 896/1669/525 900/1667/525 905/1681/525 903/1686/525
f 902/1663/526 898/1661/526 904/1687/526 906/1676/526
f 899/1673/527 910/1668/527 907/1670/527 895/1688/527
f 1676/1672/528 1674/1665/528 910/1668/528 899/1673/528
f 897/1689/529 908/1662/529 909/1664/529 901/1690/529
f 1667/1691/530 1666/1659/530 908/1662/530 897/1689/530
f 1671/1692/531 1678/1693/531 918/1694/531 911/1695/531
f 932/1696/9 930/1697/9 917/1698/9 913/1699/9
f 931/1700/532 912/1701/532 915/1702/532 933/1703/532
f 929/1704/17 933/1705/17 915/1706/17 916/1707/17
f 1672/1666/533 914/1708/533 916/1707/533 1673/1678/533
f 927/1709/534 932/1696/534 913/1699/534 911/1710/534
f 930/1697/535 928/1711/535 914/1708/535 917/1698/535
f 1678/1693/536 1675/1682/536 912/1701/536 918/1694/536
f 1670/1712/537 1668/1675/537 924/1713/537 926/1714/537
f 1667/1715/538 1664/1716/538 920/1717/538 923/1718/538
f 1669/1677/17 1665/1719/17 921/1720/17 925/1721/17
f 1663/1660/539 919/1722/539 921/1723/539 1665/1724/539
f 1664/1716/540 1670/1712/540 926/1714/540 920/1717/540
f 927/1725/15 934/1726/15 922/1727/15 923/1728/15
f 928/1711/541 924/1713/541 925/1721/541 929/1704/541
f 934/1726/542 931/1700/542 919/1722/542 922/1727/542
f 918/1694/543 912/1701/543 931/1700/543 934/1726/543
f 914/1708/544 928/1711/544 929/1704/544 916/1707/544
f 911/1695/15 918/1694/15 934/1726/15 927/1725/15
f 926/1714/545 924/1713/545 928/1711/545 930/1697/545
f 923/1718/534 920/1717/534 932/1696/534 927/1709/534
f 925/1721/17 921/1720/17 933/1705/17 929/1704/17
f 919/1722/546 931/1700/546 933/1703/546 921/1723/546
f 920/1717/9 926/1714/9 930/1697/9 932/1696/9
f 89/238/15 1604/237/15 1609/1729/15 1611/1730/15 1610/234/15 935/233/15 958/247/15 793/313/15
f 92/253/547 938/246/547 957/273/547 794/266/547
f 98/267/548 940/276/548 956/578/548 747/579/548
f 97/314/15 939/250/15 955/580/15 755/576/15
f 755/576/15 955/580/15 954/453/15 264/459/15
f 747/579/548 956/578/548 953/457/548 257/456/548
f 192/1731/22 950/528/22 952/241/22 228/1732/22
f 146/1209/84 944/309/84 951/497/84 224/1210/84
f 90/1733/22 936/240/22 950/528/22 192/1731/22
f 224/1210/84 951/497/84 949/389/84 205/1211/84
f 102/287/9 942/284/9 948/306/9 182/1212/9
f 101/270/15 941/292/15 947/337/15 181/404/15
f 257/456/548 953/457/548 946/281/548 164/286/548
f 264/459/15 954/453/15 945/289/15 162/269/15
f 205/1211/84 949/389/84 943/392/84 144/1213/84
f 181/404/549 947/337/549 943/340/549 145/405/549
f 182/1212/550 948/306/550 944/309/550 146/1209/550
f 162/269/551 945/289/551 941/292/551 101/270/551
f 164/286/552 946/281/552 942/284/552 102/287/552
f 794/266/553 957/273/553 940/276/553 98/267/553
f 793/313/15 958/247/15 939/250/15 97/314/15
f 94/252/554 937/244/554 938/246/554 92/253/554
f 228/1732/22 952/241/22 937/244/22 94/252/22
f 88/1357/555 935/233/555 936/240/555 90/1733/555
f 967/1734/556 960/1735/556 962/1736/556 968/1737/556
f 968/1737/22 962/1736/22 966/1738/22 969/1739/22
f 969/1739/557 966/1738/557 964/1740/557 970/1741/557
f 970/1741/18 964/1740/18 960/1742/18 967/1743/18
f 961/1744/21 965/1745/21 963/1746/21 959/1747/21
f 966/1738/17 962/1748/17 960/1749/17 964/1740/17
f 982/1750/18 970/1741/18 967/1743/18 979/1751/18 1805/1752/18 1820/1753/18 1822/1754/18 1807/1755/18 1797/1756/18 1779/1757/18 1816/1758/18 1818/1759/18 1775/1760/18 1814/1761/18
f 981/1762/558 969/1739/558 970/1741/558 982/1750/558
f 980/1763/22 968/1737/22 969/1739/22 981/1762/22 1768/1764/22 1767/1765/22 1774/1766/22 1817/1767/22 1815/1768/22 1776/1769/22 1777/1770/22 1795/1771/22 1794/1772/22 1806/1773/22 1821/1774/22 1819/1775/22 1802/1776/22 1803/1777/22
f 979/1778/559 967/1734/559 968/1737/559 980/1763/559
f 959/1779/560 974/1780/560 971/1781/560 961/1782/560
f 961/1782/22 971/1781/22 972/1783/22 965/1745/22
f 965/1745/561 972/1783/561 973/1784/561 963/1746/561
f 963/1746/18 973/1784/18 974/1785/18 959/1786/18
f 974/1780/562 975/1787/562 976/1788/562 971/1781/562
f 971/1781/22 976/1788/22 1753/1789/22 1751/1790/22 1749/1791/22 1747/1792/22 1745/1793/22 1703/1794/22 1701/1795/22 1697/1796/22 1699/1797/22 1693/1798/22 1691/1799/22 1695/1800/22 1739/1801/22 1741/1802/22 1743/1803/22 1726/1804/22 1725/1805/22 1723/1806/22 1721/1807/22 1719/1808/22 1689/1809/22 1687/1810/22 1683/1811/22 1685/1812/22 1681/1813/22 1679/1814/22 1715/1815/22 1717/1816/22 1705/1817/22 1706/1818/22 977/1819/22 972/1783/22
f 972/1783/563 977/1819/563 978/1820/563 973/1784/563
f 973/1784/18 978/1820/18 1707/1821/18 1708/1822/18 1718/1823/18 1716/1824/18 1680/1825/18 1682/1826/18 1686/1827/18 1684/1828/18 1688/1829/18 1690/1830/18 1720/1831/18 1722/1832/18 1724/1833/18 1727/1834/18 1730/1835/18 1744/1836/18 1742/1837/18 1740/1838/18 1696/1839/18 1692/1840/18 1694/1841/18 1700/1842/18 1698/1843/18 1702/1844/18 1704/1845/18 1746/1846/18 1748/1847/18 1750/1848/18 1752/1849/18 1755/1850/18 975/1851/18 974/1785/18
f 975/1787/564 979/1778/564 980/1763/564 976/1788/564
f 976/1788/22 980/1763/22 1803/1777/22 1800/1852/22 1798/1853/22 1812/1854/22 1810/1855/22 1808/1856/22 1757/1857/22 1754/1858/22 1753/1789/22
f 977/1819/565 981/1762/565 982/1750/565 978/1820/565
f 978/1820/18 982/1750/18 1814/1761/18 1769/1859/18 1766/1860/18 1764/1861/18 1762/1862/18 1760/1863/18 1714/1864/18 1712/1865/18 1710/1866/18 1707/1821/18
f 983/1867/566 984/1868/566 986/1869/566 985/1870/566
f 985/1870/567 986/1869/567 988/1871/567 987/1872/567
f 987/1872/568 988/1871/568 990/1873/568 989/1874/568
f 989/1874/569 990/1873/569 992/1875/569 991/1876/569
f 991/1876/570 992/1875/570 994/1877/570 993/1878/570
f 993/1878/571 994/1877/571 996/1879/571 995/1880/571
f 995/1880/572 996/1879/572 998/1881/572 997/1882/572
f 997/1882/573 998/1881/573 1000/1883/573 999/1884/573
f 999/1884/574 1000/1883/574 1002/1885/574 1001/1886/574
f 1001/1886/575 1002/1885/575 1004/1887/575 1003/1888/575
f 1003/1888/576 1004/1887/576 1006/1889/576 1005/1890/576
f 1005/1890/577 1006/1889/577 1008/1891/577 1007/1892/577
f 1007/1892/578 1008/1891/578 1010/1893/578 1009/1894/578
f 1009/1894/579 1010/1893/579 1012/1895/579 1011/1896/579
f 1011/1896/580 1012/1895/580 1014/1897/580 1013/1898/580
f 1013/1898/581 1014/1897/581 1016/1899/581 1015/1900/581
f 1015/1900/582 1016/1899/582 1018/1901/582 1017/1902/582
f 1017/1902/583 1018/1901/583 1020/1903/583 1019/1904/583
f 1019/1904/584 1020/1903/584 1022/1905/584 1021/1906/584
f 1021/1906/585 1022/1905/585 1024/1907/585 1023/1908/585
f 1023/1908/586 1024/1907/586 1026/1909/586 1025/1910/586
f 1025/1910/587 1026/1909/587 1028/1911/587 1027/1912/587
f 1027/1912/588 1028/1911/588 1030/1913/588 1029/1914/588
f 1029/1914/589 1030/1913/589 1032/1915/589 1031/1916/589
f 1031/1916/590 1032/1915/590 1034/1917/590 1033/1918/590
f 1033/1918/591 1034/1917/591 1036/1919/591 1035/1920/591
f 1035/1920/592 1036/1919/592 1038/1921/592 1037/1922/592
f 1037/1922/593 1038/1921/593 1040/1923/593 1039/1924/593
f 1039/1924/594 1040/1923/594 1042/1925/594 1041/1926/594
f 1041/1926/595 1042/1925/595 1044/1927/595 1043/1928/595
f 986/1929/596 984/1930/596 1046/1931/596 1044/1932/596 1042/1933/596 1040/1934/596 1038/1935/596 1036/1936/596 1034/1937/596 1032/1938/596 1030/1939/596 1028/1940/596 1026/1941/596 1024/1942/596 1022/1943/596 1020/1944/596 1018/1945/596 1016/1946/596 1014/1947/596 1012/1948/596 1010/1949/596 1008/1950/596 1006/1951/596 1004/1952/596 1002/1953/596 1000/1954/596 998/1955/596 996/1956/596 994/1957/596 992/1958/596 990/1959/596 988/1960/596
f 1043/1928/597 1044/1927/597 1046/1961/597 1045/1962/597
f 1045/1962/598 1046/1961/598 984/1963/598 983/1964/598
f 983/1965/599 985/1966/599 987/1967/599 989/1968/599 991/1969/599 993/1970/599 995/1971/599 997/1972/599 999/1973/599 1001/1974/599 1003/1975/599 1005/1976/599 1007/1977/599 1009/1978/599 1011/1979/599 1013/1980/599 1015/1981/599 1017/1982/599 1019/1983/599 1021/1984/599 1023/1985/599 1025/1986/599 1027/1987/599 1029/1988/599 1031/1989/599 1033/1990/599 1035/1991/599 1037/1992/599 1039/1993/599 1041/1994/599 1043/1995/599 1045/1996/599
f 1047/1997/566 1048/1998/566 1050/1999/566 1049/2000/566
f 1049/2000/567 1050/1999/567 1052/2001/567 1051/2002/567
f 1051/2002/568 1052/2001/568 1054/2003/568 1053/2004/568
f 1053/2004/569 1054/2003/569 1056/2005/569 1055/2006/569
f 1055/2006/570 1056/2005/570 1058/2007/570 1057/2008/570
f 1057/2008/571 1058/2007/571 1060/2009/571 1059/2010/571
f 1059/2010/572 1060/2009/572 1062/2011/572 1061/2012/572
f 1061/2012/573 1062/2011/573 1064/2013/573 1063/2014/573
f 1063/2014/574 1064/2013/574 1066/2015/574 1065/2016/574
f 1065/2016/575 1066/2015/575 1068/2017/575 1067/2018/575
f 1067/2018/576 1068/2017/576 1070/2019/576 1069/2020/576
f 1069/2020/577 1070/2019/577 1072/2021/577 1071/2022/577
f 1071/2022/578 1072/2021/578 1074/2023/578 1073/2024/578
f 1073/2024/579 1074/2023/579 1076/2025/579 1075/2026/579
f 1075/2026/580 1076/2025/580 1078/2027/580 1077/2028/580
f 1077/2028/581 1078/2027/581 1080/2029/581 1079/2030/581
f 1079/2030/582 1080/2029/582 1082/2031/582 1081/2032/582
f 1081/2032/583 1082/2031/583 1084/2033/583 1083/2034/583
f 1083/2034/584 1084/2033/584 1086/2035/584 1085/2036/584
f 1085/2036/585 1086/2035/585 1088/2037/585 1087/2038/585
f 1087/2038/586 1088/2037/586 1090/2039/586 1089/2040/586
f 1089/2040/587 1090/2039/587 1092/2041/587 1091/2042/587
f 1091/2042/588 1092/2041/588 1094/2043/588 1093/2044/588
f 1093/2044/589 1094/2043/589 1096/2045/589 1095/2046/589
f 1095/2046/590 1096/2045/590 1098/2047/590 1097/2048/590
f 1097/2048/591 1098/2047/591 1100/2049/591 1099/2050/591
f 1099/2050/592 1100/2049/592 1102/2051/592 1101/2052/592
f 1101/2052/593 1102/2051/593 1104/2053/593 1103/2054/593
f 1103/2054/594 1104/2053/594 1106/2055/594 1105/2056/594
f 1105/2056/595 1106/2055/595 1108/2057/595 1107/2058/595
f 1050/2059/596 1048/2060/596 1110/2061/596 1108/2062/596 1106/2063/596 1104/2064/596 1102/2065/596 1100/2066/596 1098/2067/596 1096/2068/596 1094/2069/596 1092/2070/596 1090/2071/596 1088/2072/596 1086/2073/596 1084/2074/596 1082/2075/596 1080/2076/596 1078/2077/596 1076/2078/596 1074/2079/596 1072/2080/596 1070/2081/596 1068/2082/596 1066/2083/596 1064/2084/596 1062/2085/596 1060/2086/596 1058/2087/596 1056/2088/596 1054/2089/596 1052/2090/596
f 1107/2058/597 1108/2057/597 1110/2091/597 1109/2092/597
f 1109/2092/598 1110/2091/598 1048/2093/598 1047/2094/598
f 1047/2095/599 1049/2096/599 1051/2097/599 1053/2098/599 1055/2099/599 1057/2100/599 1059/2101/599 1061/2102/599 1063/2103/599 1065/2104/599 1067/2105/599 1069/2106/599 1071/2107/599 1073/2108/599 1075/2109/599 1077/2110/599 1079/2111/599 1081/2112/599 1083/2113/599 1085/2114/599 1087/2115/599 1089/2116/599 1091/2117/599 1093/2118/599 1095/2119/599 1097/2120/599 1099/2121/599 1101/2122/599 1103/2123/599 1105/2124/599 1107/2125/599 1109/2126/599
f 1111/2127/566 1112/2128/566 1114/2129/566 1113/2130/566
f 1113/2130/567 1114/2129/567 1116/2131/567 1115/2132/567
f 1115/2132/568 1116/2131/568 1118/2133/568 1117/2134/568
f 1117/2134/569 1118/2133/569 1120/2135/569 1119/2136/569
f 1119/2136/570 1120/2135/570 1122/2137/570 1121/2138/570
f 1121/2138/571 1122/2137/571 1124/2139/571 1123/2140/571
f 1123/2140/572 1124/2139/572 1126/2141/572 1125/2142/572
f 1125/2142/600 1126/2141/600 1128/2143/600 1127/2144/600
f 1127/2144/601 1128/2143/601 1130/2145/601 1129/2146/601
f 1129/2146/575 1130/2145/575 1132/2147/575 1131/2148/575
f 1131/2148/576 1132/2147/576 1134/2149/576 1133/2150/576
f 1133/2150/577 1134/2149/577 1136/2151/577 1135/2152/577
f 1135/2152/578 1136/2151/578 1138/2153/578 1137/2154/578
f 1137/2154/579 1138/2153/579 1140/2155/579 1139/2156/579
f 1139/2156/580 1140/2155/580 1142/2157/580 1141/2158/580
f 1141/2158/581 1142/2157/581 1144/2159/581 1143/2160/581
f 1143/2160/582 1144/2159/582 1146/2161/582 1145/2162/582
f 1145/2162/583 1146/2161/583 1148/2163/583 1147/2164/583
f 1147/2164/584 1148/2163/584 1150/2165/584 1149/2166/584
f 1149/2166/585 1150/2165/585 1152/2167/585 1151/2168/585
f 1151/2168/586 1152/2167/586 1154/2169/586 1153/2170/586
f 1153/2170/587 1154/2169/587 1156/2171/587 1155/2172/587
f 1155/2172/588 1156/2171/588 1158/2173/588 1157/2174/588
f 1157/2174/602 1158/2173/602 1160/2175/602 1159/2176/602
f 1159/2176/603 1160/2175/603 1162/2177/603 1161/2178/603
f 1161/2178/591 1162/2177/591 1164/2179/591 1163/2180/591
f 1163/2180/592 1164/2179/592 1166/2181/592 1165/2182/592
f 1165/2182/593 1166/2181/593 1168/2183/593 1167/2184/593
f 1167/2184/594 1168/2183/594 1170/2185/594 1169/2186/594
f 1169/2186/595 1170/2185/595 1172/2187/595 1171/2188/595
f 1114/2189/596 1112/2190/596 1174/2191/596 1172/2192/596 1170/2193/596 1168/2194/596 1166/2195/596 1164/2196/596 1162/2197/596 1160/2198/596 1158/2199/596 1156/2200/596 1154/2201/596 1152/2202/596 1150/2203/596 1148/2204/596 1146/2205/596 1144/2206/596 1142/2207/596 1140/2208/596 1138/2209/596 1136/2210/596 1134/2211/596 1132/2212/596 1130/2213/596 1128/2214/596 1126/2215/596 1124/2216/596 1122/2217/596 1120/2218/596 1118/2219/596 1116/2220/596
f 1171/2188/597 1172/2187/597 1174/2221/597 1173/2222/597
f 1173/2222/598 1174/2221/598 1112/2223/598 1111/2224/598
f 1111/2225/599 1113/2226/599 1115/2227/599 1117/2228/599 1119/2229/599 1121/2230/599 1123/2231/599 1125/2232/599 1127/2233/599 1129/2234/599 1131/2235/599 1133/2236/599 1135/2237/599 1137/2238/599 1139/2239/599 1141/2240/599 1143/2241/599 1145/2242/599 1147/2243/599 1149/2244/599 1151/2245/599 1153/2246/599 1155/2247/599 1157/2248/599 1159/2249/599 1161/2250/599 1163/2251/599 1165/2252/599 1167/2253/599 1169/2254/599 1171/2255/599 1173/2256/599
f 1175/2257/566 1176/2258/566 1178/2259/566 1177/2260/566
f 1177/2260/567 1178/2259/567 1180/2261/567 1179/2262/567
f 1179/2262/568 1180/2261/568 1182/2263/568 1181/2264/568
f 1181/2264/569 1182/2263/569 1184/2265/569 1183/2266/569
f 1183/2266/570 1184/2265/570 1186/2267/570 1185/2268/570
f 1185/2268/571 1186/2267/571 1188/2269/571 1187/2270/571
f 1187/2270/572 1188/2269/572 1190/2271/572 1189/2272/572
f 1189/2272/600 1190/2271/600 1192/2273/600 1191/2274/600
f 1191/2274/601 1192/2273/601 1194/2275/601 1193/2276/601
f 1193/2276/575 1194/2275/575 1196/2277/575 1195/2278/575
f 1195/2278/576 1196/2277/576 1198/2279/576 1197/2280/576
f 1197/2280/577 1198/2279/577 1200/2281/577 1199/2282/577
f 1199/2282/578 1200/2281/578 1202/2283/578 1201/2284/578
f 1201/2284/579 1202/2283/579 1204/2285/579 1203/2286/579
f 1203/2286/580 1204/2285/580 1206/2287/580 1205/2288/580
f 1205/2288/581 1206/2287/581 1208/2289/581 1207/2290/581
f 1207/2290/582 1208/2289/582 1210/2291/582 1209/2292/582
f 1209/2292/583 1210/2291/583 1212/2293/583 1211/2294/583
f 1211/2294/584 1212/2293/584 1214/2295/584 1213/2296/584
f 1213/2296/585 1214/2295/585 1216/2297/585 1215/2298/585
f 1215/2298/586 1216/2297/586 1218/2299/586 1217/2300/586
f 1217/2300/587 1218/2299/587 1220/2301/587 1219/2302/587
f 1219/2302/588 1220/2301/588 1222/2303/588 1221/2304/588
f 1221/2304/602 1222/2303/602 1224/2305/602 1223/2306/602
f 1223/2306/603 1224/2305/603 1226/2307/603 1225/2308/603
f 1225/2308/591 1226/2307/591 1228/2309/591 1227/2310/591
f 1227/2310/592 1228/2309/592 1230/2311/592 1229/2312/592
f 1229/2312/593 1230/2311/593 1232/2313/593 1231/2314/593
f 1231/2314/594 1232/2313/594 1234/2315/594 1233/2316/594
f 1233/2316/595 1234/2315/595 1236/2317/595 1235/2318/595
f 1178/2319/596 1176/2320/596 1238/2321/596 1236/2322/596 1234/2323/596 1232/2324/596 1230/2325/596 1228/2326/596 1226/2327/596 1224/2328/596 1222/2329/596 1220/2330/596 1218/2331/596 1216/2332/596 1214/2333/596 1212/2334/596 1210/2335/596 1208/2336/596 1206/2337/596 1204/2338/596 1202/2339/596 1200/2340/596 1198/2341/596 1196/2342/596 1194/2343/596 1192/2344/596 1190/2345/596 1188/2346/596 1186/2347/596 1184/2348/596 1182/2349/596 1180/2350/596
f 1235/2318/597 1236/2317/597 1238/2351/597 1237/2352/597
f 1237/2352/598 1238/2351/598 1176/2353/598 1175/2354/598
f 1175/2355/599 1177/2356/599 1179/2357/599 1181/2358/599 1183/2359/599 1185/2360/599 1187/2361/599 1189/2362/599 1191/2363/599 1193/2364/599 1195/2365/599 1197/2366/599 1199/2367/599 1201/2368/599 1203/2369/599 1205/2370/599 1207/2371/599 1209/2372/599 1211/2373/599 1213/2374/599 1215/2375/599 1217/2376/599 1219/2377/599 1221/2378/599 1223/2379/599 1225/2380/599 1227/2381/599 1229/2382/599 1231/2383/599 1233/2384/599 1235/2385/599 1237/2386/599
f 1247/2387/604 1240/2388/604 1242/2389/604 1248/2390/604
f 1248/2390/22 1242/2389/22 1246/2391/22 1249/2392/22
f 1249/2392/605 1246/2391/605 1244/2393/605 1250/2394/605
f 1250/2394/18 1244/2393/18 1240/2395/18 1247/2396/18
f 1241/2397/21 1245/2398/21 1243/2399/21 1239/2400/21
f 1246/2391/17 1242/2401/17 1240/2402/17 1244/2393/17
f 1262/2403/18 1250/2394/18 1247/2396/18 1259/2404/18
f 1261/2405/606 1249/2392/606 1250/2394/606 1262/2403/606
f 1260/2406/22 1248/2390/22 1249/2392/22 1261/2405/22
f 1259/2407/607 1247/2387/607 1248/2390/607 1260/2406/607
f 1239/2408/608 1254/2409/608 1251/2410/608 1241/2411/608
f 1241/2411/22 1251/2410/22 1851/2412/22 1850/2413/22 1836/2414/22 1830/2415/22 1828/2416/22 1834/2417/22 1847/2418/22 1854/2419/22 1844/2420/22 1832/2421/22 1824/2422/22 1826/2423/22 1838/2424/22 1842/2425/22 1252/2426/22 1245/2398/22
f 1245/2398/609 1252/2426/609 1253/2427/609 1243/2399/609
f 1243/2399/18 1253/2427/18 1839/2428/18 1837/2429/18 1825/2430/18 1823/2431/18 1831/2432/18 1843/2433/18 1863/2434/18 1848/2435/18 1833/2436/18 1827/2437/18 1829/2438/18 1835/2439/18 1849/2440/18 1858/2441/18 1254/2442/18 1239/2443/18
f 1254/2409/610 1255/2444/610 1256/2445/610 1251/2410/610
f 1251/2410/22 1256/2445/22 1913/2446/22 1912/2447/22 1908/2448/22 1906/2449/22 1868/2450/22 1859/2451/22 1851/2412/22
f 1252/2426/611 1257/2452/611 1258/2453/611 1253/2427/611
f 1253/2427/18 1258/2453/18 1872/2454/18 1873/2455/18 1879/2456/18 1860/2457/18 1852/2458/18 1840/2459/18 1839/2428/18
f 1255/2444/612 1259/2407/612 1260/2406/612 1256/2445/612
f 1256/2445/22 1260/2406/22 1261/2405/22 1257/2452/22 1871/2460/22 1869/2461/22 1875/2462/22 1877/2463/22 1917/2464/22 1919/2465/22 1921/2466/22 1923/2467/22 1925/2468/22 1965/2469/22 1931/2470/22 1929/2471/22 1927/2472/22 1933/2473/22 1935/2474/22 1937/2475/22 1891/2476/22 1888/2477/22 1887/2478/22 1893/2479/22 1897/2480/22 1899/2481/22 1939/2482/22 1941/2483/22 1943/2484/22 1945/2485/22 1947/2486/22 1949/2487/22 1957/2488/22 1955/2489/22 1953/2490/22 1951/2491/22 1963/2492/22 1961/2493/22 1959/2494/22 1909/2495/22 1914/2496/22 1913/2446/22
f 1257/2452/613 1261/2405/613 1262/2403/613 1258/2453/613
f 1258/2453/18 1262/2403/18 1259/2404/18 1255/2497/18 1916/2498/18 1915/2499/18 1910/2500/18 1960/2501/18 1962/2502/18 1964/2503/18 1952/2504/18 1954/2505/18 1956/2506/18 1958/2507/18 1950/2508/18 1948/2509/18 1946/2510/18 1944/2511/18 1942/2512/18 1940/2513/18 1900/2514/18 1898/2515/18 1894/2516/18 1890/2517/18 1889/2518/18 1892/2519/18 1938/2520/18 1936/2521/18 1934/2522/18 1928/2523/18 1930/2524/18 1932/2525/18 1966/2526/18 1926/2527/18 1924/2528/18 1922/2529/18 1920/2530/18 1918/2531/18 1878/2532/18 1876/2533/18 1870/2534/18 1872/2454/18
f 1506/2535/22 1507/2536/22 1574/2537/22 1572/2538/22 1573/2539/22 1571/2540/22
f 1313/2541/22 1312/2542/22 1309/2543/22 1308/2544/22 1306/2545/22 1307/2546/22
f 1534/2547/22 1535/2548/22 1584/2549/22 1582/2550/22 1583/2551/22 1581/2552/22
f 1399/2553/18 1400/2554/18 1421/2555/18 1458/2556/18 1457/2557/18 1456/2558/18
f 1333/2559/18 1334/2560/18 1338/2561/18 1335/2562/18 1336/2563/18 1337/2564/18
f 1484/2565/17 1485/2566/17 1483/2567/17 1482/2568/17
f 1439/1540/17 1440/2569/17 1458/2570/17 1421/1541/17
f 1403/1544/17 1404/2571/17 1445/2572/17 1442/1545/17
f 1430/1548/17 1431/2573/17 1464/2574/17 1466/1549/17
f 1497/1552/17 1498/2575/17 1489/2576/17 1490/1553/17
f 1493/1556/17 1494/2577/17 1480/2578/17 1476/1557/17
f 1517/1560/17 1518/2579/17 1470/2580/17 1486/1561/17
f 1525/1564/17 1526/2581/17 890/1597/17 887/1565/17
f 1482/2582/18 1483/2583/18 1490/2584/18 1489/2585/18 1488/2586/18 1487/2587/18
f 1372/2588/22 1371/2589/22 1344/2590/22 1343/2591/22 1341/2592/22 1342/2593/22
f 1508/1627/17 1510/2594/17 1502/2595/17 1512/1628/17
f 1571/1631/17 1573/2596/17 1567/2597/17 1538/1632/17
f 1558/1635/17 1560/2598/17 1545/2599/17 1549/1636/17
f 1581/1639/17 1583/2600/17 1542/2601/17 1569/1640/17
f 1562/1643/17 1564/2602/17 1586/2603/17 1588/1644/17
f 1589/1647/17 1591/2604/17 1576/2605/17 1570/1648/17
f 1528/2606/18 1527/2607/18 1570/2608/18 1576/2609/18 1575/2610/18 1577/2611/18
f 1514/2612/22 1513/2613/22 1515/2614/22 1516/2615/22 1518/2616/22 1517/2617/22
f 1397/2618/17 1398/2619/17 1433/2620/17 1432/2621/17
f 1278/2622/22 1277/2623/22 1282/2624/22 1281/2625/22 1279/2626/22 1280/2627/22
f 1435/2628/22 1434/2629/22 1437/2630/22 1438/2631/22 1440/2632/22 1439/2633/22
f 1354/2634/17 1355/2635/17 1334/2636/17 1333/2637/17
f 1510/2594/17 1509/2638/17 1501/2639/17 1502/2595/17
f 1573/2596/17 1572/2640/17 1566/2641/17 1567/2597/17
f 1560/2598/17 1559/2642/17 1544/2643/17 1545/2599/17
f 1583/2600/17 1582/2644/17 1541/2645/17 1542/2601/17
f 1564/2602/17 1563/2646/17 1585/2647/17 1586/2603/17
f 1591/2604/17 1590/2648/17 1575/2649/17 1576/2605/17
f 1339/2650/18 1340/2651/18 1394/2652/18 1391/2653/18 1392/2654/18 1393/2655/18
f 1555/2656/18 1554/2657/18 1538/2658/18 1567/2659/18 1566/2660/18 1568/2661/18
f 1362/2662/22 1361/2663/22 1359/2664/22 1358/2665/22 1356/2666/22 1357/2667/22
f 1513/2668/17 1514/2669/17 1481/2670/17 1479/2671/17
f 1267/2672/18 1268/2673/18 1286/2674/18 1283/2675/18 1284/2676/18 1285/2677/18
f 1266/2678/22 1265/2679/22 1276/2680/22 1275/2681/22 1273/2682/22 1274/2683/22
f 1301/2684/17 1302/2685/17 1319/2686/17 1318/2687/17
f 1273/2688/17 1275/2689/17 1284/2690/17 1283/2691/17
f 1279/2692/17 1281/2693/17 1315/2694/17 1314/2695/17
f 1306/2696/17 1308/2697/17 1328/2698/17 1327/2699/17
f 1288/2700/17 1290/2701/17 1321/2702/17 1320/2703/17
f 1323/2704/17 1325/2705/17 1297/2706/17 1296/2707/17
f 1345/2708/17 1347/2709/17 1385/2710/17 1384/2711/17
f 1376/2712/17 1378/2713/17 1366/2714/17 1365/2715/17
f 1356/2716/17 1358/2717/17 1336/2718/17 1335/2719/17
f 1350/2720/17 1352/2721/17 1392/2722/17 1391/2723/17
f 1387/2724/17 1389/2725/17 1374/2726/17 1373/2727/17
f 1341/2728/17 1343/2729/17 1453/2730/17 1452/2731/17
f 1424/2732/17 1426/2733/17 1449/2734/17 1448/2735/17
f 1509/2638/17 1511/2736/17 1503/2737/17 1501/2639/17
f 1572/2640/17 1574/2738/17 1568/2739/17 1566/2641/17
f 1559/2642/17 1561/2740/17 1546/2741/17 1544/2643/17
f 1582/2644/17 1584/2742/17 1543/2743/17 1541/2645/17
f 1563/2646/17 1565/2744/17 1587/2745/17 1585/2647/17
f 1590/2648/17 1592/2746/17 1577/2747/17 1575/2649/17
f 1446/2748/17 1447/2749/17 1423/2750/17 1422/2751/17
f 1420/2752/18 1419/2753/18 1411/2754/18 1416/2755/18 1417/2756/18 1418/2757/18
f 1507/2758/17 1506/2759/17 1474/2760/17 1475/2761/17
f 1382/2762/18 1383/2763/18 1349/2764/18 1384/2765/18 1385/2766/18 1386/2767/18
f 1318/2768/18 1319/2769/18 1317/2770/18 1320/2771/18 1321/2772/18 1322/2773/18
f 1530/2774/22 1531/2775/22 1561/2776/22 1559/2777/22 1560/2778/22 1558/2779/22
f 1381/2780/22 1380/2781/22 1379/2782/22 1378/2783/22 1376/2784/22 1377/2785/22
f 1475/2786/18 1474/2787/18 1512/2788/18 1502/2789/18 1501/2790/18 1503/2791/18
f 1434/2792/17 1435/2793/17 1436/2794/17 1419/2795/17 1420/2796/17 1441/2797/17
f 1557/2798/18 1556/2799/18 1588/2800/18 1586/2801/18 1585/2802/18 1587/2803/18
f 1499/2804/17 1500/2805/17 1465/2806/17 1463/2807/17
f 1409/2808/17 1410/2809/17 1406/2810/17 1405/2811/17 1407/2812/17 1408/2813/17
f 1310/2814/18 1311/2815/18 1287/2816/18 1314/2817/18 1315/2818/18 1316/2819/18
f 1304/2820/22 1303/2821/22 1348/2822/22 1347/2823/22 1345/2824/22 1346/2825/22
f 1415/2826/17 1412/2827/17 891/1601/17 893/1600/17
f 1410/2828/22 1409/2829/22 1412/2830/22 1415/2831/22 1413/2832/22 1414/2833/22
f 1292/2834/17 1293/2835/17 1300/2836/17 1299/2837/17
f 1331/2838/17 1332/2839/17 1340/2840/17 1339/2841/17
f 1294/2842/18 1295/2843/18 1305/2844/18 1296/2845/18 1297/2846/18 1298/2847/18
f 1550/2848/22 1551/2849/22 1553/2850/22 1552/2851/22
f 1473/2852/22 1472/2853/22 1523/2854/22 1524/2855/22 1526/2856/22 1525/2857/22
f 1277/2858/17 1278/2859/17 1268/2860/17 1267/2861/17
f 1355/2862/22 1354/2863/22 1353/2864/22 1352/2865/22 1350/2866/22 1351/2867/22
f 1396/2868/22 1395/2869/22 1401/2870/22 1402/2871/22 1404/2872/22 1403/2873/22
f 1500/2874/22 1499/2875/22 1495/2876/22 1496/2877/22 1498/2878/22 1497/2879/22
f 1533/2880/17 1532/2881/17 1556/2882/17 1557/2883/17
f 1532/2884/22 1533/2885/22 1592/2886/22 1590/2887/22 1591/2888/22 1589/2889/22
f 1293/2890/22 1292/2891/22 1291/2892/22 1290/2893/22 1288/2894/22 1289/2895/22
f 1407/2896/18 1405/2897/18 1451/2898/18 1448/2899/18 1449/2900/18 1450/2901/18
f 1485/2902/22 1484/2903/22 1491/2904/22 1492/2905/22 1494/2906/22 1493/2907/22
f 1332/2908/22 1331/2909/22 1390/2910/22 1389/2911/22 1387/2912/22 1388/2913/22
f 1479/2914/18 1481/2915/18 1476/2916/18 1480/2917/18 1478/2918/18 1477/2919/18
f 1413/2920/17 1415/2826/17 893/1600/17 894/1604/17
f 1265/2921/17 1266/2922/17 1264/2923/17 1263/2924/17
f 1472/2925/17 1473/2926/17 1471/2927/17 1469/2928/17
f 1312/2929/17 1313/2930/17 1311/2931/17 1310/2932/17
f 1535/2933/17 1534/2934/17 1536/2935/17 1537/2936/17
f 1299/2937/18 1300/2938/18 1330/2939/18 1327/2940/18 1328/2941/18 1329/2942/18
f 1371/2943/17 1372/2944/17 1370/2945/17 1369/2946/17
f 1361/2947/17 1362/2948/17 1364/2949/17 1363/2950/17
f 1505/2951/18 1504/2952/18 1522/2953/18 1520/2954/18 1519/2955/18 1521/2956/18
f 1547/2957/22 1548/2958/22 1565/2959/22 1563/2960/22 1564/2961/22 1562/2962/22
f 1537/2963/18 1536/2964/18 1549/2965/18 1545/2966/18 1544/2967/18 1546/2968/18
f 1469/2969/18 1471/2970/18 1486/2971/18 1470/2972/18 1468/2973/18 1467/2974/18
f 1463/2975/18 1465/2976/18 1466/2977/18 1464/2978/18 1462/2979/18 1461/2980/18
f 1540/2981/18 1539/2982/18 1569/2983/18 1542/2984/18 1541/2985/18 1543/2986/18
f 1459/2987/22 1460/2988/22 1511/2989/22 1509/2990/22 1510/2991/22 1508/2992/22
f 1551/2993/17 1550/2994/17 1578/2995/17 1579/2996/17 1580/2997/17 1529/2998/17
f 1527/2999/17 1528/3000/17 1529/2998/17 1580/2997/17 1579/2996/17 1578/2995/17
f 1398/3001/22 1397/3002/22 1428/3003/22 1429/3004/22 1431/3005/22 1430/3006/22
f 1369/3007/18 1370/3008/18 1368/3009/18 1373/3010/18 1374/3011/18 1375/3012/18
f 1414/1567/17 1413/2920/17 894/1604/17 892/1568/17
f 1460/3013/17 1459/3014/17 1504/3015/17 1505/3016/17
f 1395/3017/17 1396/3018/17 1400/3019/17 1399/3020/17
f 1263/3021/18 1264/3022/18 1272/3023/18 1269/3024/18 1270/3025/18 1271/3026/18
f 1432/3027/18 1433/3028/18 1442/3029/18 1445/3030/18 1444/3031/18 1443/3032/18
f 1302/3033/22 1301/3034/22 1326/3035/22 1325/3036/22 1323/3037/22 1324/3038/22
f 1274/1392/17 1273/2688/17 1283/2691/17 1286/1393/17
f 1280/1396/17 1279/2692/17 1314/2695/17 1287/1397/17
f 1307/1400/17 1306/2696/17 1327/2699/17 1330/1401/17
f 1289/1404/17 1288/2700/17 1320/2703/17 1317/1405/17
f 1324/1408/17 1323/2704/17 1296/2707/17 1305/1409/17
f 1346/1412/17 1345/2708/17 1384/2711/17 1349/1413/17
f 1377/1416/17 1376/2712/17 1365/2715/17 1360/1417/17
f 1357/1420/17 1356/2716/17 1335/2719/17 1338/1421/17
f 1351/1424/17 1350/2720/17 1391/2723/17 1394/1425/17
f 1388/1428/17 1387/2724/17 1373/2727/17 1368/1429/17
f 1342/1432/17 1341/2728/17 1452/2731/17 1455/1433/17
f 1425/1436/17 1424/2732/17 1448/2735/17 1451/1437/17
f 1303/3039/17 1304/3040/17 1295/3041/17 1294/3042/17
f 1531/3043/17 1530/3044/17 1554/3045/17 1555/3046/17
f 1548/3047/17 1547/3048/17 1539/3049/17 1540/3050/17
f 1380/3051/17 1381/3052/17 1383/3053/17 1382/3054/17
f 1422/3055/18 1423/3056/18 1455/3057/18 1452/3058/18 1453/3059/18 1454/3060/18
f 1440/2569/17 1438/3061/17 1457/3062/17 1458/2570/17
f 1404/2571/17 1402/3063/17 1444/3064/17 1445/2572/17
f 1431/2573/17 1429/3065/17 1462/3066/17 1464/2574/17
f 1498/2575/17 1496/3067/17 1488/3068/17 1489/2576/17
f 1494/2577/17 1492/3069/17 1478/3070/17 1480/2578/17
f 1518/2579/17 1516/3071/17 1468/3072/17 1470/2580/17
f 1526/2581/17 1524/3073/17 889/1606/17 890/1597/17
f 1447/3074/22 1446/3075/22 1427/3076/22 1426/3077/22 1424/3078/22 1425/3079/22
f 1275/2689/17 1276/3080/17 1285/3081/17 1284/2690/17
f 1281/2693/17 1282/3082/17 1316/3083/17 1315/2694/17
f 1308/2697/17 1309/3084/17 1329/3085/17 1328/2698/17
f 1290/2701/17 1291/3086/17 1322/3087/17 1321/2702/17
f 1325/2705/17 1326/3088/17 1298/3089/17 1297/2706/17
f 1347/2709/17 1348/3090/17 1386/3091/17 1385/2710/17
f 1378/2713/17 1379/3092/17 1367/3093/17 1366/2714/17
f 1358/2717/17 1359/3094/17 1337/3095/17 1336/2718/17
f 1352/2721/17 1353/3096/17 1393/3097/17 1392/2722/17
f 1389/2725/17 1390/3098/17 1375/3099/17 1374/2726/17
f 1343/2729/17 1344/3100/17 1454/3101/17 1453/2730/17
f 1426/2733/17 1427/3102/17 1450/3103/17 1449/2734/17
f 1363/3104/18 1364/3105/18 1360/3106/18 1365/3107/18 1366/3108/18 1367/3109/18
f 1438/3061/17 1437/3110/17 1456/3111/17 1457/3062/17
f 1402/3063/17 1401/3112/17 1443/3113/17 1444/3064/17
f 1429/3065/17 1428/3114/17 1461/3115/17 1462/3066/17
f 1496/3067/17 1495/3116/17 1487/3117/17 1488/3068/17
f 1492/3069/17 1491/3118/17 1477/3119/17 1478/3070/17
f 1516/3071/17 1515/3120/17 1467/3121/17 1468/3072/17
f 1524/3073/17 1523/3122/17 888/1607/17 889/1606/17
f 1595/1053/614 1594/3123/614 589/1068/614 559/1054/614
f 1603/228/15 85/227/15 87/229/15 1598/223/15 1599/222/15 2152/221/15 2148/3124/15 2149/3125/15 1600/3126/15 1601/3127/15 2158/3128/15 2157/3129/15 2159/3130/15 2163/3131/15 1602/3132/15
f 1605/3133/15 1606/3134/15 2042/3135/15 2043/3136/15
f 1614/3137/21 1603/3138/21 1602/3139/21 547/1007/21 545/1010/21 543/3140/21
f 1594/3123/15 1597/3141/15 1605/3133/15 2043/3136/15 2035/3142/15 2036/3143/15 2034/3144/15 2018/3145/15 2020/3146/15 2017/3147/15 2010/3148/15 2009/3149/15 582/1056/15 589/1068/15
f 1607/3150/15 1608/3151/15 1612/3152/15 583/3153/15 573/1062/15 579/1061/15
f 1606/3134/15 1607/3150/15 579/1061/15 580/1060/15 2039/3154/15 2037/3155/15 2044/3156/15 2033/3157/15 2041/3158/15 2042/3135/15
f 1602/3159/615 2163/3160/615 2161/3161/615 2155/3162/615 2154/3163/615 2158/3164/615 1601/1029/615 548/1008/615 547/1007/615
f 1612/3152/616 1613/1005/616 544/1004/616 583/3153/616
f 1593/3165/18 86/219/18 1598/223/18 87/229/18 1596/3166/18
f 1611/3167/17 84/224/17 2162/3168/17 2160/3169/17 2156/3170/17 2145/3171/17 2151/3172/17 2153/220/17 86/219/17 1593/3173/17 1610/3174/17
f 1615/3175/15 1616/3176/15 1618/3177/15 1617/3178/15
f 1617/3178/617 1618/3177/617 1622/3179/617 1621/3180/617
f 1621/3180/9 1622/3179/9 1620/3181/9 1619/3182/9
f 1619/3182/618 1620/3181/618 1616/3183/618 1615/3184/618
f 1617/3185/619 1621/3180/619 1619/3182/619 1615/3186/619
f 1622/3179/620 1618/3187/620 1616/3188/620 1620/3181/620
f 1627/3189/127 1623/3190/127 1624/394/127 151/300/127 153/299/127
f 1653/488/126 1655/3191/126 1651/3192/126 1648/3193/126 1646/3194/126 1643/3195/126 1642/3196/126 1640/3197/126 1638/3198/126 1636/3199/126 1635/3200/126 1634/3201/126 1631/3202/126 1630/3203/126 234/551/126 208/489/126
f 1630/3203/126 1628/3204/126 1626/3205/126 1627/3189/126 153/299/126 155/410/126 234/551/126
f 901/1690/621 909/1664/621 1670/1712/621 1664/1716/621
f 898/1661/622 1663/1660/622 1665/1724/622 904/1687/622
f 906/1676/17 904/3206/17 1665/1719/17 1669/1677/17
f 897/3207/538 901/1690/538 1664/1716/538 1667/1715/538
f 909/1664/623 902/1663/623 1668/1675/623 1670/1712/623
f 923/1728/624 922/1727/624 1666/1659/624 1667/1691/624
f 924/1713/625 1668/1675/625 1669/1677/625 925/1721/625
f 922/1727/626 919/1722/626 1663/1660/626 1666/1659/626
f 907/3208/627 896/1683/627 1675/1682/627 1678/1693/627
f 900/1667/628 1672/1666/628 1673/1678/628 905/1681/628
f 895/3209/629 907/3208/629 1678/1693/629 1671/1692/629
f 913/1699/630 917/1698/630 1674/1665/630 1676/1672/630
f 912/1701/631 1675/1682/631 1677/1685/631 915/1702/631
f 916/1707/17 915/1706/17 1677/1679/17 1673/1678/17
f 911/1710/21 913/1699/21 1676/1672/21 1671/1671/21
f 917/1698/632 914/1708/632 1672/1666/632 1674/1665/632
f 1919/3210/633 1920/3211/633 1922/3212/633 1921/3213/633
f 1679/3214/634 1680/3215/634 1716/3216/634 1715/3217/634
f 1697/3218/635 1698/3219/635 1700/3220/635 1699/3221/635
f 1959/3222/636 1960/3223/636 1910/3224/636 1909/3225/636
f 1904/3226/637 1903/3227/637 1895/3228/637 1896/3229/637
f 1715/3217/638 1716/3216/638 1718/3230/638 1717/3231/638
f 1927/3232/639 1928/3233/639 1934/3234/639 1933/3235/639
f 1891/3236/640 1892/3237/640 1889/3238/640 1888/3239/640
f 1937/3240/636 1938/3241/636 1892/3237/636 1891/3236/636
f 1687/3242/641 1688/3243/641 1684/3244/641 1683/3245/641
f 1812/3246/642 1813/3247/642 1811/3248/642 1810/3249/642
f 1767/3250/643 1769/3251/643 1814/3252/643 1775/3253/643 1774/3254/643
f 1826/3255/644 1825/3256/644 1837/3257/644 1838/3258/644
f 1884/3259/645 1883/3260/645 1881/3261/645 1882/3262/645
f 1877/3263/646 1878/3264/646 1918/3265/646 1917/3266/646
f 1836/3267/641 1835/3268/641 1829/3269/641 1830/3270/641
f 1935/3271/642 1936/3272/642 1938/3241/642 1937/3240/642
f 1955/3273/647 1956/3274/647 1954/3275/647 1953/3276/647
f 1899/3277/648 1900/3278/648 1940/3279/648 1939/3280/648
f 1786/3281/646 1787/3282/646 1789/3283/646 1788/3284/646
f 1751/3285/645 1752/3286/645 1750/3287/645 1749/3288/645
f 1961/3289/642 1962/3290/642 1960/3223/642 1959/3222/642
f 1850/3291/649 1849/3292/649 1835/3268/649 1836/3267/649
f 1685/3293/644 1686/3294/644 1682/3295/644 1681/3296/644
f 1868/3297/650 1867/3298/650 1857/3299/650 1859/3300/650
f 1759/3301/646 1760/3302/646 1762/3303/646 1761/3304/646
f 1888/3239/651 1889/3238/651 1890/3305/651 1885/3306/651 1886/3307/651 1887/3308/651
f 1721/3309/650 1722/3310/650 1720/3311/650 1719/3312/650
f 1886/3307/652 1885/3306/652 1883/3260/652 1884/3259/652
f 1747/3313/650 1748/3314/650 1746/3315/650 1745/3316/650
f 1798/3317/653 1799/3318/653 1813/3247/653 1812/3246/653
f 1788/3284/654 1789/3283/654 1791/3319/654 1790/3320/654
f 1770/3321/653 1771/3322/653 1785/3323/653 1784/3324/653
f 1947/3325/643 1948/3326/643 1950/3327/643 1949/3328/643
f 1830/3270/635 1829/3269/635 1827/3329/635 1828/3330/635
f 1917/3266/654 1918/3265/654 1920/3211/654 1919/3210/654
f 1731/3331/651 1732/3332/651 1729/3333/651 1728/3334/651
f 1794/3335/643 1796/3336/643 1797/3337/643 1807/3338/643 1806/3339/643
f 1941/3340/654 1942/3341/654 1944/3342/654 1943/3343/654
f 1921/3213/655 1922/3212/655 1924/3344/655 1923/3345/655
f 1844/3346/649 1843/3347/649 1831/3348/649 1832/3349/649
f 1780/3350/640 1781/3351/640 1732/3332/640 1731/3331/640
f 1782/3352/636 1783/3353/636 1781/3351/636 1780/3350/636
f 1923/3345/643 1924/3344/643 1926/3354/643 1925/3355/643
f 1859/3300/656 1857/3299/656 1858/3356/656 1849/3292/656 1850/3291/656 1851/3357/656
f 1949/3328/657 1950/3327/657 1958/3358/657 1957/3359/657
f 1909/3225/640 1910/3224/640 1915/3360/640 1914/3361/640
f 1693/3362/658 1694/3363/658 1692/3364/658 1691/3365/658
f 1902/3366/659 1901/3367/659 1903/3227/659 1904/3226/659
f 1945/3368/655 1946/3369/655 1948/3326/655 1947/3325/655
f 1815/3370/647 1816/3371/647 1779/3372/647 1778/3373/647 1776/3374/647
f 1914/3361/651 1915/3360/651 1916/3375/651 1911/3376/651 1912/3377/651 1913/3378/651
f 1875/3379/648 1876/3380/648 1878/3264/648 1877/3263/648
f 1739/3381/659 1740/3382/659 1742/3383/659 1741/3384/659
f 1709/3385/660 1710/3386/660 1712/3387/660 1711/3388/660
f 1776/3374/661 1778/3373/661 1773/3389/661 1772/3390/661 1777/3391/661
f 1824/3392/635 1823/3393/635 1825/3256/635 1826/3255/635
f 1754/3394/652 1756/3395/652 1755/3396/652 1752/3286/652 1751/3285/652 1753/3397/652
f 1681/3296/658 1682/3295/658 1680/3215/658 1679/3214/658
f 1808/3398/640 1809/3399/640 1758/3400/640 1757/3401/640
f 1856/3402/638 1855/3403/638 1901/3367/638 1902/3366/638
f 1906/3404/662 1905/3405/662 1867/3298/662 1868/3297/662
f 1741/3384/637 1742/3383/637 1744/3406/637 1736/3407/637 1735/3408/637 1743/3409/637
f 1933/3235/653 1934/3234/653 1936/3272/653 1935/3271/653
f 1908/3410/645 1907/3411/645 1905/3405/645 1906/3404/645
f 1719/3312/656 1720/3311/656 1690/3412/656 1689/3413/656
f 1761/3304/654 1762/3303/654 1764/3414/654 1763/3415/654
f 1703/3416/649 1704/3417/649 1702/3418/649 1701/3419/649
f 1711/3388/663 1712/3387/663 1714/3420/663 1713/3421/663
f 1866/3422/650 1865/3423/650 1862/3424/650 1864/3425/650
f 1728/3334/652 1729/3333/652 1730/3426/652 1727/3427/652 1725/3428/652 1726/3429/652
f 1800/3430/639 1801/3431/639 1799/3318/639 1798/3317/639
f 1832/3349/641 1831/3348/641 1823/3393/641 1824/3392/641
f 1772/3390/639 1773/3389/639 1771/3322/639 1770/3321/639
f 1701/3419/641 1702/3418/641 1698/3219/641 1697/3218/641
f 1743/1803/22 1735/3432/22 1733/3433/22 1737/3434/22 1786/3435/22 1788/3436/22 1790/3437/22 1792/3438/22 1795/1771/22 1777/1770/22 1772/3439/22 1770/3440/22 1784/3441/22 1782/3442/22 1780/3443/22 1731/3444/22 1728/3445/22 1726/1804/22
f 1706/1818/22 1709/3446/22 1711/3447/22 1713/3448/22 1759/3449/22 1761/3450/22 1763/3451/22 1765/3452/22 1768/1764/22 981/1762/22 977/1819/22
f 1912/3377/652 1911/3376/652 1907/3411/652 1908/3410/652
f 1705/3453/637 1708/3454/637 1707/3455/637 1710/3386/637 1709/3385/637 1706/3456/637
f 1733/3457/663 1734/3458/663 1738/3459/663 1737/3460/663
f 1699/3221/644 1700/3220/644 1694/3363/644 1693/3362/644
f 1765/3461/655 1766/3462/655 1769/3251/655 1767/3250/655 1768/3463/655
f 1723/3464/662 1724/3465/662 1722/3310/662 1721/3309/662
f 1821/3466/664 1822/3467/664 1820/3468/664 1819/3469/664
f 1853/3470/638 1852/3471/638 1860/3472/638 1861/3473/638
f 1869/3474/663 1870/3475/663 1876/3380/663 1875/3379/663
f 1819/3469/647 1820/3468/647 1805/3476/647 1804/3477/647 1802/3478/647
f 1828/3330/644 1827/3329/644 1833/3479/644 1834/3480/644
f 1864/3425/656 1862/3424/656 1863/3481/656 1843/3347/656 1844/3346/656 1854/3482/656
f 1838/3258/658 1837/3257/658 1839/3483/658 1840/3484/658 1841/3485/658 1842/3486/658
f 1806/3339/657 1807/3338/657 1822/3487/657 1821/3488/657
f 1931/3489/647 1932/3490/647 1930/3491/647 1929/3492/647
f 1745/3316/656 1746/3315/656 1704/3417/656 1703/3416/656
f 1725/3428/645 1727/3427/645 1724/3465/645 1723/3464/645
f 1763/3415/633 1764/3414/633 1766/3462/633 1765/3461/633
f 1695/3493/638 1696/3494/638 1740/3382/638 1739/3381/638
f 1757/3401/651 1758/3400/651 1756/3395/651 1754/3394/651
f 1929/3492/661 1930/3491/661 1928/3233/661 1927/3232/661
f 1834/3480/658 1833/3479/658 1848/3495/658 1845/3496/658 1846/3497/658 1847/3498/658
f 1880/3499/637 1879/3500/637 1873/3501/637 1874/3502/637
f 1897/3503/663 1898/3504/663 1900/3278/663 1899/3277/663
f 1802/3478/661 1804/3477/661 1801/3431/661 1800/3430/661 1803/3505/661
f 1717/3231/659 1718/3230/659 1708/3454/659 1705/3453/659
f 1737/3460/648 1738/3459/648 1787/3282/648 1786/3281/648
f 1939/3280/646 1940/3279/646 1942/3341/646 1941/3340/646
f 1896/3229/660 1895/3228/660 1894/3506/660 1898/3504/660 1897/3503/660 1893/3507/660
f 1861/3473/659 1860/3472/659 1879/3500/659 1880/3499/659
f 1846/3497/634 1845/3496/634 1855/3403/634 1856/3402/634
f 1735/3408/660 1736/3407/660 1734/3458/660 1733/3457/660
f 1810/3249/636 1811/3248/636 1809/3399/636 1808/3398/636
f 1951/3508/639 1952/3509/639 1964/3510/639 1963/3511/639
f 1943/3343/633 1944/3342/633 1946/3369/633 1945/3368/633
f 1965/3512/664 1966/3513/664 1932/3490/664 1931/3489/664
f 1790/3320/633 1791/3319/633 1793/3514/633 1792/3515/633
f 1925/3355/657 1926/3354/657 1966/3516/657 1965/3517/657
f 1730/1835/18 1729/3518/18 1732/3519/18 1781/3520/18 1783/3521/18 1785/3522/18 1771/3523/18 1773/3524/18 1778/3525/18 1779/1757/18 1797/1756/18 1796/3526/18 1793/3527/18 1791/3528/18 1789/3529/18 1787/3530/18 1738/3531/18 1734/3532/18 1736/3533/18 1744/1836/18
f 1755/1850/18 1756/3534/18 1758/3535/18 1809/3536/18 1811/3537/18 1813/3538/18 1799/3539/18 1801/3540/18 1804/3541/18 1805/1752/18 979/1751/18 975/1851/18
f 1841/3485/634 1840/3484/634 1852/3471/634 1853/3470/634
f 1817/3542/664 1818/3543/664 1816/3371/664 1815/3370/664
f 1882/3262/662 1881/3261/662 1865/3423/662 1866/3422/662
f 1863/2434/18 1862/3544/18 1865/3545/18 1881/3546/18 1883/3547/18 1885/3548/18 1890/2517/18 1894/2516/18 1895/3549/18 1903/3550/18 1901/3551/18 1855/3552/18 1845/3553/18 1848/2435/18
f 1858/2441/18 1857/3554/18 1867/3555/18 1905/3556/18 1907/3557/18 1911/3558/18 1916/2498/18 1255/2497/18 1254/2442/18
f 1784/3324/642 1785/3323/642 1783/3353/642 1782/3352/642
f 1963/3511/653 1964/3510/653 1962/3290/653 1961/3289/653
f 1874/3502/660 1873/3501/660 1872/3559/660 1870/3475/660 1869/3474/660 1871/3560/660
f 1774/3254/657 1775/3253/657 1818/3561/657 1817/3562/657
f 1957/3563/664 1958/3564/664 1956/3274/664 1955/3273/664
f 1792/3515/655 1793/3514/655 1796/3336/655 1794/3335/655 1795/3565/655
f 1749/3288/662 1750/3287/662 1748/3314/662 1747/3313/662
f 1713/3421/648 1714/3420/648 1760/3302/648 1759/3301/648
f 1683/3245/635 1684/3244/635 1686/3294/635 1685/3293/635
f 1847/2418/22 1846/3566/22 1856/3567/22 1902/3568/22 1904/3569/22 1896/3570/22 1893/2479/22 1887/2478/22 1886/3571/22 1884/3572/22 1882/3573/22 1866/3574/22 1864/3575/22 1854/2419/22
f 1842/2425/22 1841/3576/22 1853/3577/22 1861/3578/22 1880/3579/22 1874/3580/22 1871/2460/22 1257/2452/22 1252/2426/22
f 1953/3276/661 1954/3275/661 1952/3509/661 1951/3508/661
f 1691/3365/634 1692/3364/634 1696/3494/634 1695/3493/634
f 1689/3413/649 1690/3412/649 1688/3243/649 1687/3242/649
f 1975/3581/665 1976/3582/665 1986/3583/665 1985/3584/665
f 1991/3585/666 1992/3586/666 1994/3587/666 1993/3588/666
f 274/443/15 1986/568/15 1976/3589/15 1968/3590/15 1974/563/15 1998/562/15 1978/3591/15 1980/3592/15 1996/557/15 759/556/15 268/447/15
f 1989/3593/667 1990/3594/667 1992/3595/667 1991/3596/667
f 1977/3597/668 1978/3598/668 1998/3599/668 1997/3600/668
f 1997/3600/669 1998/3599/669 1984/3601/669 1983/3602/669
f 1968/3603/670 1967/3604/670 1973/3605/670 1974/3606/670
f 1985/3584/671 1986/3583/671 1990/3594/671 1989/3593/671
f 1983/3602/672 1984/3601/672 1982/3607/672 1981/3608/672
f 1970/3609/673 1969/3610/673 1971/3611/673 1972/3612/673
f 1980/3613/674 1979/3614/674 1995/3615/674 1996/3616/674
f 1981/3617/675 1982/3618/675 1972/3619/675 1971/3620/675
f 1978/3621/676 1977/3622/676 1979/3623/676 1980/3624/676
f 1996/3616/677 1995/3615/677 1969/3610/677 1970/3609/677
f 1988/3625/678 1987/3626/678 1993/3627/678 1994/3628/678
f 1974/3606/679 1973/3605/679 1987/3626/679 1988/3625/679
f 1976/3629/680 1975/3630/680 1967/3631/680 1968/3632/680
f 275/555/9 1985/1333/9 1989/3633/9 1991/3634/9 1993/3635/9 1987/3636/9 1973/1330/9 1997/1329/9 1983/3637/9 1981/3638/9 1971/3639/9 1969/3640/9 1995/1326/9 752/359/9 765/381/9
f 2000/3641/18 51/3642/18 2002/3643/18 2001/3644/18
f 2002/3643/9 51/3642/9 50/3645/9 2004/3646/9
f 2004/3647/22 50/3648/22 1999/3649/22 2003/3650/22
f 1999/3651/21 50/3652/21 51/3653/21 2000/3654/21
f 2024/3655/9 2025/1081/9 585/1033/9 586/1036/9
f 2019/3656/22 25/3657/22 22/3658/22 2016/3659/22
f 2017/3660/17 34/95/17 36/94/17 2010/3661/17
f 2035/3662/19 44/110/19 48/109/19 2036/3663/19
f 2016/3659/20 22/3658/20 19/3664/20 2014/3665/20
f 577/1057/9 2007/1080/9 2006/3666/9 2005/3667/9 2013/3668/9 2019/1076/9 2021/1075/9 2023/3669/9 2024/3655/9 586/1036/9 587/1039/9
f 2040/3670/15 2039/3154/15 580/1060/15 581/1055/15
f 2013/3671/23 18/3672/23 25/3657/23 2019/3656/23
f 2030/3673/21 27/3674/21 29/3675/21 2022/3676/21 2031/3677/21 2032/3678/21
f 2014/3679/21 19/3680/21 21/3681/21 2012/3682/21
f 582/1056/15 2009/3149/15 2008/3683/15 2011/3684/15 2015/3685/15 2018/3145/15 2034/3144/15 2038/3686/15 2040/3670/15 581/1055/15
f 2027/3687/20 30/3688/20 27/3689/20 2030/3690/20
f 2008/3691/16 38/83/16 37/86/16 2011/3692/16
f 2041/3693/17 42/111/17 44/110/17 2035/3694/17 2043/3695/17 2042/3696/17
f 2026/3697/23 26/3698/23 33/3699/23 2029/3700/23
f 2010/3701/19 36/94/19 40/93/19 2009/3702/19
f 2036/3663/18 48/109/18 46/97/18 2034/3703/18
f 2034/3703/16 46/97/16 45/100/16 2038/3704/16
f 2029/3700/22 33/3699/22 30/3688/22 2027/3687/22
f 2009/3702/18 40/93/18 38/83/18 2008/3691/18
f 2078/3705/220 2075/961/220 534/960/220 535/3706/220
f 2060/3707/21 2058/3708/21 2066/3709/21 2069/3710/21
f 2057/3711/21 2059/3712/21 2068/3713/21 2064/3714/21
f 2056/3715/22 2050/3716/22 2048/3717/22 2047/3718/22 2045/3719/22 2088/3720/22 2087/3721/22 2058/3722/22 2060/3723/22 2094/3724/22 2051/3725/22 2052/3726/22 2054/3727/22
f 2049/3728/22 2055/3729/22 2053/3730/22 2096/3731/22 2095/3732/22 2093/3733/22 2059/3734/22 2057/3735/22 2089/3736/22 2090/3737/22 2091/3738/22 2092/3739/22 2046/3740/22
f 2076/3741/225 2067/3742/225 518/3743/225 519/3744/225
f 2093/684/177 2095/3745/177 338/889/177 340/685/177
f 2063/986/226 2065/3746/226 537/3747/226 538/987/226
f 2096/3748/175 2053/671/175 334/670/175 336/874/175
f 2067/3742/223 2062/3749/223 517/3750/223 518/3743/223
f 2074/3751/222 2078/3705/222 535/3706/222 536/3752/222
f 2054/634/160 2052/3753/160 304/895/160 306/635/160
f 2077/967/227 2076/3741/227 519/3744/227 520/968/227
f 2051/3754/158 2094/621/158 300/620/158 302/885/158
f 2095/3745/176 2096/3748/176 336/874/176 338/889/176
f 2052/3753/159 2051/3754/159 302/885/159 304/895/159
f 2062/3749/221 2061/942/221 516/941/221 517/3750/221
f 2065/3746/224 2074/3751/224 536/3752/224 537/3747/224
f 2083/3755/18 2079/3756/18 2075/3757/18 2078/3758/18 2074/3759/18 2065/3760/18 2063/3761/18 2064/3762/18 2068/3763/18 2070/3764/18 2081/3765/18 2082/3766/18 2084/3767/18
f 2080/3768/18 2086/3769/18 2085/3770/18 2073/3771/18 2072/3772/18 2071/3773/18 2069/3774/18 2066/3775/18 2061/3776/18 2062/3777/18 2067/3778/18 2076/3779/18 2077/3780/18
f 2055/3781/17 2049/3782/17 2079/3783/17 2083/3784/17
f 2050/3785/17 2056/3786/17 2086/3787/17 2080/3788/17
f 2132/3789/681 2125/3790/681 2134/3791/681 2136/3792/681
f 2123/3793/681 2130/3794/681 2135/3795/681 2133/3796/681
f 2118/3797/22 2113/3798/22 2112/3799/22 2114/3800/22 2115/3801/22 2127/3802/22 2126/3803/22 2125/3804/22 2132/3805/22 2131/3806/22 2120/3807/22 2119/3808/22
f 2110/3809/22 2117/3810/22 2116/3811/22 2128/3812/22 2129/3813/22 2130/3814/22 2123/3815/22 2124/3816/22 2122/3817/22 2121/3818/22 2109/3819/22 2111/3820/22
f 2128/3821/184 2116/697/184 350/696/184 288/906/184
f 2137/3822/241 2097/3823/241 512/3824/241 511/3825/241
f 2103/3826/233 2141/3827/233 527/3828/233 528/3829/233
f 2120/3830/167 2131/647/167 318/646/167 320/887/167
f 2097/3831/238 2098/3832/238 542/3833/238 512/3834/238
f 2140/3835/243 2139/978/243 525/977/243 526/3836/243
f 2141/3827/246 2140/3835/246 526/3836/246 527/3828/246
f 2138/995/244 2137/3822/244 511/3825/244 513/996/244
f 2102/950/236 2103/3826/236 528/3829/236 529/951/236
f 2119/658/168 2120/3830/168 320/887/168 322/659/168
f 2098/3832/235 2099/999/235 541/998/235 542/3833/235
f 2129/610/152 2128/3837/152 288/904/152 290/611/152
f 2106/3838/18 2100/3839/18 2099/3840/18 2098/3841/18 2097/3842/18 2137/3843/18 2138/3844/18 2133/3845/18 2135/3846/18 2142/3847/18 2104/3848/18 2105/3849/18
f 2101/3850/18 2107/3851/18 2108/3852/18 2144/3853/18 2143/3854/18 2136/3855/18 2134/3856/18 2139/3857/18 2140/3858/18 2141/3859/18 2103/3860/18 2102/3861/18
f 2117/3862/682 2110/3863/682 2100/3864/682 2106/3865/682
f 2113/3866/682 2118/3867/682 2107/3868/682 2101/3869/682
f 2149/3125/15 2147/3870/15 2158/3128/15 1601/3127/15 1600/3126/15
f 2163/3131/15 2162/3168/15 84/224/15 1603/228/15 1602/3132/15
f 2189/3871/683 4/4/683 2/24/683 2188/3872/683
f 2194/3873/684 9/11/684 1/14/684 2198/3874/684 2199/3875/684
f 2191/3876/685 15/1/685 4/4/685 2189/3871/685 2190/3877/685
f 2180/1348/17 2176/3878/17 2175/1202/17 632/1201/17 686/1349/17
f 2188/3872/686 2/24/686 13/45/686 2193/3879/686 2192/3880/686
f 2197/1245/21 2195/3881/21 2191/3882/21 2190/1159/21 623/1156/21 636/1193/21
f 2171/3883/687 6/30/687 14/38/687 2169/3884/687
f 2179/3885/15 12/41/15 16/31/15 2167/3886/15 2178/3887/15
f 2195/3888/15 10/48/15 15/1/15 2191/3876/15
f 2150/33/11 17/32/11 2147/44/11 2149/3889/11
f 2176/3890/688 11/34/688 5/37/688 2187/3891/688 2180/3892/688
f 2165/3893/5 8/25/5 6/30/5 2171/3883/5
f 2196/3894/689 3/20/689 10/48/689 2195/3888/689 2197/3895/689
f 2198/3896/690 1/15/690 3/20/690 2196/3894/690
f 2167/3886/691 16/31/691 8/25/691 2165/3893/691
f 2193/3879/9 13/45/9 9/11/9 2194/3873/9
f 2185/525/21 2184/255/21 216/254/21 194/526/21
f 2169/3884/9 14/38/9 11/34/9 2176/3890/9 2175/3897/9
f 2187/3898/4 5/5/4 7/10/4 2183/3899/4
f 2183/3899/692 7/10/692 12/41/692 2179/3885/692 2181/3900/692
f 2200/3901/693 2201/3902/693 2203/3903/693 2202/3904/693
f 2202/3904/694 2203/3903/694 2205/3905/694 2204/3906/694
f 2204/3906/695 2205/3905/695 2207/3907/695 2206/3908/695
f 2206/3908/696 2207/3907/696 2209/3909/696 2208/3910/696
f 2208/3910/697 2209/3909/697 2211/3911/697 2210/3912/697
f 2210/3912/698 2211/3911/698 2213/3913/698 2212/3914/698
f 2212/3914/699 2213/3913/699 2215/3915/699 2214/3916/699
f 2214/3916/700 2215/3915/700 2217/3917/700 2216/3918/700
f 2216/3918/701 2217/3917/701 2219/3919/701 2218/3920/701
f 2218/3920/702 2219/3919/702 2221/3921/702 2220/3922/702
f 2220/3922/703 2221/3921/703 2223/3923/703 2222/3924/703
f 2222/3924/704 2223/3923/704 2225/3925/704 2224/3926/704
f 2224/3926/705 2225/3925/705 2227/3927/705 2226/3928/705
f 2226/3928/706 2227/3927/706 2229/3929/706 2228/3930/706
f 2228/3930/707 2229/3929/707 2231/3931/707 2230/3932/707
f 2230/3932/708 2231/3931/708 2233/3933/708 2232/3934/708
f 2232/3934/709 2233/3933/709 2235/3935/709 2234/3936/709
f 2234/3936/710 2235/3935/710 2237/3937/710 2236/3938/710
f 2236/3938/711 2237/3937/711 2239/3939/711 2238/3940/711
f 2238/3940/712 2239/3939/712 2241/3941/712 2240/3942/712
f 2240/3942/713 2241/3941/713 2243/3943/713 2242/3944/713
f 2242/3944/714 2243/3943/714 2245/3945/714 2244/3946/714
f 2244/3946/715 2245/3945/715 2247/3947/715 2246/3948/715
f 2246/3948/716 2247/3947/716 2249/3949/716 2248/3950/716
f 2248/3950/717 2249/3949/717 2251/3951/717 2250/3952/717
f 2250/3952/718 2251/3951/718 2253/3953/718 2252/3954/718
f 2252/3954/719 2253/3953/719 2255/3955/719 2254/3956/719
f 2254/3956/720 2255/3955/720 2257/3957/720 2256/3958/720
f 2256/3958/721 2257/3957/721 2259/3959/721 2258/3960/721
f 2258/3960/722 2259/3959/722 2261/3961/722 2260/3962/722
f 2203/3963/723 2201/3964/723 2263/3965/723 2261/3966/723 2259/3967/723 2257/3968/723 2255/3969/723 2253/3970/723 2251/3971/723 2249/3972/723 2247/3973/723 2245/3974/723 2243/3975/723 2241/3976/723 2239/3977/723 2237/3978/723 2235/3979/723 2233/3980/723 2231/3981/723 2229/3982/723 2227/3983/723 2225/3984/723 2223/3985/723 2221/3986/723 2219/3987/723 2217/3988/723 2215/3989/723 2213/3990/723 2211/3991/723 2209/3992/723 2207/3993/723 2205/3994/723
f 2260/3962/724 2261/3961/724 2263/3995/724 2262/3996/724
f 2262/3996/725 2263/3995/725 2201/3997/725 2200/3998/725
f 2200/3999/726 2202/4000/726 2204/4001/726 2206/4002/726 2208/4003/726 2210/4004/726 2212/4005/726 2214/4006/726 2216/4007/726 2218/4008/726 2220/4009/726 2222/4010/726 2224/4011/726 2226/4012/726 2228/4013/726 2230/4014/726 2232/4015/726 2234/4016/726 2236/4017/726 2238/4018/726 2240/4019/726 2242/4020/726 2244/4021/726 2246/4022/726 2248/4023/726 2250/4024/726 2252/4025/726 2254/4026/726 2256/4027/726 2258/4028/726 2260/4029/726 2262/4030/726
o trigger_Cube.002
v -0.063665 -0.264032 -0.190733
v -0.063665 0.138798 -0.182818
v -0.063665 -0.275483 -0.245758
v -0.063665 0.134218 -0.306550
v 0.062553 -0.264032 -0.190733
v 0.062553 0.138798 -0.182818
v 0.062553 -0.275483 -0.245758
v 0.062553 0.134218 -0.306550
v -0.063665 -0.343182 -0.143279
v -0.063665 -0.354634 -0.202885
v 0.062553 -0.343182 -0.143279
v 0.062553 -0.354634 -0.202885
v -0.063665 -0.425594 -0.027063
v -0.063665 -0.432465 -0.111861
v 0.062553 -0.425594 -0.027063
v 0.062553 -0.432465 -0.111861
vt 0.375000 0.000000
vt 0.625000 0.000000
vt 0.625000 0.250000
vt 0.375000 0.250000
vt 0.625000 0.500000
vt 0.375000 0.500000
vt 0.625000 0.750000
vt 0.375000 0.750000
vt 0.625000 1.000000
vt 0.375000 1.000000
vt 0.375000 1.000000
vt 0.375000 0.750000
vt 0.875000 0.500000
vt 0.875000 0.750000
vt 0.375000 0.500000
vt 0.375000 0.750000
vt 0.375000 0.500000
vt 0.375000 0.250000
vt 0.375000 0.000000
vt 0.125000 0.500000
vt 0.125000 0.750000
vt 0.375000 0.250000
vt 0.375000 0.000000
vt 0.375000 1.000000
vn -1.0000 0.0000 0.0000
vn 0.0000 -0.1468 -0.9892
vn 1.0000 -0.0000 0.0000
vn 0.0000 -0.0196 0.9998
vn 0.0000 0.5142 0.8577
vn 0.0000 0.9993 -0.0370
vn 0.0000 -0.4763 -0.8793
vn 0.0000 -0.9967 0.0808
vn 0.0000 0.8157 0.5784
vn 0.0000 -0.7600 -0.6499
usemtl None
s off
f 2264/4031/727 2265/4032/727 2267/4033/727 2266/4034/727
f 2266/4034/728 2267/4033/728 2271/4035/728 2270/4036/728
f 2270/4036/729 2271/4035/729 2269/4037/729 2268/4038/729
f 2268/4038/730 2269/4037/730 2265/4039/730 2264/4040/730
f 2268/4038/731 2264/4040/731 2272/4041/731 2274/4042/731
f 2271/4035/732 2267/4043/732 2265/4044/732 2269/4037/732
f 2275/4045/729 2274/4042/729 2278/4046/729 2279/4047/729
f 2266/4034/733 2270/4036/733 2275/4045/733 2273/4048/733
f 2264/4031/727 2266/4034/727 2273/4048/727 2272/4049/727
f 2270/4036/729 2268/4038/729 2274/4042/729 2275/4045/729
f 2277/4050/734 2279/4047/734 2278/4046/734 2276/4051/734
f 2272/4049/727 2273/4048/727 2277/4052/727 2276/4053/727
f 2274/4042/735 2272/4041/735 2276/4054/735 2278/4046/735
f 2273/4048/736 2275/4045/736 2279/4047/736 2277/4052/736
o stock_Cube.003
v 0.164965 0.454387 2.638949
v 0.164965 0.598615 2.638949
v 0.164965 0.454387 -3.808124
v 0.164965 0.598615 -3.808124
v 0.214207 0.454387 2.638949
v 0.214207 0.598615 2.638949
v 0.214207 0.454387 -3.808124
v 0.214207 0.598615 -3.808124
v -0.214452 0.454387 2.638949
v -0.214452 0.598615 2.638949
v -0.214452 0.454387 -3.808124
v -0.214452 0.598615 -3.808124
v -0.165210 0.454387 2.638949
v -0.165210 0.598615 2.638949
v -0.165210 0.454387 -3.808124
v -0.165210 0.598615 -3.808124
v -0.171735 -1.264963 -3.545651
v -0.126710 0.839446 -3.341584
v -0.171735 -1.264963 -3.866765
v -0.126710 0.839446 -3.866765
v 0.172558 -1.264963 -3.545651
v 0.127533 0.839446 -3.341584
v 0.172558 -1.264963 -3.866765
v 0.127533 0.839446 -3.866765
v -0.226276 0.712778 -3.341584
v -0.226276 0.712778 -3.866765
v 0.227099 0.712778 -3.866765
v 0.227099 0.712778 -3.341584
v -0.184257 0.784248 -3.341584
v -0.184257 0.784248 -3.866765
v 0.185080 0.784248 -3.866765
v 0.185080 0.784248 -3.341584
v -0.226276 -0.178844 -3.866765
v 0.227099 -0.178844 -3.866765
v 0.227099 -0.178844 -3.341584
v -0.226276 -0.178844 -3.341584
v -0.171735 -1.189518 -3.866765
v 0.172558 -1.189518 -3.866765
v 0.172558 -1.189518 -3.502648
v -0.171735 -1.189518 -3.502648
vt 0.375000 0.000000
vt 0.625000 0.000000
vt 0.625000 0.250000
vt 0.375000 0.250000
vt 0.625000 0.500000
vt 0.375000 0.500000
vt 0.625000 0.750000
vt 0.375000 0.750000
vt 0.625000 1.000000
vt 0.375000 1.000000
vt 0.125000 0.500000
vt 0.125000 0.750000
vt 0.875000 0.500000
vt 0.875000 0.750000
vt 0.375000 0.000000
vt 0.625000 0.000000
vt 0.625000 0.250000
vt 0.375000 0.250000
vt 0.625000 0.500000
vt 0.375000 0.500000
vt 0.625000 0.750000
vt 0.375000 0.750000
vt 0.625000 1.000000
vt 0.375000 1.000000
vt 0.125000 0.500000
vt 0.125000 0.750000
vt 0.875000 0.500000
vt 0.875000 0.750000
vt 0.598529 0.000000
vt 0.625000 0.000000
vt 0.625000 0.250000
vt 0.598529 0.250000
vt 0.625000 0.500000
vt 0.598529 0.500000
vt 0.625000 0.750000
vt 0.598529 0.750000
vt 0.625000 1.000000
vt 0.598529 1.000000
vt 0.125000 0.500000
vt 0.375000 0.500000
vt 0.375000 0.750000
vt 0.125000 0.750000
vt 0.875000 0.500000
vt 0.875000 0.750000
vt 0.478564 0.750000
vt 0.572059 0.750000
vt 0.572059 1.000000
vt 0.478564 1.000000
vt 0.478564 0.500000
vt 0.572059 0.500000
vt 0.478564 0.250000
vt 0.572059 0.250000
vt 0.478564 0.000000
vt 0.572059 0.000000
vt 0.382911 0.000000
vt 0.382911 0.250000
vt 0.382911 0.500000
vt 0.382911 0.750000
vt 0.382911 1.000000
vt 0.375000 1.000000
vt 0.375000 0.250000
vt 0.375000 0.000000
vn -1.0000 0.0000 0.0000
vn 0.0000 0.0000 -1.0000
vn 1.0000 0.0000 0.0000
vn 0.0000 0.0000 1.0000
vn 0.0000 -1.0000 0.0000
vn 0.0000 1.0000 0.0000
vn -0.6922 0.7217 0.0000
vn 0.6922 0.7217 0.0000
vn 0.8621 0.5068 0.0000
vn -0.8621 0.5068 0.0000
vn -0.9985 -0.0539 0.0000
vn 0.9985 -0.0539 0.0000
vn 0.0000 -0.1574 0.9875
vn 0.0000 -0.4952 0.8688
usemtl None
s off
f 2280/4055/737 2281/4056/737 2283/4057/737 2282/4058/737
f 2282/4058/738 2283/4057/738 2287/4059/738 2286/4060/738
f 2286/4060/739 2287/4059/739 2285/4061/739 2284/4062/739
f 2284/4062/740 2285/4061/740 2281/4063/740 2280/4064/740
f 2282/4065/741 2286/4060/741 2284/4062/741 2280/4066/741
f 2287/4059/742 2283/4067/742 2281/4068/742 2285/4061/742
f 2288/4069/737 2289/4070/737 2291/4071/737 2290/4072/737
f 2290/4072/738 2291/4071/738 2295/4073/738 2294/4074/738
f 2294/4074/739 2295/4073/739 2293/4075/739 2292/4076/739
f 2292/4076/740 2293/4075/740 2289/4077/740 2288/4078/740
f 2290/4079/741 2294/4074/741 2292/4076/741 2288/4080/741
f 2295/4073/742 2291/4081/742 2289/4082/742 2293/4075/742
f 2308/4083/743 2297/4084/743 2299/4085/743 2309/4086/743
f 2309/4086/738 2299/4085/738 2303/4087/738 2310/4088/738
f 2310/4088/744 2303/4087/744 2301/4089/744 2311/4090/744
f 2311/4090/740 2301/4089/740 2297/4091/740 2308/4092/740
f 2298/4093/741 2302/4094/741 2300/4095/741 2296/4096/741
f 2303/4087/742 2299/4097/742 2297/4098/742 2301/4089/742
f 2314/4099/740 2307/4100/740 2304/4101/740 2315/4102/740
f 2313/4103/739 2306/4104/739 2307/4100/739 2314/4099/739
f 2312/4105/738 2305/4106/738 2306/4104/738 2313/4103/738
f 2315/4107/737 2304/4108/737 2305/4106/737 2312/4105/737
f 2307/4100/740 2311/4090/740 2308/4092/740 2304/4101/740
f 2306/4104/745 2310/4088/745 2311/4090/745 2307/4100/745
f 2305/4106/738 2309/4086/738 2310/4088/738 2306/4104/738
f 2304/4108/746 2308/4083/746 2309/4086/746 2305/4106/746
f 2319/4109/747 2315/4107/747 2312/4105/747 2316/4110/747
f 2316/4110/738 2312/4105/738 2313/4103/738 2317/4111/738
f 2317/4111/748 2313/4103/748 2314/4099/748 2318/4112/748
f 2318/4112/749 2314/4099/749 2315/4102/749 2319/4113/749
f 2300/4095/750 2318/4112/750 2319/4113/750 2296/4114/750
f 2302/4094/739 2317/4111/739 2318/4112/739 2300/4095/739
f 2298/4115/738 2316/4110/738 2317/4111/738 2302/4094/738
f 2296/4116/737 2319/4109/737 2316/4110/737 2298/4115/737
o charginghandle_Cube.004
v -0.250191 0.850025 -3.317142
v -0.250191 1.055456 -3.317142
v -0.250191 0.850025 -3.557499
v -0.250191 1.055456 -3.557499
v 0.252103 0.850025 -3.317142
v 0.252103 1.055456 -3.317142
v 0.252103 0.850025 -3.557499
v 0.252103 1.055456 -3.557499
v 0.144469 0.850025 -3.557499
v 0.144469 1.055456 -3.557499
v 0.144469 0.850025 -3.317142
v 0.144469 1.055456 -3.317142
v -0.139019 0.850025 -3.557499
v -0.139019 1.055456 -3.317142
v -0.139019 1.055456 -3.557499
v -0.139019 0.850025 -3.317142
v -0.250191 0.850025 -3.462474
v -0.250191 1.055456 -3.462474
v 0.252103 0.850025 -3.462474
v 0.252103 1.055456 -3.462474
v 0.144469 1.055456 -3.462474
v 0.144469 0.850025 -3.462474
v -0.139019 0.850025 -3.462474
v -0.139019 1.055456 -3.462474
v -0.140953 0.847138 -1.309498
v -0.140953 0.972613 -1.309498
v -0.140953 0.847138 -3.468482
v -0.140953 0.972613 -3.468482
v 0.153951 0.847138 -1.309498
v 0.153951 0.972613 -1.309498
v 0.153951 0.847138 -3.468482
v 0.153951 0.972613 -3.468482
v -0.192483 -0.005009 -0.372757
v -0.192483 0.499429 -0.372757
v -0.192483 -0.005009 -2.132835
v -0.192483 0.499429 -2.132835
v 0.087457 -0.005009 -0.372757
v 0.087457 0.499429 -0.372757
v 0.087457 -0.005009 -2.132835
v 0.087457 0.499429 -2.132835
vt 0.375000 0.151163
vt 0.625000 0.151163
vt 0.625000 0.250000
vt 0.375000 0.250000
vt 0.375000 0.446429
vt 0.625000 0.446429
vt 0.625000 0.500000
vt 0.375000 0.500000
vt 0.375000 0.598837
vt 0.625000 0.598837
vt 0.625000 0.750000
vt 0.375000 0.750000
vt 0.375000 0.944668
vt 0.625000 0.944668
vt 0.625000 1.000000
vt 0.375000 1.000000
vt 0.321429 0.598837
vt 0.321429 0.750000
vt 0.819668 0.598837
vt 0.875000 0.598837
vt 0.875000 0.750000
vt 0.819668 0.750000
vt 0.678571 0.598837
vt 0.678571 0.750000
vt 0.180332 0.598837
vt 0.180332 0.750000
vt 0.625000 0.803571
vt 0.375000 0.803571
vt 0.375000 0.305332
vt 0.625000 0.305332
vt 0.125000 0.598837
vt 0.125000 0.750000
vt 0.000000 0.000000
vt 0.000000 0.000000
vt 0.000000 0.000000
vt 0.000000 0.000000
vt 0.678571 0.500000
vt 0.819668 0.500000
vt 0.125000 0.500000
vt 0.180332 0.500000
vt 0.321429 0.500000
vt 0.875000 0.500000
vt 0.375000 0.000000
vt 0.625000 0.000000
vt 0.000000 0.000000
vt 0.000000 0.000000
vt 0.000000 0.000000
vt 0.000000 0.000000
vt 0.375000 0.000000
vt 0.625000 0.000000
vt 0.625000 0.250000
vt 0.375000 0.250000
vt 0.625000 0.500000
vt 0.375000 0.500000
vt 0.625000 0.750000
vt 0.375000 0.750000
vt 0.625000 1.000000
vt 0.375000 1.000000
vt 0.125000 0.500000
vt 0.125000 0.750000
vt 0.875000 0.500000
vt 0.875000 0.750000
vt 0.375000 0.000000
vt 0.625000 0.000000
vt 0.625000 0.250000
vt 0.375000 0.250000
vt 0.625000 0.500000
vt 0.375000 0.500000
vt 0.625000 0.750000
vt 0.375000 0.750000
vt 0.625000 1.000000
vt 0.375000 1.000000
vt 0.125000 0.500000
vt 0.125000 0.750000
vt 0.875000 0.500000
vt 0.875000 0.750000
vn -1.0000 0.0000 0.0000
vn 0.0000 0.0000 -1.0000
vn 1.0000 0.0000 0.0000
vn 0.0000 0.0000 1.0000
vn 0.0000 -1.0000 0.0000
vn 0.0000 1.0000 0.0000
usemtl None
s off
f 2336/4117/751 2337/4118/751 2323/4119/751 2322/4120/751
f 2328/4121/752 2329/4122/752 2327/4123/752 2326/4124/752
f 2338/4125/753 2339/4126/753 2325/4127/753 2324/4128/753
f 2335/4129/754 2333/4130/754 2321/4131/754 2320/4132/754
f 2341/4133/755 2338/4125/755 2324/4128/755 2330/4134/755
f 2343/4135/756 2337/4136/756 2321/4137/756 2333/4138/756
f 2339/4126/756 2340/4139/756 2331/4140/756 2325/4127/756
f 2342/4141/755 2341/4133/755 2330/4134/755 2335/4142/755
f 2324/4128/754 2325/4127/754 2331/4143/754 2330/4144/754
f 2332/4145/752 2334/4146/752 2329/4122/752 2328/4121/752
f 2322/4120/752 2323/4119/752 2334/4146/752 2332/4145/752
f 2336/4147/755 2342/4141/755 2335/4142/755 2320/4148/755
f 2343/4149/751 2342/4150/751 2335/4151/751 2333/4152/751
f 2329/4153/756 2334/4154/756 2343/4135/756 2340/4139/756
f 2322/4155/755 2332/4156/755 2342/4141/755 2336/4147/755
f 2332/4156/755 2328/4157/755 2341/4133/755 2342/4141/755
f 2327/4123/756 2329/4153/756 2340/4139/756 2339/4126/756
f 2334/4154/756 2323/4158/756 2337/4136/756 2343/4135/756
f 2328/4157/755 2326/4124/755 2338/4125/755 2341/4133/755
f 2326/4124/753 2327/4123/753 2339/4126/753 2338/4125/753
f 2320/4159/751 2321/4160/751 2337/4118/751 2336/4117/751
f 2340/4161/751 2341/4162/751 2330/4163/751 2331/4164/751
f 2343/4149/754 2342/4150/754 2341/4162/754 2340/4161/754
f 2344/4165/751 2345/4166/751 2347/4167/751 2346/4168/751
f 2346/4168/752 2347/4167/752 2351/4169/752 2350/4170/752
f 2350/4170/753 2351/4169/753 2349/4171/753 2348/4172/753
f 2348/4172/754 2349/4171/754 2345/4173/754 2344/4174/754
f 2346/4175/755 2350/4170/755 2348/4172/755 2344/4176/755
f 2351/4169/756 2347/4177/756 2345/4178/756 2349/4171/756
f 2352/4179/751 2353/4180/751 2355/4181/751 2354/4182/751
f 2354/4182/752 2355/4181/752 2359/4183/752 2358/4184/752
f 2358/4184/753 2359/4183/753 2357/4185/753 2356/4186/753
f 2356/4186/754 2357/4185/754 2353/4187/754 2352/4188/754
f 2354/4189/755 2358/4184/755 2356/4186/755 2352/4190/755
f 2359/4183/756 2355/4191/756 2353/4192/756 2357/4185/756
o safety_Cube.006
v -0.254335 0.005624 0.338274
v -0.254335 0.059352 0.338274
v -0.272256 0.035551 -0.115016
v -0.272256 0.094025 -0.115016
v 0.255347 0.005624 0.338274
v 0.255347 0.059352 0.338274
v 0.273267 0.035551 -0.115016
v 0.273267 0.094025 -0.115016
v -0.272256 0.005624 0.101984
v -0.272256 0.102596 0.101984
v 0.273267 0.005624 0.101984
v 0.273267 0.102596 0.101984
v -0.272256 0.118260 -0.057178
v 0.273267 0.005624 -0.057178
v -0.272256 0.005624 -0.057178
v 0.273267 0.118260 -0.057178
v -0.254335 0.032488 0.359077
v -0.272256 0.064788 -0.128976
v 0.273267 0.064788 -0.128976
v 0.255347 0.032488 0.359077
v 0.273267 0.054110 0.104666
v -0.272256 0.054110 0.104666
v 0.273267 0.061942 -0.066702
v -0.272256 0.061942 -0.066702
vt 0.500000 0.218101
vt 0.625000 0.218101
vt 0.625000 0.250000
vt 0.500000 0.250000
vt 0.625000 0.500000
vt 0.500000 0.500000
vt 0.500000 0.619681
vt 0.625000 0.619681
vt 0.625000 0.750000
vt 0.500000 0.750000
vt 0.625000 1.000000
vt 0.500000 1.000000
vt 0.125000 0.619681
vt 0.375000 0.619681
vt 0.375000 0.750000
vt 0.125000 0.750000
vt 0.875000 0.619681
vt 0.875000 0.750000
vt 0.625000 0.531899
vt 0.875000 0.531899
vt 0.125000 0.531899
vt 0.375000 0.531899
vt 0.500000 0.531899
vt 0.500000 0.000000
vt 0.625000 0.000000
vt 0.625000 0.130319
vt 0.500000 0.130319
vt 0.125000 0.500000
vt 0.375000 0.500000
vt 0.875000 0.500000
vt 0.375000 0.130319
vt 0.375000 0.218101
vt 0.375000 0.000000
vt 0.375000 1.000000
vt 0.375000 0.250000
vn -1.0000 -0.0000 0.0000
vn 0.0000 0.4309 -0.9024
vn 0.9968 0.0237 0.0759
vn 0.0000 0.6123 0.7906
vn 0.0000 -1.0000 -0.0000
vn 0.0000 0.9837 0.1800
vn 0.0000 0.9952 0.0979
vn 1.0000 0.0000 0.0000
vn -0.9968 0.0237 0.0759
vn 0.0000 -0.8882 -0.4595
vn -0.0000 0.9223 -0.3865
vn -0.9972 -0.0224 0.0718
vn 0.0000 -0.6123 0.7906
vn 0.9972 -0.0224 0.0718
vn 0.0000 -0.4309 -0.9024
usemtl None
s off
f 2383/4193/757 2372/4194/757 2363/4195/757 2377/4196/757
f 2377/4196/758 2363/4195/758 2367/4197/758 2378/4198/758
f 2380/4199/759 2371/4200/759 2365/4201/759 2379/4202/759
f 2379/4202/760 2365/4201/760 2361/4203/760 2376/4204/760
f 2368/4205/761 2370/4206/761 2364/4207/761 2360/4208/761
f 2371/4200/762 2369/4209/762 2361/4210/762 2365/4201/762
f 2375/4211/763 2372/4212/763 2369/4209/763 2371/4200/763
f 2374/4213/761 2373/4214/761 2370/4206/761 2368/4205/761
f 2382/4215/764 2375/4211/764 2371/4200/764 2380/4199/764
f 2376/4216/765 2361/4217/765 2369/4218/765 2381/4219/765
f 2378/4198/764 2367/4197/764 2375/4211/764 2382/4215/764
f 2362/4220/766 2366/4221/766 2373/4214/766 2374/4213/766
f 2367/4197/767 2363/4222/767 2372/4212/767 2375/4211/767
f 2381/4219/757 2369/4218/757 2372/4194/757 2383/4193/757
f 2368/4223/757 2381/4219/757 2383/4193/757 2374/4224/757
f 2366/4221/764 2378/4198/764 2382/4215/764 2373/4214/764
f 2360/4225/768 2376/4216/768 2381/4219/768 2368/4223/768
f 2373/4214/764 2382/4215/764 2380/4199/764 2370/4206/764
f 2364/4207/769 2379/4202/769 2376/4204/769 2360/4226/769
f 2370/4206/770 2380/4199/770 2379/4202/770 2364/4207/770
f 2362/4227/771 2377/4196/771 2378/4198/771 2366/4221/771
f 2374/4224/757 2383/4193/757 2377/4196/757 2362/4227/757
o selector_Cylinder
v 0.264630 0.007558 -0.690505
v 0.050024 0.005634 -0.690505
v 0.264543 0.031446 -0.688152
v 0.049937 0.029522 -0.688152
v 0.264460 0.054415 -0.681184
v 0.049854 0.052491 -0.681184
v 0.264383 0.075584 -0.669870
v 0.049777 0.073660 -0.669870
v 0.264315 0.094138 -0.654643
v 0.049709 0.092214 -0.654643
v 0.264260 0.109366 -0.636088
v 0.049654 0.107442 -0.636088
v 0.264219 0.120680 -0.614920
v 0.049613 0.118756 -0.614920
v 0.264194 0.127648 -0.591951
v 0.049588 0.125724 -0.591951
v 0.264185 0.130001 -0.568064
v 0.049579 0.128077 -0.568064
v 0.264194 0.127648 -0.544177
v 0.049588 0.125724 -0.544177
v 0.264219 0.120680 -0.521208
v 0.049613 0.118756 -0.521208
v 0.264260 0.109366 -0.500040
v 0.049654 0.107442 -0.500040
v 0.264315 0.094138 -0.481486
v 0.049709 0.092214 -0.481486
v 0.264383 0.075584 -0.466258
v 0.049777 0.073660 -0.466258
v 0.264460 0.054415 -0.454944
v 0.049854 0.052491 -0.454944
v 0.264543 0.031446 -0.447976
v 0.049937 0.029522 -0.447976
v 0.264630 0.007558 -0.445624
v 0.050024 0.005634 -0.445624
v 0.264717 -0.016329 -0.447976
v 0.050111 -0.018253 -0.447976
v 0.264800 -0.039299 -0.454944
v 0.050194 -0.041223 -0.454944
v 0.264877 -0.060467 -0.466259
v 0.050271 -0.062391 -0.466259
v 0.264945 -0.079022 -0.481486
v 0.050338 -0.080946 -0.481486
v 0.265000 -0.094249 -0.500040
v 0.050394 -0.096173 -0.500040
v 0.265041 -0.105564 -0.521208
v 0.050435 -0.107488 -0.521208
v 0.265066 -0.112532 -0.544177
v 0.050460 -0.114456 -0.544177
v 0.265075 -0.114885 -0.568064
v 0.050469 -0.116809 -0.568064
v 0.265066 -0.112532 -0.591951
v 0.050460 -0.114456 -0.591951
v 0.265041 -0.105564 -0.614920
v 0.050435 -0.107488 -0.614920
v 0.265000 -0.094249 -0.636089
v 0.050394 -0.096173 -0.636089
v 0.264945 -0.079022 -0.654643
v 0.050338 -0.080946 -0.654643
v 0.264877 -0.060467 -0.669870
v 0.050271 -0.062391 -0.669870
v 0.264800 -0.039299 -0.681185
v 0.050194 -0.041223 -0.681185
v 0.264717 -0.016329 -0.688152
v 0.050111 -0.018253 -0.688152
v 0.304575 0.072674 -0.812009
v 0.009960 0.070937 -0.812009
v 0.304451 0.091535 -0.809656
v 0.009836 0.089798 -0.809656
v 0.304331 0.109672 -0.802688
v 0.009717 0.107935 -0.802688
v 0.304221 0.126387 -0.791374
v 0.009606 0.124650 -0.791374
v 0.304125 0.141038 -0.776147
v 0.009510 0.139301 -0.776147
v 0.304045 0.156523 -0.767977
v 0.009431 0.154786 -0.767977
v 0.303987 0.168919 -0.766424
v 0.009372 0.167182 -0.766424
v 0.304819 0.042598 -0.832688
v 0.010204 0.040862 -0.832688
v 0.304700 0.057274 -0.820041
v 0.010085 0.056595 -0.818021
v 0.304032 0.114785 -1.092508
v 0.009419 0.113462 -1.092508
v 0.303854 0.122544 -1.090155
v 0.009241 0.121221 -1.090155
v 0.303682 0.130004 -1.083188
v 0.009069 0.128681 -1.083188
v 0.303524 0.136880 -1.071873
v 0.008911 0.135557 -1.071873
v 0.303386 0.142907 -1.056646
v 0.008773 0.141583 -1.056646
v 0.303272 0.147852 -1.038092
v 0.008659 0.146529 -1.038092
v 0.303188 0.151528 -1.016923
v 0.008575 0.150204 -1.016923
v 0.304382 0.099566 -1.083188
v 0.009769 0.098243 -1.083188
v 0.304210 0.107027 -1.090155
v 0.009597 0.105703 -1.090155
v -0.349960 0.011168 -1.003680
v -0.051423 0.010991 -1.003680
v -0.350030 0.006796 -0.992906
v -0.051493 0.006620 -0.992906
v -0.350092 0.002964 -0.978408
v -0.051555 0.002788 -0.978408
v -0.282409 -0.089781 -0.633234
v -0.049242 -0.090596 -0.633234
v -0.282446 -0.100554 -0.613078
v -0.049279 -0.101370 -0.613078
v -0.282470 -0.107189 -0.591208
v -0.049303 -0.108004 -0.591208
v -0.282477 -0.109429 -0.568463
v -0.049310 -0.110244 -0.568463
v -0.282470 -0.107189 -0.545719
v -0.049303 -0.108004 -0.545719
v -0.282446 -0.100554 -0.523848
v -0.049279 -0.101370 -0.523848
v -0.282409 -0.089781 -0.503692
v -0.049242 -0.090596 -0.503692
v -0.282358 -0.075282 -0.486026
v -0.049191 -0.076098 -0.486026
v -0.282296 -0.057616 -0.471527
v -0.049129 -0.058431 -0.471527
v -0.282226 -0.037460 -0.460753
v -0.049059 -0.038275 -0.460753
v -0.282149 -0.015590 -0.454119
v -0.048982 -0.016405 -0.454119
v -0.282070 0.007155 -0.451879
v -0.048903 0.006339 -0.451879
v -0.281990 0.029899 -0.454119
v -0.048823 0.029084 -0.454119
v -0.281914 0.051769 -0.460753
v -0.048747 0.050954 -0.460753
v -0.281843 0.071925 -0.471527
v -0.048676 0.071110 -0.471527
v -0.281781 0.089592 -0.486026
v -0.048614 0.088776 -0.486026
v -0.281731 0.104090 -0.503692
v -0.048564 0.103275 -0.503692
v -0.281693 0.114864 -0.523848
v -0.048526 0.114048 -0.523848
v -0.281670 0.121498 -0.545719
v -0.048503 0.120683 -0.545719
v -0.281662 0.123738 -0.568463
v -0.048495 0.122923 -0.568463
v -0.281670 0.121498 -0.591208
v -0.048503 0.120683 -0.591208
v -0.281693 0.114864 -0.613078
v -0.048526 0.114048 -0.613078
v -0.349465 0.041872 -0.960741
v -0.050928 0.041695 -0.960741
v -0.349515 0.038727 -0.978407
v -0.050978 0.038550 -0.978407
v -0.349577 0.034895 -0.992906
v -0.051040 0.034718 -0.992906
v -0.349648 0.030523 -1.003680
v -0.051110 0.030346 -1.003680
v -0.349724 0.025779 -1.010314
v -0.051187 0.025602 -1.010314
v -0.349804 0.020846 -1.012554
v -0.051267 0.020669 -1.012554
v -0.051346 0.015735 -1.010314
v -0.349883 0.015912 -1.010314
vt 0.949553 0.383337
vt 0.919706 0.419706
vt 0.919706 0.419706
vt 0.949553 0.383337
vt 0.750000 0.490000
vt 0.703179 0.485389
vt 0.703179 0.485389
vt 0.750000 0.490000
vt 0.296822 0.485388
vt 0.341844 0.471731
vt 0.341844 0.471731
vt 0.296822 0.485388
vt 0.841844 0.471731
vt 0.796822 0.485388
vt 0.796822 0.485388
vt 0.841844 0.471731
vt 0.383337 0.449553
vt 0.419706 0.419706
vt 0.419706 0.419706
vt 0.383337 0.449553
vt 0.812500 1.000000
vt 0.812500 0.500000
vt 0.812500 0.500000
vt 0.812500 1.000000
vt 0.781250 1.000000
vt 0.781250 0.500000
vt 0.750000 1.000000
vt 0.750000 0.500000
vt 0.718750 1.000000
vt 0.718750 0.500000
vt 0.687500 1.000000
vt 0.687500 0.500000
vt 0.656250 1.000000
vt 0.656250 0.500000
vt 0.625000 1.000000
vt 0.625000 0.500000
vt 0.593750 1.000000
vt 0.593750 0.500000
vt 0.562500 1.000000
vt 0.562500 0.500000
vt 0.531250 1.000000
vt 0.531250 0.500000
vt 0.500000 1.000000
vt 0.500000 0.500000
vt 0.468750 1.000000
vt 0.468750 0.500000
vt 0.437500 1.000000
vt 0.437500 0.500000
vt 0.406250 1.000000
vt 0.406250 0.500000
vt 0.375000 1.000000
vt 0.375000 0.500000
vt 0.343750 1.000000
vt 0.343750 0.500000
vt 0.312500 1.000000
vt 0.312500 0.500000
vt 0.281250 1.000000
vt 0.281250 0.500000
vt 0.250000 1.000000
vt 0.250000 0.500000
vt 0.218750 1.000000
vt 0.218750 0.500000
vt 0.187500 1.000000
vt 0.187500 0.500000
vt 0.156250 1.000000
vt 0.156250 0.500000
vt 0.125000 1.000000
vt 0.125000 0.500000
vt 0.093750 1.000000
vt 0.093750 0.500000
vt 0.062500 1.000000
vt 0.062500 0.500000
vt 0.250000 0.490000
vt 0.203179 0.485389
vt 0.158156 0.471731
vt 0.116663 0.449553
vt 0.080295 0.419706
vt 0.050447 0.383337
vt 0.028269 0.341844
vt 0.014612 0.296822
vt 0.010000 0.250000
vt 0.014611 0.203179
vt 0.028269 0.158156
vt 0.050447 0.116663
vt 0.080294 0.080294
vt 0.116663 0.050447
vt 0.158156 0.028269
vt 0.203178 0.014612
vt 0.250000 0.010000
vt 0.296822 0.014612
vt 0.341844 0.028269
vt 0.383337 0.050447
vt 0.419706 0.080294
vt 0.449553 0.116663
vt 0.471731 0.158156
vt 0.485388 0.203178
vt 0.490000 0.250000
vt 0.485388 0.296822
vt 0.471731 0.341844
vt 0.449553 0.383337
vt 0.203179 0.485389
vt 0.158156 0.471731
vt 0.883337 0.449553
vt 0.883337 0.449553
vt 0.971731 0.341844
vt 0.985388 0.296822
vt 0.990000 0.250000
vt 0.985388 0.203178
vt 0.971731 0.158156
vt 0.949553 0.116663
vt 0.919706 0.080294
vt 0.883337 0.050447
vt 0.841844 0.028269
vt 0.796822 0.014612
vt 0.750000 0.010000
vt 0.703178 0.014612
vt 0.658156 0.028269
vt 0.616663 0.050447
vt 0.580294 0.080294
vt 0.550447 0.116663
vt 0.528269 0.158156
vt 0.514611 0.203179
vt 0.510000 0.250000
vt 0.514612 0.296822
vt 0.528269 0.341844
vt 0.550447 0.383337
vt 0.580295 0.419706
vt 0.616663 0.449553
vt 0.658156 0.471731
vt 0.919706 0.419706
vt 0.949553 0.383337
vt 0.658156 0.471731
vt 0.658156 0.471731
vt 0.703179 0.485389
vt 0.341844 0.471731
vt 0.296822 0.485388
vt 0.062500 0.500000
vt 0.062500 1.000000
vt 0.062500 1.000000
vt 0.062500 0.500000
vt 0.796822 0.485388
vt 0.841844 0.471731
vt 0.419706 0.419706
vt 0.383337 0.449553
vt 0.812500 0.500000
vt 0.812500 1.000000
vt 0.883337 0.449553
vt 0.250000 0.490000
vt 0.449553 0.383337
vt 0.971731 0.341844
vt 0.471731 0.341844
vt 1.000000 0.500000
vt 1.000000 1.000000
vt 0.968750 1.000000
vt 0.968750 0.500000
vt 0.937500 1.000000
vt 0.937500 0.500000
vt 0.906250 1.000000
vt 0.906250 0.500000
vt 0.875000 1.000000
vt 0.875000 0.500000
vt 0.843750 1.000000
vt 0.843750 0.500000
vt 0.031250 1.000000
vt 0.031250 0.500000
vt 0.000000 1.000000
vt 0.000000 0.500000
vt 0.203179 0.485389
vt 0.158156 0.471731
vt 0.449553 0.383337
vt 0.750000 0.490000
vt 0.250000 0.490000
vt 0.971731 0.341844
vt 0.471731 0.341844
vt 1.000000 0.500000
vt 1.000000 1.000000
vt 0.968750 1.000000
vt 0.968750 0.500000
vt 0.968750 0.500000
vt 0.968750 1.000000
vt 0.937500 1.000000
vt 0.937500 0.500000
vt 0.937500 0.500000
vt 0.937500 1.000000
vt 0.906250 1.000000
vt 0.906250 0.500000
vt 0.906250 0.500000
vt 0.906250 1.000000
vt 0.875000 1.000000
vt 0.875000 0.500000
vt 0.875000 0.500000
vt 0.875000 1.000000
vt 0.843750 1.000000
vt 0.843750 0.500000
vt 0.843750 0.500000
vt 0.843750 1.000000
vt 0.812500 1.000000
vt 0.812500 0.500000
vt 0.812500 0.500000
vt 0.812500 1.000000
vt 0.781250 1.000000
vt 0.781250 0.500000
vt 0.781250 0.500000
vt 0.781250 1.000000
vt 0.750000 1.000000
vt 0.750000 0.500000
vt 0.750000 0.500000
vt 0.750000 1.000000
vt 0.718750 1.000000
vt 0.718750 0.500000
vt 0.687500 1.000000
vt 0.687500 0.500000
vt 0.656250 1.000000
vt 0.656250 0.500000
vt 0.625000 1.000000
vt 0.625000 0.500000
vt 0.593750 1.000000
vt 0.593750 0.500000
vt 0.562500 1.000000
vt 0.562500 0.500000
vt 0.531250 1.000000
vt 0.531250 0.500000
vt 0.500000 1.000000
vt 0.500000 0.500000
vt 0.468750 1.000000
vt 0.468750 0.500000
vt 0.437500 1.000000
vt 0.437500 0.500000
vt 0.406250 1.000000
vt 0.406250 0.500000
vt 0.375000 1.000000
vt 0.375000 0.500000
vt 0.343750 1.000000
vt 0.343750 0.500000
vt 0.312500 1.000000
vt 0.312500 0.500000
vt 0.281250 1.000000
vt 0.281250 0.500000
vt 0.250000 1.000000
vt 0.250000 0.500000
vt 0.218750 1.000000
vt 0.218750 0.500000
vt 0.187500 1.000000
vt 0.187500 0.500000
vt 0.156250 1.000000
vt 0.156250 0.500000
vt 0.125000 1.000000
vt 0.125000 0.500000
vt 0.093750 1.000000
vt 0.093750 0.500000
vt 0.062500 1.000000
vt 0.062500 0.500000
vt 0.985389 0.296822
vt 0.990000 0.250000
vt 0.985389 0.203178
vt 0.971731 0.158156
vt 0.949553 0.116663
vt 0.919706 0.080294
vt 0.883337 0.050447
vt 0.841844 0.028269
vt 0.796822 0.014612
vt 0.750000 0.010000
vt 0.703178 0.014612
vt 0.658156 0.028269
vt 0.616663 0.050447
vt 0.580294 0.080294
vt 0.550447 0.116663
vt 0.528269 0.158156
vt 0.514611 0.203179
vt 0.510000 0.250000
vt 0.514612 0.296822
vt 0.528269 0.341844
vt 0.550447 0.383337
vt 0.580295 0.419706
vt 0.616663 0.449553
vt 0.658156 0.471731
vt 0.703179 0.485389
vt 0.750000 0.490000
vt 0.796822 0.485388
vt 0.841844 0.471731
vt 0.883337 0.449553
vt 0.919706 0.419706
vt 0.949553 0.383337
vt 0.971731 0.341844
vt 0.031250 1.000000
vt 0.031250 0.500000
vt 0.000000 1.000000
vt 0.000000 0.500000
vt 0.490000 0.250000
vt 0.485388 0.296822
vt 0.471731 0.341844
vt 0.449553 0.383337
vt 0.419706 0.419706
vt 0.383337 0.449553
vt 0.341844 0.471731
vt 0.296822 0.485388
vt 0.250000 0.490000
vt 0.203179 0.485389
vt 0.158156 0.471731
vt 0.116663 0.449553
vt 0.080295 0.419706
vt 0.050447 0.383337
vt 0.028269 0.341844
vt 0.014612 0.296822
vt 0.010000 0.250000
vt 0.014611 0.203179
vt 0.028269 0.158156
vt 0.050447 0.116663
vt 0.080294 0.080294
vt 0.116663 0.050447
vt 0.158156 0.028269
vt 0.203178 0.014612
vt 0.250000 0.010000
vt 0.296822 0.014612
vt 0.341844 0.028269
vt 0.383337 0.050447
vt 0.419706 0.080294
vt 0.449553 0.116663
vt 0.471731 0.158156
vt 0.485388 0.203178
vn 0.9542 -0.1940 0.2277
vn 0.9585 -0.0357 0.2828
vn -0.9579 -0.0964 0.2704
vn 0.9580 -0.0878 0.2729
vn -0.9499 -0.2137 0.2279
vn -0.0068 0.9527 0.3039
vn -0.0086 0.9569 -0.2903
vn -0.0089 0.9951 -0.0980
vn -0.0089 0.9951 0.0980
vn -0.0086 0.9569 0.2903
vn -0.0079 0.8819 0.4714
vn -0.0069 0.7730 0.6344
vn -0.0057 0.6344 0.7730
vn -0.0042 0.4714 0.8819
vn -0.0026 0.2903 0.9569
vn -0.0009 0.0980 0.9952
vn 0.0009 -0.0980 0.9952
vn 0.0026 -0.2903 0.9569
vn 0.0042 -0.4714 0.8819
vn 0.0057 -0.6344 0.7730
vn 0.0069 -0.7730 0.6344
vn 0.0079 -0.8819 0.4714
vn 0.0086 -0.9569 0.2903
vn 0.0089 -0.9951 0.0980
vn 0.0089 -0.9951 -0.0980
vn 0.0086 -0.9569 -0.2903
vn 0.0079 -0.8819 -0.4714
vn 0.0069 -0.7730 -0.6344
vn 0.0057 -0.6344 -0.7730
vn 0.0042 -0.4714 -0.8819
vn -1.0000 -0.0036 0.0000
vn -0.9680 -0.0539 0.2452
vn 0.9514 -0.2055 0.2292
vn 1.0000 0.0036 0.0000
vn 0.9999 0.0133 -0.0029
vn 0.9999 0.0129 0.0009
vn -0.9999 -0.0120 0.0011
vn 0.0051 -0.9749 -0.2225
vn 0.9999 0.0120 -0.0011
vn -0.9999 -0.0146 0.0022
vn -0.0052 0.9976 -0.0684
vn 0.9999 0.0147 -0.0022
vn -0.9574 -0.0327 0.2868
vn -0.9527 -0.2018 0.2272
vn 0.9572 -0.1450 0.2507
vn 0.9539 -0.0282 0.2989
vn -0.9563 -0.1534 0.2489
vn -0.9546 -0.0373 0.2956
vn 0.0063 -0.8795 -0.4759
vn 0.9598 -0.1922 0.2047
vn 0.9665 -0.0332 0.2546
vn -0.9582 -0.2000 0.2045
vn -0.0013 0.2901 -0.9570
vn -0.0031 0.6825 -0.7309
vn -0.0038 0.8546 -0.5193
vn -0.0042 0.9298 -0.3680
vn -0.0043 0.9662 -0.2576
vn -0.0044 0.9852 -0.1711
vn 0.0031 -0.6825 -0.7309
vn 0.0013 -0.2901 -0.9570
vn -0.9999 -0.0123 -0.0007
vn -0.9999 -0.0132 0.0029
vn 0.9999 0.0130 -0.0017
vn 0.9999 0.0115 -0.0005
vn -0.9999 -0.0130 0.0017
vn 0.9999 0.0130 0.0003
vn -0.9999 -0.0115 0.0005
vn 0.9999 0.0142 -0.0037
vn -0.9999 -0.0136 -0.0004
vn -0.9999 -0.0141 0.0037
vn 0.0035 0.9952 -0.0980
vn 0.0033 0.9569 -0.2903
vn 0.0018 0.9788 -0.2048
vn 0.0006 0.9845 -0.1753
vn 0.0006 0.9668 -0.2555
vn 0.0005 0.9266 -0.3760
vn 0.0005 0.8134 -0.5817
vn 0.0002 0.4135 -0.9105
vn 0.0035 0.9952 0.0980
vn 0.0033 0.9569 0.2903
vn 0.0031 0.8819 0.4714
vn 0.0027 0.7730 0.6344
vn 0.0022 0.6344 0.7730
vn 0.0016 0.4714 0.8819
vn 0.0010 0.2903 0.9569
vn 0.0003 0.0980 0.9952
vn -0.0003 -0.0980 0.9952
vn -0.0010 -0.2903 0.9569
vn -0.0016 -0.4714 0.8819
vn -0.0022 -0.6344 0.7730
vn -0.0027 -0.7730 0.6344
vn -0.0031 -0.8819 0.4714
vn -0.0033 -0.9569 0.2903
vn -0.0035 -0.9952 0.0980
vn -0.0035 -0.9952 -0.0980
vn -0.0033 -0.9569 -0.2903
vn -0.0031 -0.8819 -0.4714
vn -0.0018 -0.9656 -0.2601
vn -0.0006 -0.9668 -0.2555
vn -0.0005 -0.9266 -0.3760
vn 1.0000 -0.0042 -0.0038
vn -0.0005 -0.8134 -0.5817
vn -0.0002 -0.4135 -0.9105
vn -0.9942 -0.0118 0.1066
usemtl None
s off
f 2394/4228/772 2392/4229/772 2456/4230/772 2458/4231/772
f 2384/4232/773 2446/4233/773 2464/4234/773 2448/4235/773
f 2387/4236/774 2389/4237/774 2453/4238/774 2451/4239/774
f 2388/4240/775 2386/4241/775 2450/4242/775 2452/4243/775
f 2391/4244/776 2393/4245/776 2457/4246/776 2455/4247/776
f 2397/4248/777 2396/4249/777 2460/4250/777 2461/4251/777
f 2396/4249/778 2397/4248/778 2399/4252/778 2398/4253/778
f 2398/4253/779 2399/4252/779 2401/4254/779 2400/4255/779
f 2400/4255/780 2401/4254/780 2403/4256/780 2402/4257/780
f 2402/4257/781 2403/4256/781 2405/4258/781 2404/4259/781
f 2404/4259/782 2405/4258/782 2407/4260/782 2406/4261/782
f 2406/4261/783 2407/4260/783 2409/4262/783 2408/4263/783
f 2408/4263/784 2409/4262/784 2411/4264/784 2410/4265/784
f 2410/4265/785 2411/4264/785 2413/4266/785 2412/4267/785
f 2412/4267/786 2413/4266/786 2415/4268/786 2414/4269/786
f 2414/4269/787 2415/4268/787 2417/4270/787 2416/4271/787
f 2416/4271/788 2417/4270/788 2419/4272/788 2418/4273/788
f 2418/4273/789 2419/4272/789 2421/4274/789 2420/4275/789
f 2420/4275/790 2421/4274/790 2423/4276/790 2422/4277/790
f 2422/4277/791 2423/4276/791 2425/4278/791 2424/4279/791
f 2424/4279/792 2425/4278/792 2427/4280/792 2426/4281/792
f 2426/4281/793 2427/4280/793 2429/4282/793 2428/4283/793
f 2428/4283/794 2429/4282/794 2431/4284/794 2430/4285/794
f 2430/4285/795 2431/4284/795 2433/4286/795 2432/4287/795
f 2432/4287/796 2433/4286/796 2435/4288/796 2434/4289/796
f 2434/4289/797 2435/4288/797 2437/4290/797 2436/4291/797
f 2436/4291/798 2437/4290/798 2439/4292/798 2438/4293/798
f 2438/4293/799 2439/4292/799 2441/4294/799 2440/4295/799
f 2440/4295/800 2441/4294/800 2443/4296/800 2442/4297/800
f 2442/4297/801 2443/4296/801 2445/4298/801 2444/4299/801
f 2387/4236/802 2385/4300/802 2447/4301/802 2445/4302/802 2443/4303/802 2441/4304/802 2439/4305/802 2437/4306/802 2435/4307/802 2433/4308/802 2431/4309/802 2429/4310/802 2427/4311/802 2425/4312/802 2423/4313/802 2421/4314/802 2419/4315/802 2417/4316/802 2415/4317/802 2413/4318/802 2411/4319/802 2409/4320/802 2407/4321/802 2405/4322/802 2403/4323/802 2401/4324/802 2399/4325/802 2397/4326/802 2395/4327/802 2393/4245/802 2391/4244/802 2389/4237/802
f 2445/4302/803 2447/4301/803 2465/4328/803 2463/4329/803
f 2392/4229/804 2390/4330/804 2454/4331/804 2456/4230/804
f 2384/4232/805 2386/4241/805 2388/4240/805 2390/4330/805 2392/4229/805 2394/4228/805 2396/4332/805 2398/4333/805 2400/4334/805 2402/4335/805 2404/4336/805 2406/4337/805 2408/4338/805 2410/4339/805 2412/4340/805 2414/4341/805 2416/4342/805 2418/4343/805 2420/4344/805 2422/4345/805 2424/4346/805 2426/4347/805 2428/4348/805 2430/4349/805 2432/4350/805 2434/4351/805 2436/4352/805 2438/4353/805 2440/4354/805 2442/4355/805 2444/4356/805 2446/4233/805
f 2458/4231/806 2456/4230/806 2474/4357/806 2476/4358/806
f 2464/4234/807 2462/4359/807 2480/4360/807 2482/4361/807
f 2451/4239/808 2453/4238/808 2471/4362/808 2469/4363/808
f 2462/4364/809 2463/4365/809 2481/4366/809 2480/4367/809
f 2452/4243/810 2450/4242/810 2468/4368/810 2470/4369/810
f 2455/4247/811 2457/4246/811 2475/4370/811 2473/4371/811
f 2461/4251/812 2460/4250/812 2478/4372/812 2479/4373/812
f 2456/4230/813 2454/4331/813 2472/4374/813 2474/4357/813
f 2447/4301/814 2385/4300/814 2449/4375/814 2465/4328/814
f 2393/4245/815 2395/4327/815 2459/4376/815 2457/4246/815
f 2390/4330/816 2388/4240/816 2452/4243/816 2454/4331/816
f 2386/4241/817 2384/4232/817 2448/4235/817 2450/4242/817
f 2389/4237/818 2391/4244/818 2455/4247/818 2453/4238/818
f 2385/4300/819 2387/4236/819 2451/4239/819 2449/4375/819
f 2444/4299/820 2445/4298/820 2463/4365/820 2462/4364/820
f 2396/4332/821 2394/4228/821 2458/4231/821 2460/4377/821
f 2446/4233/822 2444/4356/822 2462/4359/822 2464/4234/822
f 2395/4327/823 2397/4326/823 2461/4378/823 2459/4376/823
f 2466/4379/824 2467/4380/824 2469/4381/824 2468/4382/824
f 2468/4382/825 2469/4381/825 2471/4383/825 2470/4384/825
f 2470/4384/826 2471/4383/826 2473/4385/826 2472/4386/826
f 2472/4386/827 2473/4385/827 2475/4387/827 2474/4388/827
f 2474/4388/828 2475/4387/828 2477/4389/828 2476/4390/828
f 2476/4390/829 2477/4389/829 2479/4373/829 2478/4372/829
f 2480/4367/830 2481/4366/830 2483/4391/830 2482/4392/830
f 2482/4392/831 2483/4391/831 2467/4393/831 2466/4394/831
f 2463/4329/832 2465/4328/832 2483/4395/832 2481/4396/832
f 2457/4246/833 2459/4376/833 2477/4397/833 2475/4370/833
f 2454/4331/834 2452/4243/834 2470/4369/834 2472/4374/834
f 2450/4242/835 2448/4235/835 2466/4398/835 2468/4368/835
f 2453/4238/836 2455/4247/836 2473/4371/836 2471/4362/836
f 2448/4235/837 2464/4234/837 2482/4361/837 2466/4398/837
f 2449/4375/838 2451/4239/838 2469/4363/838 2467/4399/838
f 2460/4377/839 2458/4231/839 2476/4358/839 2478/4400/839
f 2465/4328/840 2449/4375/840 2467/4399/840 2483/4395/840
f 2459/4376/841 2461/4378/841 2479/4401/841 2477/4397/841
f 2531/4402/842 2530/4403/842 2528/4404/842 2529/4405/842
f 2533/4406/843 2532/4407/843 2530/4408/843 2531/4409/843
f 2535/4410/844 2534/4411/844 2532/4412/844 2533/4413/844
f 2537/4414/845 2536/4415/845 2534/4416/845 2535/4417/845
f 2539/4418/846 2538/4419/846 2536/4420/846 2537/4421/846
f 2541/4422/847 2540/4423/847 2538/4424/847 2539/4425/847
f 2543/4426/848 2542/4427/848 2540/4428/848 2541/4429/848
f 2545/4430/849 2544/4431/849 2542/4432/849 2543/4433/849
f 2529/4434/850 2528/4435/850 2526/4436/850 2527/4437/850
f 2527/4437/851 2526/4436/851 2524/4438/851 2525/4439/851
f 2525/4439/852 2524/4438/852 2522/4440/852 2523/4441/852
f 2523/4441/853 2522/4440/853 2520/4442/853 2521/4443/853
f 2521/4443/854 2520/4442/854 2518/4444/854 2519/4445/854
f 2519/4445/855 2518/4444/855 2516/4446/855 2517/4447/855
f 2517/4447/856 2516/4446/856 2514/4448/856 2515/4449/856
f 2515/4449/857 2514/4448/857 2512/4450/857 2513/4451/857
f 2513/4451/858 2512/4450/858 2510/4452/858 2511/4453/858
f 2511/4453/859 2510/4452/859 2508/4454/859 2509/4455/859
f 2509/4455/860 2508/4454/860 2506/4456/860 2507/4457/860
f 2507/4457/861 2506/4456/861 2504/4458/861 2505/4459/861
f 2505/4459/862 2504/4458/862 2502/4460/862 2503/4461/862
f 2503/4461/863 2502/4460/863 2500/4462/863 2501/4463/863
f 2501/4463/864 2500/4462/864 2498/4464/864 2499/4465/864
f 2499/4465/865 2498/4464/865 2496/4466/865 2497/4467/865
f 2497/4467/866 2496/4466/866 2494/4468/866 2495/4469/866
f 2495/4469/867 2494/4468/867 2492/4470/867 2493/4471/867
f 2493/4471/868 2492/4470/868 2490/4472/868 2491/4473/868
f 2491/4473/869 2490/4472/869 2488/4474/869 2489/4475/869
f 2489/4475/870 2488/4474/870 2486/4476/870 2487/4477/870
f 2487/4477/871 2486/4476/871 2484/4478/871 2485/4479/871
f 2531/4480/872 2529/4481/872 2527/4482/872 2525/4483/872 2523/4484/872 2521/4485/872 2519/4486/872 2517/4487/872 2515/4488/872 2513/4489/872 2511/4490/872 2509/4491/872 2507/4492/872 2505/4493/872 2503/4494/872 2501/4495/872 2499/4496/872 2497/4497/872 2495/4498/872 2493/4499/872 2491/4500/872 2489/4501/872 2487/4502/872 2485/4503/872 2546/4504/872 2545/4505/872 2543/4506/872 2541/4507/872 2539/4508/872 2537/4509/872 2535/4510/872 2533/4511/872
f 2485/4479/873 2484/4478/873 2547/4512/873 2546/4513/873
f 2546/4513/874 2547/4512/874 2544/4514/874 2545/4515/874
f 2528/4516/875 2530/4517/875 2532/4518/875 2534/4519/875 2536/4520/875 2538/4521/875 2540/4522/875 2542/4523/875 2544/4524/875 2547/4525/875 2484/4526/875 2486/4527/875 2488/4528/875 2490/4529/875 2492/4530/875 2494/4531/875 2496/4532/875 2498/4533/875 2500/4534/875 2502/4535/875 2504/4536/875 2506/4537/875 2508/4538/875 2510/4539/875 2512/4540/875 2514/4541/875 2516/4542/875 2518/4543/875 2520/4544/875 2522/4545/875 2524/4546/875 2526/4547/875
o sight_Cube.008
v -0.207534 1.084651 -1.741010
v -0.168440 1.386848 -1.741010
v -0.207534 1.084651 -2.473874
v -0.168440 1.386848 -2.473874
v 0.206347 1.084651 -1.741010
v 0.167253 1.386848 -1.741010
v 0.206347 1.084651 -2.473874
v 0.167253 1.386848 -2.473874
v -0.207534 1.221127 -2.473874
v -0.207534 1.221127 -1.741010
v 0.153848 1.306436 -2.254787
v -0.216449 1.306353 -2.254787
v 0.153832 1.324341 -2.253024
v -0.216465 1.324259 -2.253024
v 0.153816 1.341559 -2.247801
v -0.216481 1.341476 -2.247801
v 0.153802 1.357426 -2.239319
v -0.216495 1.357344 -2.239319
v 0.153790 1.371334 -2.227905
v -0.216507 1.371252 -2.227905
v 0.153779 1.382748 -2.213997
v -0.216518 1.382666 -2.213997
v 0.153772 1.391230 -2.198130
v -0.216526 1.391148 -2.198130
v 0.153767 1.396453 -2.180912
v -0.216530 1.396370 -2.180912
v 0.153765 1.398216 -2.163007
v -0.216532 1.398134 -2.163007
v 0.153767 1.396453 -2.145101
v -0.216530 1.396370 -2.145101
v 0.153772 1.391230 -2.127884
v -0.216526 1.391148 -2.127884
v 0.153779 1.382748 -2.112016
v -0.216518 1.382666 -2.112016
v 0.153790 1.371334 -2.098108
v -0.216507 1.371252 -2.098108
v 0.153802 1.357426 -2.086694
v -0.216495 1.357344 -2.086694
v 0.153816 1.341559 -2.078212
v -0.216481 1.341476 -2.078212
v 0.153832 1.324341 -2.072990
v -0.216465 1.324259 -2.072990
v 0.153848 1.306436 -2.071226
v -0.216449 1.306353 -2.071226
v 0.153864 1.288530 -2.072990
v -0.216433 1.288448 -2.072990
v 0.153880 1.271313 -2.078213
v -0.216417 1.271231 -2.078213
v 0.153894 1.255445 -2.086694
v -0.216403 1.255363 -2.086694
v 0.153907 1.241537 -2.098108
v -0.216390 1.241455 -2.098108
v 0.153917 1.230123 -2.112016
v -0.216380 1.230041 -2.112016
v 0.153925 1.221642 -2.127884
v -0.216372 1.221559 -2.127884
v 0.153930 1.216419 -2.145101
v -0.216367 1.216336 -2.145101
v 0.153931 1.214655 -2.163007
v -0.216366 1.214573 -2.163007
v 0.153930 1.216419 -2.180912
v -0.216367 1.216336 -2.180912
v 0.153925 1.221642 -2.198130
v -0.216372 1.221559 -2.198130
v 0.153917 1.230123 -2.213997
v -0.216380 1.230041 -2.213997
v 0.153907 1.241537 -2.227906
v -0.216390 1.241455 -2.227906
v 0.153894 1.255445 -2.239320
v -0.216403 1.255363 -2.239320
v 0.153880 1.271313 -2.247801
v -0.216417 1.271231 -2.247801
v 0.153864 1.288530 -2.253024
v -0.216433 1.288448 -2.253024
v 0.206347 1.221127 -2.473874
v 0.206347 1.221127 -1.741010
v -0.121591 1.308232 -2.219088
v -0.052639 1.815903 -2.219088
v -0.121591 1.308232 -2.264984
v -0.052639 1.815903 -2.264984
v 0.122024 1.308232 -2.219088
v 0.053072 1.815903 -2.219088
v 0.122024 1.308232 -2.264984
v 0.053072 1.815903 -2.264984
v -0.121591 1.629306 -2.219088
v -0.121591 1.629306 -2.264984
v 0.122024 1.629306 -2.264984
v 0.122024 1.629306 -2.219088
v -0.121591 1.473389 -2.264984
v 0.122024 1.473389 -2.264984
v 0.122024 1.473389 -2.219088
v -0.121591 1.473389 -2.219088
v -0.121591 1.593102 -2.103888
v 0.122024 1.593102 -2.103888
v -0.121591 1.509594 -2.103888
v 0.122024 1.509594 -2.103888
v 0.000075 1.940620 -2.290621
v 0.000075 1.941199 -2.193217
v 0.014526 1.939196 -2.290617
v 0.014526 1.939776 -2.193213
v 0.028422 1.934981 -2.290606
v 0.028422 1.935560 -2.193202
v 0.041228 1.928136 -2.290589
v 0.041228 1.928715 -2.193185
v 0.052452 1.918924 -2.290566
v 0.052452 1.919504 -2.193161
v 0.061664 1.907700 -2.290537
v 0.061664 1.908279 -2.193132
v 0.068509 1.894894 -2.290504
v 0.068509 1.895473 -2.193099
v 0.072724 1.880998 -2.290468
v 0.072724 1.881578 -2.193063
v 0.074148 1.866548 -2.290431
v 0.074148 1.867127 -2.193026
v 0.072724 1.852097 -2.290394
v 0.072724 1.852676 -2.192989
v 0.068509 1.838202 -2.290358
v 0.068509 1.838781 -2.192953
v 0.061664 1.825396 -2.290325
v 0.061664 1.825975 -2.192920
v 0.052452 1.814171 -2.290296
v 0.052452 1.814750 -2.192891
v 0.041228 1.804959 -2.290272
v 0.041228 1.805538 -2.192868
v 0.028422 1.798114 -2.290255
v 0.028422 1.798693 -2.192850
v 0.014526 1.793899 -2.290244
v 0.014526 1.794478 -2.192840
v 0.000075 1.792476 -2.290240
v 0.000075 1.793055 -2.192836
v -0.014376 1.793899 -2.290244
v -0.014376 1.794478 -2.192840
v -0.028271 1.798114 -2.290255
v -0.028271 1.798693 -2.192850
v -0.041077 1.804959 -2.290272
v -0.041077 1.805538 -2.192868
v -0.052302 1.814171 -2.290296
v -0.052302 1.814750 -2.192891
v -0.061514 1.825396 -2.290325
v -0.061514 1.825975 -2.192920
v -0.068359 1.838202 -2.290358
v -0.068359 1.838781 -2.192953
v -0.072574 1.852097 -2.290394
v -0.072574 1.852676 -2.192989
v -0.073997 1.866548 -2.290431
v -0.073997 1.867127 -2.193026
v -0.072574 1.880999 -2.290468
v -0.072574 1.881578 -2.193063
v -0.068359 1.894894 -2.290504
v -0.068359 1.895473 -2.193099
v -0.061514 1.907700 -2.290537
v -0.061514 1.908279 -2.193132
v -0.052302 1.918925 -2.290566
v -0.052302 1.919504 -2.193161
v -0.041077 1.928136 -2.290589
v -0.041077 1.928716 -2.193185
v -0.028271 1.934981 -2.290606
v -0.028271 1.935560 -2.193202
v -0.014375 1.939196 -2.290617
v -0.014375 1.939776 -2.193213
v 0.000075 1.919413 -2.290567
v 0.000075 1.919516 -2.193161
v -0.010192 1.918401 -2.290564
v -0.010192 1.918504 -2.193158
v 0.010342 1.918401 -2.290564
v 0.010342 1.918504 -2.193158
v -0.020064 1.915407 -2.290556
v -0.020064 1.915510 -2.193151
v 0.020215 1.915407 -2.290556
v 0.020215 1.915510 -2.193151
v -0.029162 1.910544 -2.290544
v -0.029162 1.910647 -2.193138
v 0.029313 1.910543 -2.290544
v 0.029313 1.910646 -2.193138
v -0.037137 1.903999 -2.290527
v -0.037137 1.904102 -2.193121
v 0.037288 1.904102 -2.193121
v 0.037288 1.903999 -2.290527
v -0.043682 1.896024 -2.290507
v -0.043682 1.896127 -2.193101
v 0.043833 1.896127 -2.193101
v 0.043833 1.896024 -2.290506
v 0.048696 1.887028 -2.193077
v 0.048696 1.886925 -2.290483
v -0.048545 1.886925 -2.290483
v -0.048545 1.887028 -2.193078
v 0.051691 1.877156 -2.193052
v 0.051691 1.877053 -2.290458
v -0.051540 1.877053 -2.290458
v -0.051540 1.877156 -2.193052
v 0.052702 1.866889 -2.193026
v 0.052702 1.866786 -2.290431
v -0.052551 1.866786 -2.290431
v -0.052551 1.866889 -2.193026
v -0.051540 1.856519 -2.290405
v -0.051540 1.856622 -2.192999
v 0.051691 1.856622 -2.192999
v 0.051691 1.856519 -2.290405
v -0.048545 1.846647 -2.290380
v -0.048545 1.846750 -2.192974
v 0.048696 1.846750 -2.192974
v 0.048696 1.846647 -2.290380
v 0.043833 1.837651 -2.192950
v 0.043833 1.837548 -2.290356
v -0.043682 1.837548 -2.290356
v -0.043682 1.837651 -2.192950
v 0.037288 1.829676 -2.192930
v 0.037288 1.829573 -2.290336
v -0.037137 1.829573 -2.290336
v -0.037137 1.829676 -2.192930
v -0.029162 1.823028 -2.290319
v -0.029162 1.823131 -2.192913
v 0.029313 1.823131 -2.192913
v 0.029313 1.823028 -2.290319
v 0.020215 1.818268 -2.192900
v 0.020215 1.818165 -2.290306
v -0.020064 1.818165 -2.290306
v -0.020064 1.818268 -2.192900
v 0.010342 1.815171 -2.290299
v 0.010342 1.815273 -2.192893
v 0.012509 1.815903 -2.219088
v 0.012669 1.815903 -2.264984
v 0.010342 1.815246 -2.219088
v 0.010342 1.815197 -2.264984
v -0.010192 1.815170 -2.290299
v -0.010192 1.815273 -2.192893
v -0.012359 1.815903 -2.219088
v -0.012519 1.815903 -2.264984
v -0.010192 1.815246 -2.219088
v -0.010192 1.815197 -2.264984
v 0.000075 1.814159 -2.290296
v 0.000075 1.814262 -2.192890
v 0.000075 1.814234 -2.219088
v 0.000075 1.814186 -2.264984
v 0.039329 1.308232 -2.264984
v 0.039329 1.308232 -2.219088
v 0.039329 1.629306 -2.219088
v 0.039329 1.629306 -2.264984
v 0.039329 1.473389 -2.264984
v 0.039329 1.473389 -2.219088
v 0.039329 1.593102 -2.103888
v 0.039329 1.509594 -2.103888
v -0.031143 1.308232 -2.264984
v -0.031143 1.629306 -2.219088
v -0.031143 1.473389 -2.219088
v -0.031143 1.308232 -2.219088
v -0.031143 1.629306 -2.264984
v -0.031143 1.473389 -2.264984
v -0.031143 1.593102 -2.103888
v -0.031143 1.509594 -2.103888
v 0.130715 1.957942 1.990479
v 0.130715 1.280718 1.990479
v 0.130715 1.957942 2.115939
v 0.130715 1.280718 2.115939
v -0.130652 1.957942 1.990479
v -0.130652 1.280718 1.990479
v -0.130652 1.957942 2.115939
v -0.130652 1.280718 2.115939
v 0.130715 1.737190 1.990479
v 0.130715 1.737190 2.115939
v -0.130652 1.737190 2.115939
v -0.130652 1.737190 1.990479
v -0.102550 1.957942 2.115939
v -0.076062 1.280718 2.115939
v -0.102550 1.957942 1.990479
v -0.076062 1.280718 1.990479
v -0.076062 1.737190 1.990479
v -0.076062 1.737190 2.115939
v 0.103046 1.957942 2.115939
v 0.076559 1.280718 1.990479
v 0.076559 1.737190 1.990479
v 0.076559 1.280718 2.115939
v 0.103046 1.957942 1.990479
v 0.076559 1.737190 2.115939
v -0.010574 1.853486 2.057576
v -0.032805 1.732577 2.057576
v 0.000094 1.652319 1.997501
v 0.000094 1.765235 1.997501
v 0.044235 1.652319 2.018758
v 0.044235 1.765235 2.018758
v 0.055137 1.652319 2.066523
v 0.055137 1.765235 2.066523
v 0.024590 1.652319 2.104826
v 0.024590 1.765235 2.104826
v -0.024402 1.652319 2.104826
v -0.024402 1.765235 2.104826
v -0.054949 1.652319 2.066523
v -0.054949 1.765235 2.066523
v -0.044047 1.652319 2.018758
v -0.044047 1.765235 2.018758
v -0.032805 1.732577 2.048418
v -0.010574 1.853486 2.048418
v 0.032904 1.732577 2.057576
v 0.010672 1.853486 2.057576
v 0.032904 1.732577 2.048418
v 0.010672 1.853486 2.048418
v 0.070026 1.625422 2.082288
v 0.070026 1.485179 2.082288
v 0.019737 1.575133 2.259212
v 0.019737 1.535468 2.259212
v -0.070217 1.625422 2.082288
v -0.070217 1.485179 2.082288
v -0.019928 1.575133 2.259212
v -0.019928 1.535468 2.259212
v 0.164075 1.084651 -2.473874
v 0.132967 1.386848 -2.473874
v 0.164075 1.084651 -1.741010
v 0.132967 1.386848 -1.741010
v 0.164075 1.221127 -2.473874
v 0.164075 1.221127 -1.741010
v -0.159841 1.084651 -2.473874
v -0.129757 1.386848 -1.741010
v -0.159841 1.221127 -1.741010
v -0.129757 1.386848 -2.473874
v -0.159841 1.084651 -1.741010
v -0.159841 1.221127 -2.473874
v -0.207534 1.084651 -2.110210
v -0.168440 1.386848 -2.110210
v 0.206347 1.084651 -2.110210
v 0.167253 1.386848 -2.110210
v -0.207534 1.221127 -2.110210
v 0.206347 1.221127 -2.110210
v 0.132967 1.386848 -2.110210
v 0.164075 1.084651 -2.110210
v -0.159841 1.084651 -2.110210
v -0.129757 1.386848 -2.110210
v -0.159841 1.221127 -2.106677
v 0.159496 1.223540 -2.105818
v -0.207534 1.084651 2.308652
v -0.168440 1.386848 2.189810
v -0.207534 1.084651 1.769589
v -0.168440 1.386848 1.769589
v 0.206347 1.084651 2.308652
v 0.167253 1.386848 2.189810
v 0.206347 1.084651 1.769589
v 0.167253 1.386848 1.769589
v -0.207534 1.221127 1.769589
v -0.207534 1.221127 2.308652
v 0.156110 1.224459 2.137644
v -0.157809 1.224341 2.137644
v 0.206347 1.221127 1.769589
v 0.206347 1.221127 2.308652
v 0.164075 1.084651 1.769589
v 0.132967 1.386848 1.769589
v 0.164075 1.084651 2.308652
v 0.132967 1.386848 2.189810
v 0.164075 1.221127 1.769589
v 0.164075 1.221127 2.308652
v -0.159841 1.084651 1.769589
v -0.129757 1.386848 2.189810
v -0.159841 1.221127 2.308652
v -0.129757 1.386848 1.769589
v -0.159841 1.084651 2.308652
v -0.159841 1.221127 1.769589
v -0.207534 1.084651 2.133252
v -0.168440 1.386848 2.133252
v 0.206347 1.084651 2.133252
v 0.167253 1.386848 2.133252
v -0.207534 1.221127 2.133252
v 0.206347 1.221127 2.133252
v 0.132967 1.386848 2.133252
v 0.164075 1.084651 2.133252
v -0.159841 1.084651 2.133252
v -0.129757 1.386848 2.133252
v -0.159841 1.221127 2.136786
v 0.159496 1.223540 2.137644
v 0.120832 1.307303 1.964796
v -0.122661 1.307211 1.964796
v 0.120821 1.327224 1.966759
v -0.122671 1.327132 1.966759
v 0.120811 1.346379 1.972570
v -0.122681 1.346288 1.972570
v 0.120801 1.364033 1.982006
v -0.122691 1.363942 1.982006
v 0.120793 1.379507 1.994705
v -0.122699 1.379415 1.994705
v 0.120786 1.392206 2.010179
v -0.122706 1.392114 2.010179
v 0.120781 1.401642 2.027832
v -0.122711 1.401550 2.027832
v 0.120778 1.407453 2.046988
v -0.122714 1.407361 2.046988
v 0.120777 1.409415 2.066909
v -0.122715 1.409323 2.066909
v 0.120778 1.407453 2.086830
v -0.122714 1.407361 2.086830
v 0.120781 1.401642 2.105985
v -0.122711 1.401550 2.105985
v 0.120786 1.392206 2.123639
v -0.122706 1.392114 2.123639
v 0.120793 1.379507 2.139112
v -0.122699 1.379415 2.139112
v 0.120801 1.364033 2.151811
v -0.122691 1.363942 2.151811
v 0.120811 1.346379 2.161248
v -0.122681 1.346288 2.161248
v 0.120821 1.327224 2.167058
v -0.122671 1.327132 2.167058
v 0.120832 1.307303 2.169021
v -0.122661 1.307211 2.169021
v 0.120842 1.287382 2.167058
v -0.122650 1.287290 2.167058
v 0.120852 1.268226 2.161248
v -0.122640 1.268135 2.161248
v 0.120862 1.250572 2.151811
v -0.122630 1.250481 2.151811
v 0.120870 1.235099 2.139112
v -0.122622 1.235007 2.139112
v 0.120877 1.222400 2.123639
v -0.122615 1.222308 2.123639
v 0.120882 1.212964 2.105985
v -0.122610 1.212872 2.105985
v 0.120885 1.207153 2.086830
v -0.122607 1.207061 2.086830
v 0.120886 1.205191 2.066909
v -0.122606 1.205099 2.066909
v 0.120885 1.207153 2.046988
v -0.122607 1.207061 2.046988
v 0.120882 1.212964 2.027832
v -0.122610 1.212872 2.027832
v 0.120877 1.222400 2.010179
v -0.122615 1.222308 2.010179
v 0.120870 1.235099 1.994705
v -0.122622 1.235007 1.994705
v 0.120862 1.250573 1.982006
v -0.122630 1.250481 1.982006
v 0.120852 1.268226 1.972570
v -0.122640 1.268135 1.972570
v 0.120842 1.287382 1.966759
v -0.122650 1.287290 1.966759
v -0.226099 1.329773 -2.280747
v -0.226078 1.306354 -2.283053
v -0.226119 1.352293 -2.273915
v -0.226138 1.373048 -2.262822
v -0.226155 1.391239 -2.247892
v -0.226168 1.406168 -2.229701
v -0.226178 1.417262 -2.208947
v -0.226184 1.424093 -2.186427
v -0.226187 1.426400 -2.163007
v -0.226184 1.424093 -2.139587
v -0.226178 1.417262 -2.117067
v -0.226168 1.406168 -2.096313
v -0.226155 1.391239 -2.078121
v -0.226138 1.373048 -2.063192
v -0.226119 1.352293 -2.052098
v -0.226099 1.329773 -2.045267
v -0.226078 1.306353 -2.042960
v -0.226057 1.282934 -2.045267
v -0.226036 1.260414 -2.052098
v -0.226018 1.239659 -2.063192
v -0.226001 1.221468 -2.078121
v -0.225988 1.206538 -2.096313
v -0.225978 1.195445 -2.117067
v -0.225971 1.188614 -2.139587
v -0.225969 1.186307 -2.163007
v -0.225971 1.188614 -2.186427
v -0.225978 1.195445 -2.208947
v -0.225988 1.206539 -2.229701
v -0.226001 1.221468 -2.247893
v -0.226018 1.239659 -2.262822
v -0.226036 1.260414 -2.273915
v -0.226057 1.282934 -2.280747
v -0.258727 1.329744 -2.280747
v -0.258706 1.306324 -2.283053
v -0.258748 1.352264 -2.273915
v -0.258767 1.373018 -2.262822
v -0.258783 1.391210 -2.247892
v -0.258797 1.406139 -2.229701
v -0.258807 1.417233 -2.208947
v -0.258813 1.424064 -2.186427
v -0.258815 1.426370 -2.163007
v -0.258813 1.424064 -2.139587
v -0.258807 1.417233 -2.117067
v -0.258797 1.406139 -2.096313
v -0.258783 1.391210 -2.078121
v -0.258767 1.373018 -2.063192
v -0.258748 1.352264 -2.052098
v -0.258727 1.329744 -2.045267
v -0.258706 1.306324 -2.042960
v -0.258685 1.282904 -2.045267
v -0.258665 1.260384 -2.052098
v -0.258646 1.239630 -2.063192
v -0.258630 1.221438 -2.078121
v -0.258616 1.206509 -2.096313
v -0.258606 1.195415 -2.117067
v -0.258600 1.188584 -2.139587
v -0.258598 1.186278 -2.163007
v -0.258600 1.188584 -2.186427
v -0.258606 1.195416 -2.208947
v -0.258616 1.206509 -2.229701
v -0.258630 1.221438 -2.247893
v -0.258646 1.239630 -2.262822
v -0.258665 1.260384 -2.273915
v -0.258685 1.282904 -2.280747
vt 0.487903 0.125944
vt 0.625000 0.125944
vt 0.625000 0.250000
vt 0.487903 0.250000
vt 0.487903 0.474466
vt 0.625000 0.474466
vt 0.625000 0.500000
vt 0.487903 0.500000
vt 0.487903 0.624056
vt 0.625000 0.624056
vt 0.625000 0.750000
vt 0.487903 0.750000
vt 0.487903 0.971192
vt 0.625000 0.971192
vt 0.625000 1.000000
vt 0.487903 1.000000
vt 0.349466 0.624056
vt 0.375000 0.624056
vt 0.375000 0.750000
vt 0.349466 0.750000
vt 0.846192 0.624056
vt 0.875000 0.624056
vt 0.875000 0.750000
vt 0.846192 0.750000
vt 1.000000 0.500000
vt 1.000000 1.000000
vt 0.968750 1.000000
vt 0.968750 0.500000
vt 0.937500 1.000000
vt 0.937500 0.500000
vt 0.906250 1.000000
vt 0.906250 0.500000
vt 0.875000 1.000000
vt 0.875000 0.500000
vt 0.843750 1.000000
vt 0.843750 0.500000
vt 0.812500 1.000000
vt 0.812500 0.500000
vt 0.781250 1.000000
vt 0.781250 0.500000
vt 0.750000 1.000000
vt 0.750000 0.500000
vt 0.718750 1.000000
vt 0.718750 0.500000
vt 0.687500 1.000000
vt 0.687500 0.500000
vt 0.656250 1.000000
vt 0.656250 0.500000
vt 0.625000 1.000000
vt 0.625000 0.500000
vt 0.593750 1.000000
vt 0.593750 0.500000
vt 0.562500 1.000000
vt 0.562500 0.500000
vt 0.531250 1.000000
vt 0.531250 0.500000
vt 0.500000 1.000000
vt 0.500000 0.500000
vt 0.468750 1.000000
vt 0.468750 0.500000
vt 0.437500 1.000000
vt 0.437500 0.500000
vt 0.406250 1.000000
vt 0.406250 0.500000
vt 0.375000 1.000000
vt 0.375000 0.500000
vt 0.343750 1.000000
vt 0.343750 0.500000
vt 0.312500 1.000000
vt 0.312500 0.500000
vt 0.281250 1.000000
vt 0.281250 0.500000
vt 0.250000 1.000000
vt 0.250000 0.500000
vt 0.218750 1.000000
vt 0.218750 0.500000
vt 0.187500 1.000000
vt 0.187500 0.500000
vt 0.156250 1.000000
vt 0.156250 0.500000
vt 0.375000 0.125944
vt 0.375000 0.250000
vt 0.125000 1.000000
vt 0.125000 0.500000
vt 0.375000 0.474466
vt 0.375000 0.500000
vt 0.093750 1.000000
vt 0.093750 0.500000
vt 0.062500 1.000000
vt 0.062500 0.500000
vt 0.875000 1.000000
vt 0.843750 1.000000
vt 0.375000 0.971192
vt 0.375000 1.000000
vt 0.031250 1.000000
vt 0.031250 0.500000
vt 0.000000 1.000000
vt 0.000000 0.500000
vt 0.750000 0.490000
vt 0.796822 0.485388
vt 0.841844 0.471731
vt 0.883337 0.449553
vt 0.919706 0.419706
vt 0.949553 0.383337
vt 0.971731 0.341844
vt 0.985388 0.296822
vt 0.990000 0.250000
vt 0.985389 0.203178
vt 0.971731 0.158156
vt 0.949553 0.116663
vt 0.919706 0.080294
vt 0.883337 0.050447
vt 0.841844 0.028269
vt 0.796822 0.014612
vt 0.750000 0.010000
vt 0.703178 0.014612
vt 0.658156 0.028269
vt 0.616663 0.050447
vt 0.580294 0.080294
vt 0.550447 0.116663
vt 0.528269 0.158156
vt 0.514611 0.203179
vt 0.510000 0.250000
vt 0.514612 0.296822
vt 0.528269 0.341844
vt 0.550447 0.383337
vt 0.580295 0.419706
vt 0.616663 0.449553
vt 0.658156 0.471731
vt 0.703179 0.485389
vt 0.497359 0.000000
vt 0.625000 0.000000
vt 0.625000 0.250000
vt 0.497359 0.250000
vt 0.625000 0.344882
vt 0.624731 0.350396
vt 0.624346 0.374666
vt 0.624731 0.398936
vt 0.625000 0.404450
vt 0.625000 0.500000
vt 0.497359 0.500000
vt 0.497359 0.415138
vt 0.497359 0.342819
vt 0.625000 0.750000
vt 0.497359 0.750000
vt 0.625000 0.845928
vt 0.624749 0.851063
vt 0.624364 0.875334
vt 0.624749 0.899605
vt 0.625000 0.904740
vt 0.625000 1.000000
vt 0.497359 1.000000
vt 0.497359 0.907181
vt 0.497359 0.834862
vt 0.290138 0.500000
vt 0.375000 0.500000
vt 0.375000 0.750000
vt 0.290138 0.750000
vt 0.720550 0.500000
vt 0.720928 0.750000
vt 0.437940 0.907181
vt 0.437940 1.000000
vt 0.437940 0.500000
vt 0.437940 0.750000
vt 0.437940 0.250000
vt 0.497359 0.250000
vt 0.437940 0.250000
vt 0.437940 0.000000
vt 0.375000 0.000000
vt 0.375000 0.250000
vt 0.375000 0.415138
vt 0.437940 0.415138
vt 0.375000 0.907181
vt 0.375000 1.000000
vt 0.437940 0.415138
vt 0.497359 0.415138
vt 0.497359 0.500000
vt 0.437940 0.500000
vt 0.437940 0.342819
vt 0.437940 0.342819
vt 1.000000 0.500000
vt 1.000000 1.000000
vt 0.968750 1.000000
vt 0.968750 0.500000
vt 0.937500 1.000000
vt 0.937500 0.500000
vt 0.906250 1.000000
vt 0.906250 0.500000
vt 0.875000 1.000000
vt 0.875000 0.500000
vt 0.843750 1.000000
vt 0.843750 0.500000
vt 0.812500 1.000000
vt 0.812500 0.500000
vt 0.781250 1.000000
vt 0.781250 0.500000
vt 0.750000 1.000000
vt 0.750000 0.500000
vt 0.718750 1.000000
vt 0.718750 0.500000
vt 0.687500 1.000000
vt 0.687500 0.500000
vt 0.656250 1.000000
vt 0.656250 0.500000
vt 0.625000 1.000000
vt 0.625000 0.500000
vt 0.593750 1.000000
vt 0.593750 0.500000
vt 0.562500 1.000000
vt 0.562500 0.500000
vt 0.531250 1.000000
vt 0.531250 0.500000
vt 0.500000 1.000000
vt 0.500000 0.500000
vt 0.468750 1.000000
vt 0.468750 0.500000
vt 0.437500 1.000000
vt 0.437500 0.500000
vt 0.406250 1.000000
vt 0.406250 0.500000
vt 0.375000 1.000000
vt 0.375000 0.500000
vt 0.343750 1.000000
vt 0.343750 0.500000
vt 0.312500 1.000000
vt 0.312500 0.500000
vt 0.281250 1.000000
vt 0.281250 0.500000
vt 0.250000 1.000000
vt 0.250000 0.500000
vt 0.218750 1.000000
vt 0.218750 0.500000
vt 0.187500 1.000000
vt 0.187500 0.500000
vt 0.156250 1.000000
vt 0.156250 0.500000
vt 0.125000 1.000000
vt 0.125000 0.500000
vt 0.093750 1.000000
vt 0.093750 0.500000
vt 0.062500 1.000000
vt 0.062500 0.500000
vt 0.296822 0.485388
vt 0.250000 0.490000
vt 0.203179 0.485388
vt 0.158156 0.471731
vt 0.116663 0.449553
vt 0.080295 0.419706
vt 0.050447 0.383337
vt 0.028269 0.341844
vt 0.014612 0.296822
vt 0.010000 0.250000
vt 0.079487 0.249228
vt 0.082763 0.282495
vt 0.092466 0.314482
vt 0.108223 0.343962
vt 0.129429 0.369802
vt 0.155268 0.391007
vt 0.184748 0.406764
vt 0.216735 0.416468
vt 0.250000 0.419744
vt 0.283265 0.416468
vt 0.315253 0.406764
vt 0.344732 0.391007
vt 0.370571 0.369801
vt 0.391777 0.343962
vt 0.407534 0.314482
vt 0.417237 0.282494
vt 0.420514 0.249228
vt 0.490000 0.250000
vt 0.485388 0.296822
vt 0.471731 0.341844
vt 0.449553 0.383337
vt 0.419706 0.419705
vt 0.383337 0.449553
vt 0.341844 0.471731
vt 0.031250 1.000000
vt 0.031250 0.500000
vt 0.000000 1.000000
vt 0.000000 0.500000
vt 0.750000 0.490000
vt 0.796822 0.485388
vt 0.841844 0.471731
vt 0.883337 0.449553
vt 0.919706 0.419705
vt 0.949553 0.383337
vt 0.971731 0.341844
vt 0.985388 0.296822
vt 0.990000 0.250000
vt 0.920514 0.250772
vt 0.917237 0.284037
vt 0.907534 0.316025
vt 0.891777 0.345506
vt 0.870571 0.371345
vt 0.844732 0.392550
vt 0.815253 0.408308
vt 0.783266 0.418011
vt 0.750000 0.421288
vt 0.716735 0.418011
vt 0.684748 0.408308
vt 0.655268 0.392550
vt 0.629429 0.371345
vt 0.608223 0.345505
vt 0.592466 0.316025
vt 0.582763 0.284038
vt 0.579487 0.250772
vt 0.510000 0.250000
vt 0.514612 0.296822
vt 0.528269 0.341844
vt 0.550447 0.383337
vt 0.580295 0.419706
vt 0.616663 0.449553
vt 0.658156 0.471731
vt 0.703179 0.485388
vt 0.718750 0.687296
vt 0.718750 0.812390
vt 0.750000 0.812546
vt 0.750000 0.687452
vt 0.779740 0.750000
vt 0.780118 0.500000
vt 0.875000 0.500000
vt 0.875000 0.750000
vt 0.625000 0.686885
vt 0.625000 0.811978
vt 0.656250 0.812100
vt 0.656250 0.687006
vt 0.687500 0.812239
vt 0.687500 0.687145
vt 0.218750 0.687611
vt 0.218750 0.812704
vt 0.250000 0.812546
vt 0.250000 0.687452
vt 0.781250 0.687611
vt 0.781250 0.812704
vt 0.812500 0.812856
vt 0.812500 0.687762
vt 0.843750 0.687900
vt 0.843750 0.812993
vt 0.875000 0.813116
vt 0.875000 0.688023
vt 0.000000 0.688257
vt 0.000000 0.813351
vt 0.031250 0.813335
vt 0.031250 0.688241
vt 0.468750 0.686665
vt 0.468750 0.719176
vt 0.500000 0.719156
vt 0.500000 0.686649
vt 0.468750 0.778118
vt 0.468750 0.811759
vt 0.500000 0.811743
vt 0.500000 0.778099
vt 0.156250 0.687900
vt 0.156250 0.812993
vt 0.187500 0.812855
vt 0.187500 0.687762
vt 0.531250 0.719176
vt 0.531250 0.686665
vt 0.531250 0.811759
vt 0.531250 0.778118
vt 0.062500 0.813289
vt 0.062500 0.688195
vt 0.906250 0.813215
vt 0.906250 0.688121
vt 0.406250 0.686784
vt 0.406250 0.811878
vt 0.437500 0.811804
vt 0.437500 0.686711
vt 0.937500 0.813289
vt 0.937500 0.688195
vt 0.593750 0.686784
vt 0.593750 0.811878
vt 0.093750 0.688121
vt 0.093750 0.813215
vt 0.125000 0.813115
vt 0.125000 0.688022
vt 0.562500 0.686711
vt 0.562500 0.811804
vt 0.375000 0.686885
vt 0.375000 0.811978
vt 0.582763 0.217506
vt 0.592466 0.185518
vt 0.608223 0.156038
vt 0.629429 0.130199
vt 0.655268 0.108993
vt 0.684747 0.093236
vt 0.716735 0.083532
vt 0.750000 0.080256
vt 0.783266 0.083532
vt 0.815253 0.093236
vt 0.844732 0.108993
vt 0.870571 0.130199
vt 0.891777 0.156038
vt 0.907534 0.185518
vt 0.917237 0.217506
vt 0.985389 0.203178
vt 0.971731 0.158156
vt 0.949553 0.116663
vt 0.919706 0.080294
vt 0.883337 0.050447
vt 0.841844 0.028269
vt 0.796822 0.014611
vt 0.750000 0.010000
vt 0.703178 0.014611
vt 0.658156 0.028269
vt 0.616663 0.050447
vt 0.580294 0.080294
vt 0.550447 0.116663
vt 0.528269 0.158156
vt 0.514611 0.203178
vt 0.312500 0.687145
vt 0.312500 0.812238
vt 0.343750 0.812100
vt 0.343750 0.687007
vt 0.968750 0.688242
vt 0.968750 0.813335
vt 1.000000 0.813351
vt 1.000000 0.688257
vt 0.417237 0.215963
vt 0.407534 0.183975
vt 0.391777 0.154495
vt 0.370571 0.128656
vt 0.344732 0.107450
vt 0.315253 0.091692
vt 0.283265 0.081989
vt 0.250000 0.078713
vt 0.216734 0.081989
vt 0.184747 0.091692
vt 0.155268 0.107450
vt 0.129429 0.128656
vt 0.108223 0.154495
vt 0.092466 0.183975
vt 0.082763 0.215963
vt 0.014611 0.203178
vt 0.028269 0.158156
vt 0.050447 0.116663
vt 0.080294 0.080294
vt 0.116663 0.050447
vt 0.158156 0.028269
vt 0.203178 0.014611
vt 0.250000 0.010000
vt 0.296822 0.014611
vt 0.341844 0.028269
vt 0.383337 0.050447
vt 0.419706 0.080294
vt 0.449553 0.116663
vt 0.471731 0.158156
vt 0.485388 0.203178
vt 0.281250 0.812389
vt 0.281250 0.687296
vt 0.461890 0.778130
vt 0.461384 0.719189
vt 0.538616 0.719189
vt 0.538110 0.778130
vt 0.497359 0.342819
vt 0.437940 0.834862
vt 0.375000 0.834862
vt 0.375000 0.342819
vt 0.217819 0.500000
vt 0.217819 0.750000
vt 0.125000 0.500000
vt 0.125000 0.750000
vt 0.445745 0.000000
vt 0.625000 0.000000
vt 0.625000 0.250000
vt 0.445745 0.250000
vt 0.445745 0.447785
vt 0.625000 0.447785
vt 0.625000 0.500000
vt 0.445745 0.500000
vt 0.625000 0.750000
vt 0.445745 0.750000
vt 0.445745 0.948199
vt 0.625000 0.948199
vt 0.625000 1.000000
vt 0.445745 1.000000
vt 0.322785 0.500000
vt 0.375000 0.500000
vt 0.375000 0.750000
vt 0.322785 0.750000
vt 0.823199 0.500000
vt 0.875000 0.500000
vt 0.875000 0.750000
vt 0.823199 0.750000
vt 0.375000 0.948199
vt 0.375000 1.000000
vt 0.375000 0.447785
vt 0.375000 0.000000
vt 0.375000 0.250000
vt 0.176801 0.500000
vt 0.445745 0.301801
vt 0.445745 0.802215
vt 0.375000 0.802215
vt 0.677215 0.500000
vt 0.677215 0.750000
vt 0.625000 0.802215
vt 0.625000 0.301801
vt 0.125000 0.500000
vt 0.176801 0.750000
vt 0.125000 0.750000
vt 0.375000 0.301801
vt 0.375000 0.000000
vt 0.625000 0.000000
vt 0.625000 0.250000
vt 0.375000 0.250000
vt 1.000000 0.500000
vt 1.000000 1.000000
vt 0.857143 1.000000
vt 0.857143 0.500000
vt 0.375000 0.250000
vt 0.625000 0.250000
vt 0.625000 0.500000
vt 0.375000 0.500000
vt 0.714286 1.000000
vt 0.714286 0.500000
vt 0.375000 0.500000
vt 0.625000 0.500000
vt 0.625000 0.750000
vt 0.375000 0.750000
vt 0.571429 1.000000
vt 0.571429 0.500000
vt 0.375000 0.750000
vt 0.625000 0.750000
vt 0.625000 1.000000
vt 0.375000 1.000000
vt 0.428571 1.000000
vt 0.428571 0.500000
vt 0.125000 0.500000
vt 0.375000 0.500000
vt 0.375000 0.750000
vt 0.125000 0.750000
vt 0.285714 1.000000
vt 0.285714 0.500000
vt 0.437640 0.399638
vt 0.250000 0.490000
vt 0.062360 0.399638
vt 0.016017 0.196595
vt 0.145868 0.033767
vt 0.354132 0.033767
vt 0.483983 0.196595
vt 0.625000 0.500000
vt 0.875000 0.500000
vt 0.875000 0.750000
vt 0.625000 0.750000
vt 0.142857 1.000000
vt 0.142857 0.500000
vt 0.000000 1.000000
vt 0.000000 0.500000
vt 0.750000 0.490000
vt 0.937640 0.399638
vt 0.983983 0.196595
vt 0.854132 0.033767
vt 0.645868 0.033767
vt 0.516017 0.196595
vt 0.562360 0.399638
vt 0.375000 0.000000
vt 0.625000 0.000000
vt 0.625000 0.250000
vt 0.375000 0.250000
vt 0.625000 0.500000
vt 0.375000 0.500000
vt 0.625000 0.750000
vt 0.375000 0.750000
vt 0.625000 1.000000
vt 0.375000 1.000000
vt 0.125000 0.500000
vt 0.125000 0.750000
vt 0.875000 0.500000
vt 0.875000 0.750000
vt 0.487903 0.775534
vt 0.375000 0.775534
vt 0.375000 0.278808
vt 0.487903 0.278808
vt 0.650534 0.624056
vt 0.650534 0.750000
vt 0.153808 0.624056
vt 0.153808 0.750000
vt 0.625000 0.775534
vt 0.625000 0.278808
vt 0.125000 0.624056
vt 0.125000 0.750000
vt 0.125000 0.500000
vt 0.153808 0.500000
vt 0.349466 0.500000
vt 0.650534 0.500000
vt 0.375000 0.000000
vt 0.487903 0.000000
vt 0.846192 0.500000
vt 0.875000 0.500000
vt 0.625000 0.000000
vt 0.000000 0.000000
vt 0.000000 0.000000
vt 0.000000 0.000000
vt 0.000000 0.000000
vt 0.000000 0.000000
vt 0.000000 0.000000
vt 0.000000 0.000000
vt 0.000000 0.000000
vt 0.000000 0.000000
vt 0.000000 0.000000
vt 0.000000 0.000000
vt 0.000000 0.000000
vt 0.000000 0.000000
vt 0.000000 0.000000
vt 0.487903 0.125944
vt 0.625000 0.125944
vt 0.625000 0.250000
vt 0.487903 0.250000
vt 0.487903 0.474466
vt 0.625000 0.474466
vt 0.625000 0.500000
vt 0.487903 0.500000
vt 0.487903 0.624056
vt 0.625000 0.624056
vt 0.625000 0.750000
vt 0.487903 0.750000
vt 0.487903 0.971192
vt 0.625000 0.971192
vt 0.625000 1.000000
vt 0.487903 1.000000
vt 0.349466 0.624056
vt 0.375000 0.624056
vt 0.375000 0.750000
vt 0.349466 0.750000
vt 0.846192 0.624056
vt 0.875000 0.624056
vt 0.875000 0.750000
vt 0.846192 0.750000
vt 0.375000 0.125944
vt 0.375000 0.250000
vt 0.375000 0.474466
vt 0.375000 0.500000
vt 0.375000 0.971192
vt 0.375000 1.000000
vt 0.487903 0.775534
vt 0.375000 0.775534
vt 0.375000 0.278808
vt 0.487903 0.278808
vt 0.650534 0.624056
vt 0.650534 0.750000
vt 0.153808 0.624056
vt 0.153808 0.750000
vt 0.625000 0.775534
vt 0.625000 0.278808
vt 0.125000 0.624056
vt 0.125000 0.750000
vt 0.125000 0.500000
vt 0.153808 0.500000
vt 0.349466 0.500000
vt 0.650534 0.500000
vt 0.375000 0.000000
vt 0.487903 0.000000
vt 0.846192 0.500000
vt 0.875000 0.500000
vt 0.625000 0.000000
vt 0.000000 0.000000
vt 0.000000 0.000000
vt 0.000000 0.000000
vt 0.000000 0.000000
vt 0.000000 0.000000
vt 0.000000 0.000000
vt 1.000000 0.500000
vt 1.000000 1.000000
vt 0.968750 1.000000
vt 0.968750 0.500000
vt 0.937500 1.000000
vt 0.937500 0.500000
vt 0.906250 1.000000
vt 0.906250 0.500000
vt 0.875000 1.000000
vt 0.875000 0.500000
vt 0.843750 1.000000
vt 0.843750 0.500000
vt 0.812500 1.000000
vt 0.812500 0.500000
vt 0.781250 1.000000
vt 0.781250 0.500000
vt 0.750000 1.000000
vt 0.750000 0.500000
vt 0.718750 1.000000
vt 0.718750 0.500000
vt 0.687500 1.000000
vt 0.687500 0.500000
vt 0.656250 1.000000
vt 0.656250 0.500000
vt 0.625000 1.000000
vt 0.625000 0.500000
vt 0.593750 1.000000
vt 0.593750 0.500000
vt 0.562500 1.000000
vt 0.562500 0.500000
vt 0.531250 1.000000
vt 0.531250 0.500000
vt 0.500000 1.000000
vt 0.500000 0.500000
vt 0.468750 1.000000
vt 0.468750 0.500000
vt 0.437500 1.000000
vt 0.437500 0.500000
vt 0.406250 1.000000
vt 0.406250 0.500000
vt 0.375000 1.000000
vt 0.375000 0.500000
vt 0.343750 1.000000
vt 0.343750 0.500000
vt 0.312500 1.000000
vt 0.312500 0.500000
vt 0.281250 1.000000
vt 0.281250 0.500000
vt 0.250000 1.000000
vt 0.250000 0.500000
vt 0.218750 1.000000
vt 0.218750 0.500000
vt 0.187500 1.000000
vt 0.187500 0.500000
vt 0.156250 1.000000
vt 0.156250 0.500000
vt 0.125000 1.000000
vt 0.125000 0.500000
vt 0.093750 1.000000
vt 0.093750 0.500000
vt 0.062500 1.000000
vt 0.062500 0.500000
vt 0.296822 0.485388
vt 0.250000 0.490000
vt 0.203179 0.485389
vt 0.158156 0.471731
vt 0.116663 0.449553
vt 0.080295 0.419706
vt 0.050447 0.383337
vt 0.028269 0.341844
vt 0.014612 0.296822
vt 0.010000 0.250000
vt 0.014611 0.203179
vt 0.028269 0.158156
vt 0.050447 0.116663
vt 0.080294 0.080294
vt 0.116663 0.050447
vt 0.158156 0.028269
vt 0.203178 0.014612
vt 0.250000 0.010000
vt 0.296822 0.014612
vt 0.341844 0.028269
vt 0.383337 0.050447
vt 0.419706 0.080294
vt 0.449553 0.116663
vt 0.471731 0.158156
vt 0.485388 0.203178
vt 0.490000 0.250000
vt 0.485388 0.296822
vt 0.471731 0.341844
vt 0.449553 0.383337
vt 0.419706 0.419706
vt 0.383337 0.449553
vt 0.341844 0.471731
vt 0.031250 1.000000
vt 0.031250 0.500000
vt 0.000000 1.000000
vt 0.000000 0.500000
vt 0.750000 0.490000
vt 0.796822 0.485388
vt 0.841844 0.471731
vt 0.883337 0.449553
vt 0.919706 0.419706
vt 0.949553 0.383337
vt 0.971731 0.341844
vt 0.985388 0.296822
vt 0.990000 0.250000
vt 0.985389 0.203178
vt 0.971731 0.158156
vt 0.949553 0.116663
vt 0.919706 0.080294
vt 0.883337 0.050447
vt 0.841844 0.028269
vt 0.796822 0.014612
vt 0.750000 0.010000
vt 0.703178 0.014612
vt 0.658156 0.028269
vt 0.616663 0.050447
vt 0.580294 0.080294
vt 0.550447 0.116663
vt 0.528269 0.158156
vt 0.514611 0.203179
vt 0.510000 0.250000
vt 0.514612 0.296822
vt 0.528269 0.341844
vt 0.550447 0.383337
vt 0.580295 0.419706
vt 0.616663 0.449553
vt 0.658156 0.471731
vt 0.703179 0.485389
vt 0.281250 1.000000
vt 0.312500 1.000000
vt 0.312500 1.000000
vt 0.281250 1.000000
vt 0.593750 1.000000
vt 0.562500 1.000000
vt 1.000000 1.000000
vt 0.968750 1.000000
vt 0.093750 1.000000
vt 0.062500 1.000000
vt 0.718750 1.000000
vt 0.687500 1.000000
vt 0.437500 1.000000
vt 0.406250 1.000000
vt 0.187500 1.000000
vt 0.156250 1.000000
vt 0.812500 1.000000
vt 0.531250 1.000000
vt 0.250000 1.000000
vt 0.937500 1.000000
vt 0.656250 1.000000
vt 0.375000 1.000000
vt 0.031250 1.000000
vt 0.781250 1.000000
vt 0.500000 1.000000
vt 0.125000 1.000000
vt 0.906250 1.000000
vt 0.625000 1.000000
vt 0.343750 1.000000
vt 0.218750 1.000000
vt 0.000000 1.000000
vt 0.750000 1.000000
vt 0.468750 1.000000
vt 0.296822 0.485388
vt 0.250000 0.490000
vt 0.203179 0.485389
vt 0.158156 0.471731
vt 0.116663 0.449553
vt 0.080295 0.419706
vt 0.050447 0.383337
vt 0.028269 0.341844
vt 0.014612 0.296822
vt 0.010000 0.250000
vt 0.014611 0.203179
vt 0.028269 0.158156
vt 0.050447 0.116663
vt 0.080294 0.080294
vt 0.116663 0.050447
vt 0.158156 0.028269
vt 0.203178 0.014612
vt 0.250000 0.010000
vt 0.296822 0.014612
vt 0.341844 0.028269
vt 0.383337 0.050447
vt 0.419706 0.080294
vt 0.449553 0.116663
vt 0.471731 0.158156
vt 0.485388 0.203178
vt 0.490000 0.250000
vt 0.485388 0.296822
vt 0.471731 0.341844
vt 0.449553 0.383337
vt 0.419706 0.419706
vt 0.383337 0.449553
vt 0.341844 0.471731
vt 0.718750 1.000000
vt 0.687500 1.000000
vt 0.250000 1.000000
vt 0.656250 1.000000
vt 0.218750 1.000000
vt 0.625000 1.000000
vt 0.187500 1.000000
vt 0.593750 1.000000
vt 0.156250 1.000000
vt 0.562500 1.000000
vt 1.000000 1.000000
vt 0.968750 1.000000
vt 0.125000 1.000000
vt 0.531250 1.000000
vt 0.937500 1.000000
vt 0.093750 1.000000
vt 0.500000 1.000000
vt 0.906250 1.000000
vt 0.062500 1.000000
vt 0.468750 1.000000
vt 0.875000 1.000000
vt 0.031250 1.000000
vt 0.437500 1.000000
vt 0.843750 1.000000
vt 0.000000 1.000000
vt 0.406250 1.000000
vt 0.812500 1.000000
vt 0.375000 1.000000
vt 0.781250 1.000000
vt 0.343750 1.000000
vt 0.750000 1.000000
vn -0.9733 0.2296 0.0000
vn 0.0000 0.0000 -1.0000
vn 0.9733 0.2296 0.0000
vn 0.0000 0.0000 1.0000
vn 0.0000 -1.0000 0.0000
vn 0.0000 1.0000 0.0000
vn -0.0000 0.0980 -0.9952
vn -0.0001 0.2903 -0.9569
vn -0.0001 0.4714 -0.8819
vn -0.0001 0.6344 -0.7730
vn -0.0002 0.7730 -0.6344
vn -0.0002 0.8819 -0.4714
vn -0.0002 0.9569 -0.2903
vn -0.0002 0.9952 -0.0980
vn -0.0002 0.9952 0.0980
vn -0.0002 0.9569 0.2903
vn -0.0002 0.8819 0.4714
vn -0.0002 0.7730 0.6344
vn -0.0001 0.6344 0.7730
vn -0.0001 0.4714 0.8819
vn -0.0001 0.2903 0.9569
vn -0.0000 0.0980 0.9952
vn 0.0000 -0.0980 0.9952
vn 0.0001 -0.2903 0.9569
vn 0.0001 -0.4714 0.8819
vn 0.0001 -0.6344 0.7730
vn 0.0002 -0.7730 0.6344
vn 0.0002 -0.8819 0.4714
vn 0.0002 -0.9569 0.2903
vn 0.0002 -0.9952 0.0980
vn 0.0002 -0.9952 -0.0980
vn 0.0002 -0.9569 -0.2903
vn 0.0002 -0.8819 -0.4714
vn -1.0000 0.0000 0.0000
vn 0.0002 -0.7730 -0.6344
vn 0.0001 -0.6344 -0.7730
vn 1.0000 0.0000 0.0000
vn 0.0001 -0.4714 -0.8819
vn 0.9459 0.2511 -0.2054
vn 0.0001 -0.2903 -0.9569
vn 0.0000 -0.0980 -0.9952
vn 1.0000 0.0009 0.0000
vn -0.9380 0.3466 0.0000
vn 0.9380 0.3466 0.0000
vn 0.0000 -0.9757 -0.2193
vn 0.0000 0.9757 -0.2193
vn 0.0980 0.9952 -0.0059
vn 0.2903 0.9569 -0.0057
vn 0.4714 0.8819 -0.0052
vn 0.6344 0.7730 -0.0046
vn 0.7730 0.6344 -0.0038
vn 0.8819 0.4714 -0.0028
vn 0.9569 0.2903 -0.0017
vn 0.9952 0.0980 -0.0006
vn 0.9952 -0.0980 0.0006
vn 0.9569 -0.2903 0.0017
vn 0.8819 -0.4714 0.0028
vn 0.7730 -0.6344 0.0038
vn 0.6344 -0.7730 0.0046
vn 0.4714 -0.8819 0.0052
vn 0.2903 -0.9569 0.0057
vn 0.0980 -0.9952 0.0059
vn -0.0980 -0.9952 0.0059
vn -0.2903 -0.9569 0.0057
vn -0.4714 -0.8819 0.0052
vn -0.6344 -0.7730 0.0046
vn -0.7730 -0.6344 0.0038
vn -0.8819 -0.4714 0.0028
vn -0.9569 -0.2903 0.0017
vn -0.9952 -0.0980 0.0006
vn -0.9952 0.0980 -0.0006
vn -0.9569 0.2903 -0.0017
vn -0.8819 0.4714 -0.0028
vn -0.7730 0.6344 -0.0038
vn -0.6344 0.7730 -0.0046
vn -0.4714 0.8819 -0.0052
vn -0.0000 0.0026 1.0000
vn -0.2903 0.9569 -0.0057
vn -0.0980 0.9952 -0.0059
vn -0.0000 -0.0026 -1.0000
vn -0.9952 0.0980 -0.0001
vn -0.7730 0.6344 -0.0007
vn -0.8819 0.4714 -0.0005
vn 0.9952 -0.0980 0.0001
vn -0.9569 -0.2903 0.0003
vn -0.9952 -0.0980 0.0001
vn -0.7730 -0.6344 0.0007
vn 0.0980 -0.9952 0.0011
vn 0.0980 0.9952 -0.0011
vn 0.0980 0.9952 -0.0010
vn 0.8819 -0.4714 0.0005
vn -0.0980 0.9952 -0.0011
vn -0.0980 0.9952 -0.0010
vn 0.2903 -0.9569 0.0010
vn -0.6344 -0.7730 0.0008
vn 0.4714 0.8819 -0.0009
vn -0.4714 -0.8819 0.0009
vn -0.6344 0.7730 -0.0008
vn 0.6344 -0.7730 0.0008
vn 0.9569 -0.2903 0.0003
vn -0.4714 0.8819 -0.0009
vn 0.6344 0.7730 -0.0008
vn 0.8819 0.4714 -0.0005
vn -0.0980 -0.9952 0.0011
vn -0.8819 -0.4714 0.0005
vn 0.9952 0.0980 -0.0001
vn -0.9569 0.2903 -0.0003
vn 0.2903 0.9569 -0.0010
vn 0.4714 -0.8819 0.0009
vn -0.2903 0.9569 -0.0010
vn -0.2903 -0.9569 0.0010
vn 0.9569 0.2903 -0.0003
vn 0.7730 -0.6344 0.0007
vn 0.7730 0.6344 -0.0007
vn 0.9929 -0.1191 0.0000
vn -0.9929 -0.1191 0.0000
vn 0.4339 0.0000 -0.9010
vn 0.9749 0.0000 -0.2225
vn 0.7818 0.0000 0.6235
vn 0.9835 0.1808 0.0000
vn -0.7818 0.0000 0.6235
vn -0.9835 0.1808 0.0000
vn -0.9749 0.0000 -0.2225
vn -0.4339 0.0000 -0.9010
vn -0.9619 0.0000 -0.2734
vn 0.9619 0.0000 -0.2734
vn 0.0000 -0.9619 -0.2734
vn 0.0000 0.9619 -0.2734
vn 0.9839 -0.1786 0.0000
vn 0.0327 0.0310 -0.9990
vn -0.9967 -0.0702 0.0407
vn -0.0027 1.0000 -0.0042
vn 0.0000 0.5828 0.8126
vn -0.0000 -0.0269 -0.9996
vn 0.0012 1.0000 -0.0076
vn -0.0002 0.4714 -0.8819
vn -0.0002 0.6344 -0.7730
vn -0.0003 0.7730 -0.6344
vn -0.0003 0.8819 -0.4714
vn -0.0004 0.9569 -0.2903
vn -0.0004 0.9952 -0.0980
vn -0.0004 0.9952 0.0980
vn -0.0004 0.9569 0.2903
vn -0.0003 0.8819 0.4714
vn -0.0003 0.7730 0.6344
vn -0.0002 0.6344 0.7730
vn -0.0002 0.4714 0.8819
vn 0.0002 -0.4714 0.8819
vn 0.0002 -0.6344 0.7730
vn 0.0003 -0.7730 0.6344
vn 0.0003 -0.8819 0.4714
vn 0.0004 -0.9569 0.2903
vn 0.0004 -0.9952 0.0980
vn 0.0004 -0.9952 -0.0980
vn 0.0004 -0.9569 -0.2903
vn 0.0003 -0.8819 -0.4714
vn 0.0003 -0.7730 -0.6344
vn 0.0002 -0.6344 -0.7730
vn 0.0002 -0.4714 -0.8819
vn -1.0000 -0.0005 0.0000
vn 1.0000 0.0005 0.0000
vn 0.0009 -0.9569 0.2903
vn 0.9460 0.1535 0.2856
vn 0.9464 -0.3091 0.0940
vn 0.9461 0.0326 -0.3223
vn 0.9462 -0.1518 -0.2857
vn 0.9459 0.3107 0.0940
vn 0.9462 -0.1518 0.2857
vn 0.9463 -0.2848 -0.1527
vn 0.9459 0.2864 -0.1526
vn 0.9460 0.0949 0.3099
vn 0.9464 -0.3215 0.0318
vn 0.9460 0.0949 -0.3099
vn 0.9459 0.2864 0.1526
vn 0.9463 -0.2046 0.2504
vn 0.9462 -0.0932 -0.3099
vn 0.9459 0.3107 -0.0940
vn 0.9461 0.0326 0.3223
vn 0.9463 -0.2495 -0.2055
vn 0.9460 0.1535 -0.2856
vn 0.9459 0.2511 0.2054
vn 0.9463 -0.2495 0.2055
vn 0.9464 -0.3215 -0.0318
vn 0.9461 -0.0309 -0.3223
vn 0.9458 0.3231 -0.0317
vn 0.9461 -0.0309 0.3223
vn 0.9459 0.2063 -0.2503
vn 0.9459 0.2063 0.2503
vn 0.9463 -0.2848 0.1527
vn 0.9463 -0.2046 -0.2504
vn 0.9458 0.3231 0.0317
vn 0.9462 -0.0932 0.3099
vn 0.9464 -0.3091 -0.0940
vn -1.0000 -0.0009 0.0000
vn -0.0009 0.9569 0.2903
vn 0.0009 -0.9952 0.0980
vn -0.0008 0.8819 0.4714
vn 0.0009 -0.9952 -0.0980
vn -0.0007 0.7730 0.6344
vn 0.0009 -0.9569 -0.2903
vn -0.0006 0.6344 0.7730
vn 0.0008 -0.8819 -0.4714
vn -0.0004 0.4714 0.8819
vn -0.0001 0.0980 -0.9952
vn 0.0007 -0.7730 -0.6344
vn -0.0003 0.2903 0.9569
vn -0.0003 0.2903 -0.9569
vn 0.0006 -0.6344 -0.7730
vn -0.0001 0.0980 0.9952
vn -0.0004 0.4714 -0.8819
vn 0.0004 -0.4714 -0.8819
vn 0.0001 -0.0980 0.9952
vn -0.0006 0.6344 -0.7730
vn 0.0003 -0.2903 -0.9569
vn 0.0003 -0.2903 0.9569
vn -0.0007 0.7730 -0.6344
vn 0.0001 -0.0980 -0.9952
vn 0.0004 -0.4714 0.8819
vn -0.0008 0.8819 -0.4714
vn 0.0006 -0.6344 0.7730
vn -0.0009 0.9569 -0.2903
vn 0.0007 -0.7730 0.6344
vn -0.0009 0.9952 -0.0980
vn 0.0008 -0.8819 0.4714
vn -0.0009 0.9952 0.0980
usemtl None
s off
f 2868/4548/876 2865/4549/876 2551/4550/876 2556/4551/876
f 2856/4552/877 2853/4553/877 2555/4554/877 2622/4555/877
f 2869/4556/878 2867/4557/878 2553/4558/878 2623/4559/878
f 2860/4560/879 2859/4561/879 2549/4562/879 2557/4563/879
f 2871/4564/880 2866/4565/880 2552/4566/880 2854/4567/880
f 2873/4568/881 2865/4569/881 2549/4570/881 2859/4571/881
f 2558/4572/882 2559/4573/882 2561/4574/882 2560/4575/882
f 2560/4575/883 2561/4574/883 2563/4576/883 2562/4577/883
f 2562/4577/884 2563/4576/884 2565/4578/884 2564/4579/884
f 2564/4579/885 2565/4578/885 2567/4580/885 2566/4581/885
f 2566/4581/886 2567/4580/886 2569/4582/886 2568/4583/886
f 2568/4583/887 2569/4582/887 2571/4584/887 2570/4585/887
f 2570/4585/888 2571/4584/888 2573/4586/888 2572/4587/888
f 2572/4587/889 2573/4586/889 2575/4588/889 2574/4589/889
f 2574/4589/890 2575/4588/890 2577/4590/890 2576/4591/890
f 2576/4591/891 2577/4590/891 2579/4592/891 2578/4593/891
f 2578/4593/892 2579/4592/892 2581/4594/892 2580/4595/892
f 2580/4595/893 2581/4594/893 2583/4596/893 2582/4597/893
f 2582/4597/894 2583/4596/894 2585/4598/894 2584/4599/894
f 2584/4599/895 2585/4598/895 2587/4600/895 2586/4601/895
f 2586/4601/896 2587/4600/896 2589/4602/896 2588/4603/896
f 2588/4603/897 2589/4602/897 2591/4604/897 2590/4605/897
f 2590/4605/898 2591/4604/898 2593/4606/898 2592/4607/898
f 2592/4607/899 2593/4606/899 2595/4608/899 2594/4609/899
f 2594/4609/900 2595/4608/900 2597/4610/900 2596/4611/900
f 2596/4611/901 2597/4610/901 2599/4612/901 2598/4613/901
f 2598/4613/902 2599/4612/902 2601/4614/902 2600/4615/902
f 2600/4615/903 2601/4614/903 2603/4616/903 2602/4617/903
f 2602/4617/904 2603/4616/904 2605/4618/904 2604/4619/904
f 2604/4619/905 2605/4618/905 2607/4620/905 2606/4621/905
f 2606/4621/906 2607/4620/906 2609/4622/906 2608/4623/906
f 2608/4623/907 2609/4622/907 2611/4624/907 2610/4625/907
f 2610/4625/908 2611/4624/908 2613/4626/908 2612/4627/908
f 2864/4628/909 2868/4548/909 2556/4551/909 2550/4629/909
f 2612/4627/910 2613/4626/910 2615/4630/910 2614/4631/910
f 2852/4632/877 2856/4552/877 2622/4555/877 2554/4633/877
f 2614/4631/911 2615/4630/911 2617/4634/911 2616/4635/911
f 2866/4565/912 2869/4556/912 2623/4559/912 2552/4566/912
f 2616/4635/913 2617/4634/913 2619/4636/913 2618/4637/913
f 2569/4582/914 2567/4580/914 2982/4638/914 2983/4639/914
f 2862/4640/879 2860/4560/879 2557/4563/879 2548/4641/879
f 2618/4637/915 2619/4636/915 2621/4642/915 2620/4643/915
f 2620/4643/916 2621/4642/916 2559/4644/916 2558/4645/916
f 2558/4646/917 2560/4647/917 2562/4648/917 2564/4649/917 2566/4650/917 2568/4651/917 2570/4652/917 2572/4653/917 2574/4654/917 2576/4655/917 2578/4656/917 2580/4657/917 2582/4658/917 2584/4659/917 2586/4660/917 2588/4661/917 2590/4662/917 2592/4663/917 2594/4664/917 2596/4665/917 2598/4666/917 2600/4667/917 2602/4668/917 2604/4669/917 2606/4670/917 2608/4671/917 2610/4672/917 2612/4673/917 2614/4674/917 2616/4675/917 2618/4676/917 2620/4677/917
f 2632/4678/918 2625/4679/918 2627/4680/918 2633/4681/918
f 2633/4681/877 2627/4680/877 2775/4682/877 2777/4683/877 2781/4684/877 2771/4685/877 2769/4686/877 2631/4687/877 2634/4688/877 2785/4689/877 2794/4690/877
f 2634/4688/919 2631/4687/919 2629/4691/919 2635/4692/919
f 2635/4692/879 2629/4691/879 2768/4693/879 2770/4694/879 2780/4695/879 2776/4696/879 2774/4697/879 2625/4698/879 2632/4699/879 2791/4700/879 2784/4701/879
f 2782/4702/880 2630/4703/880 2628/4704/880 2783/4705/880
f 2631/4687/881 2769/4706/881 2768/4707/881 2629/4691/881
f 2792/4708/879 2791/4700/879 2632/4699/879 2639/4709/879
f 2637/4710/912 2634/4688/912 2635/4692/912 2638/4711/912
f 2636/4712/912 2633/4681/912 2640/4713/912 2642/4714/912
f 2639/4715/909 2632/4678/909 2633/4681/909 2636/4712/909
f 2624/4716/909 2639/4715/909 2636/4712/909 2626/4717/909
f 2782/4718/877 2786/4719/877 2637/4710/877 2630/4703/877
f 2630/4703/912 2637/4710/912 2638/4711/912 2628/4704/912
f 2793/4720/879 2792/4708/879 2639/4709/879 2624/4721/879
f 2789/4722/877 2788/4723/877 2641/4724/877 2643/4725/877
f 2785/4689/920 2634/4688/920 2641/4724/920 2788/4723/920
f 2795/4726/921 2636/4712/921 2642/4714/921 2797/4727/921
f 2634/4688/909 2637/4710/909 2643/4725/909 2641/4724/909
f 2644/4728/922 2645/4729/922 2647/4730/922 2646/4731/922
f 2646/4731/923 2647/4730/923 2649/4732/923 2648/4733/923
f 2648/4733/924 2649/4732/924 2651/4734/924 2650/4735/924
f 2650/4735/925 2651/4734/925 2653/4736/925 2652/4737/925
f 2652/4737/926 2653/4736/926 2655/4738/926 2654/4739/926
f 2654/4739/927 2655/4738/927 2657/4740/927 2656/4741/927
f 2656/4741/928 2657/4740/928 2659/4742/928 2658/4743/928
f 2658/4743/929 2659/4742/929 2661/4744/929 2660/4745/929
f 2660/4745/930 2661/4744/930 2663/4746/930 2662/4747/930
f 2662/4747/931 2663/4746/931 2665/4748/931 2664/4749/931
f 2664/4749/932 2665/4748/932 2667/4750/932 2666/4751/932
f 2666/4751/933 2667/4750/933 2669/4752/933 2668/4753/933
f 2668/4753/934 2669/4752/934 2671/4754/934 2670/4755/934
f 2670/4755/935 2671/4754/935 2673/4756/935 2672/4757/935
f 2672/4757/936 2673/4756/936 2675/4758/936 2674/4759/936
f 2674/4759/937 2675/4758/937 2677/4760/937 2676/4761/937
f 2676/4761/938 2677/4760/938 2679/4762/938 2678/4763/938
f 2678/4763/939 2679/4762/939 2681/4764/939 2680/4765/939
f 2680/4765/940 2681/4764/940 2683/4766/940 2682/4767/940
f 2682/4767/941 2683/4766/941 2685/4768/941 2684/4769/941
f 2684/4769/942 2685/4768/942 2687/4770/942 2686/4771/942
f 2686/4771/943 2687/4770/943 2689/4772/943 2688/4773/943
f 2688/4773/944 2689/4772/944 2691/4774/944 2690/4775/944
f 2690/4775/945 2691/4774/945 2693/4776/945 2692/4777/945
f 2692/4777/946 2693/4776/946 2695/4778/946 2694/4779/946
f 2694/4779/947 2695/4778/947 2697/4780/947 2696/4781/947
f 2696/4781/948 2697/4780/948 2699/4782/948 2698/4783/948
f 2698/4783/949 2699/4782/949 2701/4784/949 2700/4785/949
f 2700/4785/950 2701/4784/950 2703/4786/950 2702/4787/950
f 2702/4787/951 2703/4786/951 2705/4788/951 2704/4789/951
f 2647/4790/952 2645/4791/952 2707/4792/952 2705/4793/952 2703/4794/952 2701/4795/952 2699/4796/952 2697/4797/952 2695/4798/952 2693/4799/952 2741/4800/952 2737/4801/952 2733/4802/952 2727/4803/952 2723/4804/952 2719/4805/952 2715/4806/952 2711/4807/952 2709/4808/952 2713/4809/952 2717/4810/952 2721/4811/952 2724/4812/952 2728/4813/952 2730/4814/952 2734/4815/952 2738/4816/952 2661/4817/952 2659/4818/952 2657/4819/952 2655/4820/952 2653/4821/952 2651/4822/952 2649/4823/952
f 2704/4789/953 2705/4788/953 2707/4824/953 2706/4825/953
f 2706/4825/954 2707/4824/954 2645/4826/954 2644/4827/954
f 2644/4828/955 2646/4829/955 2648/4830/955 2650/4831/955 2652/4832/955 2654/4833/955 2656/4834/955 2658/4835/955 2660/4836/955 2739/4837/955 2735/4838/955 2731/4839/955 2729/4840/955 2725/4841/955 2720/4842/955 2716/4843/955 2712/4844/955 2708/4845/955 2710/4846/955 2714/4847/955 2718/4848/955 2722/4849/955 2726/4850/955 2732/4851/955 2736/4852/955 2740/4853/955 2692/4854/955 2694/4855/955 2696/4856/955 2698/4857/955 2700/4858/955 2702/4859/955 2704/4860/955 2706/4861/955
f 2745/4862/956 2744/4863/956 2738/4864/956 2739/4865/956
f 2774/4866/881 2775/4867/881 2627/4868/881 2625/4869/881
f 2755/4870/957 2754/4871/957 2750/4872/957 2751/4873/957
f 2751/4873/958 2750/4872/958 2748/4874/958 2749/4875/958
f 2736/4876/959 2737/4877/959 2741/4878/959 2740/4879/959
f 2735/4880/960 2734/4881/960 2730/4882/960 2731/4883/960
f 2739/4865/961 2738/4864/961 2734/4881/961 2735/4880/961
f 2729/4884/962 2728/4885/962 2724/4886/962 2725/4887/962
f 2708/4888/963 2709/4889/963 2711/4890/963 2710/4891/963
f 2772/4892/964 2777/4893/964 2781/4894/964 2778/4895/964
f 2776/4896/965 2773/4897/965 2779/4898/965 2780/4899/965
f 2726/4900/966 2727/4901/966 2733/4902/966 2732/4903/966
f 2778/4895/967 2781/4894/967 2771/4904/967 2766/4905/967
f 2780/4899/968 2779/4898/968 2767/4906/968 2770/4907/968
f 2710/4891/969 2711/4890/969 2715/4908/969 2714/4909/969
f 2725/4887/970 2724/4886/970 2721/4910/970 2720/4911/970
f 2758/4912/971 2759/4913/971 2765/4914/971 2764/4915/971
f 2720/4911/972 2721/4910/972 2717/4916/972 2716/4917/972
f 2761/4918/973 2760/4919/973 2754/4871/973 2755/4870/973
f 2718/4920/974 2719/4921/974 2723/4922/974 2722/4923/974
f 2732/4903/975 2733/4902/975 2737/4877/975 2736/4876/975
f 2763/4924/976 2762/4925/976 2760/4919/976 2761/4918/976
f 2756/4926/977 2757/4927/977 2759/4913/977 2758/4912/977
f 2692/4854/955 2740/4853/955 2742/4928/955 2746/4929/955 2752/4930/955 2756/4931/955 2758/4932/955 2764/4933/955 2772/4934/955 2778/4935/955 2766/4936/955 2763/4937/955 2761/4938/955 2755/4939/955 2751/4940/955 2749/4941/955 2745/4942/955 2739/4837/955 2660/4836/955 2662/4943/955 2664/4944/955 2666/4945/955 2668/4946/955 2670/4947/955 2672/4948/955 2674/4949/955 2676/4950/955 2678/4951/955 2680/4952/955 2682/4953/955 2684/4954/955 2686/4955/955 2688/4956/955 2690/4957/955
f 2746/4958/978 2747/4959/978 2753/4960/978 2752/4961/978
f 2712/4962/979 2713/4963/979 2709/4964/979 2708/4965/979
f 2731/4883/980 2730/4882/980 2728/4885/980 2729/4884/980
f 2661/4817/952 2738/4816/952 2744/4966/952 2748/4967/952 2750/4968/952 2754/4969/952 2760/4970/952 2762/4971/952 2767/4972/952 2779/4973/952 2773/4974/952 2765/4975/952 2759/4976/952 2757/4977/952 2753/4978/952 2747/4979/952 2743/4980/952 2741/4800/952 2693/4799/952 2691/4981/952 2689/4982/952 2687/4983/952 2685/4984/952 2683/4985/952 2681/4986/952 2679/4987/952 2677/4988/952 2675/4989/952 2673/4990/952 2671/4991/952 2669/4992/952 2667/4993/952 2665/4994/952 2663/4995/952
f 2740/4879/981 2741/4878/981 2743/4996/981 2742/4997/981
f 2749/4875/982 2748/4874/982 2744/4863/982 2745/4862/982
f 2764/4915/983 2765/4914/983 2773/4897/983 2776/4896/983 2774/4998/983 2775/4999/983 2777/4893/983 2772/4892/983
f 2714/4909/984 2715/4908/984 2719/4921/984 2718/4920/984
f 2766/4905/985 2771/4904/985 2769/5000/985 2768/5001/985 2770/4907/985 2767/4906/985 2762/4925/985 2763/4924/985
f 2716/4917/986 2717/4916/986 2713/4963/986 2712/4962/986
f 2742/4997/987 2743/4996/987 2747/4959/987 2746/4958/987
f 2722/4923/988 2723/4922/988 2727/4901/988 2726/4900/988
f 2752/4961/989 2753/4960/989 2757/4927/989 2756/4926/989
f 2637/4710/921 2786/4719/921 2789/4722/921 2643/4725/921
f 2795/4726/909 2797/4727/909 2796/5002/909 2794/4690/909
f 2785/4689/877 2786/4719/877 2795/4726/877 2794/4690/877
f 2628/4704/879 2638/4711/879 2787/5003/879 2783/5004/879
f 2790/5005/877 2795/4726/877 2786/4719/877 2782/4718/877
f 2638/4711/879 2635/4692/879 2784/4701/879 2787/5003/879
f 2790/5006/880 2782/4702/880 2783/4705/880 2793/5007/880
f 2626/5008/880 2790/5006/880 2793/5007/880 2624/5009/880
f 2626/4717/877 2636/4712/877 2795/4726/877 2790/5005/877
f 2642/4714/877 2640/4713/877 2796/5002/877 2797/4727/877
f 2633/4681/920 2794/4690/920 2796/5002/920 2640/4713/920
f 2786/4719/912 2785/4689/912 2788/4723/912 2789/4722/912
f 2783/5004/879 2787/5003/879 2792/4708/879 2793/4720/879
f 2787/5003/879 2784/4701/879 2791/4700/879 2792/4708/879
f 2806/5010/909 2799/5011/909 2801/5012/909 2807/5013/909
f 2815/5014/877 2811/5015/877 2805/5016/877 2808/5017/877
f 2808/5017/912 2805/5016/912 2803/5018/912 2809/5019/912
f 2818/5020/879 2817/5021/879 2799/5022/879 2806/5023/879
f 2810/5024/880 2804/5025/880 2802/5026/880 2812/5027/880
f 2819/5028/881 2801/5029/881 2799/5030/881 2817/5031/881
f 2820/5032/879 2818/5020/879 2806/5023/879 2798/5033/879
f 2804/5025/912 2808/5017/912 2809/5019/912 2802/5026/912
f 2810/5034/877 2815/5014/877 2808/5017/877 2804/5025/877
f 2798/5035/909 2806/5010/909 2807/5013/909 2800/5036/909
f 2818/5020/990 2820/5032/990 2816/5037/990 2821/5038/990
f 2802/5026/879 2809/5019/879 2814/5039/879 2812/5040/879
f 2805/5016/881 2811/5041/881 2813/5042/881 2803/5018/881
f 2818/5020/880 2821/5038/880 2815/5014/880 2814/5039/880
f 2809/5019/879 2803/5018/879 2813/5043/879 2814/5039/879
f 2821/5038/877 2819/5044/877 2811/5015/877 2815/5014/877
f 2807/5013/877 2801/5012/877 2819/5044/877 2821/5038/877
f 2800/5045/880 2816/5037/880 2820/5046/880 2798/5047/880
f 2800/5036/877 2807/5013/877 2821/5038/877 2816/5048/877
f 2810/5024/991 2812/5027/991 2814/5039/991 2815/5014/991
f 2811/5041/881 2819/5028/881 2817/5031/881 2813/5042/881
f 2814/5039/879 2813/5043/879 2817/5021/879 2818/5020/879
f 2843/5049/881 2839/5050/881 2822/5051/881 2841/5052/881
f 2824/5053/992 2825/5054/992 2827/5055/992 2826/5056/992
f 2838/5057/880 2842/5058/880 2840/5059/880 2823/5060/880
f 2826/5056/993 2827/5055/993 2829/5061/993 2828/5062/993
f 2840/5063/879 2841/5064/879 2822/5065/879 2823/5066/879
f 2828/5062/994 2829/5061/994 2831/5067/994 2830/5068/994
f 2842/5069/995 2843/5070/995 2841/5071/995 2840/5072/995
f 2830/5068/879 2831/5067/879 2833/5073/879 2832/5074/879
f 2838/5075/877 2839/5076/877 2843/5077/877 2842/5078/877
f 2832/5074/996 2833/5073/996 2835/5079/996 2834/5080/996
f 2827/5081/881 2825/5082/881 2837/5083/881 2835/5084/881 2833/5085/881 2831/5086/881 2829/5087/881
f 2823/5088/997 2822/5089/997 2839/5090/997 2838/5091/997
f 2834/5080/998 2835/5079/998 2837/5092/998 2836/5093/998
f 2836/5093/999 2837/5092/999 2825/5094/999 2824/5095/999
f 2824/5096/880 2826/5097/880 2828/5098/880 2830/5099/880 2832/5100/880 2834/5101/880 2836/5102/880
f 2844/5103/1000 2845/5104/1000 2847/5105/1000 2846/5106/1000
f 2846/5106/877 2847/5105/877 2851/5107/877 2850/5108/877
f 2850/5108/1001 2851/5107/1001 2849/5109/1001 2848/5110/1001
f 2848/5110/879 2849/5109/879 2845/5111/879 2844/5112/879
f 2846/5113/1002 2850/5108/1002 2848/5110/1002 2844/5114/1002
f 2851/5107/1003 2847/5115/1003 2845/5116/1003 2849/5109/1003
f 2552/4566/879 2623/4559/879 2857/5117/879 2854/5118/879
f 2858/5119/877 2863/5120/877 2856/4552/877 2852/4632/877
f 2867/4557/881 2870/5121/881 2855/5122/881 2553/4558/881
f 2872/5123/880 2871/4564/880 2854/4567/880 2862/5124/880
f 2623/4559/879 2553/4558/879 2855/5125/879 2857/5117/879
f 2556/4551/877 2551/4550/877 2861/5126/877 2863/5120/877
f 2864/5127/880 2872/5123/880 2862/5124/880 2548/5128/880
f 2550/4629/877 2556/4551/877 2863/5120/877 2858/5119/877
f 2854/5118/879 2857/5117/879 2860/4560/879 2862/4640/879
f 2870/5121/881 2873/4568/881 2859/4571/881 2855/5122/881
f 2857/5117/879 2855/5125/879 2859/4561/879 2860/4560/879
f 2550/5129/880 2858/5130/880 2872/5123/880 2864/5127/880
f 2858/5130/880 2852/5131/880 2871/4564/880 2872/5123/880
f 2555/4554/881 2853/5132/881 2870/5121/881 2867/4557/881
f 2554/4633/912 2622/4555/912 2869/4556/912 2866/4565/912
f 2548/5133/909 2557/5134/909 2868/4548/909 2864/4628/909
f 2861/5135/881 2551/5136/881 2865/4569/881 2873/4568/881
f 2852/5131/880 2554/4633/880 2866/4565/880 2871/4564/880
f 2622/4555/878 2555/4554/878 2867/4557/878 2869/4556/878
f 2557/5134/876 2549/5137/876 2865/4549/876 2868/4548/876
f 2863/5120/1004 2861/5126/1004 2873/4568/1004 2874/5138/1004
f 2603/5139/1005 2873/5140/1005 2870/5141/1005 2867/5142/1005 2875/5143/1005
f 2856/4552/1006 2875/5143/1006 2867/5142/1006 2853/4553/1006
f 2856/4552/1007 2863/5120/1007 2603/5139/1007 2875/5143/1007
f 2633/5144/877 2794/5145/877 2795/5146/877 2636/5147/877
f 2785/5148/879 2786/5149/879 2637/5150/879 2634/5151/879
f 2906/5152/876 2903/5153/876 2879/5154/876 2884/5155/876
f 2894/5156/877 2891/5157/877 2883/5158/877 2888/5159/877
f 2907/5160/878 2905/5161/878 2881/5162/878 2889/5163/878
f 2898/5164/1008 2897/5165/1008 2877/5166/1008 2885/5167/1008
f 2909/5168/880 2904/5169/880 2880/5170/880 2892/5171/880
f 2911/5172/881 2903/5173/881 2877/5174/881 2897/5175/881
f 2902/5176/909 2906/5152/909 2884/5155/909 2878/5177/909
f 2890/5178/877 2894/5156/877 2888/5159/877 2882/5179/877
f 2904/5169/912 2907/5160/912 2889/5163/912 2880/5170/912
f 2900/5180/879 2898/5164/879 2885/5167/879 2876/5181/879
f 2880/5170/879 2889/5163/879 2895/5182/879 2892/5183/879
f 2896/5184/877 2901/5185/877 2894/5156/877 2890/5178/877
f 2905/5161/881 2908/5186/881 2893/5187/881 2881/5162/881
f 2910/5188/880 2909/5168/880 2892/5171/880 2900/5189/880
f 2889/5163/1008 2881/5162/1008 2893/5190/1008 2895/5182/1008
f 2884/5155/877 2879/5154/877 2899/5191/877 2901/5185/877
f 2902/5192/880 2910/5188/880 2900/5189/880 2876/5193/880
f 2878/5177/877 2884/5155/877 2901/5185/877 2896/5184/877
f 2892/5183/879 2895/5182/879 2898/5164/879 2900/5180/879
f 2908/5186/881 2911/5172/881 2897/5175/881 2893/5187/881
f 2895/5182/1008 2893/5190/1008 2897/5165/1008 2898/5164/1008
f 2878/5194/880 2896/5195/880 2910/5188/880 2902/5192/880
f 2896/5195/880 2890/5196/880 2909/5168/880 2910/5188/880
f 2883/5158/881 2891/5197/881 2908/5186/881 2905/5161/881
f 2882/5179/912 2888/5159/912 2907/5160/912 2904/5169/912
f 2876/5198/909 2885/5199/909 2906/5152/909 2902/5176/909
f 2899/5200/881 2879/5201/881 2903/5173/881 2911/5172/881
f 2890/5196/880 2882/5179/880 2904/5169/880 2909/5168/880
f 2888/5159/878 2883/5158/878 2905/5161/878 2907/5160/878
f 2885/5199/876 2877/5202/876 2903/5153/876 2906/5152/876
f 2901/5185/1004 2899/5191/1004 2911/5172/1004 2912/5203/1004
f 2887/5204/1009 2911/5205/1009 2908/5206/1009 2905/5207/1009 2913/5208/1009
f 2894/5156/1006 2913/5208/1006 2905/5207/1006 2891/5157/1006
f 2894/5156/1010 2901/5185/1010 2887/5204/1010 2913/5208/1010
f 2914/5209/882 2915/5210/882 2917/5211/882 2916/5212/882
f 2916/5212/883 2917/5211/883 2919/5213/883 2918/5214/883
f 2918/5214/1011 2919/5213/1011 2921/5215/1011 2920/5216/1011
f 2920/5216/1012 2921/5215/1012 2923/5217/1012 2922/5218/1012
f 2922/5218/1013 2923/5217/1013 2925/5219/1013 2924/5220/1013
f 2924/5220/1014 2925/5219/1014 2927/5221/1014 2926/5222/1014
f 2926/5222/1015 2927/5221/1015 2929/5223/1015 2928/5224/1015
f 2928/5224/1016 2929/5223/1016 2931/5225/1016 2930/5226/1016
f 2930/5226/1017 2931/5225/1017 2933/5227/1017 2932/5228/1017
f 2932/5228/1018 2933/5227/1018 2935/5229/1018 2934/5230/1018
f 2934/5230/1019 2935/5229/1019 2937/5231/1019 2936/5232/1019
f 2936/5232/1020 2937/5231/1020 2939/5233/1020 2938/5234/1020
f 2938/5234/1021 2939/5233/1021 2941/5235/1021 2940/5236/1021
f 2940/5236/1022 2941/5235/1022 2943/5237/1022 2942/5238/1022
f 2942/5238/896 2943/5237/896 2945/5239/896 2944/5240/896
f 2944/5240/897 2945/5239/897 2947/5241/897 2946/5242/897
f 2946/5242/898 2947/5241/898 2949/5243/898 2948/5244/898
f 2948/5244/899 2949/5243/899 2951/5245/899 2950/5246/899
f 2950/5246/1023 2951/5245/1023 2953/5247/1023 2952/5248/1023
f 2952/5248/1024 2953/5247/1024 2955/5249/1024 2954/5250/1024
f 2954/5250/1025 2955/5249/1025 2957/5251/1025 2956/5252/1025
f 2956/5252/1026 2957/5251/1026 2959/5253/1026 2958/5254/1026
f 2958/5254/1027 2959/5253/1027 2961/5255/1027 2960/5256/1027
f 2960/5256/1028 2961/5255/1028 2963/5257/1028 2962/5258/1028
f 2962/5258/1029 2963/5257/1029 2965/5259/1029 2964/5260/1029
f 2964/5260/1030 2965/5259/1030 2967/5261/1030 2966/5262/1030
f 2966/5262/1031 2967/5261/1031 2969/5263/1031 2968/5264/1031
f 2968/5264/1032 2969/5263/1032 2971/5265/1032 2970/5266/1032
f 2970/5266/1033 2971/5265/1033 2973/5267/1033 2972/5268/1033
f 2972/5268/1034 2973/5267/1034 2975/5269/1034 2974/5270/1034
f 2917/5271/1035 2915/5272/1035 2977/5273/1035 2975/5274/1035 2973/5275/1035 2971/5276/1035 2969/5277/1035 2967/5278/1035 2965/5279/1035 2963/5280/1035 2961/5281/1035 2959/5282/1035 2957/5283/1035 2955/5284/1035 2953/5285/1035 2951/5286/1035 2949/5287/1035 2947/5288/1035 2945/5289/1035 2943/5290/1035 2941/5291/1035 2939/5292/1035 2937/5293/1035 2935/5294/1035 2933/5295/1035 2931/5296/1035 2929/5297/1035 2927/5298/1035 2925/5299/1035 2923/5300/1035 2921/5301/1035 2919/5302/1035
f 2974/5270/915 2975/5269/915 2977/5303/915 2976/5304/915
f 2976/5304/916 2977/5303/916 2915/5305/916 2914/5306/916
f 2914/5307/1036 2916/5308/1036 2918/5309/1036 2920/5310/1036 2922/5311/1036 2924/5312/1036 2926/5313/1036 2928/5314/1036 2930/5315/1036 2932/5316/1036 2934/5317/1036 2936/5318/1036 2938/5319/1036 2940/5320/1036 2942/5321/1036 2944/5322/1036 2946/5323/1036 2948/5324/1036 2950/5325/1036 2952/5326/1036 2954/5327/1036 2956/5328/1036 2958/5329/1036 2960/5330/1036 2962/5331/1036 2964/5332/1036 2966/5333/1036 2968/5334/1036 2970/5335/1036 2972/5336/1036 2974/5337/1036 2976/5338/1036
f 3001/5339/1037 3000/5340/1037 3032/5341/1037 3033/5342/1037
f 2587/4600/1038 2585/4598/1038 2991/5343/1038 2992/5344/1038
f 2605/4618/1039 2603/4616/1039 3000/5340/1039 3001/5339/1039
f 2561/4574/1040 2559/4573/1040 2979/5345/1040 2978/5346/1040
f 2619/4636/1041 2617/4634/1041 3007/5347/1041 3008/5348/1041
f 2579/4592/1042 2577/4590/1042 2987/5349/1042 2988/5350/1042
f 2597/4610/1043 2595/4608/1043 2996/5351/1043 2997/5352/1043
f 2613/4626/1044 2611/4624/1044 3004/5353/1044 3005/5354/1044
f 2571/4584/1045 2569/4582/1045 2983/4639/1045 2984/5355/1045
f 2589/4602/1046 2587/4600/1046 2992/5344/1046 2993/5356/1046
f 2607/4620/1047 2605/4618/1047 3001/5339/1047 3002/5357/1047
f 2563/4576/1048 2561/4574/1048 2978/5346/1048 2980/5358/1048
f 2581/4594/1049 2579/4592/1049 2988/5350/1049 2989/5359/1049
f 2599/4612/1050 2597/4610/1050 2997/5352/1050 2998/5360/1050
f 2621/4642/1051 2619/4636/1051 3008/5348/1051 3009/5361/1051
f 2573/4586/1052 2571/4584/1052 2984/5355/1052 2985/5362/1052
f 2591/4604/1053 2589/4602/1053 2993/5356/1053 2994/5363/1053
f 2615/4630/1054 2613/4626/1054 3005/5354/1054 3006/5364/1054
f 2565/4578/1055 2563/4576/1055 2980/5358/1055 2981/5365/1055
f 2583/4596/1056 2581/4594/1056 2989/5359/1056 2990/5366/1056
f 2601/4614/1057 2599/4612/1057 2998/5360/1057 2999/5367/1057
f 2609/4622/1058 2607/4620/1058 3002/5357/1058 3003/5368/1058
f 2559/4644/1059 2621/4642/1059 3009/5361/1059 2979/5369/1059
f 2575/4588/1060 2573/4586/1060 2985/5362/1060 2986/5370/1060
f 2593/4606/1061 2591/4604/1061 2994/5363/1061 2995/5371/1061
f 2567/4580/1062 2565/4578/1062 2981/5365/1062 2982/4638/1062
f 2585/4598/1063 2583/4596/1063 2990/5366/1063 2991/5343/1063
f 2603/4616/1064 2601/4614/1064 2999/5367/1064 3000/5340/1064
f 2617/4634/1065 2615/4630/1065 3006/5364/1065 3007/5347/1065
f 2577/4590/1066 2575/4588/1066 2986/5370/1066 2987/5349/1066
f 2595/4608/1067 2593/4606/1067 2995/5371/1067 2996/5351/1067
f 2611/4624/1068 2609/4622/1068 3003/5368/1068 3004/5353/1068
f 3010/5372/1069 3011/5373/1069 3041/5374/1069 3040/5375/1069 3039/5376/1069 3038/5377/1069 3037/5378/1069 3036/5379/1069 3035/5380/1069 3034/5381/1069 3033/5382/1069 3032/5383/1069 3031/5384/1069 3030/5385/1069 3029/5386/1069 3028/5387/1069 3027/5388/1069 3026/5389/1069 3025/5390/1069 3024/5391/1069 3023/5392/1069 3022/5393/1069 3021/5394/1069 3020/5395/1069 3019/5396/1069 3018/5397/1069 3017/5398/1069 3016/5399/1069 3015/5400/1069 3014/5401/1069 3013/5402/1069 3012/5403/1069
f 2988/5350/1070 2987/5349/1070 3019/5404/1070 3020/5405/1070
f 3002/5357/1071 3001/5339/1071 3033/5342/1071 3034/5406/1071
f 2989/5359/1072 2988/5350/1072 3020/5405/1072 3021/5407/1072
f 3003/5368/1073 3002/5357/1073 3034/5406/1073 3035/5408/1073
f 2990/5366/1074 2989/5359/1074 3021/5407/1074 3022/5409/1074
f 3004/5353/1075 3003/5368/1075 3035/5408/1075 3036/5410/1075
f 2991/5343/1076 2990/5366/1076 3022/5409/1076 3023/5411/1076
f 3005/5354/1077 3004/5353/1077 3036/5410/1077 3037/5412/1077
f 2992/5344/1078 2991/5343/1078 3023/5411/1078 3024/5413/1078
f 2978/5346/1079 2979/5345/1079 3011/5414/1079 3010/5415/1079
f 3006/5364/1080 3005/5354/1080 3037/5412/1080 3038/5416/1080
f 2993/5356/1081 2992/5344/1081 3024/5413/1081 3025/5417/1081
f 2980/5358/1082 2978/5346/1082 3010/5415/1082 3012/5418/1082
f 3007/5347/1083 3006/5364/1083 3038/5416/1083 3039/5419/1083
f 2994/5363/1084 2993/5356/1084 3025/5417/1084 3026/5420/1084
f 2981/5365/1085 2980/5358/1085 3012/5418/1085 3013/5421/1085
f 3008/5348/1086 3007/5347/1086 3039/5419/1086 3040/5422/1086
f 2995/5371/1087 2994/5363/1087 3026/5420/1087 3027/5423/1087
f 2982/4638/1088 2981/5365/1088 3013/5421/1088 3014/5424/1088
f 3009/5361/1089 3008/5348/1089 3040/5422/1089 3041/5425/1089
f 2996/5351/1090 2995/5371/1090 3027/5423/1090 3028/5426/1090
f 2983/4639/1091 2982/4638/1091 3014/5424/1091 3015/5427/1091
f 2979/5369/1092 3009/5361/1092 3041/5425/1092 3011/5428/1092
f 2997/5352/1093 2996/5351/1093 3028/5426/1093 3029/5429/1093
f 2984/5355/1094 2983/4639/1094 3015/5427/1094 3016/5430/1094
f 2998/5360/1095 2997/5352/1095 3029/5429/1095 3030/5431/1095
f 2985/5362/1096 2984/5355/1096 3016/5430/1096 3017/5432/1096
f 2999/5367/1097 2998/5360/1097 3030/5431/1097 3031/5433/1097
f 2986/5370/1098 2985/5362/1098 3017/5432/1098 3018/5434/1098
f 3000/5340/1099 2999/5367/1099 3031/5433/1099 3032/5341/1099
f 2987/5349/1100 2986/5370/1100 3018/5434/1100 3019/5404/1100
l 2887 2886
o mag_Cube.016
v -0.136173 -2.946972 -0.352214
v -0.136173 -1.966468 -0.525442
v -0.136173 -3.100914 -1.203747
v -0.136173 -1.955426 -1.399208
v 0.138213 -2.946972 -0.352214
v 0.138213 -1.966468 -0.525442
v 0.138213 -3.100914 -1.203747
v 0.138213 -1.955426 -1.399208
v -0.136173 -3.506359 -0.237151
v -0.136173 -3.675466 -1.075509
v 0.138213 -3.506359 -0.237151
v 0.138213 -3.675466 -1.075509
v -0.106185 -1.966468 -0.525442
v -0.106185 -1.955426 -1.399208
v 0.108225 -1.966468 -0.525442
v 0.108225 -1.955426 -1.399208
v -0.106185 -1.156111 -0.560177
v -0.106185 -1.145070 -1.433942
v 0.108225 -1.156111 -0.560177
v 0.108225 -1.145070 -1.433942
v -0.106185 -0.227771 -0.590474
v -0.106185 -0.216729 -1.322656
v 0.108225 -0.227771 -0.590474
v 0.108225 -0.216729 -1.322656
v -0.154678 0.283520 -0.585060
v -0.154678 0.294562 -1.317241
v 0.156719 0.283520 -0.585060
v 0.156719 0.294562 -1.317241
v -0.198231 -3.771993 -0.176226
v -0.136173 -3.917147 -0.997823
v 0.200272 -3.771993 -0.176226
v 0.138213 -3.917147 -0.997823
v -0.136173 -3.512330 -0.152127
v 0.138213 -3.512330 -0.152127
v -0.136173 -3.722085 -0.111571
v 0.138213 -3.722085 -0.111571
v -0.198231 -2.960043 -0.424514
v -0.198231 -1.965531 -0.599630
v 0.200272 -2.960043 -0.424514
v 0.200272 -1.965531 -0.599630
v -0.198231 -3.520717 -0.308333
v 0.200272 -3.520717 -0.308333
v -0.154678 -1.965531 -0.599630
v 0.156719 -1.965531 -0.599630
v -0.154678 -1.155174 -0.634365
v 0.156719 -1.155174 -0.634365
v -0.154678 -0.226834 -0.652640
v 0.156719 -0.226834 -0.652640
v -0.154678 0.284458 -0.647226
v 0.156719 0.284458 -0.647226
v -0.198231 -3.784317 -0.245984
v 0.200272 -3.784317 -0.245984
v -0.198231 -1.956259 -1.333347
v 0.200272 -3.089310 -1.139562
v 0.200272 -3.662720 -1.012317
v -0.154678 -1.956259 -1.333347
v -0.154678 -1.145902 -1.368082
v -0.154678 -0.217561 -1.267467
v -0.154678 0.293729 -1.262053
v 0.138213 -3.906206 -0.935895
v -0.198231 -3.089310 -1.139562
v 0.200272 -1.956259 -1.333347
v -0.198231 -3.662720 -1.012317
v 0.156719 -1.956259 -1.333347
v 0.156719 -1.145902 -1.368082
v 0.156719 -0.217561 -1.267467
v 0.156719 0.293729 -1.262053
v -0.136173 -3.906206 -0.935895
vt 0.375000 0.231156
vt 0.625000 0.231156
vt 0.625000 0.250000
vt 0.375000 0.250000
vt 0.625000 0.500000
vt 0.375000 0.500000
vt 0.375000 0.728773
vt 0.625000 0.728774
vt 0.625000 0.750000
vt 0.375000 0.750000
vt 0.625000 1.000000
vt 0.375000 1.000000
vt 0.375000 1.000000
vt 0.375000 0.750000
vt 0.625000 0.518844
vt 0.625000 0.500000
vt 0.625000 0.518844
vt 0.375000 0.728774
vt 0.375000 0.750000
vt 0.375000 0.728773
vt 0.375000 0.500000
vt 0.375000 0.250000
vt 0.375000 0.231156
vt 0.625000 0.250000
vt 0.625000 0.250000
vt 0.625000 0.500000
vt 0.625000 0.021226
vt 0.625000 0.000000
vt 0.625000 0.000000
vt 0.625000 0.021226
vt 0.625000 0.750000
vt 0.625000 1.000000
vt 0.625000 0.518844
vt 0.625000 0.500000
vt 0.625000 0.518844
vt 0.625000 0.000000
vt 0.625000 0.021226
vt 0.625000 0.750000
vt 0.625000 1.000000
vt 0.625000 1.000000
vt 0.625000 0.750000
vt 0.625000 0.750000
vt 0.625000 1.000000
vt 0.625000 0.000000
vt 0.625000 0.021226
vt 0.625000 0.250000
vt 0.625000 0.728774
vt 0.875000 0.728774
vt 0.875000 0.750000
vt 0.625000 0.250000
vt 0.625000 0.500000
vt 0.625000 0.518844
vt 0.625000 0.000000
vt 0.625000 0.021226
vt 0.125000 0.728774
vt 0.125000 0.750000
vt 0.375000 0.250000
vt 0.375000 0.231156
vt 0.375000 0.750000
vt 0.375000 0.750000
vt 0.375000 0.500000
vt 0.375000 1.000000
vt 0.375000 1.000000
vt 0.375000 0.000000
vt 0.375000 0.000000
vt 0.375000 0.000000
vt 0.375000 0.000000
vt 0.125000 0.750000
vt 0.375000 0.021226
vt 0.375000 0.021226
vt 0.125000 0.518844
vt 0.375000 0.518844
vt 0.625000 0.231156
vt 0.625000 0.231156
vt 0.625000 0.728774
vt 0.875000 0.518844
vt 0.625000 0.231156
vt 0.625000 0.231156
vt 0.625000 0.728774
vt 0.625000 0.728774
vt 0.375000 0.518844
vt 0.375000 0.518844
vt 0.375000 0.000000
vt 0.375000 0.021226
vt 0.875000 0.500000
vt 0.125000 0.500000
vn -0.7233 -0.1163 -0.6807
vn 0.0000 -0.1682 -0.9858
vn 0.7627 0.1123 0.6369
vn 0.0000 0.1740 0.9847
vn 0.0000 0.2015 0.9795
vn 0.0000 0.9999 0.0126
vn 0.9111 0.1918 0.3649
vn 0.0000 -0.2178 -0.9760
vn -0.7223 -0.1502 -0.6751
vn 0.7620 0.1309 0.6342
vn 0.0000 -0.0428 -0.9991
vn 0.0000 0.0000 1.0000
vn 0.7789 0.0711 -0.6231
vn 0.8048 -0.0254 -0.5929
vn -0.8367 0.0235 0.5472
vn 0.0000 0.0428 0.9991
vn 0.0000 -0.0106 0.9999
vn -0.8147 0.0152 0.5797
vn 0.0000 0.0326 0.9995
vn 0.0000 0.1190 -0.9929
vn 0.0000 0.9999 0.0151
vn 0.0000 0.0106 -0.9999
vn 0.9146 -0.0391 -0.4024
vn -0.9308 -0.0480 0.3623
vn 0.0000 -0.9847 0.1740
vn -0.8872 -0.2389 -0.3948
vn 0.9253 0.1907 0.3277
vn 0.0000 -0.3060 -0.9520
vn 0.0000 0.1898 0.9818
vn 0.0000 0.9975 0.0701
vn -0.9253 0.1907 0.3277
vn 0.0000 -0.7916 0.6110
vn -0.9111 0.1918 0.3649
vn -1.0000 0.0000 0.0000
vn 0.9308 -0.0480 0.3623
vn 0.8367 0.0235 0.5472
vn 0.8147 0.0152 0.5797
vn 1.0000 0.0000 0.0000
vn -0.7620 0.1309 0.6342
vn 0.9917 -0.1269 -0.0201
vn -0.7627 0.1123 0.6369
vn 0.7233 -0.1163 -0.6807
vn 0.8872 -0.2389 -0.3948
vn 0.7223 -0.1502 -0.6751
vn -0.8048 -0.0254 -0.5929
vn -0.7789 0.0711 -0.6231
vn -0.9146 -0.0391 -0.4024
vn -0.9917 -0.1269 -0.0201
usemtl None
s off
f 3102/5435/1101 3094/5436/1101 3045/5437/1101 3044/5438/1101
f 3044/5438/1102 3045/5437/1102 3049/5439/1102 3048/5440/1102
f 3080/5441/1103 3081/5442/1103 3047/5443/1103 3046/5444/1103
f 3046/5444/1104 3047/5443/1104 3043/5445/1104 3042/5446/1104
f 3046/5444/1105 3042/5446/1105 3050/5447/1105 3052/5448/1105
f 3103/5449/1106 3049/5439/1106 3057/5450/1106 3105/5451/1106
f 3083/5452/1107 3052/5448/1107 3072/5453/1107 3093/5454/1107
f 3044/5438/1108 3048/5440/1108 3053/5455/1108 3051/5456/1108
f 3102/5435/1109 3044/5438/1109 3051/5456/1109 3104/5457/1109
f 3080/5441/1110 3046/5444/1110 3052/5448/1110 3083/5452/1110
f 3057/5450/1111 3055/5458/1111 3059/5459/1111 3061/5460/1111
f 3079/5461/1106 3043/5462/1106 3054/5463/1106 3084/5464/1106
f 3043/5445/1112 3047/5443/1112 3056/5465/1112 3054/5466/1112
f 3049/5439/1112 3045/5437/1112 3055/5458/1112 3057/5450/1112
f 3106/5467/1113 3061/5460/1113 3065/5468/1113 3107/5469/1113
f 3105/5451/1114 3057/5450/1114 3061/5460/1114 3106/5467/1114
f 3084/5464/1115 3054/5463/1115 3058/5470/1115 3086/5471/1115
f 3054/5466/1116 3056/5465/1116 3060/5472/1116 3058/5473/1116
f 3062/5474/1117 3064/5475/1117 3068/5476/1117 3066/5477/1117
f 3086/5471/1118 3058/5470/1118 3062/5478/1118 3088/5479/1118
f 3058/5473/1119 3060/5472/1119 3064/5475/1119 3062/5474/1119
f 3061/5460/1120 3059/5459/1120 3063/5480/1120 3065/5468/1120
f 3091/5481/1121 3090/5482/1121 3066/5483/1121 3068/5476/1121
f 3065/5468/1122 3063/5480/1122 3067/5484/1122 3069/5485/1122
f 3107/5469/1123 3065/5468/1123 3069/5485/1123 3108/5486/1123
f 3088/5479/1124 3062/5478/1124 3066/5487/1124 3090/5488/1124
f 3092/5489/1125 3093/5454/1125 3072/5453/1125 3070/5490/1125
f 3104/5457/1126 3051/5456/1126 3071/5491/1126 3109/5492/1126
f 3072/5453/1127 3052/5448/1127 3075/5493/1127 3077/5494/1127
f 3051/5456/1128 3053/5455/1128 3073/5495/1128 3071/5491/1128
f 3075/5493/1129 3074/5496/1129 3076/5497/1129 3077/5494/1129
f 3052/5448/1130 3050/5447/1130 3074/5496/1130 3075/5493/1130
f 3050/5498/1131 3070/5499/1131 3076/5500/1131 3074/5501/1131
f 3070/5490/1132 3072/5453/1132 3077/5494/1132 3076/5502/1132
f 3050/5498/1133 3082/5503/1133 3092/5504/1133 3070/5499/1133
f 3109/5505/1125 3101/5506/1125 3093/5454/1125 3092/5489/1125
f 3099/5507/1134 3088/5479/1134 3090/5488/1134 3100/5508/1134
f 3064/5475/1135 3089/5509/1135 3091/5481/1135 3068/5476/1135
f 3108/5486/1121 3100/5510/1121 3090/5482/1121 3091/5481/1121
f 3098/5511/1134 3086/5471/1134 3088/5479/1134 3099/5507/1134
f 3097/5512/1134 3084/5464/1134 3086/5471/1134 3098/5511/1134
f 3056/5465/1136 3085/5513/1136 3087/5514/1136 3060/5472/1136
f 3060/5472/1137 3087/5514/1137 3089/5509/1137 3064/5475/1137
f 3094/5436/1106 3079/5461/1106 3084/5464/1106 3097/5512/1106
f 3095/5515/1138 3080/5441/1138 3083/5452/1138 3096/5516/1138
f 3042/5517/1139 3078/5518/1139 3082/5503/1139 3050/5498/1139
f 3096/5516/1140 3083/5452/1140 3093/5454/1140 3101/5506/1140
f 3047/5443/1106 3081/5442/1106 3085/5513/1106 3056/5465/1106
f 3095/5515/1138 3103/5449/1138 3081/5442/1138 3080/5441/1138
f 3042/5517/1141 3043/5462/1141 3079/5461/1141 3078/5518/1141
f 3048/5440/1142 3049/5439/1142 3103/5449/1142 3095/5515/1142
f 3053/5455/1143 3096/5516/1143 3101/5506/1143 3073/5495/1143
f 3048/5440/1144 3095/5515/1144 3096/5516/1144 3053/5455/1144
f 3045/5437/1106 3094/5436/1106 3097/5512/1106 3055/5458/1106
f 3055/5458/1145 3097/5512/1145 3098/5511/1145 3059/5459/1145
f 3059/5459/1146 3098/5511/1146 3099/5507/1146 3063/5480/1146
f 3069/5485/1121 3067/5519/1121 3100/5510/1121 3108/5486/1121
f 3063/5480/1147 3099/5507/1147 3100/5508/1147 3067/5484/1147
f 3071/5520/1125 3073/5495/1125 3101/5506/1125 3109/5505/1125
f 3082/5503/1148 3104/5457/1148 3109/5492/1148 3092/5504/1148
f 3089/5509/1138 3107/5469/1138 3108/5486/1138 3091/5481/1138
f 3085/5513/1138 3105/5451/1138 3106/5467/1138 3087/5514/1138
f 3087/5514/1138 3106/5467/1138 3107/5469/1138 3089/5509/1138
f 3078/5518/1134 3102/5435/1134 3104/5457/1134 3082/5503/1134
f 3081/5442/1106 3103/5449/1106 3105/5451/1106 3085/5513/1106
f 3078/5518/1134 3079/5461/1134 3094/5436/1134 3102/5435/1134
